date,nav,spot,prem_mid,opt_cost,payoff,hedge_pnl,hedge_cost,liab,short_notional,net_delta_units,n_sold,n_skipped,ret,real_hourly
2011-01-03,99.9975,1271.87,0.033612,0.00185532,0,0,0.000644397,0.033612,92.5,0,37,3,-2.49972e-05,False
2011-01-04,100.01,1270.2,0.0327445,0.00185388,0,-0.0050231,0.000919204,0.0459436,184.89,0,37,3,0.00012617,False
2011-01-05,100.023,1276.56,0.0350923,0.00185691,0,0.0200581,0.0020188,0.0840155,255.757,0,37,3,0.000132014,False
2011-01-06,100.041,1273.85,0.0342647,0.00189001,0,-0.039862,0.00179045,0.0571179,305.153,0,38,2,0.000176157,False
2011-01-07,100.053,1271.5,0.0307531,0.00178982,0,-0.0294252,0.00155308,0.0430888,327.204,0,36,4,0.000120091,False
2011-01-10,100.055,1269.75,0.0344004,0.00184643,0,-0.0193868,0.00148777,0.0529163,327.03,0,37,3,1.85101e-05,False
2011-01-11,100.103,1274.48,0.0319245,0.00178975,0,0.0341543,0.0012337,0.0676695,325.701,0,36,4,0.000482757,False
2011-01-12,100.138,1285.96,0.0317701,0.00182756,0.00378244,0.132243,0.00438935,0.186879,325.256,0,37,3,0.000347685,False
2011-01-13,100.225,1283.76,0.0306325,0.00181359,0,-0.0504193,0.00414266,0.0740242,324.026,0,37,3,0.000869921,False
2011-01-14,100.314,1293.24,0.0274457,0.00175519,0,0.117377,0.00476166,0.123042,325.362,0,36,4,0.000890876,False
2011-01-18,100.376,1295.02,0.0312012,0.00171041,3.94004e-05,0.01636,0.00172857,0.105633,319.802,0,35,5,0.000612989,False
2011-01-19,100.307,1281.92,0.0310977,0.00187484,0,-0.161844,0.00275615,0.0391429,324.339,0,38,2,-0.000686291,False
2011-01-20,100.309,1280.26,0.037609,0.00191646,0,-0.00903906,0.00148656,0.0625542,329.609,0,38,2,1.75016e-05,False
2011-01-21,100.35,1283.35,0.0365214,0.00186026,0,0.0203468,0.00165978,0.0740939,330.808,0,37,3,0.000416798,False
2011-01-24,100.42,1290.84,0.0365811,0.00195238,0,0.0725456,0.00204157,0.10928,337.623,0,39,1,0.00069702,False
2011-01-25,100.457,1291.18,0.0348981,0.00187125,0,-0.0220442,0.0030332,0.0804567,339.893,0,38,2,0.000366192,False
2011-01-26,100.51,1296.63,0.0353581,0.00186147,0,0.0324372,0.00256477,0.0908019,340.542,0,38,2,0.000527826,False
2011-01-27,100.589,1299.54,0.0330738,0.00181455,0,0.0260193,0.00151575,0.0681635,338.008,0,37,3,0.000780031,False
2011-01-28,100.347,1276.34,0.0454829,0.00211618,0,-0.288642,0.00460985,0.0594884,337.944,0,40,0,-0.00239799,False
2011-01-31,100.406,1286.12,0.0424784,0.00200503,0,0.0496571,0.0012998,0.0892672,343.57,0,39,1,0.000588475,False
2011-02-01,100.374,1307.59,0.0366956,0.00189621,0.0451101,0.208811,0.00693243,0.313691,345.415,0,38,2,-0.000327235,False
2011-02-02,100.512,1304.03,0.0354367,0.001889,0,-0.100997,0.00361872,0.104273,343.442,0,38,2,0.00137835,False
2011-02-03,100.571,1307.1,0.0339297,0.00186565,0,0.000548123,0.00288095,0.0751727,340.72,0,38,2,0.000585322,False
2011-02-04,100.621,1310.87,0.0305958,0.00179656,0,0.00946786,0.00225402,0.0604981,338.053,0,37,3,0.000504,False
2011-02-07,100.671,1319.05,0.0325789,0.00180514,0,0.0784719,0.00186925,0.118031,336.514,0,37,3,0.000495358,False
2011-02-08,100.746,1324.57,0.0288572,0.00171998,0,0.0442084,0.00412822,0.110735,329.295,0,36,4,0.000740163,False
2011-02-09,100.759,1320.88,0.0285617,0.00177192,0,-0.0712669,0.00386075,0.0487348,327.765,0,37,3,0.000135614,False
2011-02-10,100.776,1321.87,0.0285876,0.00173118,0,-0.00808797,0.00148023,0.0498985,322.594,0,36,4,0.000160029,False
2011-02-11,100.793,1329.15,0.0280387,0.00180763,0,0.030903,0.00250098,0.0873351,326.249,0,38,2,0.000170641,False
2011-02-14,100.851,1332.32,0.0282932,0.00172213,0,0.0350162,0.00139037,0.0893791,328.932,0,36,4,0.000576956,False
2011-02-15,100.873,1328.01,0.0297338,0.00177181,0,-0.0454199,0.00197676,0.0482539,330.216,0,37,3,0.000215076,False
2011-02-16,100.944,1336.32,0.0278064,0.00175604,0,0.0827077,0.00142498,0.0838502,334.217,0,37,3,0.000711161,False
2011-02-17,100.927,1340.43,0.0316805,0.0017675,0,0.00866607,0.00427754,0.135542,331.905,0,37,3,-0.000172274,False
2011-02-18,101.043,1343.01,0.0285159,0.00169796,0,0.0349305,0.00309747,0.0781146,326.827,0,36,4,0.00115012,False
2011-02-22,100.796,1315.44,0.0525036,0.00219282,0,-0.297455,0.0033194,0.0748848,331.386,0,40,0,-0.00244681,False
2011-02-23,100.792,1307.4,0.0521209,0.00214796,0,-0.0564673,0.0012956,0.070842,336.305,0,39,1,-3.71751e-05,False
2011-02-24,100.825,1306.1,0.0481021,0.00211569,0,-0.0127947,0.00128277,0.0693629,340.416,0,40,0,0.000331256,False
2011-02-25,100.895,1319.88,0.0406101,0.00196781,0,0.0604547,0.00223528,0.0968364,349.498,0,39,1,0.000688201,False
2011-02-28,100.979,1327.22,0.0398769,0.00192406,0,0.0675116,0.00189607,0.116619,350.81,0,39,1,0.000830427,False
2011-03-01,100.854,1306.33,0.0493283,0.0021293,0,-0.215935,0.00443097,0.0677218,348.262,0,40,0,-0.00123065,False
2011-03-02,100.889,1308.44,0.0482525,0.0020645,0,-0.00111499,0.00123248,0.0773436,349.317,0,39,1,0.000339288,False
2011-03-03,100.994,1330.97,0.0370099,0.00187071,0,0.17162,0.00298472,0.175843,349.149,0,38,2,0.00104348,False
2011-03-04,101.005,1321.15,0.0385394,0.00189796,0,-0.136416,0.00349165,0.0613692,343.73,0,38,2,0.000110977,False
2011-03-07,100.92,1310.13,0.0482486,0.00211598,0,-0.120145,0.00320286,0.0695377,343.954,0,40,0,-0.000845345,False
2011-03-08,100.953,1321.82,0.0413265,0.00195028,0,0.027181,0.00313492,0.0992981,349.155,0,39,1,0.000333553,False
2011-03-09,100.989,1320.02,0.0425635,0.00193866,0,-0.0278334,0.00147428,0.0754032,346.005,0,38,2,0.000348795,False
2011-03-10,100.917,1295.11,0.0514158,0.00215645,0,-0.130733,0.00182686,0.0640652,341.401,0,40,0,-0.000712582,False
2011-03-11,100.971,1304.28,0.04361,0.00206394,0,0.0253477,0.00167147,0.074437,349.88,0,40,0,0.000543523,False
2011-03-14,100.969,1296.39,0.0476629,0.00213075,0,-0.050345,0.00125967,0.0703939,351.445,0,40,0,-2.00989e-05,False
2011-03-15,100.918,1281.87,0.0572545,0.0023111,0,-0.0938228,0.00153221,0.0812437,349.653,0,40,0,-0.000507693,False
2011-03-16,100.813,1256.88,0.0687352,0.00255855,0,-0.16166,0.00179356,0.0893653,346.328,0,40,0,-0.0010444,False
2011-03-17,100.888,1273.72,0.0650451,0.00245452,0,0.0852609,0.00154802,0.160265,352.523,0,40,0,0.000747962,False
2011-03-18,101.041,1279.21,0.0585553,0.00232824,0,0.0558227,0.00212423,0.116894,354.59,0,40,0,0.00151946,False
2011-03-21,101.151,1298.38,0.0478092,0.00211624,0,0.116452,0.00400416,0.165816,358.474,0,40,0,0.00108093,False
2011-03-22,101.224,1293.77,0.0457675,0.00204868,0,-0.0544444,0.00213928,0.0796485,353.32,0,39,1,0.000724684,False
2011-03-23,101.273,1297.54,0.0457243,0.00205903,0,0.00899626,0.0022761,0.0806461,350.485,0,39,1,0.000487907,False
2011-03-24,101.353,1309.66,0.0411524,0.00199738,0,0.0876254,0.00328245,0.124106,352.22,0,39,1,0.000790313,False
2011-03-25,101.465,1313.8,0.0410263,0.00192591,0,0.0592668,0.00143941,0.109052,349.424,0,38,2,0.00110487,False
2011-03-28,101.49,1310.19,0.0460317,0.00203452,0,-0.0323907,0.0026728,0.0938978,347.892,0,39,1,0.000237399,False
2011-03-29,101.543,1319.44,0.0418333,0.00194536,0,0.0216172,0.00265672,0.0990257,346.805,0,38,2,0.000529321,False
2011-03-30,101.621,1328.26,0.0398016,0.0019041,0,0.0770598,0.00185448,0.134371,347.815,0,38,2,0.000765759,False
2011-03-31,101.696,1325.83,0.037336,0.00181932,0,-0.0317333,0.00216353,0.0612114,341.364,0,37,3,0.000735865,False
2011-04-01,101.767,1332.41,0.0328448,0.00180084,0,0.0478328,0.00155218,0.067657,339.656,0,37,3,0.00069697,False
2011-04-04,101.795,1332.87,0.0346805,0.00183243,0,-0.00130527,0.00196416,0.0693251,339.075,0,38,2,0.00027426,False
2011-04-05,101.832,1332.63,0.0329448,0.00179504,0,-0.00824356,0.00183816,0.0531181,336.18,0,37,3,0.000366179,False
2011-04-06,101.878,1335.54,0.0310813,0.00178463,0,0.0210634,0.00158622,0.0555098,336.657,0,37,3,0.000455477,False
2011-04-07,101.881,1333.51,0.031379,0.00175133,0,-0.0302322,0.00159139,0.0507839,333.508,0,36,4,2.48336e-05,False
2011-04-08,101.837,1328.17,0.0344447,0.00185976,0,-0.0708647,0.003961,0.052162,332.567,0,38,2,-0.000428136,False
2011-04-11,101.837,1324.46,0.0356085,0.00192501,0,-0.0303723,0.00192595,0.0532473,337.369,0,39,1,2.94517e-06,False
2011-04-12,101.827,1314.16,0.0370394,0.00186086,0,-0.050396,0.00144095,0.0471689,336.013,0,37,3,-0.000103891,False
2011-04-13,101.853,1314.41,0.0315434,0.0017605,0,-0.00639449,0.00114266,0.0430643,334.668,0,36,4,0.000258776,False
2011-04-14,101.843,1314.52,0.0352641,0.0018918,0,-0.0197386,0.00199054,0.0647725,335.467,0,38,2,-9.88193e-05,False
2011-04-15,101.894,1319.68,0.0323178,0.00180368,0,0.0233666,0.00201666,0.0654832,336.913,0,37,3,0.000502276,False
2011-04-18,101.832,1305.14,0.0424769,0.00203344,0,-0.10537,0.0018325,0.0607626,339.139,0,39,1,-0.000608848,False
2011-04-19,101.893,1312.62,0.0361484,0.00184308,0,0.0310663,0.0015349,0.0639028,338.794,0,37,3,0.000596044,False
2011-04-20,101.903,1330.36,0.032627,0.00179981,0.0132644,0.201015,0.00576487,0.266371,342.205,0,37,3,0.000101519,False
2011-04-21,102.129,1337.38,0.0266419,0.00167728,0.0851468,0.238656,0.00362988,0.215626,334.791,0,35,5,0.00221376,False
2011-04-25,102.164,1335.25,0.0335607,0.00186653,0.00145801,-0.0858594,0.00421948,0.120735,333.159,0,38,2,0.000343182,False
2011-04-26,102.168,1347.24,0.0345339,0.00182787,0.0921775,0.203299,0.00877909,0.25129,339.605,0,38,2,4.3978e-05,False
2011-04-27,102.256,1355.66,0.0313373,0.00177418,0.128324,0.170091,0.0080981,0.226786,340.01,0,37,3,0.000858743,False
2011-04-28,102.35,1360.48,0.0296561,0.00175949,0.0205785,0.0146545,0.00936863,0.14548,339.828,0,37,3,0.000918378,False
2011-04-29,102.422,1363.61,0.0300376,0.00175265,0.0275951,0.0387148,0.00387417,0.109122,339.428,0,37,3,0.000702375,False
2011-05-02,102.425,1361.22,0.0323283,0.00177673,0,-0.0677562,0.00381996,0.0648468,335.588,0,37,3,3.17401e-05,False
2011-05-03,102.431,1356.62,0.0346058,0.00187471,0,-0.0398924,0.00129317,0.0506416,337.131,0,39,1,5.6146e-05,False
2011-05-04,102.419,1347.32,0.0381022,0.00189593,0,-0.0456381,0.0013918,0.0516524,340.866,0,38,2,-0.000115535,False
2011-05-05,102.386,1335.1,0.0422179,0.00196912,0,-0.0667436,0.00126635,0.0569126,344.643,0,39,1,-0.000322414,False
2011-05-06,102.418,1340.2,0.0395975,0.00195148,0,0.0133439,0.00165194,0.074169,349.742,0,39,1,0.00031334,False
2011-05-09,102.481,1346.29,0.0348929,0.00183305,0,0.0216817,0.00172644,0.0648455,351.693,0,38,2,0.000608667,False
2011-05-10,102.551,1357.16,0.0306956,0.00181769,0,0.0747431,0.00192829,0.0963926,351.191,0,38,2,0.000684479,False
2011-05-11,102.487,1342.08,0.0361664,0.00186282,0,-0.144418,0.00242538,0.0478744,344.789,0,38,2,-0.000624295,False
2011-05-12,102.508,1348.65,0.032564,0.00183071,0,0.00600643,0.00182325,0.0612709,346.21,0,38,2,0.000209978,False
2011-05-13,102.475,1337.77,0.0359639,0.00192225,0,-0.0767444,0.00159562,0.0496605,346.584,0,39,1,-0.000318882,False
2011-05-16,102.455,1329.47,0.0421307,0.00201081,0,-0.0484412,0.00166263,0.059998,345.796,0,39,1,-0.000198305,False
2011-05-17,102.467,1328.98,0.03794,0.00187677,0,-0.0274017,0.00152041,0.0548948,346.914,0,38,2,0.000119509,False
2011-05-18,102.531,1340.68,0.0312298,0.0017931,0,0.0554803,0.00221397,0.0736828,347.365,0,37,3,0.00062376,False
2011-05-19,102.553,1343.6,0.0345178,0.00180934,0,0.0139907,0.00212116,0.0968346,342.526,0,37,3,0.000208972,False
2011-05-20,102.512,1333.27,0.0382626,0.00188662,0,-0.114464,0.00200327,0.0576882,339.987,0,38,2,-0.000399262,False
2011-05-23,102.482,1317.37,0.0452471,0.00204339,0,-0.0720272,0.00156977,0.0569956,339.787,0,39,1,-0.00028973,False
2011-05-24,102.506,1316.28,0.0424328,0.00200469,0,-0.0100781,0.00120999,0.0622029,346.052,0,39,1,0.000233531,False
2011-05-25,102.541,1320.47,0.0407934,0.0019917,0,0.00795994,0.00175494,0.0724798,350.731,0,39,1,0.000338808,False
2011-05-26,102.626,1325.69,0.0347471,0.00187551,0,0.0433108,0.00138256,0.0624479,352.351,0,38,2,0.000827298,False
2011-05-27,102.672,1331.1,0.0348135,0.0018763,0,0.0424094,0.00206649,0.0893527,350.681,0,38,2,0.00045189,False
2011-05-31,102.743,1345.2,0.0343935,0.00186645,0.00193658,0.211451,0.00795815,0.252629,350.104,0,38,2,0.000689645,False
2011-06-01,102.222,1314.55,0.0494516,0.00214372,0,-0.747411,0.0077825,0.0652307,344.981,0,40,0,-0.00506593,False
2011-06-02,102.261,1312.94,0.0439358,0.00207321,0,-0.0062804,0.0010486,0.0609049,350.582,0,40,0,0.000380146,False
2011-06-03,102.256,1300.16,0.0424049,0.00205935,0,-0.0540488,0.00136522,0.0512549,354.08,0,40,0,-5.29874e-05,False
2011-06-06,102.239,1286.17,0.0446066,0.0020651,0,-0.0553968,0.00106996,0.0539652,350.546,0,39,1,-0.000162687,False
2011-06-07,102.267,1284.94,0.0424717,0.00204986,0,-0.00547794,0.00123886,0.0599448,350.121,0,39,1,0.000271182,False
2011-06-08,102.273,1279.56,0.0428016,0.00205733,0,-0.0342175,0.00117601,0.0588276,350.536,0,39,1,6.32451e-05,False
2011-06-09,102.325,1289,0.0415235,0.002007,0,0.053014,0.00185511,0.0979463,353.747,0,39,1,0.000504108,False
2011-06-10,102.297,1270.98,0.0435927,0.00210819,0,-0.11054,0.00188674,0.0543835,352.705,0,40,0,-0.000267573,False
2011-06-13,102.311,1271.83,0.0427607,0.00200924,0,-0.00895164,0.00133619,0.0714282,351.425,0,38,2,0.000131176,False
2011-06-14,102.33,1287.87,0.0393728,0.00193668,0,0.0820836,0.00499324,0.166345,350.238,0,38,2,0.000191673,False
2011-06-15,102.117,1265.42,0.0486216,0.00214628,0,-0.356053,0.00651774,0.0639746,344.931,0,39,1,-0.00208858,False
2011-06-16,102.109,1267.64,0.0568432,0.00231584,0,0.00199941,0.0022302,0.126448,351.374,0,40,0,-8.00776e-05,False
2011-06-17,102.193,1271.5,0.0549558,0.00231025,0,0.0223823,0.00163914,0.115904,357.663,0,40,0,0.000822,False
2011-06-20,102.293,1278.36,0.0490422,0.00217654,0,0.0443541,0.00283508,0.103339,359.251,0,40,0,0.000987838,False
2011-06-21,102.349,1295.52,0.048568,0.00217325,0,0.151986,0.00401495,0.241804,362.434,0,40,0,0.000546472,False
2011-06-22,102.434,1287.14,0.0453566,0.00207297,0,-0.126822,0.00343747,0.0702152,356.463,0,39,1,0.000826706,False
2011-06-23,102.451,1283.5,0.0492634,0.00217196,0,-0.0193799,0.00101179,0.0799139,355.243,0,40,0,0.00016597,False
2011-06-24,102.412,1268.45,0.0548154,0.0022921,0,-0.0946944,0.0018105,0.0744993,354.863,0,40,0,-0.000376443,False
2011-06-27,102.458,1280.1,0.0537202,0.00224685,0,0.0555863,0.00245601,0.133027,358.676,0,40,0,0.000449908,False
2011-06-28,102.615,1296.67,0.0486259,0.00211379,0.00337092,0.208307,0.00336768,0.224525,359.912,0,39,1,0.00152825,False
2011-06-29,102.814,1307.41,0.0398206,0.00199601,0.0145938,0.135286,0.00590832,0.1778,358.484,0,39,1,0.00194254,False
2011-06-30,102.929,1320.64,0.0342647,0.00183899,0.126177,0.285092,0.00911018,0.24588,354.369,0,37,3,0.00111026,False
2011-07-01,102.54,1339.67,0.0344814,0.00182463,0.68146,0.744003,0.0266379,0.703076,350.276,0,37,3,-0.00377578,False
2011-07-05,102.801,1337.88,0.0352838,0.00185889,0.0972187,-0.156445,0.00707904,0.214825,344.465,0,38,2,0.0025447,False
2011-07-06,102.914,1339.22,0.0337769,0.0018524,0.00829669,-0.0110323,0.0040069,0.109844,343.204,0,38,2,0.00110475,False
2011-07-07,102.916,1353.22,0.0339825,0.00183201,0.147821,0.265987,0.00922486,0.248874,347.525,0,38,2,2.00362e-05,False
2011-07-08,102.924,1343.8,0.0326496,0.00179179,0,-0.214657,0.00535035,0.0524572,344.515,0,37,3,7.06112e-05,False
2011-07-11,102.772,1319.49,0.0433757,0.00200186,0,-0.189814,0.00271055,0.0533859,342.493,0,39,1,-0.00147759,False
2011-07-12,102.767,1313.64,0.045824,0.00204938,0,-0.036028,0.00133976,0.0645468,345.584,0,39,1,-4.62579e-05,False
2011-07-13,102.818,1317.72,0.044213,0.00202086,0,0.0165498,0.00107403,0.0710271,350.734,0,39,1,0.000498094,False
2011-07-14,102.789,1308.87,0.0512623,0.00214863,0,-0.0691957,0.00156395,0.0786697,352.632,0,39,1,-0.000284858,False
2011-07-15,102.854,1316.14,0.0446586,0.00202545,0,0.0305745,0.00154321,0.0852935,355.198,0,39,1,0.000632759,False
2011-07-18,102.823,1305.44,0.0516781,0.00217324,0,-0.0905883,0.00167724,0.0737471,353.08,0,39,1,-0.000303483,False
2011-07-19,102.884,1326.73,0.0415836,0.00198835,0,0.125644,0.00292606,0.174395,357.945,0,39,1,0.000599729,False
2011-07-20,102.967,1325.84,0.0439045,0.00201705,0,-0.0155072,0.00294036,0.114855,356.805,0,39,1,0.00080654,False
2011-07-21,102.961,1343.8,0.0419681,0.00199407,0.0397772,0.203689,0.00988721,0.315484,359.481,0,39,1,-6.43994e-05,False
2011-07-22,103.195,1345.02,0.041122,0.00198446,0.00996399,0.049073,0.00290543,0.156436,358.081,0,39,1,0.0022765,False
2011-07-25,103.193,1337.43,0.0518322,0.00214108,0,-0.0986586,0.00292705,0.106661,355.387,0,39,1,-2.05436e-05,False
2011-07-26,103.227,1331.94,0.0502537,0.00210833,0,-0.0431716,0.00148752,0.076013,354.386,0,39,1,0.00033078,False
2011-07-27,103.09,1304.89,0.0660963,0.0024909,0,-0.189356,0.0018832,0.0850827,352.267,0,40,0,-0.0013243,False
2011-07-28,103.112,1300.67,0.066204,0.00247571,0,-0.0269865,0.00106698,0.0987993,356.608,0,40,0,0.000213,False
2011-07-29,103.11,1292.28,0.0739612,0.00266948,0,-0.0516655,0.00143781,0.119012,357.142,0,40,0,-1.96287e-05,False
2011-08-01,103.171,1286.94,0.0684329,0.00254157,0,-0.0308757,0.00162839,0.0916344,358.155,0,40,0,0.000589315,False
2011-08-02,103.127,1254.05,0.0707079,0.0026265,0,-0.120548,0.00125814,0.081812,353.194,0,40,0,-0.000425529,False
2011-08-03,103.183,1260.34,0.0647029,0.0025163,0,0.0121239,0.00151876,0.0984373,357.877,0,40,0,0.000544632,False
2011-08-04,102.879,1200.07,0.0951159,0.0032512,0,-0.378315,0.00139943,0.114931,347.197,0,40,0,-0.00294954,False
2011-08-05,102.916,1199.38,0.0911958,0.00317166,0,-0.0333872,0.00135036,0.131037,352.746,0,40,0,0.0003614,False
2011-08-08,101.69,1119.46,0.14416,0.00459168,0,-1.31006,0.0052425,0.181795,338.578,0,40,0,-0.0119174,False
2011-08-09,101.827,1172.53,0.0937445,0.0032462,0,0.0680684,0.00315432,0.199573,358.07,0,40,0,0.00135348,False
2011-08-10,101.353,1120.76,0.124494,0.00406248,0,-0.627506,0.00295677,0.163482,347.16,0,40,0,-0.00465436,False
2011-08-11,101.205,1172.64,0.104053,0.00348191,0,0.0494727,0.00611423,0.455669,362.061,0,40,0,-0.00146278,False
2011-08-12,101.604,1178.81,0.087737,0.00307945,0,0.0869968,0.00318426,0.225482,361.267,0,40,0,0.0039391,False
2011-08-15,101.856,1204.49,0.06878,0.00262892,0.041759,0.244388,0.00371148,0.238394,364.267,0,40,0,0.00248177,False
2011-08-16,101.938,1192.76,0.0677497,0.00262153,0,-0.119644,0.00253955,0.0997556,358.356,0,40,0,0.000800959,False
2011-08-17,102.01,1193.89,0.0548395,0.00237026,0,-0.00719508,0.00150744,0.0711235,356.987,0,40,0,0.000710227,False
2011-08-18,101.581,1140.65,0.115331,0.00380211,0,-0.432134,0.00350712,0.175475,344.974,0,40,0,-0.00420022,False
2011-08-19,101.589,1123.53,0.117295,0.00387579,0,-0.11641,0.0013148,0.163482,345.42,0,40,0,7.56761e-05,False
2011-08-22,101.679,1123.82,0.109647,0.00366454,0,-0.0107185,0.00151364,0.167088,350.393,0,40,0,0.000887339,False
2011-08-23,101.749,1162.35,0.0921241,0.00319442,0,0.131896,0.00330161,0.314607,362.341,0,40,0,0.000688481,False
2011-08-24,101.957,1177.6,0.0936885,0.00322565,0.00588123,0.215052,0.00490574,0.401677,364.423,0,40,0,0.00204088,False
2011-08-25,101.883,1159.27,0.108985,0.00361483,0,-0.360404,0.00575713,0.214503,357.026,0,40,0,-0.000722038,False
2011-08-26,102.054,1176.8,0.0884536,0.00310002,0,0.0389251,0.00310428,0.165052,360.033,0,40,0,0.00167472,False
2011-08-29,102.165,1210.08,0.0813306,0.0029096,0.000180961,0.247749,0.00419614,0.376281,365.748,0,40,0,0.00108338,False
2011-08-30,102.354,1212.92,0.0818254,0.00292291,0,0.00464298,0.00521249,0.264833,363.215,0,40,0,0.00185761,False
2011-08-31,102.486,1218.89,0.0821926,0.00291113,0,0.000919852,0.00383541,0.209381,362.172,0,40,0,0.00128785,False
2011-09-01,102.503,1204.42,0.0774111,0.00280829,0,-0.162335,0.00204685,0.102747,356.969,0,40,0,0.000164464,False
2011-09-02,102.458,1173.97,0.076176,0.00278782,0,-0.131993,0.00130189,0.0875545,350.726,0,40,0,-0.000436232,False
2011-09-06,102.387,1165.24,0.0862105,0.00305362,0,-0.107121,0.00166295,0.132885,352.042,0,40,0,-0.000692552,False
2011-09-07,102.42,1198.62,0.0737739,0.00271949,0,0.142522,0.00438698,0.309218,362.412,0,40,0,0.000320913,False
2011-09-08,102.464,1185.9,0.0787245,0.002849,0,-0.194527,0.0023127,0.144812,358.944,0,40,0,0.000424152,False
2011-09-09,102.278,1154.23,0.0935408,0.00325258,0,-0.295104,0.0024132,0.123043,351.882,0,40,0,-0.00181001,False
2011-09-12,102.366,1162.27,0.0912509,0.00319361,0,0.0364603,0.0014354,0.158316,355.875,0,40,0,0.000858529,False
2011-09-13,102.495,1172.87,0.0821961,0.00296841,0,0.0552589,0.00179984,0.161874,359.479,0,40,0,0.00126145,False
2011-09-14,102.659,1188.68,0.077442,0.00285142,0,0.134903,0.00261904,0.20454,363.409,0,40,0,0.00160211,False
2011-09-15,102.808,1209.11,0.0769241,0.00281837,0,0.254523,0.00387283,0.381063,366.522,0,40,0,0.00144393,False
2011-09-16,103.035,1216.01,0.0755129,0.00275621,0,0.0765983,0.0040874,0.299267,365.114,0,40,0,0.00220863,False
2011-09-19,102.973,1204.09,0.0815698,0.00292107,0,-0.294148,0.00317542,0.141897,360.097,0,40,0,-0.000594999,False
2011-09-20,103.042,1202.09,0.0853654,0.00302331,0,-0.0144214,0.00126331,0.139743,359.308,0,40,0,0.000668246,False
2011-09-21,102.968,1166.76,0.0915589,0.00319282,0,-0.188979,0.00180281,0.111059,352.062,0,40,0,-0.000715552,False
2011-09-22,102.808,1129.56,0.111212,0.00371673,0,-0.237459,0.00134627,0.140133,347.352,0,40,0,-0.00155761,False
2011-09-23,102.888,1136.43,0.111107,0.00371095,0,0.0269521,0.00125138,0.193395,354.557,0,40,0,0.00077655,False
2011-09-26,103.008,1162.95,0.102326,0.00346369,0,0.137656,0.00262136,0.3075,363.935,0,40,0,0.00116429,False
2011-09-27,103.195,1175.38,0.101152,0.0034261,0,0.102364,0.00332579,0.316926,366.552,0,40,0,0.00181869,False
2011-09-28,103.019,1151.06,0.117902,0.00388602,0,-0.411404,0.00347339,0.191766,358.859,0,40,0,-0.00170261,False
2011-09-29,103.175,1160.4,0.0996716,0.00340089,0,0.0255503,0.0015463,0.156392,361.111,0,40,0,0.00151087,False
2011-09-30,103.099,1131.42,0.110946,0.00369254,0,-0.190939,0.00140186,0.146763,354.38,0,40,0,-0.000731368,False
2011-10-03,103.018,1099.23,0.12269,0.0040362,0,-0.188962,0.00164224,0.156167,349.818,0,40,0,-0.000789076,False
2011-10-04,103.128,1123.95,0.102091,0.00349057,0,0.0508717,0.00200056,0.193236,360.408,0,40,0,0.00107168,False
2011-10-05,103.34,1144.03,0.097144,0.00333068,0,0.199194,0.00284802,0.271501,366.293,0,40,0,0.00205466,False
2011-10-06,103.54,1164.97,0.0856183,0.00306292,0,0.150074,0.00680497,0.297629,370.086,0,40,0,0.00193242,False
2011-10-07,103.647,1155.46,0.0820561,0.00296764,0,-0.132839,0.00330241,0.13391,364.718,0,40,0,0.00103019,False
2011-10-10,103.79,1194.89,0.0739324,0.00276615,0.0114576,0.474382,0.00538397,0.519719,372.013,0,40,0,0.00137871,False
2011-10-11,104.139,1195.54,0.0677334,0.00262616,0.00242202,-0.00621967,0.0040041,0.22271,368.555,0,40,0,0.0033671,False
2011-10-12,104.285,1207.25,0.0688031,0.00265167,0.0100918,0.144605,0.00525735,0.272566,369.073,0,40,0,0.00139766,False
2011-10-13,104.432,1203.66,0.0653299,0.00258466,0,-0.0682722,0.00292536,0.116502,366.321,0,40,0,0.00141547,False
2011-10-14,104.566,1224.58,0.0565541,0.00240155,0.0317554,0.206867,0.00379596,0.207975,370.087,0,40,0,0.00128309,False
2011-10-17,104.37,1200.86,0.0791965,0.00287614,0,-0.342763,0.00291824,0.134555,363.081,0,40,0,-0.00187385,False
2011-10-18,104.356,1225.38,0.0732811,0.00273457,0,0.0696842,0.00388003,0.285141,368.966,0,40,0,-0.000136388,False
2011-10-19,104.387,1209.88,0.0722126,0.00272134,0,-0.216485,0.00259398,0.104745,364.198,0,40,0,0.000295217,False
2011-10-20,104.357,1215.39,0.089542,0.003111,0,0.0271635,0.0024126,0.245445,365.622,0,40,0,-0.000282777,False
2011-10-21,104.541,1238.25,0.080541,0.00288529,0,0.235912,0.0065148,0.368393,370.632,0,40,0,0.00176418,False
2011-10-24,104.913,1254.19,0.0752039,0.00276967,0,0.303877,0.00582768,0.367837,372.387,0,40,0,0.00354921,False
2011-10-25,104.844,1229.05,0.0882837,0.00308388,0,-0.383372,0.00309157,0.134683,364.766,0,40,0,-0.000649208,False
2011-10-26,104.906,1242,0.0821026,0.00292294,0,0.00869979,0.00189334,0.159098,367.877,0,40,0,0.000587269,False
2011-10-27,104.53,1284.59,0.0640456,0.00247144,0.0915994,0.0908843,0.0110303,0.585235,376.078,0,40,0,-0.0035871,False
2011-10-28,104.876,1285.09,0.060405,0.00241027,0.022368,-0.0263341,0.00587357,0.242365,372.559,0,40,0,0.00331283,False
2011-10-31,104.525,1253.3,0.07433,0.0027324,0,-0.55968,0.00570002,0.0990667,362.968,0,40,0,-0.00334189,False
2011-11-01,104.394,1218.28,0.0947652,0.00325248,0,-0.198727,0.00175583,0.121941,355.872,0,40,0,-0.00126136,False
2011-11-02,104.527,1237.9,0.0807834,0.00289934,0,0.0900118,0.00164606,0.154782,363.741,0,40,0,0.00127794,False
2011-11-03,104.608,1261.15,0.0711986,0.00266126,0,0.103609,0.00304503,0.242466,370.483,0,40,0,0.000778916,False
2011-11-04,104.645,1253.23,0.0688564,0.00260984,0,-0.15074,0.00313642,0.11841,367.8,0,40,0,0.000348218,False
2011-11-07,104.735,1261.12,0.0664693,0.00254375,0,0.032321,0.00212202,0.122588,368.766,0,40,0,0.000859541,False
2011-11-08,104.8,1275.92,0.0573502,0.0023765,0,0.0308248,0.00278238,0.140086,370.532,0,40,0,0.000625563,False
2011-11-09,104.08,1229.1,0.0856839,0.0030217,0,-0.82603,0.00623147,0.111091,358.405,0,40,0,-0.00687598,False
2011-11-10,104.166,1239.7,0.0734797,0.0027046,0,0.0228187,0.00171825,0.116388,362.881,0,40,0,0.000831849,False
2011-11-11,104.248,1263.85,0.0625782,0.00247179,0,0.11961,0.00428074,0.209703,368.867,0,40,0,0.00078837,False
2011-11-14,104.209,1251.78,0.0681333,0.00259144,0,-0.19413,0.00248739,0.118519,365.063,0,40,0,-0.000382669,False
2011-11-15,104.277,1257.81,0.0691611,0.00261069,0,0.0288463,0.00265401,0.142889,366.283,0,40,0,0.000656117,False
2011-11-16,104.184,1236.91,0.0722283,0.00269614,0,-0.212561,0.00183203,0.0910886,360.963,0,40,0,-0.000892431,False
2011-11-17,104.178,1216.13,0.0835312,0.00296103,0,-0.0638473,0.0013628,0.11199,357.938,0,40,0,-5.31888e-05,False
2011-11-18,104.23,1215.65,0.0790638,0.00285925,0,-0.0177336,0.00138639,0.117206,360.865,0,40,0,0.000497882,False
2011-11-21,104.161,1192.98,0.086275,0.00305151,0,-0.155089,0.00190998,0.112752,358.073,0,40,0,-0.000665069,False
2011-11-22,104.232,1188.04,0.0777528,0.00286876,0,-0.0129716,0.00115032,0.10197,360.274,0,40,0,0.000686861,False
2011-11-23,104.156,1161.79,0.0879041,0.00310926,0,-0.149451,0.00141244,0.112568,356.863,0,40,0,-0.000735539,False
2011-11-25,104.205,1158.67,0.0882859,0.00313845,0,-0.0166921,0.00112267,0.130348,359.754,0,40,0,0.000475752,False
2011-11-28,104.231,1192.55,0.0799868,0.00292063,0,0.211645,0.00919829,0.383698,370.027,0,40,0,0.000251076,False
2011-11-29,104.466,1195.19,0.0794282,0.00288881,0,0.0325593,0.00486125,0.252942,369.349,0,40,0,0.00225454,False
2011-11-30,103.869,1246.96,0.0696844,0.00263037,0.898423,1.96052,0.0216356,1.95804,378.638,0,40,0,-0.00572029,False
2011-12-01,104.401,1244.58,0.06824,0.0025917,0.485621,-0.313222,0.0137748,0.678628,372.052,0,40,0,0.00512607,False
2011-12-02,104.717,1244.28,0.0687368,0.00260034,0.158651,-0.027531,0.00467917,0.238121,368.414,0,40,0,0.0030247,False
2011-12-05,104.955,1257.08,0.0685819,0.00262133,0.0291069,0.20693,0.00589096,0.238058,369.68,0,40,0,0.00227236,False
2011-12-06,105.006,1258.47,0.0828047,0.00292297,0.00758269,-0.00245342,0.00519777,0.252221,368.517,0,40,0,0.000481021,False
2011-12-07,105.191,1261.01,0.0749824,0.00274342,0,0.00406234,0.00179585,0.141527,368.892,0,40,0,0.00176371,False
2011-12-08,105.179,1234.35,0.0778827,0.00281543,0,-0.130771,0.00136513,0.0962103,362.902,0,40,0,-0.000111719,False
2011-12-09,105.324,1255.19,0.0619127,0.00247475,0,0.113711,0.00177102,0.122735,369.384,0,40,0,0.00137721,False
2011-12-12,105.288,1236.47,0.0620952,0.00248266,0,-0.138712,0.00186522,0.0780625,365.435,0,40,0,-0.000344581,False
2011-12-13,105.279,1225.73,0.0613361,0.00248377,0,-0.0667401,0.0018183,0.0770563,364.585,0,40,0,-8.26298e-05,False
2011-12-14,105.27,1211.82,0.0608324,0.00248624,0,-0.0674045,0.0015145,0.0758033,363.413,0,40,0,-8.85253e-05,False
2011-12-15,105.317,1215.75,0.0590183,0.00245357,0,0.0156876,0.00151328,0.0994943,366.52,0,40,0,0.000446929,False
2011-12-16,105.38,1219.66,0.0575509,0.00242216,0,0.0172434,0.00186798,0.106429,368.852,0,40,0,0.000603601,False
2011-12-19,105.352,1205.35,0.0584225,0.00244306,0,-0.112992,0.00212317,0.0758334,366.054,0,40,0,-0.000270829,False
2011-12-20,105.123,1241.3,0.0560187,0.00237934,0,0.250837,0.00766411,0.601235,374.789,0,40,0,-0.00216978,False
2011-12-21,105.434,1243.72,0.054178,0.00230858,0.0924755,0.0984002,0.00432969,0.343717,370.332,0,39,1,0.00295827,False
2011-12-22,105.615,1254,0.0510581,0.00224286,0.128924,0.295082,0.00437909,0.373344,368.172,0,39,1,0.0017164,False
2011-12-23,105.845,1265.33,0.0452789,0.00221641,0.215496,0.345201,0.00451474,0.311397,371.439,0,40,0,0.00217961,False
2011-12-27,105.954,1265.43,0.0524357,0.00230212,0.103971,-0.00999453,0.00310581,0.13565,372.181,0,40,0,0.00102801,False
2011-12-28,105.937,1249.64,0.0571938,0.00239863,0,-0.12442,0.00283006,0.0801138,368.087,0,40,0,-0.000159679,False
2011-12-29,106.01,1263.02,0.0491451,0.00218103,0,0.0577993,0.00176825,0.110366,369.176,0,39,1,0.000686658,False
2011-12-30,106.046,1257.6,0.0497837,0.00218839,0,-0.0456383,0.00167751,0.0746794,362.578,0,38,2,0.000339277,False
2012-01-03,106.06,1277.06,0.0498173,0.00220373,0,0.176566,0.00493959,0.279903,366.976,0,39,1,0.000132166,False
2012-01-04,106.201,1277.3,0.0479648,0.00217142,0,-0.0448977,0.00379222,0.135764,365.747,0,39,1,0.00133172,False
2012-01-05,106.25,1281.06,0.0452989,0.00213751,0,-0.00698095,0.00324154,0.119775,368.143,0,39,1,0.00046071,False
2012-01-06,106.319,1277.81,0.0424992,0.00214024,0,-0.0230868,0.00190167,0.0663562,369.341,0,40,0,0.000647433,False
2012-01-09,106.363,1280.7,0.0425423,0.00212073,0,0.0109365,0.00145356,0.072308,369.77,0,39,1,0.000413405,False
2012-01-10,106.406,1292.08,0.0415985,0.00205454,0,0.0846215,0.00351801,0.149313,366.79,0,38,2,0.000410316,False
2012-01-11,106.514,1292.48,0.0416452,0.00205933,0,0.0135655,0.00213305,0.0927773,363.389,0,38,2,0.00101079,False
2012-01-12,106.574,1295.5,0.0373788,0.00200368,0,0.00636589,0.00199159,0.0721326,360.772,0,38,2,0.000567007,False
2012-01-13,106.565,1289.09,0.0393807,0.00204415,0,-0.0594547,0.00178347,0.0571567,358.856,0,38,2,-8.37512e-05,False
2012-01-17,106.573,1293.67,0.04624,0.00214465,0,0.0351332,0.00198812,0.126706,362.612,0,39,1,7.21699e-05,False
2012-01-18,106.452,1308.04,0.0507799,0.00217747,0,0.100867,0.0103586,0.386539,365.323,0,39,1,-0.00113276,False
2012-01-19,106.776,1314.5,0.0416552,0.00201122,0.00930028,0.128339,0.00427617,0.217111,365.62,0,38,2,0.00304206,False
2012-01-20,106.894,1315.38,0.0372852,0.0019747,0.00157071,-0.0353973,0.00332282,0.0938584,364.719,0,38,2,0.00110767,False
2012-01-23,106.905,1316,0.0416765,0.00204384,0,-0.0317049,0.00396088,0.0874496,361.322,0,38,2,9.70637e-05,False
2012-01-24,106.942,1314.65,0.0445391,0.00206095,0,-0.013503,0.00151545,0.0781753,360.657,0,38,2,0.000343614,False
2012-01-25,107.039,1326.06,0.041378,0.00201708,0,0.117582,0.00287726,0.135236,363.08,0,38,2,0.000907085,False
2012-01-26,107.023,1318.43,0.0402222,0.00201418,0,-0.124869,0.00307132,0.0614057,363.549,0,39,1,-0.000148564,False
2012-01-27,107.027,1316.33,0.0416799,0.0020257,0,-0.0320049,0.00153857,0.0628963,363.171,0,38,2,4.31699e-05,False
2012-01-30,107.016,1313.01,0.0453634,0.00209275,0,-0.0416405,0.0019212,0.0733729,365.401,0,39,1,-0.000100607,False
2012-01-31,107.027,1312.41,0.0470928,0.0021325,0,-0.0234024,0.00256545,0.0815233,365.769,0,39,1,0.000101312,False
2012-02-01,107.057,1324.09,0.0405905,0.00199658,0,0.0290029,0.0057669,0.113895,368.633,0,38,2,0.000275244,False
2012-02-02,107.132,1325.54,0.0402382,0.00203881,0,0.00635329,0.00219967,0.0810812,368.315,0,39,1,0.000702116,False
2012-02-03,107.202,1344.9,0.0369725,0.00194263,0.0199804,0.31855,0.0108989,0.333732,368.91,0,38,2,0.000653866,False
2012-02-06,107.375,1344.33,0.037496,0.00196217,0,-0.0390161,0.00332374,0.153508,367.057,0,38,2,0.00161768,False
2012-02-07,107.463,1347.05,0.0376882,0.00189256,0,0.00249249,0.00292907,0.10163,361.134,0,37,3,0.000812444,False
2012-02-08,107.541,1349.96,0.0362503,0.00194886,0,0.0273123,0.00243397,0.0824521,361.042,0,38,2,0.000729162,False
2012-02-09,107.571,1351.95,0.0355487,0.00188883,0,-0.014358,0.00258815,0.0695942,358.256,0,37,3,0.00027498,False
2012-02-10,107.497,1342.64,0.0415399,0.002043,0,-0.116036,0.002738,0.0637037,358.868,0,39,1,-0.000682221,False
2012-02-13,107.555,1351.77,0.0368002,0.00192082,0,0.0409216,0.00200121,0.0797021,361.108,0,38,2,0.000537701,False
2012-02-14,107.551,1350.5,0.0450523,0.00206143,0,-0.00974021,0.00171384,0.115479,365.985,0,39,1,-3.94245e-05,False
2012-02-15,107.545,1343.23,0.0404535,0.00201709,0,-0.102341,0.00347874,0.0539992,367.139,0,39,1,-5.48923e-05,False
2012-02-16,107.515,1358.04,0.0395129,0.00200003,0,0.0345,0.00483148,0.151243,373.172,0,39,1,-0.000279539,False
2012-02-17,107.637,1361.23,0.0378749,0.00190892,0,0.0497748,0.00248702,0.111913,370.358,0,38,2,0.00114016,False
2012-02-21,107.665,1362.21,0.0403859,0.00197781,0,-0.0197348,0.00262919,0.100023,367.158,0,38,2,0.000259522,False
2012-02-22,107.697,1357.66,0.0403668,0.00199864,0,-0.0402085,0.00204597,0.0647904,365.704,0,39,1,0.000291147,False
2012-02-23,107.765,1363.46,0.0360803,0.00191463,0,0.0341807,0.00164498,0.0633715,366.86,0,38,2,0.00063252,False
2012-02-24,107.818,1365.74,0.0333794,0.00185229,0,0.0226588,0.000884258,0.063473,364.512,0,37,3,0.000493669,False
2012-02-27,107.821,1367.59,0.0384244,0.00189914,0,0.000764927,0.00174246,0.0963615,359.239,0,37,3,2.46636e-05,False
2012-02-28,107.895,1372.18,0.0396631,0.00195694,0,0.0448707,0.00232728,0.101856,359.845,0,38,2,0.000693329,False
2012-02-29,107.892,1365.68,0.0407564,0.00201577,0,-0.0770159,0.00302718,0.0635731,360.784,0,39,1,-2.79873e-05,False
2012-03-01,107.967,1374.09,0.0358636,0.00192316,0,0.053211,0.00191136,0.0743723,362.618,0,38,2,0.000689955,False
2012-03-02,107.984,1369.63,0.0340852,0.00185351,0,-0.0402616,0.00172502,0.0474416,364.125,0,37,3,0.000159084,False
2012-03-05,107.992,1364.33,0.0348014,0.00192787,0,-0.0225882,0.00108577,0.0488839,360.531,0,38,2,7.18367e-05,False
2012-03-06,107.91,1343.36,0.0464301,0.00212145,0,-0.115936,0.00249203,0.0569828,357.044,0,39,1,-0.000761341,False
2012-03-07,107.966,1352.63,0.0380991,0.00195585,0,0.0387488,0.00124515,0.0736873,363.363,0,38,2,0.000527687,False
2012-03-08,108.037,1365.91,0.0380311,0.00192093,0.00365502,0.134976,0.0057467,0.164725,369.492,0,38,2,0.000654342,False
2012-03-09,108.168,1370.87,0.0334252,0.00189381,0.0034833,0.0697239,0.00587457,0.126082,367.295,0,38,2,0.00120829,False
2012-03-12,108.238,1371.09,0.0326795,0.00185578,0,-0.00998655,0.00329414,0.0735517,363.783,0,37,3,0.000647817,False
2012-03-13,107.928,1395.95,0.036228,0.00194065,0.362139,0.806725,0.0109754,0.851614,370.095,0,39,1,-0.00286558,False
2012-03-14,108.161,1394.28,0.0360229,0.00190671,0.113338,-0.217712,0.0122695,0.308787,367.496,0,38,2,0.00216462,False
2012-03-15,108.335,1402.6,0.0323534,0.00181164,0.180839,0.323272,0.00802673,0.300178,365.184,0,37,3,0.00160461,False
2012-03-16,108.483,1404.17,0.0304117,0.00179638,0.0937899,0.0449876,0.00424634,0.12723,358.879,0,37,3,0.00137089,False
2012-03-19,108.471,1409.75,0.0338446,0.00185868,0.0858522,0.0349628,0.00835216,0.112411,359.222,0,38,2,-0.000114643,False
2012-03-20,108.461,1405.52,0.0358754,0.00187276,0,-0.0856308,0.00282368,0.0673102,360.623,0,38,2,-8.62097e-05,False
2012-03-21,108.484,1402.89,0.0367141,0.00195137,0,-0.0201886,0.00149905,0.0579634,362.749,0,39,1,0.000206727,False
2012-03-22,108.475,1392.78,0.0400766,0.00196976,0,-0.0509383,0.00109698,0.0532425,369.186,0,39,1,-8.48753e-05,False
2012-03-23,108.517,1397.11,0.0364857,0.00188262,0,0.0182972,0.00122594,0.0630402,370.999,0,38,2,0.00038605,False
2012-03-26,108.451,1416.51,0.0366775,0.0018543,0.0117607,0.176412,0.0057556,0.321894,372.4,0,38,2,-0.000600234,False
2012-03-27,108.544,1412.52,0.0381477,0.00190027,0,-0.124196,0.00382226,0.138011,367.721,0,38,2,0.000849348,False
2012-03-28,108.541,1405.54,0.0381839,0.00190574,0,-0.115636,0.00308751,0.0584014,365.702,0,38,2,-2.61276e-05,False
2012-03-29,108.552,1403.28,0.0348692,0.00188106,0,-0.0302667,0.00172448,0.048527,365.229,0,38,2,0.000100159,False
2012-03-30,108.6,1408.47,0.0347003,0.00180655,0,0.0328863,0.0014567,0.0641977,363.9,0,37,3,0.000448199,False
2012-04-02,108.563,1419.04,0.0361484,0.00189113,0,0.0313216,0.00580172,0.160758,365.99,0,38,2,-0.000338702,False
2012-04-03,108.484,1413.38,0.0344784,0.00185788,0,-0.205228,0.00492006,0.0626635,361.298,0,38,2,-0.000731674,False
2012-04-04,108.485,1398.96,0.0379574,0.00189494,0,-0.0492786,0.00185772,0.0464107,360.964,0,38,2,1.08679e-05,False
2012-04-05,108.503,1398.08,0.036527,0.00194772,0,-0.00672347,0.00111198,0.0555267,367.024,0,39,1,0.00016249,False
2012-04-09,108.458,1382.2,0.0415109,0.00199956,0,-0.0868428,0.00173826,0.0516648,364.882,0,39,1,-0.00041665,False
2012-04-10,108.398,1358.59,0.0475252,0.00210287,0,-0.0998119,0.00172618,0.055643,367.461,0,39,1,-0.000554078,False
2012-04-11,108.438,1368.71,0.0439009,0.00205547,0,0.0320921,0.0013014,0.088152,372.407,0,39,1,0.000370184,False
2012-04-12,108.371,1387.57,0.0424901,0.0019945,0.0205049,0.127336,0.0103067,0.291742,377.248,0,39,1,-0.000613902,False
2012-04-13,108.241,1370.26,0.0437565,0.00197419,0,-0.393266,0.00625649,0.0642811,370.146,0,38,2,-0.00120216,False
2012-04-16,108.245,1369.57,0.0445941,0.00205218,0,-0.0284927,0.00214862,0.0716968,370.12,0,39,1,4.14354e-05,False
2012-04-17,108.346,1390.78,0.0414586,0.00196434,0,0.231644,0.00638912,0.235284,371.619,0,38,2,0.000934565,False
2012-04-18,108.436,1385.14,0.0387561,0.00198554,0,-0.0997319,0.00329421,0.0798978,369.368,0,39,1,0.00082264,False
2012-04-19,108.433,1376.92,0.0468012,0.00214004,0,-0.0492457,0.00267949,0.0754855,372.912,0,40,0,-2.62995e-05,False
2012-04-20,108.488,1378.53,0.0427294,0.00202723,0,0.00942065,0.00137257,0.0694452,376.217,0,39,1,0.000505295,False
2012-04-23,108.425,1366.94,0.0503812,0.00218319,0,-0.104759,0.00201727,0.0737237,374.183,0,40,0,-0.000579391,False
2012-04-24,108.488,1371.97,0.0493451,0.00213363,0,0.0337181,0.00113967,0.0897638,376.46,0,39,1,0.000587963,False
2012-04-25,108.588,1390.69,0.0415014,0.00196103,0,0.144299,0.00550059,0.16869,375.22,0,38,2,0.000916336,False
2012-04-26,108.693,1399.98,0.037795,0.00188809,0.00984506,0.115091,0.00681763,0.19804,373.209,0,38,2,0.000966823,False
2012-04-27,108.862,1403.36,0.0354998,0.001891,0.00664245,0.0818512,0.00506307,0.132322,369.694,0,38,2,0.00155919,False
2012-04-30,108.844,1397.91,0.0409969,0.00197955,0,-0.110374,0.00342812,0.0761893,370.047,0,39,1,-0.000171332,False
2012-05-01,108.888,1405.82,0.0395124,0.0019688,0,0.0251492,0.0030321,0.0911714,373.979,0,39,1,0.000410484,False
2012-05-02,108.896,1402.31,0.0416272,0.0019518,0,-0.0474567,0.00197643,0.0740874,367.411,0,38,2,6.72818e-05,False
2012-05-03,108.884,1391.57,0.0423751,0.00196381,0,-0.0685401,0.00188514,0.0559476,368.108,0,38,2,-0.000109042,False
2012-05-04,108.822,1369.1,0.0453791,0.00205709,0,-0.10691,0.00138587,0.0529518,364.631,0,39,1,-0.000569218,False
2012-05-07,108.848,1369.58,0.044822,0.00206452,0,-0.00147719,0.00130433,0.0669132,369.665,0,39,1,0.000239058,False
2012-05-08,108.822,1363.72,0.0466972,0.00214375,0,-0.0681619,0.00194097,0.0670124,375.627,0,40,0,-0.000235638,False
2012-05-09,108.818,1354.58,0.0506054,0.00219949,0,-0.0490909,0.00133034,0.0694607,375.301,0,40,0,-4.10181e-05,False
2012-05-10,108.864,1357.99,0.0461243,0.00210124,0,0.0135884,0.00125713,0.0791639,377.466,0,39,1,0.000428709,False
2012-05-11,108.85,1353.39,0.0483084,0.00216717,0,-0.0628178,0.00169594,0.0756007,377.072,0,40,0,-0.000136034,False
2012-05-14,108.822,1338.35,0.0562435,0.0023298,0,-0.0823356,0.00134602,0.0736811,377.394,0,40,0,-0.000255842,False
2012-05-15,108.83,1330.66,0.0523305,0.00221929,0,-0.0467912,0.00126744,0.067346,374.642,0,39,1,7.70775e-05,False
2012-05-16,108.827,1324.8,0.0473579,0.00215957,0,-0.0538185,0.00200343,0.0598227,372.373,0,39,1,-2.84878e-05,False
2012-05-17,108.763,1304.86,0.0644466,0.00250918,0,-0.0912251,0.00154732,0.0925729,372.608,0,40,0,-0.000584277,False
2012-05-18,108.761,1295.22,0.0683134,0.00261444,0,-0.0594961,0.00176338,0.0988956,375.824,0,40,0,-1.73155e-05,False
2012-05-21,108.825,1315.99,0.0591628,0.00241905,0,0.0672056,0.00247235,0.157228,382.569,0,40,0,0.000580583,False
2012-05-22,108.892,1316.63,0.0596182,0.00241698,0,-0.0179215,0.00491444,0.123965,382.612,0,40,0,0.000621435,False
2012-05-23,108.933,1318.86,0.062183,0.00246581,0,-0.0152189,0.00203892,0.125944,382.673,0,40,0,0.000371748,False
2012-05-24,109.052,1320.68,0.0517331,0.00226973,0,0.0252668,0.00160412,0.0795779,382.398,0,40,0,0.00109694,False
2012-05-25,109.087,1317.82,0.0497523,0.00222877,0,-0.0166718,0.00117296,0.0743049,381.288,0,40,0,0.000320505,False
2012-05-29,109.137,1332.42,0.0490882,0.00216606,0,0.093132,0.00226536,0.162021,381.807,0,39,1,0.000459013,False
2012-05-30,109.034,1313.32,0.0614833,0.00245238,0,-0.223584,0.00307461,0.097754,376.804,0,40,0,-0.000947069,False
2012-05-31,109.064,1310.33,0.0593352,0.00240881,0,-0.0387947,0.00148022,0.0843364,379.639,0,40,0,0.000275776,False
2012-06-01,108.83,1278.04,0.0667459,0.00258188,0,-0.301226,0.00201823,0.0789834,373.586,0,40,0,-0.00214303,False
2012-06-04,108.87,1278.18,0.0617523,0.00249373,0,-0.00848186,0.00130479,0.0889032,376.745,0,40,0,0.00036343,False
2012-06-05,108.941,1285.5,0.0601532,0.00246063,0,0.0360478,0.00127466,0.10995,380.724,0,40,0,0.000656004,False
2012-06-06,109.029,1315.13,0.0474183,0.0021575,0.0333259,0.36596,0.00711758,0.393086,385.139,0,39,1,0.000804473,False
2012-06-07,109.086,1314.99,0.0485518,0.00216559,0,-0.171101,0.0152471,0.195532,380.242,0,39,1,0.000528228,False
2012-06-08,109.193,1325.66,0.0489015,0.00220918,0.0416442,0.172915,0.00568781,0.261636,383.255,0,40,0,0.000973282,False
2012-06-11,108.877,1308.93,0.0650055,0.00252024,0,-0.508432,0.00498753,0.126569,380.131,0,40,0,-0.00289275,False
2012-06-12,108.93,1324.18,0.0647007,0.0025087,0,0.0696853,0.00330795,0.201648,383.261,0,40,0,0.000491291,False
2012-06-13,108.989,1314.88,0.0664069,0.00255073,0,-0.0958868,0.00275705,0.10792,380.617,0,40,0,0.000541081,False
2012-06-14,109.073,1329.1,0.0653063,0.00251056,0,0.0885726,0.00266684,0.172707,383.9,0,40,0,0.000769933,False
2012-06-15,109.267,1342.84,0.061066,0.00241412,0,0.183902,0.00157168,0.220114,386.116,0,40,0,0.00177473,False
2012-06-18,109.45,1344.78,0.0477592,0.00213098,0,0.00114538,0.00300421,0.0810261,382.308,0,39,1,0.00167349,False
2012-06-19,109.495,1357.98,0.0475123,0.00212097,0,0.0857869,0.00340885,0.163083,381.265,0,39,1,0.000417659,False
2012-06-20,109.544,1355.69,0.04326,0.00202106,0,-0.0778123,0.00292779,0.0746504,376.378,0,38,2,0.000446881,False
2012-06-21,109.444,1325.51,0.0555331,0.00232259,0,-0.16017,0.00165161,0.0661201,372.267,0,40,0,-0.00091361,False
2012-06-22,109.506,1335.02,0.0454124,0.00210943,0,0.031292,0.00126393,0.0779859,376.202,0,39,1,0.000561613,False
2012-06-25,109.431,1313.72,0.0534314,0.00227594,0,-0.135967,0.00195454,0.0658137,372.681,0,39,1,-0.000681187,False
2012-06-26,109.48,1319.99,0.049678,0.00219632,0,0.0231903,0.00152071,0.0858075,376.321,0,39,1,0.00044921,False
2012-06-27,109.541,1331.85,0.0469693,0.00213459,0,0.0679638,0.00202894,0.135792,379.835,0,39,1,0.000555211,False
2012-06-28,109.6,1329.04,0.049051,0.00217425,0,-0.0258895,0.00123012,0.0963507,378.727,0,39,1,0.000540426,False
2012-06-29,109.029,1362.16,0.0381923,0.00201903,0.240471,0.322112,0.0185393,0.766562,384.723,0,39,1,-0.00520927,False
2012-07-02,109.216,1365.51,0.0395191,0.00195776,0.252814,0.0917634,0.0169929,0.439634,379.264,0,38,2,0.00171005,False
2012-07-03,109.378,1374.02,0.0384906,0.00195401,0.314597,0.418738,0.011377,0.406783,375.724,0,38,2,0.00148469,False
2012-07-05,109.487,1367.58,0.0409817,0.00202078,0.0159575,-0.207625,0.00388697,0.108946,372.419,0,39,1,0.000999546,False
2012-07-06,109.476,1354.68,0.038454,0.00197193,0,-0.10889,0.00244539,0.0456771,369.225,0,38,2,-0.000105804,False
2012-07-09,109.479,1352.46,0.0429601,0.002064,0,-0.0141005,0.000991624,0.0677958,372.667,0,39,1,3.36631e-05,False
2012-07-10,109.47,1341.47,0.042864,0.00207284,0,-0.0605232,0.00173952,0.0557359,371.608,0,39,1,-8.5968e-05,False
2012-07-11,109.505,1341.45,0.041122,0.00206406,0,0.00358514,0.00106009,0.0616491,376.001,0,39,1,0.000325841,False
2012-07-12,109.493,1334.76,0.0434471,0.00211016,0,-0.0526608,0.00156601,0.0609695,375.682,0,39,1,-0.000111504,False
2012-07-13,109.447,1356.78,0.0378049,0.00195335,0,0.0877391,0.00630878,0.224393,378.385,0,38,2,-0.000421409,False
2012-07-16,109.455,1353.64,0.0406504,0.00203992,0,-0.12464,0.00390008,0.126509,376.61,0,39,1,7.26792e-05,False
2012-07-17,109.404,1363.67,0.0379651,0.00193406,0.00752664,-0.0150309,0.0118515,0.178939,374.967,0,38,2,-0.000464189,False
2012-07-18,109.482,1372.78,0.0376121,0.00200546,0.0433141,0.121311,0.0105023,0.204216,378.158,0,39,1,0.000711342,False
2012-07-19,109.588,1376.51,0.0367996,0.00191218,0.0359925,0.0289809,0.00656206,0.119478,374.63,0,38,2,0.000968667,False
2012-07-20,109.553,1362.66,0.0398155,0.00199911,0,-0.137889,0.0029522,0.0519181,370.859,0,38,2,-0.000323628,False
2012-07-23,109.5,1350.52,0.0464981,0.00211044,0,-0.0826817,0.00221918,0.0641252,368.811,0,39,1,-0.000481233,False
2012-07-24,109.472,1338.31,0.0523482,0.00226708,0,-0.0706404,0.00129654,0.0704743,373.241,0,40,0,-0.000257579,False
2012-07-25,109.505,1337.89,0.0497346,0.00217152,0,-0.00915996,0.00151799,0.074462,377.98,0,39,1,0.000300511,False
2012-07-26,109.525,1360.02,0.0466184,0.0021053,0,0.149014,0.00546206,0.242288,381.235,0,39,1,0.000184827,False
2012-07-27,109.285,1385.97,0.0434934,0.00207382,0.436613,0.982833,0.0272332,1.04304,387.983,0,40,0,-0.00219448,False
2012-07-30,109.517,1385.3,0.0478197,0.0021451,0.19393,-0.10542,0.0103786,0.546509,387.46,0,40,0,0.00212731,False
2012-07-31,109.725,1379.32,0.0507298,0.00216297,0.0176794,-0.205773,0.00556568,0.15828,381.379,0,39,1,0.00189722,False
2012-08-01,109.77,1375.32,0.0522625,0.00222537,0,-0.076222,0.00224113,0.0842095,379.916,0,40,0,0.000415987,False
2012-08-02,109.768,1365,0.0427973,0.00206492,0,-0.0753004,0.00194593,0.0499889,378.287,0,39,1,-2.08919e-05,False
2012-08-03,109.746,1390.99,0.0351298,0.00186641,0,0.149588,0.00478412,0.250512,376.672,0,37,3,-0.00020458,False
2012-08-06,109.852,1394.23,0.0364056,0.00192383,0.0340169,0.0719542,0.00367455,0.212446,373.577,0,38,2,0.000973263,False
2012-08-07,109.973,1401.35,0.0356947,0.00184509,0.0665461,0.169173,0.00327354,0.225281,368.328,0,37,3,0.00109572,False
2012-08-08,110.073,1402.22,0.0327758,0.00184484,0.0279051,-0.0285444,0.00366695,0.0956211,364.454,0,37,3,0.000913634,False
2012-08-09,110.139,1402.8,0.0308828,0.00182385,0.0112585,0.00611188,0.00192986,0.0517758,363.74,0,37,3,0.000598036,False
2012-08-10,110.159,1405.87,0.0306492,0.00178271,0,-0.00143244,0.00220306,0.0574804,358.601,0,36,4,0.000177287,False
2012-08-13,110.165,1404.11,0.0323452,0.00183156,0,-0.0199724,0.00172479,0.0600516,358.001,0,37,3,5.66935e-05,False
2012-08-14,110.193,1403.93,0.034902,0.0018874,0,-0.00100982,0.00138753,0.0628024,357.989,0,38,2,0.000252953,False
2012-08-15,110.236,1405.53,0.0327784,0.00182595,0,0.0109968,0.00164386,0.0599542,361.12,0,37,3,0.000391619,False
2012-08-16,110.259,1415.51,0.0318734,0.00177276,0,0.0610517,0.00643061,0.122041,360.191,0,36,4,0.00020533,False
2012-08-17,110.367,1418.16,0.0285708,0.00181412,0,0.0401774,0.00179012,0.078864,362.846,0,37,3,0.000982429,False
2012-08-20,110.394,1418.13,0.0303393,0.00180916,0,-0.0156424,0.0021095,0.0621396,359.431,0,37,3,0.000249192,False
2012-08-21,110.378,1413.17,0.033937,0.00187395,0,-0.0547251,0.00176709,0.0537395,360.853,0,38,2,-0.000145198,False
2012-08-22,110.404,1413.49,0.0348454,0.00182359,0,-0.0020514,0.00173335,0.0570968,361.063,0,37,3,0.000234464,False
2012-08-23,110.375,1402.08,0.0360647,0.00190479,0,-0.0731439,0.00162924,0.0453774,364.683,0,38,2,-0.000261709,False
2012-08-24,110.405,1411.13,0.032942,0.00187991,0,0.0403902,0.00242876,0.0843563,370.153,0,38,2,0.000272204,False
2012-08-27,110.403,1410.44,0.0378695,0.00190298,0,-0.029689,0.00442939,0.0888322,370.095,0,38,2,-2.38013e-05,False
2012-08-28,110.438,1409.3,0.0394594,0.00193182,0,-0.0144894,0.00166101,0.0754479,372.653,0,38,2,0.000314861,False
2012-08-29,110.473,1410.49,0.0400853,0.00194273,0,-0.00042712,0.00197886,0.0760225,372.944,0,38,2,0.000318387,False
2012-08-30,110.437,1399.48,0.0434224,0.0019754,0,-0.0904046,0.00181824,0.0608274,370.709,0,38,2,-0.000322077,False
2012-08-31,110.491,1406.58,0.0407552,0.00196469,0,0.0323203,0.00154174,0.0762995,372.931,0,38,2,0.000489844,False
2012-09-04,110.479,1404.94,0.0438486,0.00203529,0,-0.0397692,0.00169684,0.0888894,375.492,0,39,1,-0.000110802,False
2012-09-05,110.512,1403.44,0.0463419,0.00208266,0,-0.0214602,0.00143056,0.077604,378.142,0,39,1,0.000295566,False
2012-09-06,110.443,1432.12,0.0368097,0.00190376,0.0250172,0.306222,0.00724013,0.455364,381.032,0,38,2,-0.000623362,False
2012-09-07,110.723,1437.92,0.0310321,0.00179501,0.149353,0.258339,0.00961803,0.304115,377.473,0,37,3,0.00253393,False
2012-09-10,110.695,1429.08,0.0385681,0.00188508,0,-0.267737,0.00858786,0.0923836,371.222,0,38,2,-0.000252074,False
2012-09-11,110.769,1433.56,0.0380338,0.00188206,0,0.0403502,0.0018655,0.0931838,368.736,0,38,2,0.000667027,False
2012-09-12,110.845,1436.56,0.0392483,0.00191241,0,0.0288911,0.00205093,0.0809452,371.676,0,38,2,0.000689859,False
2012-09-13,110.759,1459.99,0.0333355,0.00179643,0.0675471,0.349355,0.00778728,0.472216,375.918,0,37,3,-0.000773254,False
2012-09-14,110.868,1465.77,0.0327327,0.00178435,0.188728,0.211953,0.0176316,0.400401,372.43,0,37,3,0.000978312,False
2012-09-17,110.991,1461.19,0.0321334,0.00184479,0.00459962,-0.203716,0.00576215,0.0931788,369.877,0,38,2,0.00111334,False
2012-09-18,111.044,1459.32,0.0323726,0.0017876,0,-0.0195065,0.00209825,0.0494346,366.034,0,37,3,0.000475034,False
2012-09-19,111.063,1461.05,0.0318555,0.00177285,0,-0.000799162,0.00247008,0.0567719,366.243,0,37,3,0.000175392,False
2012-09-20,111.077,1460.26,0.0287591,0.001723,0,-0.022456,0.00184862,0.045687,363.51,0,36,4,0.0001244,False
2012-09-21,111.099,1460.15,0.0304432,0.00173668,0,-0.00140103,0.00126144,0.049793,358.159,0,36,4,0.000197503,False
2012-09-24,111.105,1456.89,0.0295489,0.00176695,0,-0.025257,0.00152336,0.0447941,360.44,0,37,3,5.40098e-05,False
2012-09-25,111.067,1441.59,0.0363616,0.00182167,0,-0.0708826,0.00156412,0.0449309,360.701,0,37,3,-0.000342411,False
2012-09-26,111.054,1433.32,0.0406713,0.00197356,0,-0.0396667,0.00132175,0.05538,366.008,0,39,1,-0.000114704,False
2012-09-27,111.097,1447.15,0.0348221,0.00185905,0,0.0609507,0.00287078,0.103522,372.869,0,38,2,0.000386306,False
2012-09-28,111.069,1440.67,0.037168,0.0018541,0,-0.101818,0.00224195,0.0625949,374.502,0,38,2,-0.0002504,False
2012-10-01,111.089,1444.49,0.0378505,0.00188084,0,0.00864825,0.00408239,0.0829953,375.519,0,38,2,0.000181284,False
2012-10-02,111.147,1445.75,0.0349229,0.00180578,0,0.00717916,0.00168153,0.0643866,372.754,0,37,3,0.000515112,False
2012-10-03,111.161,1450.99,0.0351394,0.00185297,0,-0.00351707,0.00298788,0.0767925,373.478,0,38,2,0.000129339,False
2012-10-04,111.141,1461.4,0.0341057,0.00184875,0,0.0170452,0.00752468,0.138191,374.96,0,38,2,-0.00017651,False
2012-10-05,111.207,1460.93,0.0278072,0.00172321,0,-0.0397804,0.00362628,0.0550313,368.226,0,36,4,0.000592372,False
2012-10-08,111.194,1455.88,0.0330539,0.00181446,0,-0.0454277,0.00172231,0.0521002,366.625,0,37,3,-0.000116715,False
2012-10-09,111.157,1441.48,0.0365788,0.00188507,0,-0.0767222,0.0014263,0.0455981,363.934,0,38,2,-0.000332324,False
2012-10-10,111.161,1432.56,0.0373419,0.0019111,0,-0.0301777,0.00112403,0.045972,366.181,0,38,2,3.37823e-05,False
2012-10-11,111.192,1432.84,0.0352706,0.00186245,0,0.00414511,0.00185756,0.0507138,370.619,0,38,2,0.00027846,False
2012-10-12,111.178,1428.59,0.0358478,0.00190285,0,-0.0418,0.0026721,0.0540689,373.674,0,38,2,-0.000124849,False
2012-10-15,111.2,1440.13,0.0354645,0.00193256,0,0.0593667,0.00311204,0.121762,379.564,0,39,1,0.000198722,False
2012-10-16,111.222,1454.92,0.0349012,0.00183273,0.0478626,0.268269,0.00777769,0.346154,379.19,0,37,3,0.000191589,False
2012-10-17,111.396,1460.91,0.0321457,0.00179578,0.0848514,0.193277,0.0106813,0.299273,373.309,0,37,3,0.00157321,False
2012-10-18,111.482,1457.34,0.0340432,0.00186084,0.00910556,-0.138437,0.00717208,0.0915288,371.314,0,38,2,0.000764949,False
2012-10-19,111.286,1433.19,0.0397339,0.00199686,0,-0.273487,0.00414536,0.0469981,371.656,0,40,0,-0.00175244,False
2012-10-22,111.281,1433.82,0.0420925,0.00195534,0,-0.0227515,0.00164014,0.0684199,375.917,0,38,2,-5.10061e-05,False
2012-10-23,111.189,1413.11,0.0515339,0.00221339,0,-0.141807,0.00171843,0.0658331,375.969,0,40,0,-0.000823305,False
2012-10-24,111.201,1408.75,0.0511102,0.00218665,0,-0.0300552,0.00129919,0.0712408,382.96,0,40,0,0.000109378,False
2012-10-25,111.238,1412.97,0.0499019,0.00212547,0,0.00971386,0.00148263,0.0900316,385.645,0,39,1,0.000334679,False
2012-10-26,111.291,1411.94,0.045804,0.00212538,0,-0.00858725,0.00130305,0.0710986,386.213,0,40,0,0.000473949,False
2012-10-31,111.305,1412.16,0.0507589,0.00217722,0,-0.00734125,0.00165927,0.0967832,389.518,0,40,0,0.000124867,False
2012-11-01,111.403,1427.59,0.0467884,0.00206877,0,0.12051,0.00207892,0.161541,389.91,0,39,1,0.000883987,False
2012-11-02,111.26,1414.2,0.048058,0.00215096,0,-0.274636,0.0039362,0.072392,386.036,0,40,0,-0.00128825,False
2012-11-05,111.288,1417.26,0.0538009,0.00220761,0,0.0136453,0.00115405,0.107931,386.745,0,39,1,0.000256569,False
2012-11-06,111.372,1428.39,0.0508321,0.00218526,0,0.0733386,0.00191722,0.144498,388.901,0,40,0,0.000750315,False
2012-11-07,111.255,1394.53,0.0499997,0.0021519,0,-0.250276,0.00269146,0.0559116,381.405,0,39,1,-0.00104634,False
2012-11-08,111.245,1377.51,0.0470115,0.00212641,0,-0.0569916,0.0015281,0.052537,377.354,0,39,1,-9.22204e-05,False
2012-11-09,111.248,1379.85,0.0466027,0.00210669,0,-0.0103458,0.00182326,0.0824405,380.569,0,39,1,2.17856e-05,False
2012-11-12,111.313,1380.03,0.0436225,0.00202929,0,0.00807933,0.00143649,0.0657295,379.773,0,38,2,0.000583807,False
2012-11-13,111.315,1374.53,0.0432696,0.00202559,0,-0.041938,0.00175573,0.0603501,377.115,0,38,2,2.63183e-05,False
2012-11-14,111.195,1355.49,0.0463849,0.00218985,0,-0.167924,0.0020393,0.0551499,376.763,0,40,0,-0.00108312,False
2012-11-15,111.197,1353.33,0.0468547,0.00214108,0,-0.024642,0.00133597,0.0717279,380.759,0,39,1,1.94044e-05,False
2012-11-16,111.198,1359.88,0.0441301,0.00212051,0,-0.0265413,0.00279541,0.0833228,383.522,0,39,1,9.6941e-06,False
2012-11-19,111.179,1386.89,0.039759,0.00199303,0.079889,0.515741,0.0125228,0.563509,386.632,0,38,2,-0.000171687,False
2012-11-20,111.319,1387.81,0.0407465,0.00201401,0.0562627,-0.0662578,0.0126763,0.327203,384.826,0,39,1,0.0012578,False
2012-11-21,111.53,1391.03,0.041252,0.00205476,0.0394806,0.0981796,0.00366514,0.210506,383.834,0,39,1,0.00189482,False
2012-11-23,111.621,1409.15,0.0386751,0.00188034,0.342643,0.637487,0.00964209,0.441748,383.483,0,37,3,0.000813718,False
2012-11-26,111.773,1406.29,0.0416001,0.0020097,0.0771526,-0.122153,0.00619505,0.123234,378.387,0,38,2,0.00136716,False
2012-11-27,111.794,1398.94,0.0421766,0.00208293,0,-0.0782827,0.00229642,0.0619063,379.139,0,40,0,0.000186468,False
2012-11-28,111.868,1409.93,0.0424961,0.00198929,0,0.0963902,0.00275374,0.121884,381.513,0,38,2,0.000663411,False
2012-11-29,111.953,1415.95,0.0421394,0.00198442,0,0.0583821,0.00256163,0.133022,382.269,0,38,2,0.000758368,False
2012-11-30,112.036,1416.18,0.0402352,0.00201159,0,0.0123365,0.00254001,0.0976809,381.806,0,39,1,0.000744611,False
2012-12-03,112.038,1409.46,0.04384,0.00205859,0,-0.0690832,0.00236075,0.0666856,382.83,0,39,1,1.18953e-05,False
2012-12-04,112.061,1407.05,0.0441777,0.00205436,0,-0.0162218,0.00118742,0.0682602,385.338,0,39,1,0.000206533,False
2012-12-05,112.106,1409.28,0.0404393,0.00201677,0,0.00176503,0.00138972,0.0620414,386.364,0,39,1,0.000401717,False
2012-12-06,112.155,1413.94,0.0397945,0.00198217,0,0.0351188,0.00149706,0.0838866,387.644,0,39,1,0.00044234,False
2012-12-07,112.207,1418.07,0.0366173,0.00198404,0,0.0159693,0.00313832,0.0799373,388.335,0,39,1,0.000458413,False
2012-12-10,112.269,1418.55,0.0365196,0.00189656,0,0.0140967,0.00123437,0.0652671,382.353,0,37,3,0.000553937,False
2012-12-11,112.329,1427.84,0.036849,0.00192975,0,0.0867133,0.00410491,0.122803,381.009,0,38,2,0.000534361,False
2012-12-12,112.413,1428.48,0.0355853,0.001914,0,0.013883,0.00578436,0.0801434,377.542,0,38,2,0.000751623,False
2012-12-13,112.392,1419.45,0.0367264,0.00192467,0,-0.0852757,0.00202956,0.0495021,375.298,0,38,2,-0.000194481,False
2012-12-14,112.392,1413.58,0.0390645,0.00194792,0,-0.0298628,0.00131211,0.0546434,377.333,0,38,2,7.1214e-06,False
2012-12-17,112.39,1430.36,0.0410508,0.00195683,0,0.12878,0.00490444,0.21996,378.529,0,38,2,-2.08843e-05,False
2012-12-18,112.425,1446.79,0.0400588,0.00198236,0.151966,0.53723,0.00764524,0.600736,386.762,0,39,1,0.000310705,False
2012-12-19,112.429,1435.81,0.0453473,0.00205272,0,-0.488917,0.00821633,0.142831,385.705,0,39,1,3.61592e-05,False
2012-12-20,112.565,1443.69,0.0453738,0.00208502,0.00733468,0.106917,0.00479792,0.145388,392.347,0,40,0,0.00120535,False
2012-12-21,112.584,1430.15,0.0440009,0.00197618,0,-0.10878,0.0032383,0.056201,386.121,0,38,2,0.000170515,False
2012-12-24,112.588,1426.66,0.0490849,0.00211997,0,-0.0178252,0.00114734,0.0797721,383.475,0,39,1,3.92719e-05,False
2012-12-26,112.583,1419.83,0.0541929,0.00226043,0,-0.0509906,0.00165464,0.0844599,386.021,0,40,0,-4.79675e-05,False
2012-12-27,112.576,1418.1,0.0572708,0.00232572,0,-0.0461093,0.00167081,0.0985274,392.425,0,40,0,-6.13109e-05,False
2012-12-28,112.486,1402.43,0.0694299,0.0025791,0,-0.143272,0.00209882,0.109793,390.168,0,40,0,-0.000797563,False
2012-12-31,112.567,1426.19,0.0549958,0.00227919,0,0.0644093,0.00258293,0.143214,396.565,0,40,0,0.000721181,False
2013-01-02,112.318,1462.42,0.0330742,0.00176649,0.277974,0.498595,0.0137215,0.63012,391.537,0,36,4,-0.00220934,False
2013-01-03,112.456,1459.37,0.0336787,0.00181831,0.109789,-0.197281,0.00850275,0.208948,378.791,0,37,3,0.00122384,False
2013-01-04,112.613,1466.47,0.0295337,0.00178797,0.112067,0.183828,0.00435214,0.146636,372.013,0,37,3,0.00140025,False
2013-01-07,112.666,1461.89,0.0296333,0.00170117,0.00378992,-0.071287,0.00292996,0.0440426,360.663,0,35,5,0.000466364,False
2013-01-08,112.67,1457.15,0.029515,0.00180017,0,-0.0279944,0.00145421,0.0387158,359.336,0,37,3,3.18907e-05,False
2013-01-09,112.693,1461.02,0.0290511,0.00174517,0,0.0154941,0.00173499,0.055864,363.371,0,36,4,0.000212274,False
2013-01-10,112.736,1472.12,0.028513,0.00173223,0.00409814,0.12556,0.00455281,0.156991,362.679,0,36,4,0.000377682,False
2013-01-11,112.818,1472.05,0.0269954,0.00172444,0,-0.00527485,0.00202897,0.0925089,362.08,0,36,4,0.000731349,False
2013-01-14,112.857,1470.68,0.0307055,0.00174375,0,-0.014236,0.00198359,0.0669236,358.519,0,36,4,0.000339727,False
2013-01-15,112.896,1472.34,0.0299972,0.00178712,0,0.00660437,0.00188527,0.0607106,358.58,0,37,3,0.000346831,False
2013-01-16,112.93,1472.63,0.030178,0.00178674,0,0.00235894,0.00182312,0.0554969,364.184,0,37,3,0.000302409,False
2013-01-17,112.965,1480.94,0.0315707,0.00178115,0,0.079353,0.00338447,0.126198,368.557,0,37,3,0.000310435,False
2013-01-18,113.041,1485.98,0.0289846,0.00173258,0,0.0231576,0.00460745,0.0957363,366.14,0,36,4,0.000675106,False
2013-01-22,113.046,1492.56,0.0275856,0.0017179,0,0.0083975,0.0063161,0.119357,366.612,0,36,4,3.82864e-05,False
2013-01-23,113.103,1494.81,0.0284481,0.00171019,0,0.000724789,0.00281888,0.0862584,366.113,0,36,4,0.000510792,False
2013-01-24,113.125,1494.82,0.0293269,0.00171115,0,-0.0281208,0.00525922,0.0589707,362.535,0,36,4,0.000190299,False
2013-01-25,113.177,1502.96,0.0285752,0.00171463,0,0.0818411,0.00349677,0.112555,363.649,0,36,4,0.000456319,False
2013-01-28,113.181,1500.18,0.0336421,0.00180185,0,-0.0560271,0.00329849,0.0810169,359.648,0,37,3,3.5805e-05,False
2013-01-29,113.225,1507.84,0.0337984,0.00180537,0,0.0572234,0.00604141,0.119697,366.46,0,38,2,0.000393129,False
2013-01-30,113.201,1501.96,0.0360585,0.00189101,0,-0.111976,0.00342958,0.0625418,373.314,0,39,1,-0.0002127,False
2013-01-31,113.22,1498.11,0.0366939,0.00186402,0,-0.0229408,0.00172176,0.0536819,378.283,0,38,2,0.000168085,False
2013-02-01,113.296,1513.17,0.0254424,0.00164581,0,0.082205,0.00201364,0.0813503,378.67,0,35,5,0.000674081,False
2013-02-04,113.206,1495.71,0.0349706,0.00182275,0,-0.155199,0.00252554,0.0468117,371.941,0,38,2,-0.000794714,False
2013-02-05,113.269,1511.29,0.0300861,0.00174461,0,0.107552,0.00364268,0.116322,375.412,0,37,3,0.000554219,False
2013-02-06,113.342,1512.12,0.0286759,0.0017062,0,-0.00384889,0.00224477,0.0644433,369.339,0,36,4,0.000642315,False
2013-02-07,113.347,1509.39,0.0283029,0.00169341,0,-0.0390109,0.00235828,0.0447648,365.58,0,36,4,4.33976e-05,False
2013-02-08,113.351,1517.93,0.0280219,0.00168265,0,0.0487147,0.00243821,0.112722,367.019,0,36,4,4.11014e-05,False
2013-02-11,113.411,1517.01,0.029325,0.00173319,0,-0.0120826,0.00207752,0.0670038,366.198,0,37,3,0.000521825,False
2013-02-12,113.466,1519.43,0.0280172,0.00169258,0,0.0170799,0.00205359,0.0529207,363.605,0,36,4,0.000488791,False
2013-02-13,113.474,1520.33,0.0285997,0.00169424,0,-0.0162647,0.00179547,0.0539346,360.652,0,36,4,6.90199e-05,False
2013-02-14,113.496,1521.38,0.0263984,0.00168393,0,-0.0084987,0.00189784,0.0460281,360.626,0,36,4,0.000195854,False
2013-02-15,113.509,1519.79,0.0266663,0.00169738,0,-0.0151047,0.00137752,0.0413368,360.249,0,36,4,0.00011611,False
2013-02-19,113.497,1530.94,0.026977,0.00167712,0,0.0696042,0.00620637,0.142245,359.297,0,36,4,-0.000107574,False
2013-02-20,113.251,1511.95,0.0370825,0.00184468,0,-0.360815,0.00641266,0.0563931,360.847,0,38,2,-0.00216867,False
2013-02-21,113.233,1502.42,0.0417167,0.00194927,0,-0.0553746,0.00136365,0.0574889,368.217,0,39,1,-0.000159527,False
2013-02-22,113.287,1515.6,0.0369932,0.00184817,0,0.0693174,0.00181504,0.106388,377.338,0,38,2,0.000474666,False
2013-02-25,112.962,1487.85,0.0591463,0.0023075,0,-0.397284,0.00369028,0.086464,383.265,0,40,0,-0.00286187,False
2013-02-26,113.052,1496.94,0.04541,0.00206484,0,0.0295079,0.00131562,0.0685939,392.276,0,40,0,0.000791482,False
2013-02-27,113.157,1515.99,0.0386149,0.00185461,0,0.148701,0.00203129,0.147299,393.544,0,38,2,0.000926348,False
2013-02-28,113.22,1514.68,0.0396857,0.0018737,0,-0.0261303,0.00189486,0.0938142,386.57,0,38,2,0.000559148,False
2013-03-01,113.289,1518.2,0.0346568,0.0017725,0,0.0121472,0.00253943,0.0674829,380.911,0,37,3,0.000607874,False
2013-03-04,113.357,1525.2,0.0312981,0.00174184,0,0.0438018,0.00245898,0.0703935,378.51,0,37,3,0.000600135,False
2013-03-05,113.41,1539.79,0.0285406,0.00176201,0.0179799,0.199967,0.00773553,0.218205,380.316,0,38,2,0.000469474,False
2013-03-06,113.523,1541.46,0.028249,0.00171955,0.00816021,0.00311465,0.00307281,0.122977,376.51,0,37,3,0.00100203,False
2013-03-07,113.605,1544.26,0.0281266,0.00166008,0,0.0250782,0.00294374,0.0903412,373.238,0,36,4,0.000715592,False
2013-03-08,113.669,1551.18,0.0261351,0.00169553,0.0153843,0.0713052,0.00656286,0.100311,373.768,0,37,3,0.00056184,False
2013-03-11,113.713,1556.22,0.0269095,0.00170172,0.018358,0.0567356,0.00506823,0.114293,371.05,0,37,3,0.000391797,False
2013-03-12,113.714,1552.48,0.0314517,0.00173226,0,-0.0703251,0.00291516,0.0694814,369.738,0,37,3,1.13543e-05,False
2013-03-13,113.774,1554.52,0.0296013,0.00166481,0,0.0198085,0.00187639,0.0554572,367.08,0,36,4,0.000526695,False
2013-03-14,113.838,1563.23,0.0264797,0.00169682,0,0.0672911,0.00166185,0.082575,371.324,0,37,3,0.000556316,False
2013-03-15,113.857,1560.7,0.0262468,0.00168829,0,-0.0398348,0.00332774,0.0443394,370.367,0,37,3,0.000172452,False
2013-03-18,113.806,1552.1,0.0340285,0.00176475,0,-0.0702974,0.00299059,0.0542724,371.52,0,38,2,-0.000447554,False
2013-03-19,113.781,1548.34,0.0365485,0.00179405,0,-0.0532133,0.00234272,0.0589402,374.077,0,38,2,-0.000223796,False
2013-03-20,113.828,1558.71,0.0331364,0.00178193,0,0.0455981,0.00182815,0.0863756,382.212,0,38,2,0.000419131,False
2013-03-21,113.769,1545.8,0.0398972,0.00188325,0,-0.121442,0.00303038,0.059287,385.395,0,39,1,-0.000521577,False
2013-03-22,113.836,1556.89,0.0375181,0.00186195,0,0.0763821,0.00171625,0.102599,390.892,0,39,1,0.000589,False
2013-03-25,113.839,1551.69,0.036788,0.00186804,0,-0.0760783,0.00254371,0.0560093,389.604,0,39,1,2.5367e-05,False
2013-03-26,113.907,1563.77,0.0296439,0.00166937,0,0.0594324,0.0021155,0.0731845,386.231,0,36,4,0.000598356,False
2013-03-27,113.922,1562.85,0.0316666,0.00171068,0,-0.0226374,0.00200601,0.0638993,379.726,0,37,3,0.000128155,False
2013-03-28,113.983,1569.19,0.0281995,0.00164178,0,0.043083,0.0024148,0.0697116,371.796,0,36,4,0.000539085,False
2013-04-01,113.943,1562.17,0.0342048,0.00175751,0,-0.0847526,0.00294075,0.0543383,369.948,0,38,2,-0.000349812,False
2013-04-02,113.993,1570.25,0.0305594,0.00169697,0,0.0391201,0.00202556,0.070962,371.352,0,37,3,0.000432963,False
2013-04-03,113.893,1553.69,0.0382496,0.00185861,0,-0.1537,0.00208291,0.0509464,376.644,0,39,1,-0.000871779,False
2013-04-04,113.921,1559.98,0.0350623,0.00171088,0,0.0157181,0.00177308,0.0701404,378.541,0,37,3,0.000246744,False
2013-04-05,113.911,1553.28,0.0352225,0.00180987,0,-0.0623837,0.00181129,0.0492649,380.431,0,38,2,-8.6963e-05,False
2013-04-08,113.954,1563.07,0.0332912,0.00174598,0,0.0496492,0.0020422,0.085894,382.723,0,38,2,0.0003733,False
2013-04-09,114.015,1568.61,0.0311728,0.00170903,0,0.0340136,0.00205381,0.0858491,380.672,0,37,3,0.000539415,False
2013-04-10,113.687,1587.73,0.0274996,0.00166238,0.133957,0.172048,0.0170455,0.460896,383.044,0,37,3,-0.00287825,False
2013-04-11,113.861,1593.37,0.0278896,0.0016303,0.238779,0.304716,0.00587569,0.373096,376.384,0,36,4,0.00153158,False
2013-04-12,113.916,1588.85,0.0265291,0.00161324,0.0211762,-0.234111,0.00787128,0.0796783,368.171,0,36,4,0.00048458,False
2013-04-15,113.452,1552.36,0.0481412,0.00201093,0,-0.522985,0.00793047,0.0594818,366.68,0,39,1,-0.00407833,False
2013-04-16,113.534,1574.57,0.0343642,0.00174841,0,0.0941665,0.00199888,0.102588,375.086,0,38,2,0.000719928,False
2013-04-17,113.3,1552.01,0.0450648,0.00194782,0,-0.313805,0.00417135,0.0616718,376.884,0,39,1,-0.00206057,False
2013-04-18,113.286,1541.61,0.049149,0.00208197,0,-0.0556961,0.00140376,0.0649712,384.813,0,40,0,-0.000117672,False
2013-04-19,113.343,1555.25,0.0386403,0.001877,0,0.0338374,0.00181723,0.077389,394.444,0,39,1,0.00049755,False
2013-04-22,113.4,1562.5,0.0384789,0.00185006,0,0.0463295,0.00271365,0.100445,392.912,0,39,1,0.000504565,False
2013-04-23,113.452,1578.78,0.0336354,0.00177177,0.0207762,0.176573,0.00715091,0.229054,392.62,0,38,2,0.000457678,False
2013-04-24,113.57,1578.79,0.0340538,0.00175795,0,-0.0153066,0.00343721,0.123996,388.151,0,38,2,0.00104547,False
2013-04-25,113.666,1585.16,0.0346753,0.00172448,0.00117093,0.0689652,0.00222315,0.127165,385.306,0,38,2,0.000839588,False
2013-04-26,113.749,1582.24,0.0338112,0.00173151,0,-0.0173446,0.00175328,0.0569908,383.929,0,38,2,0.000731588,False
2013-04-29,113.789,1593.61,0.0347592,0.00176202,0,0.0911775,0.00195083,0.139579,385.739,0,38,2,0.000348446,False
2013-04-30,113.91,1597.57,0.0339058,0.00175532,0,0.0696783,0.0026008,0.117623,385.864,0,38,2,0.00106499,False
2013-05-01,113.845,1582.7,0.0399429,0.00185771,0,-0.160234,0.00376654,0.0560367,385.409,0,39,1,-0.000564736,False
2013-05-02,113.897,1597.59,0.0342827,0.00175533,0,0.0723354,0.00295495,0.105811,388.589,0,38,2,0.000457929,False
2013-05-03,113.791,1614.42,0.0293817,0.00164691,0.08261,0.129677,0.0142829,0.273268,388.076,0,37,3,-0.000938895,False
2013-05-06,113.954,1617.5,0.0277559,0.00164452,0.040462,0.0758939,0.00456766,0.166989,381.484,0,37,3,0.00143469,False
2013-05-07,114.05,1625.96,0.0290534,0.00164191,0.0924929,0.21755,0.00714436,0.216223,378.886,0,37,3,0.000843241,False
2013-05-08,114.125,1632.69,0.0262184,0.00157841,0.142752,0.136153,0.00567008,0.153696,372.933,0,36,4,0.00065671,False
2013-05-09,114.13,1626.67,0.0290936,0.00164132,0,-0.117971,0.00676263,0.0510407,370.881,0,37,3,4.7094e-05,False
2013-05-10,114.165,1633.7,0.0263765,0.00157903,0,0.0262193,0.00297827,0.0640741,369.071,0,36,4,0.000306713,False
2013-05-13,114.151,1633.77,0.0327115,0.00172283,0,-0.0155246,0.00349898,0.0903106,371.484,0,38,2,-0.000125006,False
2013-05-14,114.174,1650.34,0.0338483,0.00169241,0.0147246,0.291937,0.0105906,0.366096,376.819,0,38,2,0.000201419,False
2013-05-15,114.39,1658.78,0.0333412,0.00170622,0.125462,0.394896,0.0109247,0.440621,385.845,0,39,1,0.00188852,False
2013-05-16,114.456,1650.47,0.0344985,0.00174924,0,-0.32052,0.00762751,0.0782983,386.086,0,39,1,0.000585056,False
2013-05-17,114.462,1667.47,0.0327377,0.00168501,0.104189,0.228295,0.00314589,0.225021,394.541,0,38,2,4.62145e-05,False
2013-05-20,114.562,1666.29,0.0346491,0.00175355,0.00676005,-0.0453404,0.00434753,0.10155,393.307,0,39,1,0.000872943,False
2013-05-21,114.599,1669.16,0.0364689,0.00174826,0,0.00144802,0.00338754,0.0966708,393.355,0,39,1,0.000328736,False
2013-05-22,114.48,1655.35,0.0385773,0.00180261,0,-0.19746,0.00329667,0.0520554,390.466,0,39,1,-0.0010416,False
2013-05-23,114.479,1650.51,0.0387054,0.00175631,0,-0.0357708,0.00137341,0.0524916,390.107,0,38,2,-5.51521e-06,False
2013-05-24,114.498,1649.6,0.0370995,0.00174559,0,-0.0122632,0.00112748,0.0554549,388.02,0,38,2,0.000165968,False
2013-05-28,114.502,1660.06,0.0404424,0.00181463,0,0.0633259,0.00373712,0.14971,390.485,0,39,1,3.46023e-05,False
2013-05-29,114.507,1648.36,0.0423209,0.00184192,0,-0.115759,0.00238249,0.0671744,391.119,0,39,1,4.25524e-05,False
2013-05-30,114.561,1654.41,0.0400267,0.00180927,0,0.026304,0.00138511,0.0762044,395.448,0,39,1,0.000472515,False
2013-05-31,114.494,1630.74,0.0448723,0.0019451,0,-0.129828,0.00160566,0.0546414,394.102,0,40,0,-0.000584346,False
2013-06-03,114.527,1640.42,0.0436076,0.00191263,0,0.0363637,0.00119206,0.0993105,400.168,0,40,0,0.000281215,False
2013-06-04,114.539,1631.38,0.0465789,0.00196565,0,-0.0622487,0.00155425,0.0674922,399.163,0,40,0,0.000110268,False
2013-06-05,114.507,1608.9,0.0502923,0.0020514,0,-0.0851283,0.00110145,0.0613234,396.054,0,40,0,-0.00027781,False
2013-06-06,114.553,1622.56,0.0474335,0.00198936,0,0.0482762,0.00140138,0.108025,400.601,0,40,0,0.000398379,False
2013-06-07,114.655,1643.38,0.0365089,0.00174717,0.0240564,0.17853,0.00500487,0.190019,399.049,0,38,2,0.00089248,False
2013-06-10,114.77,1642.81,0.0392955,0.00181736,0,0.00234793,0.0032918,0.111504,395.077,0,39,1,0.00100344,False
2013-06-11,114.728,1626.13,0.0449378,0.00191396,0,-0.134127,0.0017503,0.0610823,391.221,0,39,1,-0.000369711,False
2013-06-12,114.629,1612.52,0.0489534,0.00203467,0,-0.139297,0.00321689,0.0639846,394.764,0,40,0,-0.000858534,False
2013-06-13,114.647,1636.36,0.0408885,0.00188395,0,0.0784539,0.0027721,0.160974,403.267,0,40,0,0.000154384,False
2013-06-14,114.614,1626.73,0.0439864,0.00190477,0,-0.157179,0.00228275,0.0765007,398.256,0,39,1,-0.000287027,False
2013-06-17,114.639,1639.04,0.0467362,0.00194264,0,0.0741831,0.00335842,0.167387,397.668,0,39,1,0.000215788,False
2013-06-18,114.758,1651.81,0.0484886,0.00201342,0.00318841,0.200429,0.00441616,0.28778,401.916,0,40,0,0.00103723,False
2013-06-19,114.737,1628.93,0.0482199,0.00199721,0,-0.286887,0.00420878,0.0635325,399.279,0,40,0,-0.000179732,False
2013-06-20,114.582,1588.19,0.0650116,0.00237776,0,-0.200897,0.00222853,0.0777174,392.728,0,40,0,-0.00134809,False
2013-06-21,114.642,1592.43,0.0563381,0.002182,0,0.0107296,0.00114421,0.0823667,396.825,0,40,0,0.000515719,False
2013-06-24,114.631,1573.09,0.0620037,0.00232578,0,-0.0726109,0.00111704,0.0790013,395.733,0,40,0,-9.31993e-05,False
2013-06-25,114.718,1588.03,0.0521236,0.00209734,0,0.0606211,0.00154993,0.100983,401.44,0,40,0,0.000759964,False
2013-06-26,114.846,1603.26,0.0476338,0.00197483,0,0.129542,0.00172069,0.146838,402.052,0,39,1,0.00111252,False
2013-06-27,114.981,1613.2,0.0454498,0.00196735,0,0.113464,0.00371522,0.164815,402.871,0,40,0,0.0011777,False
2013-06-28,115.008,1606.28,0.0446185,0.00195505,0,-0.102126,0.0033047,0.0745819,403.081,0,40,0,0.00023887,False
2013-07-01,115.08,1614.96,0.0436849,0.0019539,0,0.0592457,0.00145896,0.102212,404.056,0,40,0,0.000625061,False
2013-07-02,115.123,1614.08,0.0425991,0.00188066,0,-0.0230556,0.00181042,0.0751292,400.373,0,39,1,0.000373094,False
2013-07-03,115.124,1615.41,0.045564,0.00197256,0,-0.0276118,0.00197432,0.0885466,400.42,0,40,0,5.10632e-06,False
2013-07-05,115.224,1631.89,0.0351112,0.0017479,0,0.092871,0.00272071,0.111358,400.419,0,38,2,0.000874732,False
2013-07-08,115.279,1640.46,0.0372801,0.00181676,0.000819578,0.0745828,0.0059223,0.159642,397.853,0,39,1,0.000477506,False
2013-07-09,115.475,1652.32,0.0344638,0.0017688,0.0206735,0.257403,0.0067017,0.227171,398.731,0,39,1,0.00169322,False
2013-07-10,115.575,1652.62,0.0361818,0.00175653,0.00466803,-0.0435522,0.00753163,0.105955,397.302,0,38,2,0.000865033,False
2013-07-11,115.326,1675.02,0.0334022,0.00162079,0.28429,0.465179,0.0248243,0.542473,394.19,0,37,3,-0.00215161,False
2013-07-12,115.574,1680.19,0.0313577,0.00166939,0.228849,0.248987,0.0107341,0.333319,390.234,0,38,2,0.00215256,False
2013-07-15,115.73,1682.5,0.0339947,0.00170899,0.065731,0.0599042,0.00426359,0.200003,389.221,0,38,2,0.00134556,False
2013-07-16,115.775,1676.26,0.0367199,0.00175551,0,-0.115042,0.00294507,0.0715234,390.151,0,39,1,0.000392787,False
2013-07-17,115.84,1680.91,0.0367437,0.00172863,0,0.0266325,0.00129605,0.067132,393.821,0,38,2,0.000559214,False
2013-07-18,115.895,1689.37,0.0337426,0.00170338,0,0.0565799,0.00211862,0.0980601,398.272,0,39,1,0.000479735,False
2013-07-19,115.944,1692.09,0.0322271,0.0016501,0,-0.0061904,0.00223463,0.0719261,395.409,0,38,2,0.000416634,False
2013-07-22,115.984,1695.53,0.0322311,0.00168144,0,0.0136764,0.00230199,0.0733702,395.502,0,38,2,0.000349135,False
2013-07-23,115.989,1692.39,0.0342463,0.00170555,0,-0.0382315,0.00185331,0.0614091,391.461,0,38,2,3.80835e-05,False
2013-07-24,115.965,1685.94,0.0372772,0.00176867,0,-0.0635201,0.00241096,0.0545331,393.132,0,39,1,-0.000203007,False
2013-07-25,115.996,1690.25,0.0348955,0.00170249,0,0.00926624,0.00140359,0.0647208,394.31,0,38,2,0.000266184,False
2013-07-26,116.014,1691.65,0.0326516,0.00171851,0,-0.0178483,0.00196429,0.0580711,397.576,0,39,1,0.000153197,False
2013-07-29,116.019,1685.33,0.0357997,0.00172653,0,-0.0314462,0.0011271,0.0538267,393.607,0,38,2,4.95133e-05,False
2013-07-30,116.042,1685.96,0.0382757,0.0018064,0,-0.00232715,0.00126366,0.0643734,396.968,0,39,1,0.000192483,False
2013-07-31,116.068,1685.73,0.0384101,0.00178386,0,-0.0070596,0.00155295,0.0660804,397.159,0,39,1,0.000226701,False
2013-08-01,116.091,1706.87,0.0336598,0.00168417,0.00321779,0.182276,0.00397215,0.249761,401.008,0,38,2,0.000201443,False
2013-08-02,116.266,1709.67,0.0276359,0.00158714,0.00803877,0.0118968,0.0041952,0.100398,394.571,0,37,3,0.00150807,False
2013-08-05,116.302,1707.14,0.0259019,0.00159186,0,-0.0412637,0.00229626,0.0459749,387.3,0,37,3,0.000302524,False
2013-08-06,116.288,1697.37,0.0278836,0.00160686,0,-0.0486411,0.00121303,0.0356599,382.279,0,37,3,-0.000114035,False
2013-08-07,116.292,1690.91,0.028523,0.00160152,0,-0.0213343,0.0010232,0.0363149,378.744,0,37,3,3.36146e-05,False
2013-08-08,116.318,1697.48,0.0267509,0.00158994,0,0.0281188,0.00194527,0.061482,380.787,0,37,3,0.000225013,False
2013-08-09,116.309,1691.42,0.0298961,0.00162267,0,-0.0502374,0.00189523,0.0469229,377.203,0,37,3,-7.99539e-05,False
2013-08-12,116.314,1689.47,0.0321552,0.00169055,0,-0.015573,0.00149345,0.0558408,380.241,0,38,2,3.85207e-05,False
2013-08-13,116.357,1694.16,0.0320046,0.00168794,0,0.0258643,0.00137355,0.067459,387.172,0,38,2,0.000371318,False
2013-08-14,116.349,1685.39,0.0348587,0.00175946,0,-0.0575558,0.00183862,0.049299,391.461,0,39,1,-6.99149e-05,False
2013-08-15,116.284,1661.32,0.0437809,0.00189344,0,-0.101369,0.00132691,0.0534349,390.82,0,39,1,-0.00055819,False
2013-08-16,116.29,1655.83,0.0413587,0.00188569,0,-0.030005,0.00121925,0.05539,400.393,0,40,0,5.41228e-05,False
2013-08-19,116.301,1646.06,0.0431823,0.00195266,0,-0.0293512,0.00110537,0.0553915,403.405,0,40,0,9.26268e-05,False
2013-08-20,116.347,1652.35,0.0394551,0.00182709,0,0.025472,0.00127237,0.0713922,403.571,0,39,1,0.000394039,False
2013-08-21,116.331,1642.8,0.0420385,0.00191777,0,-0.0658001,0.00187206,0.0590879,402.609,0,40,0,-0.000131049,False
2013-08-22,116.381,1656.96,0.034294,0.00172066,0,0.0523036,0.00192091,0.0927595,403.036,0,38,2,0.000423656,False
2013-08-23,116.492,1663.5,0.0321009,0.00166078,0,0.0756632,0.00140584,0.0863257,395.058,0,37,3,0.000954894,False
2013-08-26,116.476,1656.78,0.0372855,0.0017979,0,-0.0700379,0.00312385,0.064353,393.083,0,39,1,-0.000134787,False
2013-08-27,116.406,1630.48,0.0458756,0.00198193,0,-0.123748,0.00149339,0.0535802,394.225,0,40,0,-0.000605918,False
2013-08-28,116.433,1634.96,0.042595,0.00188504,0,0.00928054,0.00138958,0.0746241,399.555,0,39,1,0.000236734,False
2013-08-29,116.457,1638.17,0.0438187,0.00193912,0,0.000725972,0.0015633,0.0919162,404.19,0,40,0,0.000203981,False
2013-08-30,116.478,1632.97,0.0452423,0.00195163,0,-0.0376602,0.00130176,0.0748106,406.785,0,40,0,0.000184053,False
2013-09-03,116.532,1639.77,0.0457176,0.00197336,0,0.0316348,0.00164503,0.0943487,408.588,0,40,0,0.000465288,False
2013-09-04,116.588,1653.08,0.0406283,0.00181022,0,0.0654329,0.00262431,0.140838,404.869,0,38,2,0.000473154,False
2013-09-05,116.684,1655.08,0.0393869,0.0018179,0,0.0209883,0.00159544,0.10167,401.325,0,39,1,0.000824527,False
2013-09-06,116.675,1655.17,0.0389719,0.00177461,0,-0.065077,0.00619616,0.0760093,397.584,0,38,2,-7.21221e-05,False
2013-09-09,116.758,1671.71,0.0377843,0.0017803,0,0.163081,0.00483738,0.18793,402.839,0,39,1,0.0007056,False
2013-09-10,117.011,1683.99,0.0330718,0.0017088,0.0423046,0.313087,0.00570417,0.231276,400.959,0,38,2,0.0021677,False
2013-09-11,117.107,1689.13,0.0306459,0.00163895,0.0218351,0.0281011,0.00658716,0.163339,394.669,0,37,3,0.00082576,False
2013-09-12,117.107,1683.42,0.033766,0.00172428,0,-0.131346,0.00346189,0.0605161,392.477,0,38,2,4.86799e-07,False
2013-09-13,117.166,1687.99,0.0316979,0.0016395,0,0.0344219,0.00152785,0.0653648,389.978,0,37,3,0.000496158,False
2013-09-16,117.191,1697.6,0.0353296,0.00174153,0,0.101665,0.00238647,0.173251,394.276,0,39,1,0.000213208,False
2013-09-17,117.287,1704.76,0.0374067,0.001804,0,0.110508,0.00269367,0.220095,403.713,0,40,0,0.000824068,False
2013-09-18,116.931,1725.52,0.0353314,0.00173781,0.321249,0.380702,0.0207687,0.648797,408.971,0,39,1,-0.00303891,False
2013-09-19,117.202,1722.34,0.0321534,0.00162882,0.0927685,-0.169609,0.00705898,0.138922,400.429,0,37,3,0.00231729,False
2013-09-20,117.118,1709.91,0.0299883,0.00162168,0,-0.209308,0.00466277,0.0370374,391.208,0,37,3,-0.000714318,False
2013-09-23,117.094,1701.84,0.0351303,0.00172113,0,-0.0445853,0.00153666,0.0483492,387.07,0,38,2,-0.000205131,False
2013-09-24,117.097,1697.42,0.0369722,0.00176614,0,-0.0255056,0.00138234,0.0536781,390.134,0,39,1,2.55277e-05,False
2013-09-25,117.11,1692.77,0.0367231,0.00173067,0,-0.0230827,0.00137086,0.0514841,393.43,0,38,2,0.000108738,False
2013-09-26,117.136,1698.67,0.0384734,0.00178956,0,0.0238385,0.00200239,0.0833095,401.27,0,39,1,0.000227946,False
2013-09-27,117.121,1691.75,0.0425665,0.00185262,0,-0.0652795,0.00126135,0.0725548,400.25,0,39,1,-0.000128673,False
2013-09-30,117.117,1681.55,0.0458973,0.00194348,0,-0.051937,0.00127999,0.067353,404.764,0,40,0,-3.46773e-05,False
2013-10-01,117.181,1695,0.0391025,0.00180043,0,0.042541,0.00155663,0.0819128,408.081,0,39,1,0.000544128,False
2013-10-02,117.188,1693.87,0.0401385,0.00186253,0,-0.03479,0.00160391,0.0763746,407.689,0,40,0,6.3324e-05,False
2013-10-03,117.151,1678.66,0.0458366,0.00195562,0,-0.0944303,0.00167584,0.0614861,407.846,0,40,0,-0.000318604,False
2013-10-04,117.22,1690.5,0.0412131,0.00187291,0,0.0647003,0.000909119,0.0955953,410.792,0,40,0,0.000589173,False
2013-10-07,117.173,1676.12,0.0500872,0.00203864,0,-0.112181,0.00149936,0.0766407,408.084,0,40,0,-0.000398203,False
2013-10-08,117.127,1655.45,0.0543907,0.00212956,0,-0.105162,0.00154198,0.0680598,405.355,0,40,0,-0.000391399,False
2013-10-09,117.17,1656.4,0.0505387,0.00206017,0,-0.000122463,0.00119016,0.0726606,407.547,0,40,0,0.000363408,False
2013-10-10,117.102,1692.56,0.0406068,0.00180296,0.0269581,0.309587,0.00554662,0.456573,412.228,0,39,1,-0.000580578,False
2013-10-11,117.231,1703.2,0.0376845,0.00178404,0.232744,0.339643,0.00579189,0.464647,409.58,0,39,1,0.00110104,False
2013-10-14,117.104,1710.14,0.0434148,0.00183951,0.180075,0.0196485,0.00870885,0.463628,408.424,0,39,1,-0.00107942,False
2013-10-15,117.068,1698.06,0.0573946,0.00216192,0,-0.386695,0.00549686,0.163069,406.874,0,40,0,-0.000310839,False
2013-10-16,117.254,1721.54,0.0392613,0.00177555,0.142858,0.250723,0.00508817,0.117121,410.455,0,39,1,0.00159062,False
2013-10-17,117.359,1733.15,0.0338527,0.00168683,0.0108778,0.0798994,0.00394488,0.10983,405.371,0,38,2,0.000891511,False
2013-10-18,117.489,1744.5,0.0287744,0.00157656,0.0309993,0.186224,0.00939195,0.152955,400.02,0,37,3,0.00110691,False
2013-10-21,117.572,1744.66,0.0303402,0.00161022,0,-0.0140692,0.00302856,0.081348,392.584,0,37,3,0.000708487,False
2013-10-22,117.615,1754.67,0.0309837,0.00168077,0.00804917,0.0957017,0.00282444,0.152323,396.069,0,39,1,0.000367063,False
2013-10-23,117.638,1746.38,0.0311186,0.00163388,0,-0.108755,0.0032754,0.0468668,393.71,0,38,2,0.000194792,False
2013-10-24,117.669,1752.07,0.0316773,0.00161779,0,0.0256919,0.00143541,0.0705835,394.628,0,38,2,0.000260114,False
2013-10-25,117.743,1759.77,0.0291005,0.0016055,0,0.0739599,0.00217061,0.0956165,398.707,0,38,2,0.000631021,False
2013-10-28,117.794,1762.11,0.0308271,0.00160915,0,0.0198279,0.00231106,0.0909329,398.592,0,38,2,0.000436701,False
2013-10-29,117.855,1771.95,0.0326085,0.00167997,0,0.112351,0.00344487,0.17019,402.742,0,39,1,0.000514262,False
2013-10-30,117.84,1763.31,0.0327613,0.0016592,0,-0.1559,0.00577458,0.0547068,403.304,0,39,1,-0.000128032,False
2013-10-31,117.856,1756.54,0.032659,0.00169212,0,-0.0252933,0.00128909,0.0427226,405.085,0,39,1,0.000138906,False
2013-11-01,117.887,1761.64,0.0308863,0.00160714,0,0.0184814,0.00135516,0.0578978,403.565,0,38,2,0.000264986,False
2013-11-04,117.935,1767.93,0.0294427,0.00152151,0,0.0351148,0.00144249,0.0719266,395.978,0,36,4,0.000403476,False
2013-11-05,117.948,1762.97,0.030914,0.00158546,0,-0.0369341,0.0015953,0.0493463,389.083,0,37,3,0.000113448,False
2013-11-06,117.989,1770.49,0.0284194,0.00157224,0,0.0350815,0.00159104,0.0689439,387.373,0,37,3,0.000345406,False
2013-11-07,117.878,1747.15,0.0345057,0.00168807,0,-0.170552,0.00194605,0.0404703,383.191,0,38,2,-0.000942522,False
2013-11-08,117.85,1770.61,0.0291993,0.00157597,0,0.125898,0.0040951,0.217561,387.948,0,37,3,-0.000234684,False
2013-11-11,117.928,1771.89,0.0319231,0.00159034,0.0127518,0.0127707,0.00174722,0.168613,390.577,0,37,3,0.000658058,False
2013-11-12,117.951,1767.69,0.0326887,0.00165,0,-0.0941371,0.00315442,0.0791168,392.327,0,38,2,0.000197097,False
2013-11-13,117.881,1782,0.0318785,0.00166212,0.0337349,0.032905,0.00493236,0.173152,397.321,0,39,1,-0.000589919,False
2013-11-14,118.013,1790.62,0.0288976,0.00156039,0.0789275,0.160303,0.00547338,0.145127,397.688,0,37,3,0.00111354,False
2013-11-15,118.166,1798.18,0.0261811,0.00153187,0.02122,0.158681,0.00437833,0.14985,398.061,0,37,3,0.00129655,False
2013-11-18,118.161,1791.53,0.027625,0.00155387,0,-0.128813,0.00379541,0.0481411,389.998,0,37,3,-4.08654e-05,False
2013-11-19,118.178,1787.87,0.0288953,0.00162879,0,-0.0160298,0.00116951,0.041347,392.085,0,39,1,0.000142698,False
2013-11-20,118.169,1781.37,0.0297722,0.00157256,0,-0.0367557,0.00183654,0.03933,391.316,0,37,3,-7.08733e-05,False
2013-11-21,118.185,1795.85,0.026461,0.00154017,0,0.0636209,0.003553,0.108724,394.316,0,37,3,0.000131968,False
2013-11-22,118.275,1804.76,0.0257155,0.00153359,0.0315766,0.163361,0.00386865,0.171025,392.484,0,37,3,0.000759801,False
2013-11-25,118.311,1802.48,0.0280591,0.00153935,0,-0.0687011,0.00507325,0.0876721,388.327,0,37,3,0.000305205,False
2013-11-26,118.363,1802.75,0.0297898,0.00158977,0,0.00492306,0.00167518,0.0668421,390.856,0,38,2,0.00044187,False
2013-11-27,118.414,1807.23,0.0291047,0.00154011,0,0.027309,0.00212507,0.0687813,391.291,0,37,3,0.000429267,False
2013-11-29,118.428,1805.81,0.0327732,0.00162758,0,-0.00979493,0.00258868,0.0732257,393.807,0,38,2,0.000120911,False
2013-12-02,118.453,1800.9,0.0341521,0.00165041,0,-0.0263152,0.00136759,0.0527283,396.01,0,38,2,0.000213769,False
2013-12-03,118.456,1795.15,0.035454,0.00165614,0,-0.0330195,0.000999312,0.0495792,395.402,0,38,2,2.47192e-05,False
2013-12-04,118.458,1792.81,0.037199,0.00171518,0,-0.0241802,0.00156237,0.0581132,401.538,0,39,1,1.01915e-05,False
2013-12-05,118.449,1785.03,0.0388861,0.00173119,0,-0.0470059,0.00128248,0.0556721,403.858,0,39,1,-7.33794e-05,False
2013-12-06,118.51,1805.09,0.0314883,0.00159468,0,0.10796,0.00271951,0.129691,408.068,0,38,2,0.000515961,False
2013-12-09,118.615,1808.37,0.0324365,0.00163127,0,0.0510681,0.00119776,0.105473,405.054,0,38,2,0.000885101,False
2013-12-10,118.626,1802.62,0.0335982,0.00165636,0,-0.0646939,0.00197684,0.0591726,403.381,0,39,1,9.75592e-05,False
2013-12-11,118.583,1782.22,0.0414467,0.00179302,0,-0.088118,0.00197973,0.0522323,402.8,0,39,1,-0.000366728,False
2013-12-12,118.592,1775.5,0.0423086,0.00184462,0,-0.0234067,0.00108643,0.0594269,408.785,0,40,0,7.40101e-05,False
2013-12-13,118.617,1775.32,0.044009,0.00185681,0,-0.000866533,0.000864208,0.0744873,413.325,0,40,0,0.000213851,False
2013-12-16,118.665,1786.54,0.0441347,0.0018666,0,0.0585868,0.00215895,0.125611,416.364,0,40,0,0.000401061,False
2013-12-17,118.71,1781,0.0446515,0.00188319,0,-0.044456,0.00139166,0.0768691,415.368,0,40,0,0.0003848,False
2013-12-18,118.838,1810.65,0.0349893,0.00169601,0.00325727,0.305438,0.00821079,0.276078,417.486,0,39,1,0.00107871,False
2013-12-19,119.007,1809.6,0.0326208,0.00161512,0,-0.0428269,0.00369682,0.0922179,409.652,0,38,2,0.00141656,False
2013-12-20,119.09,1818.32,0.0298951,0.0015905,0.0110644,0.0936808,0.00460285,0.114878,407.045,0,38,2,0.000702969,False
2013-12-23,119.211,1827.99,0.0283533,0.00153054,0.0282617,0.154795,0.00329404,0.144485,401.621,0,37,3,0.00101146,False
2013-12-24,119.335,1833.32,0.0279964,0.0015682,0.0387926,0.114567,0.00237107,0.119965,401.385,0,38,2,0.00104312,False
2013-12-26,119.441,1842.02,0.0269296,0.0015195,0.0281203,0.165729,0.0047804,0.172127,399.091,0,37,3,0.000888901,False
2013-12-27,119.559,1841.4,0.0271888,0.00152544,0.00460356,-0.000943962,0.00286579,0.0715218,395.135,0,37,3,0.000986718,False
2013-12-30,119.581,1841.07,0.0316599,0.00163093,0,-0.00458516,0.00170534,0.0731285,397.677,0,39,1,0.000185111,False
2013-12-31,119.62,1848.36,0.0363862,0.00168171,0,0.072214,0.00167326,0.139927,404.707,0,39,1,0.000321508,False
2014-01-02,119.599,1831.98,0.0358014,0.0016446,0,-0.145959,0.00274981,0.046576,401.693,0,38,2,-0.000177231,False
2014-01-03,119.627,1831.37,0.0315117,0.00155712,0,-0.00403424,0.000903195,0.0428345,399.364,0,37,3,0.000240459,False
2014-01-06,119.63,1826.77,0.0307192,0.00155629,0,-0.0256328,0.00101999,0.0422476,396.279,0,37,3,2.58895e-05,False
2014-01-07,119.664,1837.88,0.0297949,0.00157359,0,0.0491939,0.00214269,0.0836063,398.783,0,38,2,0.000283488,False
2014-01-08,119.696,1837.49,0.0296533,0.00156389,0,-0.0183132,0.00149739,0.0597329,398.61,0,38,2,0.000268687,False
2014-01-09,119.703,1838.13,0.0303851,0.00159422,0,-0.0217292,0.00171467,0.0584025,401.439,0,38,2,5.57864e-05,False
2014-01-10,119.76,1842.37,0.0260662,0.00151574,0,0.0256328,0.00161205,0.049994,401.917,0,37,3,0.000476009,False
2014-01-13,119.725,1819.2,0.0347365,0.00163969,0,-0.0738344,0.00188213,0.0425465,397.886,0,38,2,-0.000293689,False
2014-01-14,119.797,1838.88,0.029802,0.00155928,0,0.13375,0.00224382,0.129818,399.284,0,37,3,0.000605367,False
2014-01-15,119.878,1848.38,0.0295908,0.00153974,0.0498205,0.168698,0.00248351,0.193293,397.636,0,37,3,0.000675901,False
2014-01-16,119.968,1845.89,0.0290932,0.00153993,0.00292868,-0.0470792,0.00210147,0.0792996,396.631,0,37,3,0.000746063,False
2014-01-17,119.988,1838.7,0.0296653,0.00154296,0,-0.0431044,0.00215743,0.0416779,392.159,0,37,3,0.000170731,False
2014-01-21,120.01,1843.8,0.0313919,0.00158864,0,0.0299214,0.00119664,0.0788061,396.026,0,38,2,0.000178349,False
2014-01-22,120.046,1844.86,0.0326773,0.00165641,0,7.22546e-06,0.00133501,0.0717595,399.274,0,39,1,0.000306139,False
2014-01-23,119.996,1828.46,0.0378881,0.00175918,0,-0.106583,0.00176501,0.0497315,408.677,0,40,0,-0.000418097,False
2014-01-24,119.93,1790.29,0.0517412,0.00201515,0,-0.102322,0.00138785,0.0618655,409.351,0,40,0,-0.000551,False
2014-01-27,119.955,1781.56,0.0486478,0.00196382,0,-0.021095,0.00100514,0.0612875,413.951,0,40,0,0.000209804,False
2014-01-28,120.021,1792.5,0.0456128,0.00187942,0,0.0531585,0.00112662,0.0909773,415.758,0,39,1,0.000550834,False
2014-01-29,119.984,1774.2,0.0517954,0.00203201,0,-0.10572,0.00125243,0.070903,413.948,0,40,0,-0.000309402,False
2014-01-30,120.042,1794.19,0.0456286,0.00187768,0,0.0834735,0.00322961,0.136646,421.939,0,40,0,0.000485492,False
2014-01-31,120.031,1782.59,0.0531332,0.00205571,0,-0.106711,0.00182131,0.0907217,419.405,0,40,0,-9.60528e-05,False
2014-02-03,119.944,1741.89,0.0625992,0.00227204,0,-0.161761,0.00152983,0.0743323,412.709,0,40,0,-0.000721268,False
2014-02-04,120.026,1755.2,0.0525089,0.00205996,0,0.0449159,0.000875242,0.086887,417.928,0,40,0,0.000683108,False
2014-02-05,120.052,1751.64,0.0560913,0.00213476,0,-0.0159651,0.00100061,0.0980702,418.578,0,40,0,0.000215016,False
2014-02-06,120.165,1773.43,0.0510177,0.00200639,0,0.155236,0.00316827,0.186373,423.586,0,40,0,0.000939387,False
2014-02-07,120.4,1797.02,0.0400377,0.00177366,0.0860087,0.417242,0.00357589,0.316698,423.913,0,39,1,0.00196061,False
2014-02-10,120.592,1799.84,0.0366271,0.00173438,0.0165863,0.000574976,0.00448868,0.139603,419.073,0,39,1,0.00159042,False
2014-02-11,120.626,1819.75,0.0334687,0.00164209,0.233345,0.448298,0.0143579,0.338298,417.756,0,38,2,0.000279681,False
2014-02-12,120.796,1819.26,0.0322553,0.00162812,0.0634666,-0.0290543,0.00630455,0.100213,412.514,0,38,2,0.00140838,False
2014-02-13,120.841,1829.83,0.0296568,0.00157057,0.0244546,0.0866987,0.00682353,0.138495,407.1,0,37,3,0.00037439,False
2014-02-14,120.962,1838.63,0.027357,0.00151457,0.0448579,0.165126,0.00501099,0.158362,401.438,0,36,4,0.00100324,False
2014-02-18,120.97,1840.76,0.0321731,0.00165749,0.0134675,-0.0262421,0.00488184,0.136212,403.658,0,39,1,6.6754e-05,False
2014-02-19,120.935,1828.75,0.0362726,0.0017112,0,-0.146453,0.00319697,0.0557565,404.029,0,39,1,-0.000286296,False
2014-02-20,120.976,1839.78,0.0339167,0.0016372,0,0.0409856,0.0027645,0.0857589,409.078,0,38,2,0.000334874,False
2014-02-21,121.004,1836.25,0.0323736,0.00167028,0,-0.0346456,0.00148146,0.0527453,411.284,0,39,1,0.00022806,False
2014-02-24,121.019,1847.61,0.0345104,0.00170487,0,0.0665529,0.00227947,0.134758,419.262,0,40,0,0.000124512,False
2014-02-25,121.071,1845.12,0.0352428,0.00164665,0,-0.0421754,0.00217683,0.0711723,418.24,0,38,2,0.000436539,False
2014-02-26,121.105,1845.16,0.0353578,0.00168549,0,-0.00351932,0.00219502,0.0652712,414.877,0,39,1,0.000279661,False
2014-02-27,121.143,1854.29,0.0341992,0.00162657,0,0.0346713,0.00187126,0.0927733,413.244,0,38,2,0.000312708,False
2014-02-28,121.137,1859.45,0.0355911,0.00168266,0,-0.00883289,0.00648432,0.11719,416.511,0,39,1,-4.80871e-05,False
2014-03-03,121.055,1845.73,0.0412981,0.0018059,0,-0.170543,0.00311732,0.0649729,416.574,0,40,0,-0.000676516,False
2014-03-04,121.046,1873.91,0.0358241,0.00167998,0,0.156681,0.00725338,0.258187,424.452,0,39,1,-7.96541e-05,False
2014-03-05,121.195,1873.81,0.0350685,0.00169926,0.00624742,-0.0181813,0.00268766,0.115638,423.03,0,40,0,0.0012293,False
2014-03-06,121.292,1877.03,0.035098,0.00162594,0,0.0487677,0.00114037,0.0992627,419.698,0,38,2,0.000804282,False
2014-03-07,121.35,1878.04,0.0345459,0.00164841,0,-0.00214692,0.00223666,0.0697207,416.163,0,39,1,0.000478645,False
2014-03-10,121.381,1877.17,0.0328755,0.00163481,0,-0.0153276,0.00128157,0.0539557,415.577,0,39,1,0.000250487,False
2014-03-11,121.383,1867.63,0.0356463,0.00163366,0,-0.036137,0.00144152,0.0480096,414.114,0,38,2,1.96102e-05,False
2014-03-12,121.414,1868.2,0.0342064,0.0016569,0,0.00335458,0.000666211,0.0519074,414.872,0,39,1,0.000258191,False
2014-03-13,121.383,1846.34,0.0428531,0.0017832,0,-0.0677562,0.00125335,0.0556318,411.867,0,39,1,-0.000260794,False
2014-03-14,121.365,1841.13,0.0538289,0.00205374,0,-0.0295434,0.00108549,0.0946268,418.721,0,40,0,-0.000147045,False
2014-03-17,121.464,1858.83,0.0419251,0.00181675,0,0.0677041,0.00242479,0.100763,426.262,0,40,0,0.000817793,False
2014-03-18,121.514,1872.25,0.0375457,0.0017089,0,0.0583142,0.00502135,0.139554,425.351,0,39,1,0.000414433,False
2014-03-19,121.502,1860.77,0.0385811,0.00171454,0,-0.129603,0.00279034,0.0564685,419.328,0,39,1,-0.000102383,False
2014-03-20,121.564,1872.01,0.0359966,0.00164049,0,0.0606368,0.00127979,0.0882895,417.81,0,38,2,0.000509392,False
2014-03-21,121.566,1866.52,0.0358722,0.00171116,0,-0.0619733,0.00400522,0.0545718,419.191,0,40,0,1.56314e-05,False
2014-03-24,121.567,1857.44,0.0398807,0.00174776,0,-0.0322257,0.000997294,0.0581503,417.738,0,39,1,1.09527e-05,False
2014-03-25,121.599,1865.62,0.0377804,0.00170782,0,0.0207676,0.0017919,0.0814095,419.775,0,39,1,0.000261495,False
2014-03-26,121.612,1852.56,0.0429775,0.00184197,0,-0.0457597,0.00146948,0.0617126,420.688,0,40,0,0.00011187,False
2014-03-27,121.635,1849.04,0.0435644,0.00181215,0,-0.0158364,0.00104055,0.0636161,420.988,0,39,1,0.000188894,False
2014-03-28,121.657,1857.62,0.040448,0.00178052,0,0.0161768,0.00335346,0.0930434,423.202,0,40,0,0.00018139,False
2014-03-31,121.762,1872.34,0.0379217,0.00170772,0,0.124163,0.00313316,0.146101,425.687,0,39,1,0.000856392,False
2014-04-01,121.947,1885.52,0.0293451,0.00155762,0.014198,0.20494,0.00512158,0.173797,420.985,0,38,2,0.00152521,False
2014-04-02,122.069,1890.9,0.0305418,0.0015525,0.0185643,0.0838874,0.00248848,0.143677,417.395,0,38,2,0.000999974,False
2014-04-03,122.099,1888.77,0.0326725,0.00159065,0,-0.0740449,0.00310778,0.0675548,412.739,0,38,2,0.000246182,False
2014-04-04,121.958,1865.09,0.0348054,0.0016392,0,-0.197754,0.00363169,0.0404106,408.334,0,38,2,-0.00115541,False
2014-04-07,121.912,1845.04,0.0399571,0.00174918,0,-0.0757773,0.00119855,0.0476529,409.345,0,39,1,-0.000377263,False
2014-04-08,121.949,1851.96,0.0364144,0.0016578,0,0.0192089,0.000993717,0.0636534,412.715,0,38,2,0.000303262,False
2014-04-09,122.098,1872.18,0.0302193,0.00157103,0.0108041,0.240647,0.00318229,0.169715,417.364,0,38,2,0.00122385,False
2014-04-10,121.843,1833.08,0.0417728,0.0018151,0,-0.411955,0.00364013,0.0494051,413.46,0,40,0,-0.00209117,False
2014-04-11,121.812,1815.69,0.0455412,0.00189488,0,-0.0663832,0.000958814,0.056585,418.131,0,40,0,-0.000253404,False
2014-04-14,121.874,1830.61,0.0380026,0.00172785,0,0.0508143,0.00134966,0.0810418,422.736,0,39,1,0.00050309,False
2014-04-15,121.899,1842.98,0.0352107,0.00164931,0,0.0402413,0.00269433,0.126899,419.472,0,38,2,0.000207192,False
2014-04-16,121.992,1862.31,0.026591,0.00152325,0.138309,0.381453,0.0121414,0.289687,416.274,0,37,3,0.000765246,False
2014-04-17,122.02,1864.85,0.0305145,0.0016008,0.0735283,0.00868933,0.00958589,0.216632,411.704,0,38,2,0.00022578,False
2014-04-21,122.113,1871.89,0.0337617,0.0016552,0.0880184,0.174316,0.00755009,0.234206,414.322,0,39,1,0.000764463,False
2014-04-22,122.279,1879.55,0.0339699,0.00170019,0.0854029,0.187905,0.0043988,0.198742,420.561,0,40,0,0.00135806,False
2014-04-23,122.366,1875.39,0.0339999,0.00166972,0,-0.070422,0.00275157,0.0704973,422.08,0,39,1,0.000714775,False
2014-04-24,122.429,1878.61,0.0350909,0.00163708,0,0.0337241,0.0027891,0.0715675,419.497,0,38,2,0.000517452,False
2014-04-25,122.389,1863.4,0.0379983,0.00176159,0,-0.0971868,0.0016297,0.0490185,419.955,0,40,0,-0.000326971,False
2014-04-28,122.415,1869.43,0.0362457,0.00170963,0,0.0115265,0.00126899,0.0687016,421.868,0,39,1,0.000205169,False
2014-04-29,122.48,1878.33,0.0349694,0.00166775,0,0.0627637,0.00127616,0.0978927,423.72,0,39,1,0.000535869,False
2014-04-30,122.51,1883.95,0.033143,0.00162251,0,-0.00146793,0.00290159,0.0951202,421.256,0,38,2,0.000244313,False
2014-05-01,122.562,1883.68,0.0325557,0.00161759,0,-0.00873264,0.00176228,0.0631208,417.529,0,39,1,0.000428068,False
2014-05-02,122.591,1881.14,0.0307992,0.00156649,0,-0.0175444,0.00125773,0.0448107,416.621,0,38,2,0.000234499,False
2014-05-05,122.595,1884.66,0.0303603,0.00159531,0,-0.00923408,0.0016714,0.0584171,417.124,0,38,2,3.46932e-05,False
2014-05-06,122.558,1867.72,0.0345267,0.00166993,0,-0.0843856,0.00147515,0.0428762,414.29,0,39,1,-0.000305583,False
2014-05-07,122.594,1878.21,0.0323726,0.00163816,0,0.0448376,0.00137583,0.081546,420.03,0,39,1,0.000289874,False
2014-05-08,122.594,1875.63,0.0334416,0.00166775,0,-0.0541871,0.00171466,0.0566912,422.771,0,39,1,5.92943e-06,False
2014-05-09,122.644,1878.48,0.0279366,0.00149701,0,0.0105466,0.000696886,0.0430751,414.237,0,36,4,0.000407078,False
2014-05-12,122.633,1896.65,0.0287312,0.00153123,0.00539244,0.204564,0.00509612,0.275459,410.878,0,37,3,-9.05724e-05,False
2014-05-13,122.79,1897.45,0.0263642,0.00151662,0.011997,0.00343791,0.00406602,0.130633,406.761,0,37,3,0.00128064,False
2014-05-14,122.776,1888.53,0.0265653,0.00156264,0,-0.127887,0.00323784,0.038505,404.593,0,38,2,-0.000113968,False
2014-05-15,122.736,1870.85,0.0265699,0.00149177,0,-0.0723622,0.00175272,0.0297291,395.703,0,36,4,-0.000327922,False
2014-05-16,122.714,1877.86,0.0300475,0.00154071,0,0.00362551,0.0018246,0.0821897,400.98,0,37,3,-0.000180492,False
2014-05-19,122.74,1885.08,0.0322316,0.00162478,0.000131211,0.0722737,0.00184235,0.15648,408.876,0,39,1,0.000216896,False
2014-05-20,122.732,1872.83,0.0339173,0.00166843,0,-0.142613,0.00253681,0.0520725,409.963,0,39,1,-6.91916e-05,False
2014-05-21,122.776,1888.03,0.0319501,0.00159883,0,0.0887292,0.00280648,0.124518,415.952,0,38,2,0.000357112,False
2014-05-22,122.855,1892.49,0.0320326,0.00158909,0,0.0424901,0.00185269,0.116586,419.175,0,38,2,0.000643553,False
2014-05-23,122.976,1900.53,0.0307283,0.00155673,0.00260497,0.112911,0.00263264,0.132579,416.853,0,38,2,0.000983692,False
2014-05-27,123.134,1911.91,0.0296312,0.00155434,0.0402214,0.245846,0.00650029,0.201337,417.981,0,38,2,0.00128841,False
2014-05-28,123.231,1909.78,0.0293048,0.00157271,0.00783129,-0.049798,0.00257052,0.0713511,416.55,0,38,2,0.000791971,False
2014-05-29,123.298,1920.03,0.0297231,0.00156388,0.000146233,0.0911255,0.00360086,0.120693,417.768,0,38,2,0.000537161,False
2014-05-30,123.403,1923.57,0.0285075,0.00149907,0,0.047134,0.0037722,0.085882,414.549,0,37,3,0.000853071,False
2014-06-02,123.45,1924.97,0.0274186,0.00155729,0,0.000586874,0.00264314,0.0627698,414.235,0,38,2,0.000380195,False
2014-06-03,123.466,1924.24,0.030391,0.00158703,0,-0.0180715,0.00168375,0.0555868,410.68,0,38,2,0.000131485,False
2014-06-04,123.499,1927.88,0.0310616,0.00158887,0,0.020811,0.00140676,0.0709944,414.181,0,38,2,0.000271082,False
2014-06-05,123.473,1940.46,0.031081,0.00154757,0,0.046221,0.00605144,0.167112,419.007,0,38,2,-0.000213888,False
2014-06-06,123.676,1949.44,0.0257941,0.00144362,0.0142327,0.19748,0.00222252,0.169517,413.492,0,36,4,0.00164384,False
2014-06-09,123.786,1951.27,0.0260566,0.0014875,0.00610839,0.0131195,0.00222771,0.0887263,409.737,0,37,3,0.000890581,False
2014-06-10,123.817,1950.79,0.0251427,0.00144739,0,-0.0333412,0.00205101,0.045744,402.762,0,36,4,0.000252738,False
2014-06-11,123.811,1943.89,0.028181,0.00153694,0,-0.0383418,0.00140284,0.0386874,401.41,0,38,2,-4.88138e-05,False
2014-06-12,123.799,1930.11,0.0312685,0.00157644,0,-0.0401915,0.00114303,0.0390343,402.806,0,38,2,-9.68352e-05,False
2014-06-13,123.838,1936.16,0.0293004,0.00155564,0,0.0302938,0.000848456,0.0573627,411.044,0,38,2,0.000313909,False
2014-06-16,123.862,1937.78,0.0309996,0.00162286,0,0.00816799,0.00142086,0.0697525,414.927,0,39,1,0.000191653,False
2014-06-17,123.894,1941.99,0.0319142,0.0016294,0,0.0160397,0.00176766,0.0822286,425.088,0,39,1,0.000259005,False
2014-06-18,124.061,1956.98,0.0235724,0.00143521,0.00633911,0.187301,0.00793911,0.110147,418.046,0,36,4,0.00134988,False
2014-06-19,124.134,1959.48,0.0207426,0.00142913,0,0.00196624,0.00315233,0.0552899,411.242,0,36,4,0.000588291,False
2014-06-20,124.096,1962.87,0.028554,0.00151704,0,0.0348563,0.00284001,0.15239,407.788,0,38,2,-0.000306495,False
2014-06-23,124.194,1962.61,0.0251615,0.00147206,0,-0.0185123,0.00240184,0.0571087,403.979,0,37,3,0.000790163,False
2014-06-24,124.174,1949.98,0.0286809,0.00159307,0,-0.0646124,0.00197003,0.0380737,408,0,39,1,-0.000164739,False
2014-06-25,124.227,1959.53,0.0284336,0.0015351,0,0.0565257,0.000978697,0.0675467,416.358,0,38,2,0.0004266,False
2014-06-26,124.232,1957.22,0.0281304,0.00153983,0,-0.0369557,0.00173187,0.0499808,419.145,0,38,2,4.40228e-05,False
2014-06-27,124.249,1960.96,0.026384,0.00147218,0,-0.0028777,0.00158213,0.0538888,416.773,0,37,3,0.00013317,False
2014-06-30,124.267,1960.23,0.0266716,0.00148697,0,-0.0145205,0.0013076,0.0453054,413.39,0,37,3,0.000144386,False
2014-07-01,124.304,1973.32,0.0243561,0.00142627,0,0.0963865,0.00428026,0.12331,405.887,0,36,4,0.000297999,False
2014-07-02,124.387,1974.62,0.0251372,0.00142525,0,0.0179997,0.00208914,0.0802659,402.29,0,36,4,0.000665037,False
2014-07-03,124.455,1985.44,0.0219169,0.00144959,0.0235185,0.159424,0.00540801,0.163005,403.345,0,37,3,0.0005485,False
2014-07-07,124.499,1977.65,0.0250677,0.00146065,0,-0.0961742,0.00273777,0.0436312,401.328,0,37,3,0.000354095,False
2014-07-08,124.485,1963.71,0.0294999,0.00152155,0,-0.0473383,0.000876869,0.0372827,399.166,0,37,3,-0.000111554,False
2014-07-09,124.534,1972.83,0.0255978,0.00147418,0,0.0449091,0.000917815,0.0560142,404.522,0,37,3,0.000396703,False
2014-07-10,124.509,1964.68,0.0281851,0.00150368,0,-0.0642269,0.00139029,0.0419023,406.615,0,37,3,-0.000199334,False
2014-07-11,124.546,1967.57,0.0246455,0.00143409,0,0.0115105,0.00064102,0.0399522,404.591,0,36,4,0.000289383,False
2014-07-14,124.59,1977.1,0.0235285,0.00141905,0,0.0687164,0.0021281,0.0839547,403.093,0,36,4,0.000358867,False
2014-07-15,124.606,1973.28,0.0254822,0.00152222,0,-0.0431971,0.00235007,0.0468455,405.149,0,38,2,0.000124585,False
2014-07-16,124.68,1981.57,0.0217078,0.00137639,0,0.0609154,0.00111326,0.053097,400.101,0,35,5,0.000592927,False
2014-07-17,124.585,1958.12,0.0311504,0.00157928,0,-0.136667,0.00203242,0.0383233,399.226,0,38,2,-0.000756776,False
2014-07-18,124.559,1978.22,0.0285764,0.00153301,0,0.10283,0.00326238,0.190834,412.433,0,38,2,-0.000207888,False
2014-07-21,124.601,1973.63,0.0301652,0.00154451,0,-0.0945294,0.00263346,0.0804014,414.513,0,38,2,0.000336305,False
2014-07-22,124.667,1983.53,0.0286429,0.00149739,0.005615,0.0892677,0.00287435,0.122682,416.018,0,37,3,0.000526827,False
2014-07-23,124.743,1987.01,0.0285255,0.00150724,0.00639442,0.0270651,0.00240823,0.0916682,416.015,0,38,2,0.000611986,False
2014-07-24,124.813,1987.98,0.0284872,0.00152651,0,0.0143865,0.00222441,0.0609791,418.652,0,38,2,0.000559644,False
2014-07-25,124.799,1978.34,0.0301688,0.00159795,0,-0.0610836,0.00161264,0.0411313,420.013,0,39,1,-0.000114392,False
2014-07-28,124.81,1978.91,0.0286502,0.00150913,0,-0.0110296,0.00130857,0.0449539,420.457,0,37,3,8.7983e-05,False
2014-07-29,124.811,1969.95,0.0322898,0.00160414,0,-0.0287576,0.00119359,0.044777,422.584,0,39,1,7.30188e-06,False
2014-07-30,124.821,1970.07,0.0340074,0.00158967,0,-0.0101529,0.0013834,0.0550514,420.322,0,38,2,8.49851e-05,False
2014-07-31,124.736,1930.67,0.0462081,0.00185928,0,-0.127762,0.00141882,0.0549847,420.981,0,40,0,-0.000679093,False
2014-08-01,124.754,1925.15,0.0457584,0.00186825,0,-0.017831,0.00099806,0.0622798,428.915,0,40,0,0.000142428,False
2014-08-04,124.814,1938.99,0.0360458,0.00166896,0,0.0367942,0.00198897,0.0713076,433.447,0,39,1,0.000482183,False
2014-08-05,124.78,1920.21,0.0449359,0.00185108,0,-0.0877933,0.00157225,0.0597485,431.074,0,40,0,-0.000278186,False
2014-08-06,124.797,1920.24,0.0428785,0.00181595,0,-0.0172561,0.00101914,0.0656312,435.526,0,40,0,0.000135476,False
2014-08-07,124.808,1909.57,0.0436798,0.0018252,0,-0.0364255,0.00129025,0.0579489,434.382,0,40,0,9.47236e-05,False
2014-08-08,124.862,1931.59,0.0394788,0.00175648,0,0.129871,0.00185421,0.170397,439.113,0,40,0,0.000426982,False
2014-08-11,125.02,1936.92,0.0364978,0.00167159,0,0.0703191,0.00290749,0.114417,436.463,0,39,1,0.00126715,False
2014-08-12,125.037,1933.75,0.0351238,0.00162835,0,-0.0687625,0.00184545,0.0600761,428.852,0,38,2,0.000137806,False
2014-08-13,125.124,1946.72,0.0260971,0.00153817,0,0.0665004,0.00170107,0.0625441,427.426,0,38,2,0.000694915,False
2014-08-14,125.151,1955.18,0.0312931,0.00155703,0.00146513,0.0903476,0.0035969,0.151048,424.637,0,38,2,0.000211935,False
2014-08-15,125.098,1955.06,0.0356861,0.00164449,0,-0.0867556,0.00682532,0.14367,426.722,0,39,1,-0.000416795,False
2014-08-18,125.281,1971.74,0.0303176,0.00151575,0.0413963,0.304267,0.00640112,0.246685,425.645,0,37,3,0.0014569,False
2014-08-19,125.447,1981.6,0.0304464,0.00154012,0.164255,0.345356,0.00800074,0.282007,426.008,0,38,2,0.0013305,False
2014-08-20,125.584,1986.51,0.0308678,0.00155579,0.108633,0.107075,0.00712072,0.16575,422.484,0,38,2,0.00109121,False
2014-08-21,125.728,1992.37,0.0298846,0.00154642,0.0425471,0.126832,0.00355452,0.131429,422.555,0,38,2,0.00114178,False
2014-08-22,125.782,1988.4,0.0293146,0.00154543,0,-0.0513216,0.0027494,0.0507165,424.364,0,38,2,0.000432766,False
2014-08-25,125.855,1997.92,0.0285662,0.00150933,0,0.0777946,0.00104771,0.0816406,422.657,0,38,2,0.000579413,False
2014-08-26,125.911,2000.02,0.0285756,0.00154121,0,0.0171541,0.00129092,0.0686882,422.594,0,38,2,0.000443765,False
2014-08-27,125.953,2000.12,0.0291073,0.0015362,0,0.00236399,0.00157468,0.0547071,422.281,0,38,2,0.000336282,False
2014-08-28,125.964,1996.74,0.0296659,0.00152703,0,-0.0243082,0.000893464,0.0464247,424.729,0,38,2,8.9077e-05,False
2014-08-29,125.99,2003.37,0.0284552,0.00149336,0,0.0257022,0.00155806,0.0721568,422.685,0,37,3,0.000201437,False
2014-09-02,126.025,2002.28,0.0282751,0.00151286,0,-0.0137475,0.00124822,0.04866,422.343,0,38,2,0.000279891,False
2014-09-03,126.037,2000.72,0.0293759,0.00152541,0,-0.0149499,0.00164758,0.0480505,422.054,0,38,2,9.41281e-05,False
2014-09-04,126.033,1997.65,0.0302983,0.00154022,0,-0.0288615,0.00133651,0.050379,421.626,0,38,2,-2.98995e-05,False
2014-09-05,126.084,2007.71,0.0263632,0.00147535,0,0.0393758,0.00171465,0.0621606,423.414,0,37,3,0.000402811,False
2014-09-08,126.064,2001.54,0.0287006,0.00154429,0,-0.0628964,0.00194181,0.0438196,422.128,0,38,2,-0.000153397,False
2014-09-09,126.048,1988.44,0.0334305,0.00161248,0,-0.0472327,0.00132166,0.0433754,423.334,0,39,1,-0.000129237,False
2014-09-10,126.085,1995.69,0.0318313,0.00160943,0,0.0301331,0.00173658,0.0651725,428.423,0,39,1,0.000292121,False
2014-09-11,126.127,1997.45,0.0293345,0.00153819,0,0.00537988,0.00126871,0.0551503,425.815,0,38,2,0.00033255,False
2014-09-12,126.126,1985.54,0.0342549,0.00160543,0,-0.0400978,0.00123102,0.0470744,427.212,0,38,2,-4.78361e-06,False
2014-09-15,126.132,1984.13,0.0386273,0.00167999,0,-0.0031518,0.000860435,0.0739279,427.674,0,39,1,4.82179e-05,False
2014-09-16,126.207,1998.98,0.0346698,0.00163709,0,0.0901222,0.00262243,0.120166,433.704,0,39,1,0.000589022,False
2014-09-17,126.281,2001.57,0.0285675,0.0014968,0,-0.0169448,0.0027262,0.053646,430.627,0,37,3,0.000585701,False
2014-09-18,126.366,2011.36,0.0243233,0.00146309,0,0.0840281,0.00188884,0.0734741,425.39,0,37,3,0.000674461,False
2014-09-19,126.348,2010.4,0.0318983,0.00159323,0,-0.019866,0.00302002,0.0986721,424.23,0,39,1,-0.000140694,False
2014-09-22,126.311,1994.29,0.0340214,0.00158299,0,-0.123044,0.00203928,0.0434881,421.152,0,38,2,-0.000296486,False
2014-09-23,126.294,1982.77,0.0382356,0.00172427,0,-0.0448655,0.0010903,0.0508308,429.506,0,40,0,-0.000132905,False
2014-09-24,126.363,1998.3,0.03363,0.0015822,0,0.0862645,0.00138956,0.0986135,430.135,0,38,2,0.000547455,False
2014-09-25,126.236,1965.99,0.0421607,0.00174542,0,-0.212554,0.0024195,0.0511346,428.258,0,39,1,-0.00100567,False
2014-09-26,126.281,1982.85,0.0371149,0.00165706,0,0.0659057,0.00179115,0.10568,432.717,0,39,1,0.000356691,False
2014-09-29,126.296,1977.8,0.0400908,0.00174994,0,-0.0546028,0.00165725,0.0724145,438.387,0,40,0,0.000121525,False
2014-09-30,126.311,1972.29,0.0421844,0.0017578,0,-0.0306249,0.0015214,0.0656565,437.811,0,39,1,0.000119072,False
2014-10-01,126.283,1946.16,0.0471209,0.00189546,0,-0.0811095,0.00130879,0.056431,434.232,0,40,0,-0.000221416,False
2014-10-02,126.292,1946.17,0.0448471,0.00186699,0,-0.0249361,0.00105869,0.0642671,439.187,0,40,0,7.24497e-05,False
2014-10-03,126.325,1967.9,0.0403492,0.00175744,0,0.10277,0.00348765,0.169641,444.237,0,40,0,0.000257336,False
2014-10-06,126.354,1964.82,0.0414773,0.00176236,0,-0.0831273,0.00323002,0.0935806,440.163,0,39,1,0.000232879,False
2014-10-07,126.288,1935.1,0.0475046,0.00191095,0,-0.146428,0.00162506,0.0575774,434.971,0,40,0,-0.000525951,False
2014-10-08,126.354,1968.89,0.0400208,0.00172854,0,0.236778,0.00321714,0.263252,441.795,0,39,1,0.000524033,False
2014-10-09,126.285,1928.21,0.0548903,0.00207094,0,-0.307132,0.00336897,0.0742886,434.267,0,40,0,-0.00054386,False
2014-10-10,126.278,1906.13,0.0599846,0.00218558,0,-0.0630028,0.00125742,0.0751571,435.715,0,40,0,-5.80403e-05,False
2014-10-13,126.207,1874.74,0.0706346,0.00246707,0,-0.125793,0.0010861,0.0872929,433.246,0,40,0,-0.000561042,False
2014-10-14,126.252,1877.7,0.0568084,0.00212017,0,-0.021852,0.00127974,0.0735139,437.578,0,40,0,0.000359215,False
2014-10-15,126.164,1862.49,0.0666242,0.00236501,0,-0.126141,0.0016266,0.0982774,437.629,0,40,0,-0.000699167,False
2014-10-16,126.132,1862.76,0.0779877,0.00263416,0,-0.0315992,0.00184718,0.172756,439.811,0,40,0,-0.000258169,False
2014-10-17,126.34,1886.76,0.0629877,0.00227308,0,0.138618,0.00185145,0.162159,445.148,0,40,0,0.00164969,False
2014-10-20,126.572,1904.01,0.051053,0.00198315,0,0.153804,0.00131449,0.131371,447.264,0,40,0,0.00183907,False
2014-10-21,126.523,1941.28,0.0431929,0.00182336,0.344848,0.879343,0.00863432,0.747345,451.676,0,40,0,-0.000385111,False
2014-10-22,126.434,1927.11,0.0511919,0.00199965,0,-0.726134,0.00662637,0.153543,445.267,0,40,0,-0.000709488,False
2014-10-23,126.488,1950.82,0.0479716,0.00192229,0.10858,0.309064,0.0050745,0.340181,447.345,0,40,0,0.000433591,False
2014-10-24,126.718,1964.58,0.0449632,0.00186284,0.206624,0.429716,0.00819313,0.368765,447.45,0,40,0,0.00181373,False
2014-10-27,126.857,1961.63,0.0455807,0.00186696,0.0247463,-0.127982,0.00456028,0.116095,445.1,0,40,0,0.00109767,False
2014-10-28,127.004,1985.05,0.0402044,0.00175318,0.0744649,0.352277,0.00313773,0.282441,448.327,0,40,0,0.00115705,False
2014-10-29,127.076,1982.3,0.0411177,0.0017457,0.0195187,-0.122243,0.00429715,0.103423,442.944,0,39,1,0.000569514,False
2014-10-30,127.126,1994.65,0.0410214,0.00173054,0,0.0766006,0.0035172,0.165862,441.002,0,39,1,0.000392959,False
2014-10-31,127.196,2018.05,0.0392697,0.00171829,0.227112,0.678155,0.0101931,0.57436,446.816,0,40,0,0.000549873,False
2014-11-03,127.414,2017.81,0.0394805,0.00171884,0.0685626,-0.102109,0.00344186,0.220064,448.005,0,40,0,0.00171346,False
2014-11-04,127.465,2012.1,0.0383548,0.00167572,0,-0.125154,0.00410327,0.07605,442.82,0,39,1,0.000403694,False
2014-11-05,127.557,2023.57,0.0371639,0.00165922,0,0.0715463,0.0018028,0.0892298,441.21,0,39,1,0.000722302,False
2014-11-06,127.612,2031.21,0.0362146,0.00162882,0,0.0365393,0.00183823,0.103506,441.909,0,39,1,0.000431263,False
2014-11-07,127.694,2031.92,0.0317021,0.00156023,0,0.00597046,0.00125435,0.056439,438.281,0,38,2,0.000641982,False
2014-11-10,127.738,2038.26,0.0290672,0.00150099,0,0.0225376,0.00126238,0.0611569,432.416,0,37,3,0.000345541,False
2014-11-11,127.783,2039.68,0.0289701,0.00153289,0,0.0134605,0.00136963,0.0560333,428.787,0,38,2,0.000349556,False
2014-11-12,127.797,2038.25,0.028637,0.00148298,0,-0.0205989,0.00123688,0.0473077,425.003,0,37,3,0.000109904,False
2014-11-13,127.815,2039.33,0.0294416,0.00152655,0,-0.00083283,0.00119524,0.0549673,425.08,0,38,2,0.000142628,False
2014-11-14,127.843,2039.82,0.0276676,0.00152138,0,-0.00826889,0.00122429,0.0438379,428.292,0,38,2,0.000217364,False
2014-11-17,127.856,2041.32,0.0279124,0.0015061,0,9.87686e-05,0.00106711,0.0561701,428.533,0,38,2,0.000102515,False
2014-11-18,127.874,2051.8,0.0276787,0.00153546,0,0.0497648,0.00383548,0.110541,436.462,0,39,1,0.000138448,False
2014-11-19,127.919,2048.72,0.0260654,0.00142354,0,-0.0431419,0.00257919,0.0445591,428.957,0,36,4,0.000351151,False
2014-11-20,127.945,2052.75,0.02357,0.001457,0,0.00490576,0.00171334,0.0438237,426.108,0,37,3,0.000203573,False
2014-11-21,127.893,2063.5,0.0286999,0.00148584,0,0.083341,0.0061013,0.199931,420.858,0,37,3,-0.000403721,False
2014-11-24,128.029,2069.41,0.0318453,0.00157807,0,0.137874,0.0036193,0.228228,424.151,0,39,1,0.00106515,False
2014-11-25,128.094,2067.03,0.0316686,0.00157628,0,-0.0899231,0.00391043,0.0998309,429.498,0,39,1,0.000505011,False
2014-11-26,128.195,2072.83,0.0319682,0.00160948,0,0.0685827,0.00217027,0.0959864,439.717,0,40,0,0.000785483,False
2014-11-28,128.213,2067.56,0.0350023,0.0016622,0,-0.0443959,0.00203505,0.0649639,448.177,0,40,0,0.000139878,False
2014-12-01,128.188,2053.44,0.0381068,0.00165511,0,-0.0745622,0.00131071,0.0497054,442.96,0,39,1,-0.000188458,False
2014-12-02,128.215,2066.55,0.0348597,0.00160633,0,0.0341585,0.00253794,0.0881276,442.83,0,39,1,0.00020635,False
2014-12-03,128.286,2074.33,0.0348131,0.00161448,0,0.0552859,0.00167919,0.104068,444.073,0,39,1,0.000552705,False
2014-12-04,128.31,2071.92,0.0339547,0.00155812,0,-0.0481265,0.0021114,0.0621822,440.037,0,38,2,0.000187428,False
2014-12-05,128.362,2075.37,0.0299244,0.00148726,0,0.0129609,0.000910571,0.050749,437.081,0,38,2,0.000404651,False
2014-12-08,128.278,2060.31,0.0384953,0.00173308,0,-0.115283,0.00195637,0.0542987,437.513,0,40,0,-0.000654613,False
2014-12-09,128.27,2059.82,0.0403608,0.00170613,0,-0.0313335,0.00137265,0.0683802,441.309,0,39,1,-6.34013e-05,False
2014-12-10,128.178,2026.14,0.057971,0.00209311,0,-0.135814,0.0016253,0.0780039,439.843,0,40,0,-0.000710889,False
2014-12-11,128.227,2035.33,0.0577098,0.00209518,0,0.031633,0.00123834,0.115652,446.885,0,40,0,0.000377298,False
2014-12-12,128.163,2002.33,0.067172,0.00233377,0,-0.154818,0.00137717,0.0881986,442.835,0,40,0,-0.000498367,False
2014-12-15,128.202,1989.63,0.0618546,0.00221484,0,-0.031392,0.00114535,0.0757183,443.481,0,40,0,0.000308846,False
2014-12-16,128.159,1972.74,0.0678605,0.0023589,0,-0.0902704,0.00133773,0.0926191,443.326,0,40,0,-0.000335465,False
2014-12-17,128.38,2012.89,0.0460369,0.00187463,0,0.260581,0.00322141,0.173673,452.556,0,40,0,0.00172027,False
2014-12-18,127.811,2061.23,0.0365247,0.00166966,0.692224,1.52125,0.0231698,1.58314,459.109,0,40,0,-0.0044303,False
2014-12-19,127.735,2070.65,0.0450607,0.00181505,0.971357,0.737444,0.0126486,1.4557,455.811,0,40,0,-0.000593612,False
2014-12-22,128.073,2078.54,0.0397845,0.00170888,0.824207,0.509152,0.00704837,0.833768,453.02,0,40,0,0.00264535,False
2014-12-23,128.237,2082.17,0.0384279,0.00168004,0.547388,0.13862,0.00504592,0.292436,450.643,0,40,0,0.00128259,False
2014-12-24,128.335,2081.88,0.0385476,0.00167423,0.156515,-0.00397147,0.00180104,0.0698429,449.268,0,40,0,0.000757803,False
2014-12-26,128.406,2088.77,0.0374029,0.00165784,0,0.0488131,0.000950554,0.0818541,450.227,0,40,0,0.000557889,False
2014-12-29,128.462,2090.57,0.0389626,0.00166995,0,0.0116567,0.000939832,0.0741306,447.011,0,39,1,0.000434037,False
2014-12-30,128.464,2080.35,0.0391516,0.00171173,0,-0.0550442,0.000961169,0.0531908,445.178,0,40,0,1.84824e-05,False
2014-12-31,128.437,2058.9,0.0494919,0.00190719,0,-0.0592099,0.00139055,0.0670257,445.486,0,40,0,-0.000209012,False
2015-01-02,128.476,2058.2,0.0435485,0.00178078,0,-0.00610116,0.00111583,0.0633188,447.067,0,40,0,0.000297869,False
2015-01-05,128.406,2020.58,0.0519985,0.00198475,0,-0.121043,0.00122147,0.0603666,442.504,0,40,0,-0.000539387,False
2015-01-06,128.387,2002.61,0.057054,0.0020947,0,-0.0623109,0.00101363,0.0715429,442.793,0,40,0,-0.000152184,False
2015-01-07,128.465,2025.9,0.0512733,0.00197023,0,0.101602,0.00143653,0.142692,449.737,0,40,0,0.000610027,False
2015-01-08,128.309,2062.14,0.0418205,0.00176964,0.207143,0.527436,0.00977841,0.648901,455.939,0,40,0,-0.00121157,False
2015-01-09,128.299,2044.81,0.0424024,0.00175912,0,-0.591031,0.00607362,0.102712,450.82,0,40,0,-8.00557e-05,False
2015-01-12,128.237,2028.26,0.0516188,0.00198444,0,-0.138583,0.00202441,0.0738479,446.973,0,40,0,-0.000484098,False
2015-01-13,128.228,2023.03,0.0542119,0.00202541,0,-0.05051,0.00175676,0.0828265,446.352,0,40,0,-7.06416e-05,False
2015-01-14,128.207,2011.27,0.0575333,0.00209195,0,-0.0754652,0.00131435,0.0821747,445.454,0,40,0,-0.000161325,False
2015-01-15,128.208,1992.67,0.049242,0.00192008,0,-0.0708671,0.00121629,0.0562922,444.217,0,40,0,8.7437e-06,False
2015-01-16,128.096,2019.42,0.0617005,0.00218977,0,0.161882,0.00273046,0.387161,450.5,0,40,0,-0.000875181,False
2015-01-20,128.269,2022.55,0.0543875,0.00202576,0,-0.0517455,0.00263138,0.212149,450.685,0,40,0,0.00135052,False
2015-01-21,128.395,2032.12,0.0523023,0.00198106,0.00341008,0.0631892,0.00400247,0.19245,451.715,0,40,0,0.000980726,False
2015-01-22,128.495,2063.15,0.0453299,0.0018324,0.232455,0.625433,0.0069089,0.52195,455.615,0,40,0,0.000779367,False
2015-01-23,128.628,2051.82,0.0453573,0.00182185,0.046809,-0.28875,0.00387487,0.09291,451.258,0,40,0,0.00103616,False
2015-01-26,128.706,2057.09,0.042294,0.00174103,0,0.0216412,0.00130041,0.0759822,448.145,0,39,1,0.000605012,False
2015-01-27,128.626,2029.55,0.0497824,0.00192285,0,-0.140428,0.0013813,0.0619099,443.126,0,40,0,-0.000620621,False
2015-01-28,128.541,2002.16,0.0579273,0.00210195,0,-0.129171,0.00226239,0.0712144,443.323,0,40,0,-0.000660153,False
2015-01-29,128.571,2021.25,0.0590895,0.0021332,0,0.0707569,0.0013287,0.167645,449.332,0,40,0,0.000233029,False
2015-01-30,128.543,1994.99,0.0618574,0.00221596,0,-0.170512,0.00148969,0.0839429,445.936,0,40,0,-0.000222896,False
2015-02-02,128.618,2020.85,0.0526656,0.00200014,0,0.0883519,0.00290559,0.144446,452.135,0,40,0,0.000588197,False
2015-02-03,128.635,2050.03,0.0456363,0.00182644,0.088935,0.307146,0.00606618,0.383253,456.291,0,40,0,0.000133326,False
2015-02-04,128.692,2041.51,0.0497061,0.00193332,0,-0.234932,0.00471335,0.134981,452.486,0,40,0,0.000438445,False
2015-02-05,128.725,2062.52,0.0456684,0.00183872,0.0524641,0.167009,0.00457448,0.256024,454.673,0,40,0,0.000254537,False
2015-02-06,128.78,2055.47,0.0478986,0.00187408,0,-0.145363,0.00322672,0.0975946,451.447,0,40,0,0.000433986,False
2015-02-09,128.792,2046.74,0.0494208,0.00191956,0,-0.0602932,0.000995921,0.0722687,449.457,0,40,0,8.95948e-05,False
2015-02-10,128.878,2068.59,0.0452848,0.00183523,0,0.121213,0.00260716,0.147952,453.407,0,40,0,0.000670629,False
2015-02-11,128.956,2068.53,0.0433363,0.001786,0,-0.0130318,0.00174602,0.0970204,452.536,0,40,0,0.000602928,False
2015-02-12,129.122,2088.48,0.0357966,0.00158709,0.0054746,0.194956,0.00275715,0.151567,448.883,0,38,2,0.00129026,False
2015-02-13,129.219,2096.99,0.0347435,0.00158945,0.0203591,0.0959897,0.0040366,0.159211,445.522,0,39,1,0.000752034,False
2015-02-17,129.287,2100.34,0.0388024,0.00171828,0.00107006,0.00860589,0.00260107,0.133744,447.814,0,40,0,0.000522256,False
2015-02-18,129.381,2099.68,0.0339668,0.00159149,0,-0.0117975,0.00104425,0.059674,450.07,0,39,1,0.000723999,False
2015-02-19,129.4,2097.45,0.0316614,0.00155928,0,-0.0242367,0.0014248,0.0451025,446.058,0,39,1,0.000146948,False
2015-02-20,129.345,2110.3,0.0394432,0.00170908,0,0.0696873,0.00293511,0.203915,451.277,0,40,0,-0.000419834,False
2015-02-23,129.469,2109.66,0.0390543,0.00169919,0,-0.0106834,0.00129031,0.105733,453.86,0,40,0,0.000955302,False
2015-02-24,129.552,2115.48,0.0359282,0.00161266,0,0.0380339,0.00151576,0.0932927,451.238,0,39,1,0.000643194,False
2015-02-25,129.598,2113.86,0.0349819,0.0016374,0,-0.0179786,0.00147552,0.0613618,450.501,0,40,0,0.00035369,False
2015-02-26,129.605,2110.74,0.0366305,0.00166455,0,-0.0310307,0.00130448,0.0567491,453.076,0,40,0,5.5892e-05,False
2015-02-27,129.61,2104.5,0.0351169,0.00160394,0,-0.0342297,0.00122761,0.0497592,449.095,0,39,1,3.89305e-05,False
2015-03-02,129.673,2117.39,0.0328199,0.00153097,0,0.0700871,0.00124233,0.0876066,445.175,0,38,2,0.000480566,False
2015-03-03,129.663,2107.78,0.0368323,0.0016808,0,-0.0737077,0.00167343,0.0567786,446.677,0,40,0,-7.25029e-05,False
2015-03-04,129.664,2098.53,0.0378443,0.00163774,0,-0.0388888,0.00100009,0.0523833,445.534,0,39,1,5.4988e-06,False
2015-03-05,129.696,2101.04,0.0390307,0.00167379,0,0.00933459,0.000810725,0.0661714,446.655,0,39,1,0.000247506,False
2015-03-06,129.561,2071.26,0.0454775,0.00183892,0,-0.188144,0.0018379,0.0546026,445.634,0,40,0,-0.00103916,False
2015-03-09,129.612,2079.43,0.0413366,0.00174783,0,0.0329469,0.000774965,0.0759049,452.184,0,40,0,0.000389456,False
2015-03-10,129.541,2044.16,0.0508985,0.00195628,0,-0.133997,0.00130995,0.0604023,447.53,0,40,0,-0.000546725,False
2015-03-11,129.561,2040.24,0.0524713,0.00199249,0,-0.0129823,0.000860126,0.0771964,449.534,0,40,0,0.000153174,False
2015-03-12,129.632,2065.95,0.0481281,0.00188305,0,0.146168,0.00183123,0.196455,455.718,0,40,0,0.000550504,False
2015-03-13,129.649,2053.4,0.047946,0.00188668,0,-0.143868,0.00233295,0.0788376,453.361,0,40,0,0.000134811,False
2015-03-16,129.598,2081.19,0.051314,0.00194805,0.00188908,0.212093,0.00644194,0.383338,458.005,0,40,0,-0.000396235,False
2015-03-17,129.713,2074.28,0.0556988,0.00204289,0,-0.141065,0.00368683,0.177207,455.123,0,40,0,0.000887629,False
2015-03-18,129.755,2099.5,0.0433755,0.00177822,0.0505939,0.113314,0.00993001,0.229889,458.322,0,40,0,0.00032151,False
2015-03-19,129.815,2089.27,0.0410897,0.00174809,0,-0.142143,0.00245175,0.0638803,454.963,0,40,0,0.000468238,False
2015-03-20,129.899,2108.1,0.0365901,0.00161717,0.022573,0.134673,0.00187957,0.125909,454.091,0,39,1,0.000640631,False
2015-03-23,129.943,2104.42,0.034206,0.00158551,0,-0.0470297,0.00150462,0.0655388,449.128,0,39,1,0.000342242,False
2015-03-24,129.946,2091.5,0.0383862,0.00170188,0,-0.0477027,0.00135932,0.0502179,449.819,0,40,0,2.26497e-05,False
2015-03-25,129.916,2061.05,0.0455291,0.00183525,0,-0.0691196,0.00138139,0.0536169,448.941,0,40,0,-0.00023245,False
2015-03-26,129.916,2056.15,0.0476541,0.00187398,0,-0.0313329,0.00124642,0.0671706,450.498,0,40,0,-2.71676e-06,False
2015-03-27,129.959,2061.02,0.0460768,0.00185521,0,0.0172948,0.000823903,0.0845655,453.467,0,40,0,0.000333275,False
2015-03-30,130.049,2086.24,0.0430071,0.00177834,0.00195873,0.21068,0.0047044,0.239288,458.626,0,40,0,0.000696552,False
2015-03-31,130.031,2067.89,0.0463212,0.00185027,0,-0.224347,0.0030722,0.0746468,454.654,0,40,0,-0.000140773,False
2015-04-01,130.03,2059.69,0.0474385,0.00188709,0,-0.0549578,0.00123393,0.0655225,453.321,0,40,0,-1.16589e-05,False
2015-04-02,130.08,2066.96,0.0447507,0.00181616,0,0.0320457,0.00135181,0.0890577,455.063,0,40,0,0.000385245,False
2015-04-06,130.171,2080.62,0.0435941,0.0018064,0,0.103206,0.00171584,0.141137,457.472,0,40,0,0.000701096,False
2015-04-07,130.255,2076.33,0.0422804,0.00173641,0,-0.0184239,0.00160858,0.0774348,453.091,0,39,1,0.000646947,False
2015-04-08,130.306,2081.9,0.0391147,0.0016795,0,0.0115773,0.00118586,0.0746363,450.451,0,39,1,0.000388662,False
2015-04-09,130.38,2091.18,0.0354895,0.00161032,0,0.0435622,0.00128619,0.0766819,451.448,0,39,1,0.000568736,False
2015-04-10,130.489,2102.06,0.029958,0.00148235,0,0.0824198,0.000991318,0.0778253,445.978,0,37,3,0.000834184,False
2015-04-13,130.447,2092.43,0.0371352,0.00164138,0,-0.0832381,0.00263215,0.0686749,443.483,0,39,1,-0.000315936,False
2015-04-14,130.501,2095.84,0.0365333,0.00163962,0,0.0174093,0.00136964,0.0654369,443.84,0,39,1,0.000415274,False
2015-04-15,130.58,2106.63,0.0321465,0.00155554,0,0.0590676,0.00134235,0.0755759,445.403,0,38,2,0.000599053,False
2015-04-16,130.603,2104.99,0.0295295,0.00150634,0,-0.0295711,0.00153468,0.0493102,444.619,0,38,2,0.000177539,False
2015-04-17,130.522,2081.18,0.0404025,0.00173101,0,-0.113164,0.00202126,0.0537298,443.955,0,40,0,-0.000619693,False
2015-04-20,130.583,2100.4,0.0355392,0.00161528,0,0.0918909,0.0022455,0.116029,451.327,0,39,1,0.000469426,False
2015-04-21,130.616,2097.29,0.0377165,0.0017008,0,-0.0427545,0.0022533,0.0740624,453.965,0,40,0,0.000252516,False
2015-04-22,130.68,2107.96,0.0372357,0.0016526,0,0.0651174,0.00192588,0.108861,455.788,0,39,1,0.000489805,False
2015-04-23,130.716,2112.93,0.0360207,0.00166182,0,-0.00190347,0.0036304,0.102156,455.938,0,40,0,0.000271881,False
2015-04-24,130.796,2117.69,0.0350448,0.0016122,0,0.036661,0.00118874,0.0909585,455.863,0,39,1,0.0006128,False
2015-04-27,130.811,2108.92,0.0382001,0.00168416,0,-0.0502232,0.00194229,0.059949,453.872,0,40,0,0.000117434,False
2015-04-28,130.863,2114.76,0.0349252,0.00160702,0,0.0248857,0.00152406,0.0646883,454.923,0,39,1,0.000397066,False
2015-04-29,130.859,2106.85,0.0386635,0.00170672,0,-0.0477634,0.00129248,0.0569253,453.64,0,40,0,-3.31354e-05,False
2015-04-30,130.832,2085.51,0.0467305,0.00186082,0,-0.0683582,0.00124789,0.0592509,450.817,0,40,0,-0.000206804,False
2015-05-01,130.907,2108.29,0.0365662,0.0016212,0,0.105749,0.00156648,0.123212,456.038,0,39,1,0.00057453,False
2015-05-04,131.018,2114.49,0.0357136,0.00162519,0,0.0664429,0.00126769,0.110827,453.626,0,39,1,0.000852887,False
2015-05-05,130.94,2089.46,0.0433748,0.00179602,0,-0.169833,0.00248999,0.0587508,452.466,0,40,0,-0.000600437,False
2015-05-06,130.917,2080.15,0.0507457,0.0019498,0,-0.05476,0.00179213,0.0742401,455.152,0,40,0,-0.000177527,False
2015-05-07,130.967,2088,0.0482028,0.00189018,0,0.0296539,0.00162855,0.09785,457.622,0,40,0,0.000387484,False
2015-05-08,131.161,2116.1,0.0323191,0.00154965,0.0147909,0.229599,0.00353314,0.145965,456.309,0,38,2,0.00148074,False
2015-05-11,131.159,2105.33,0.038219,0.00170357,0,-0.109826,0.0035006,0.0710524,453.411,0,40,0,-1.44719e-05,False
2015-05-12,131.137,2099.12,0.0431928,0.00172969,0,-0.0601894,0.0013562,0.0736702,451.827,0,39,1,-0.000173074,False
2015-05-13,131.187,2098.48,0.0413488,0.00176225,0,-0.0022755,0.000837853,0.0596071,455.004,0,40,0,0.000385372,False
2015-05-14,131.267,2121.1,0.031852,0.00156682,0,0.136575,0.00280472,0.144062,458.915,0,39,1,0.000606771,False
2015-05-15,131.313,2122.73,0.0365624,0.00162917,0,0.0152017,0.00313311,0.14482,455.016,0,39,1,0.000352294,False
2015-05-18,131.423,2129.2,0.0357897,0.00160953,0,0.0590082,0.00192878,0.12572,455.2,0,39,1,0.000840425,False
2015-05-19,131.468,2127.83,0.038094,0.00169607,0,-0.0392058,0.00198048,0.0763618,457.35,0,40,0,0.000339135,False
2015-05-20,131.515,2125.85,0.0378867,0.00164157,0,-0.00303796,0.00161629,0.0610635,456.636,0,39,1,0.000356659,False
2015-05-21,131.567,2130.82,0.0359404,0.00160633,0,0.0258453,0.00104562,0.0682955,454.266,0,39,1,0.000394646,False
2015-05-22,131.586,2126.06,0.0366314,0.00162773,0,-0.0270864,0.000910825,0.0560975,453.427,0,39,1,0.000145967,False
2015-05-26,131.499,2104.2,0.0412571,0.00172291,0,-0.129975,0.00155069,0.0505569,450.228,0,39,1,-0.00065699,False
2015-05-27,131.546,2123.48,0.0369474,0.00165004,0,0.0857001,0.0024108,0.122966,454.619,0,39,1,0.00035116,False
2015-05-28,131.584,2120.79,0.0396475,0.00168849,0,-0.0377427,0.00151061,0.0836182,454.164,0,39,1,0.00028928,False
2015-05-29,131.555,2107.39,0.0416623,0.00172718,0,-0.0931642,0.00150217,0.0575848,452.125,0,39,1,-0.000218096,False
2015-06-01,131.597,2111.73,0.0411399,0.001732,0,0.021531,0.000965095,0.0752965,456.802,0,40,0,0.00032125,False
2015-06-02,131.612,2109.6,0.0406291,0.00173372,0,-0.0280812,0.00154715,0.0696544,459.97,0,40,0,0.000113293,False
2015-06-03,131.667,2114.07,0.0403158,0.00173665,0,0.0228089,0.0014496,0.0749874,461.15,0,40,0,0.000414897,False
2015-06-04,131.613,2095.84,0.0471302,0.00186239,0,-0.108546,0.00165143,0.0642574,458.229,0,40,0,-0.00041164,False
2015-06-05,131.634,2092.83,0.0444983,0.00180639,0,-0.0213447,0.00108848,0.0628802,458.711,0,40,0,0.000164391,False
2015-06-08,131.612,2079.28,0.047568,0.00188386,0,-0.0665014,0.00118393,0.0634414,457.511,0,40,0,-0.000171402,False
2015-06-09,131.648,2080.15,0.0464898,0.00186057,0,-0.00021259,0.0011423,0.0708028,459.152,0,40,0,0.000272871,False
2015-06-10,131.713,2105.2,0.0402789,0.00170486,0,0.158549,0.00262401,0.199372,460.858,0,39,1,0.000500803,False
2015-06-11,131.869,2108.86,0.0377347,0.00168417,0,0.0455798,0.00176164,0.124146,460.522,0,40,0,0.00117752,False
2015-06-12,131.833,2094.11,0.0439697,0.00179924,0,-0.130255,0.00231678,0.0693397,460.455,0,40,0,-0.000269931,False
2015-06-15,131.801,2084.43,0.0536585,0.0020137,0,-0.0627659,0.00133166,0.0884875,458.975,0,40,0,-0.000239701,False
2015-06-16,131.861,2096.29,0.0523636,0.00197867,0,0.0480519,0.00127969,0.126012,461.729,0,40,0,0.000452443,False
2015-06-17,131.944,2100.44,0.0452821,0.0018281,0,-0.00171136,0.00141812,0.0829041,462.637,0,40,0,0.000632731,False
2015-06-18,132.109,2121.24,0.0334,0.0015704,0,0.132816,0.00161436,0.0812498,459.285,0,38,2,0.00124814,False
2015-06-19,132.103,2109.99,0.0407242,0.00175208,0,-0.0531089,0.00192309,0.0713425,456.073,0,40,0,-4.65725e-05,False
2015-06-22,132.189,2122.85,0.036499,0.0016489,0,0.0721081,0.00140992,0.0908319,457.711,0,39,1,0.000651453,False
2015-06-23,132.254,2124.2,0.034664,0.00162488,0,0.0102332,0.00158702,0.0673872,457.172,0,39,1,0.000492704,False
2015-06-24,132.229,2108.58,0.0383928,0.00166569,0,-0.0773322,0.00136265,0.0505682,454.243,0,39,1,-0.000190155,False
2015-06-25,132.234,2102.31,0.0422833,0.00178497,0,-0.0213926,0.00127657,0.06296,457.311,0,40,0,4.11217e-05,False
2015-06-26,132.255,2101.49,0.0444873,0.00181781,0,-0.00809495,0.00105037,0.075894,461.419,0,40,0,0.00015571,False
2015-06-29,132.114,2057.64,0.059711,0.00215697,0,-0.200001,0.00182488,0.0724244,455.231,0,40,0,-0.00106463,False
2015-06-30,132.162,2063.11,0.0576391,0.00211069,0,0.0149199,0.000957361,0.0939232,459.245,0,40,0,0.000363263,False
2015-07-01,132.248,2077.42,0.0540685,0.00202071,0,0.0714146,0.00114808,0.130944,463.411,0,40,0,0.000645374,False
2015-07-02,132.312,2076.78,0.0548092,0.00203018,0,-0.00146235,0.00138199,0.11658,463.653,0,40,0,0.000486199,False
2015-07-06,132.332,2068.76,0.0533815,0.00201328,0,-0.0679532,0.00158477,0.078339,462.383,0,40,0,0.000151694,False
2015-07-07,132.359,2081.34,0.0512131,0.00195848,0,0.00867515,0.0017456,0.106999,464.537,0,40,0,0.000207995,False
2015-07-08,132.288,2046.68,0.0667121,0.00232873,0,-0.150174,0.0014266,0.0908895,458.412,0,40,0,-0.000537232,False
2015-07-09,132.339,2051.31,0.0685042,0.00237017,0,0.0192555,0.00116203,0.124296,461.054,0,40,0,0.000384167,False
2015-07-10,132.463,2076.62,0.0553257,0.00204833,0,0.0994755,0.00216112,0.150724,466.351,0,40,0,0.000938227,False
2015-07-13,132.711,2099.6,0.040777,0.00175059,0.00741949,0.23643,0.00345645,0.167827,469.475,0,40,0,0.00186827,False
2015-07-14,132.894,2108.95,0.0367994,0.00169775,0.00637095,0.111307,0.00216714,0.122564,469.206,0,40,0,0.00137995,False
2015-07-15,132.943,2107.4,0.0390229,0.00169153,0,-0.0270169,0.00241968,0.0815714,463.529,0,39,1,0.000367868,False
2015-07-16,133.136,2124.29,0.0266621,0.00151147,0.00691933,0.157468,0.00418855,0.0598171,458.552,0,38,2,0.00145375,False
2015-07-17,133.089,2126.64,0.0345369,0.00161672,0,0.00449462,0.00320843,0.141063,457.617,0,39,1,-0.000353322,False
2015-07-20,133.164,2128.28,0.0356277,0.0016419,0,-0.000204957,0.00211077,0.0979121,457.068,0,39,1,0.00056219,False
2015-07-21,133.174,2119.21,0.0357909,0.00164761,0,-0.0690224,0.00216164,0.0508265,458.433,0,39,1,7.54323e-05,False
2015-07-22,133.184,2114.15,0.0349449,0.00163363,0,-0.0260721,0.000976851,0.0473409,457.885,0,39,1,7.31971e-05,False
2015-07-23,133.174,2102.15,0.039072,0.00169683,0,-0.0416202,0.00134547,0.051027,456.699,0,39,1,-6.96525e-05,False
2015-07-24,133.147,2079.65,0.0416028,0.00179031,0,-0.0673395,0.00116411,0.0496283,457.742,0,40,0,-0.000204937,False
2015-07-27,133.115,2067.64,0.0475451,0.00189282,0,-0.0611065,0.00132837,0.0652034,461.352,0,40,0,-0.000243023,False
2015-07-28,133.217,2093.25,0.0381786,0.00167996,0,0.15725,0.00322813,0.153656,464.444,0,39,1,0.000766766,False
2015-07-29,133.417,2108.57,0.0348976,0.00163699,0.0666676,0.333662,0.00500945,0.248355,463.635,0,39,1,0.00150542,False
2015-07-30,133.532,2108.63,0.0341203,0.00159135,0.0116849,-0.0326037,0.00276805,0.118748,459.224,0,38,2,0.00086255,False
2015-07-31,133.547,2103.84,0.0354408,0.0016562,0,-0.0754118,0.00252098,0.0604056,457.429,0,39,1,0.000106297,False
2015-08-03,133.543,2098.04,0.0355304,0.0016361,0,-0.0468237,0.00158718,0.0495883,456.141,0,39,1,-2.77003e-05,False
2015-08-04,133.547,2093.32,0.0367485,0.0016839,0,-0.0259787,0.00114409,0.0530565,459.181,0,39,1,3.34993e-05,False
2015-08-05,133.574,2099.84,0.0348806,0.00165085,0,0.0100587,0.00145294,0.068629,460.989,0,39,1,0.000196657,False
2015-08-06,133.56,2083.56,0.042523,0.00180862,0,-0.0604904,0.001694,0.0606769,461.861,0,40,0,-0.000101202,False
2015-08-07,133.576,2077.57,0.0422357,0.00176594,0,-0.0244215,0.000946553,0.059751,461.869,0,39,1,0.000120002,False
2015-08-10,133.701,2104.18,0.033537,0.00159143,0,0.216458,0.00223324,0.181134,460.574,0,38,2,0.000934209,False
2015-08-11,133.633,2084.07,0.0424344,0.00177148,0,-0.219984,0.00285682,0.0670524,456.536,0,39,1,-0.000509318,False
2015-08-12,133.624,2086.05,0.0437393,0.00177869,0,-0.0320498,0.00162248,0.0837273,457.295,0,39,1,-6.27584e-05,False
2015-08-13,133.65,2083.39,0.0431465,0.00181015,0,-0.0310196,0.00221457,0.0661201,463.644,0,40,0,0.0001924,False
2015-08-14,133.723,2091.54,0.0376703,0.00172512,0,0.0434982,0.0011555,0.0712822,468.666,0,40,0,0.000547143,False
2015-08-17,133.774,2102.44,0.0338807,0.0016223,0,0.0453931,0.00277208,0.0950052,467.051,0,39,1,0.000382554,False
2015-08-18,133.792,2096.92,0.0385988,0.00170299,0,-0.0454861,0.00165637,0.0674323,461.931,0,39,1,0.000129519,False
2015-08-19,133.743,2079.61,0.0499237,0.0019467,0,-0.0868183,0.00175802,0.0751391,458.887,0,40,0,-0.000361054,False
2015-08-20,133.654,2035.73,0.0579117,0.00213148,0,-0.152759,0.00144684,0.0658934,459.303,0,40,0,-0.000666796,False
2015-08-21,133.346,1970.89,0.118224,0.00372192,0,-0.297723,0.00244007,0.18851,452.043,0,40,0,-0.00230654,False
2015-08-24,133.268,1893.21,0.158591,0.00488699,0,-0.206575,0.00131406,0.212387,445.671,0,40,0,-0.000585407,False
2015-08-25,133.45,1867.61,0.104999,0.003384,0,-0.0162429,0.00116526,0.114688,451.034,0,40,0,0.00136497,False
2015-08-26,133.433,1940.51,0.08781,0.00290722,0,0.418087,0.00363613,0.630798,472.052,0,40,0,-0.000125562,False
2015-08-27,133.392,1987.66,0.0811061,0.0027201,0.676947,1.42319,0.00548708,1.49071,480.181,0,40,0,-0.000305601,False
2015-08-28,133.75,1988.87,0.0787197,0.00265554,0.412592,-0.00467652,0.00419954,0.787234,475.864,0,40,0,0.00268436,False
2015-08-31,133.963,1972.18,0.0813251,0.00273368,0.069171,-0.384075,0.00266962,0.19726,468.905,0,40,0,0.0015899,False
2015-09-01,133.67,1913.85,0.0961721,0.00313433,0,-0.466979,0.00291555,0.113129,457.332,0,40,0,-0.00218512,False
2015-09-02,133.829,1948.86,0.0786638,0.00268236,0,0.153095,0.00121479,0.182469,467.467,0,40,0,0.00118592,False
2015-09-03,133.923,1951.13,0.0781573,0.00266151,0,-0.00403474,0.00136551,0.158815,469.194,0,40,0,0.000700513,False
2015-09-04,133.872,1921.22,0.084551,0.00282882,0,-0.176444,0.00118613,0.113784,464.419,0,40,0,-0.000379896,False
2015-09-08,133.926,1969.41,0.0760799,0.00261026,0,0.26254,0.00281881,0.392383,474.558,0,40,0,0.000407794,False
2015-09-09,133.779,1942.04,0.0843097,0.00281603,0,-0.465531,0.00388663,0.151685,467.337,0,40,0,-0.00109931,False
2015-09-10,133.909,1952.29,0.0826324,0.00277243,0,0.0650081,0.000807796,0.165916,469.496,0,40,0,0.000970478,False
2015-09-11,134.045,1961.05,0.077445,0.00263522,0,0.0531951,0.000857668,0.156618,470.723,0,40,0,0.00101894,False
2015-09-14,134.062,1953.03,0.0877053,0.00289712,0,-0.0711232,0.00156782,0.151967,468.511,0,40,0,0.000125096,False
2015-09-15,134.21,1978.09,0.0823998,0.00276091,0,0.161226,0.0016273,0.243803,473.316,0,40,0,0.0010995,False
2015-09-16,134.419,1995.31,0.0875823,0.00289246,0,0.244916,0.00302476,0.360916,474.94,0,40,0,0.00156076,False
2015-09-17,134.629,1990.2,0.06847,0.00241268,0,-0.10902,0.00480275,0.102996,472.305,0,40,0,0.00156342,False
2015-09-18,134.531,1958.03,0.0667898,0.00237964,0,-0.186095,0.00134245,0.0780979,465.951,0,40,0,-0.000728888,False
2015-09-21,134.595,1966.97,0.0605551,0.00223164,0,0.0249492,0.0011278,0.0963715,469.162,0,40,0,0.000474771,False
2015-09-22,134.518,1942.74,0.0675214,0.0023912,0,-0.149861,0.00133245,0.0873331,466.003,0,40,0,-0.000572271,False
2015-09-23,134.55,1938.76,0.0674301,0.00240224,0,-0.0244607,0.00108578,0.0950434,467.691,0,40,0,0.000236185,False
2015-09-24,134.567,1932.24,0.0710719,0.0024912,0,-0.0327518,0.000725468,0.11234,468.316,0,40,0,0.000132347,False
2015-09-25,134.605,1931.34,0.0697409,0.002452,0,-0.0218277,0.00191601,0.118087,469.55,0,40,0,0.000280885,False
2015-09-28,134.462,1881.77,0.0870859,0.00290403,0,-0.238803,0.00162064,0.104724,461.784,0,40,0,-0.00106147,False
2015-09-29,134.519,1884.09,0.0851287,0.00286177,0,0.00469323,0.00142187,0.133497,465.938,0,40,0,0.000422168,False
2015-09-30,134.635,1920.03,0.0770843,0.00264331,0,0.230119,0.00325899,0.31852,474.968,0,40,0,0.000864397,False
2015-10-01,134.914,1923.82,0.0722301,0.0025259,0,0.0889718,0.00145409,0.197037,475.098,0,40,0,0.00207007,False
2015-10-02,135.166,1951.36,0.0661677,0.00237377,0.0275621,0.380276,0.00615827,0.355456,479.166,0,40,0,0.00186734,False
2015-10-05,135.401,1987.05,0.0574752,0.00214473,0.584317,1.2888,0.0140206,0.86657,482.699,0,40,0,0.0017362,False
2015-10-06,135.763,1979.92,0.0564139,0.0021469,0.0883789,-0.268013,0.00541791,0.197073,477.683,0,40,0,0.00267321,False
2015-10-07,135.927,1995.83,0.0534318,0.00206928,0.0525612,0.192484,0.0039446,0.219775,478.907,0,40,0,0.00121269,False
2015-10-08,136.169,2013.43,0.0489323,0.00199214,0.152976,0.378734,0.0089532,0.241635,480.321,0,40,0,0.00177952,False
2015-10-09,136.318,2014.89,0.042807,0.00183386,0,-0.0376752,0.00258667,0.0935695,475.515,0,39,1,0.00109259,False
2015-10-12,136.37,2017.46,0.0447312,0.001863,0,0.0153766,0.00175918,0.0982017,471.667,0,39,1,0.000380386,False
2015-10-13,136.349,2003.69,0.0503009,0.00200792,0,-0.0939929,0.00170194,0.0718998,471.953,0,40,0,-0.000154726,False
2015-10-14,136.36,1994.24,0.0460191,0.00191563,0,-0.0451644,0.00122701,0.0582783,474.353,0,40,0,8.31223e-05,False
2015-10-15,136.425,2023.86,0.0394281,0.0017557,0,0.21517,0.00330223,0.242988,477.331,0,39,1,0.000475438,False
2015-10-16,136.41,2033.11,0.0461278,0.00190201,0.0884984,0.196221,0.00359691,0.406598,477.836,0,40,0,-0.000111848,False
2015-10-19,136.658,2033.66,0.0436163,0.00184343,0.0187698,0.0042492,0.00335865,0.181925,476.636,0,39,1,0.00182221,False
2015-10-20,136.725,2030.77,0.0456354,0.00191576,0,-0.0607856,0.00195577,0.0964889,475.135,0,40,0,0.000485988,False
2015-10-21,136.719,2018.94,0.0507442,0.00202443,0,-0.0765951,0.0017772,0.0720027,476.161,0,40,0,-3.77862e-05,False
2015-10-22,136.746,2052.51,0.0464933,0.0019073,0,0.279611,0.00412498,0.365873,482.78,0,40,0,0.00019164,False
2015-10-23,136.898,2075.15,0.0422706,0.00182887,0.342996,0.962496,0.0119847,0.861489,485.275,0,40,0,0.00111405,False
2015-10-26,137.162,2071.18,0.045411,0.00186121,0.0921536,-0.210881,0.00630807,0.331368,478.864,0,39,1,0.00193084,False
2015-10-27,137.271,2065.89,0.0475929,0.0019262,0.0129848,-0.132606,0.0025681,0.120656,476.683,0,40,0,0.000788991,False
2015-10-28,137.332,2090.35,0.0446656,0.00185551,0.182496,0.333476,0.00645727,0.246666,483.829,0,40,0,0.000446729,False
2015-10-29,137.431,2089.41,0.0444236,0.00184111,0,-0.0548973,0.00262833,0.132369,482.48,0,40,0,0.00072346,False
2015-10-30,137.458,2079.36,0.0443352,0.00180453,0,-0.0800626,0.00179339,0.0663635,476.766,0,39,1,0.000194137,False
2015-11-02,137.578,2104.05,0.0408447,0.00178843,0,0.215253,0.00334275,0.196728,481.062,0,40,0,0.000877372,False
2015-11-03,137.624,2109.79,0.0416569,0.00177664,0,-0.00308828,0.00585635,0.181989,480.786,0,39,1,0.00033199,False
2015-11-04,137.65,2102.31,0.0457149,0.00190446,0,-0.106935,0.00326707,0.0894422,478.523,0,40,0,0.000190048,False
2015-11-05,137.681,2099.93,0.0441929,0.00183653,0,-0.0292664,0.00257189,0.0688442,481.28,0,40,0,0.000226052,False
2015-11-06,137.725,2099.2,0.0403099,0.00178143,0,-0.00315414,0.000956682,0.0599602,481.234,0,40,0,0.000314507,False
2015-11-09,137.656,2078.58,0.0480113,0.00194055,0,-0.111729,0.00134548,0.0613474,478.193,0,40,0,-0.000496577,False
2015-11-10,137.701,2081.72,0.044404,0.00183736,0,0.0117701,0.000744666,0.0703004,476.883,0,39,1,0.000324278,False
2015-11-11,137.719,2075,0.0474734,0.00193385,0,-0.0287267,0.00101206,0.0681896,476.696,0,40,0,0.000130077,False
2015-11-12,137.668,2045.97,0.056177,0.00211447,0,-0.101343,0.0012621,0.0701507,476.277,0,40,0,-0.000366714,False
2015-11-13,137.648,2023.04,0.0623639,0.00227455,0,-0.0706773,0.00105764,0.07896,474.889,0,40,0,-0.000148581,False
2015-11-16,137.777,2053.19,0.0542715,0.00208047,0,0.199641,0.00188351,0.200185,483.19,0,40,0,0.000935162,False
2015-11-17,137.853,2050.44,0.0563647,0.00212379,0,-0.046743,0.00229854,0.128764,483.096,0,40,0,0.000556121,False
2015-11-18,137.85,2083.58,0.0435938,0.00186247,0.0814806,0.26693,0.0120566,0.347385,488.736,0,40,0,-2.53651e-05,False
2015-11-19,138.047,2081.24,0.0388114,0.00177838,0.0148331,-0.0623538,0.0036422,0.106452,485.925,0,40,0,0.00143009,False
2015-11-20,138.038,2089.17,0.0463452,0.00189082,0.0141863,0.0502621,0.00520246,0.1907,485.561,0,40,0,-6.46135e-05,False
2015-11-23,138.114,2086.59,0.0452543,0.00185518,0,-0.0664784,0.00243955,0.0891268,480.434,0,39,1,0.000550963,False
2015-11-24,138.141,2089.14,0.0464332,0.00189723,0,-0.0140106,0.00182438,0.0909419,480.342,0,40,0,0.000194665,False
2015-11-25,138.193,2088.87,0.0455459,0.001885,0,-0.00409983,0.00106835,0.0776888,483.67,0,40,0,0.000374587,False
2015-11-27,138.235,2090.11,0.0474184,0.00194443,0,0.0104613,0.00116846,0.0898198,483.87,0,40,0,0.000308524,False
2015-11-30,138.248,2080.41,0.0493691,0.0019707,0,-0.0506051,0.00129328,0.072317,482.283,0,40,0,9.4063e-05,False
2015-12-01,138.345,2102.63,0.043886,0.00182247,0,0.1512,0.00160576,0.167245,483.227,0,39,1,0.00069968,False
2015-12-02,138.236,2079.51,0.0490905,0.00195338,0,-0.252281,0.00281865,0.0682014,478.45,0,40,0,-0.0007873,False
2015-12-03,138.183,2049.62,0.0578904,0.00215036,0,-0.105231,0.00147926,0.0700834,477.575,0,40,0,-0.000382333,False
2015-12-04,138.275,2091.69,0.0451024,0.00187805,0,0.315854,0.00333674,0.333855,487.15,0,40,0,0.000665566,False
2015-12-07,138.29,2077.07,0.0505854,0.00199591,0,-0.261018,0.00335169,0.103573,483.835,0,40,0,0.000104881,False
2015-12-08,138.276,2063.59,0.057359,0.00213188,0,-0.0873442,0.00132143,0.0836124,481.847,0,40,0,-9.74648e-05,False
2015-12-09,138.226,2047.62,0.065708,0.00233657,0,-0.0958827,0.00176636,0.0998135,479.88,0,40,0,-0.000365057,False
2015-12-10,138.298,2052.23,0.0635643,0.00228713,0,0.0186849,0.00143508,0.106361,482.215,0,40,0,0.000520739,False
2015-12-11,138.198,2012.37,0.0856079,0.00284629,0,-0.166766,0.00126583,0.120447,476.622,0,40,0,-0.000718422,False
2015-12-14,138.318,2021.94,0.0809822,0.00272804,0,0.0602565,0.000908777,0.138352,481.494,0,40,0,0.000866127,False
2015-12-15,138.448,2043.41,0.0777433,0.00263442,0,0.136026,0.00232619,0.217438,486.83,0,40,0,0.000937859,False
2015-12-16,138.8,2073.07,0.0562843,0.00210797,0.00525065,0.299591,0.00423518,0.20925,491.739,0,40,0,0.00254586,False
2015-12-17,138.873,2041.89,0.0592777,0.00219666,0,-0.11797,0.00314184,0.0730077,484.252,0,40,0,0.000520254,False
2015-12-18,138.835,2005.55,0.0618071,0.00227868,0,-0.0995082,0.00116263,0.0698701,478.195,0,40,0,-0.000273666,False
2015-12-21,138.873,2021.15,0.0612166,0.0022518,0,0.0483263,0.00166665,0.136723,483.791,0,40,0,0.000279267,False
2015-12-22,138.931,2038.97,0.0548663,0.00210236,0,0.0634653,0.00426288,0.191423,488.365,0,40,0,0.000412365,False
2015-12-23,139.089,2064.29,0.048949,0.00196214,0.127109,0.50452,0.00575874,0.451991,492.682,0,40,0,0.00113777,False
2015-12-24,139.307,2060.99,0.0491703,0.00198121,0.0137934,-0.0847723,0.00417425,0.177733,489.98,0,40,0,0.00157244,False
2015-12-28,139.34,2056.5,0.0500531,0.00199562,0,-0.107509,0.00192481,0.0838981,487.664,0,40,0,0.000233,False
2015-12-29,139.457,2078.36,0.0471025,0.00193096,0,0.182845,0.00234076,0.192429,491.069,0,40,0,0.000840717,False
2015-12-30,139.474,2063.36,0.0520652,0.00203176,0,-0.140484,0.00316026,0.0815999,487.277,0,40,0,0.000123465,False
2015-12-31,139.454,2043.94,0.0563827,0.00213955,0,-0.0805345,0.00126367,0.0742472,484.267,0,40,0,-0.000144846,False
2016-01-04,139.342,2012.66,0.071886,0.00250709,0,-0.161269,0.00182186,0.0922748,480.323,0,40,0,-0.000801268,False
2016-01-05,139.402,2016.71,0.0640671,0.00231435,0,0.00473784,0.00093782,0.0983612,484.221,0,40,0,0.000426765,False
2016-01-06,139.353,1990.26,0.0698337,0.00246076,0,-0.123665,0.00113715,0.0892112,481.809,0,40,0,-0.00034633,False
2016-01-07,139.242,1943.09,0.0871295,0.00291498,0,-0.180135,0.00126915,0.103448,476.444,0,40,0,-0.000799602,False
2016-01-08,139.271,1922.03,0.0895887,0.00298044,0,-0.0422967,0.00122007,0.117774,477.642,0,40,0,0.000206589,False
2016-01-11,139.352,1923.67,0.0812893,0.0027693,0,0.00207572,0.00109662,0.116006,482.729,0,40,0,0.000583521,False
2016-01-12,139.456,1938.68,0.0769406,0.00265941,0,0.0627419,0.00107662,0.148309,488.663,0,40,0,0.00074375,False
2016-01-13,139.422,1890.28,0.0907037,0.00303049,0,-0.15644,0.00201231,0.110908,480.457,0,40,0,-0.00023934,False
2016-01-14,139.532,1921.84,0.0707761,0.0025082,0,0.100234,0.00275119,0.166485,489.401,0,40,0,0.000790209,False
2016-01-15,139.355,1880.33,0.0818331,0.0028004,0,-0.3203,0.00179901,0.100728,481.583,0,40,0,-0.00127074,False
2016-01-19,139.399,1881.33,0.0772082,0.00268097,0,-0.0153553,0.00132057,0.114867,484.496,0,40,0,0.000313678,False
2016-01-20,139.348,1859.33,0.0844612,0.00288821,0,-0.134867,0.00110509,0.111582,482.258,0,40,0,-0.000366677,False
2016-01-21,139.416,1868.99,0.0803973,0.0027711,0,0.0336273,0.00105243,0.153049,486.544,0,40,0,0.000493256,False
2016-01-22,139.595,1906.9,0.0689986,0.00247732,0.00711996,0.353679,0.00420196,0.383322,495.014,0,40,0,0.00128109,False
2016-01-25,139.538,1877.08,0.0740472,0.00262023,0,-0.403761,0.00351588,0.104811,487.086,0,40,0,-0.000410749,False
2016-01-26,139.639,1903.63,0.0715145,0.00253756,0,0.16671,0.00296983,0.236134,492.346,0,40,0,0.000726636,False
2016-01-27,139.576,1882.95,0.0745549,0.00262015,0,-0.256694,0.00553958,0.109243,486.725,0,40,0,-0.00045408,False
2016-01-28,139.666,1893.36,0.0705007,0.00252216,0,0.0546604,0.001441,0.140338,489.214,0,40,0,0.000645543,False
2016-01-29,139.563,1940.24,0.0637086,0.00234772,0.124935,0.648833,0.00650873,0.822254,497.786,0,40,0,-0.000738664,False
2016-02-01,139.929,1939.38,0.0613886,0.00229635,0.0323891,-0.137955,0.0100693,0.334455,494.185,0,40,0,0.0026259,False
2016-02-02,139.78,1903.03,0.0711471,0.00253574,0,-0.458181,0.00348778,0.090968,485.22,0,40,0,-0.0010689,False
2016-02-03,139.844,1912.53,0.0710614,0.00252921,0,0.0413652,0.00170915,0.135167,487.883,0,40,0,0.000457789,False
2016-02-04,139.925,1915.45,0.0709099,0.00252788,0,0.0169303,0.00119733,0.138119,489.059,0,40,0,0.000580385,False
2016-02-05,139.889,1880.05,0.0793582,0.00274155,0,-0.149684,0.00165765,0.099,483.299,0,40,0,-0.000254468,False
2016-02-08,139.84,1853.44,0.0890677,0.0030044,0,-0.119725,0.00105209,0.113431,481.102,0,40,0,-0.000351313,False
2016-02-09,139.883,1852.21,0.0929471,0.00309232,0,-0.00991134,0.00100965,0.149446,484.516,0,40,0,0.000306915,False
2016-02-10,139.98,1851.86,0.0882704,0.00298357,0,0.00586334,0.00159391,0.14199,487.354,0,40,0,0.000693521,False
2016-02-11,139.885,1829.08,0.092764,0.00311588,0,-0.199865,0.00120912,0.125221,484.782,0,40,0,-0.000676218,False
2016-02-12,140.11,1864.78,0.0748182,0.00263315,0,0.240157,0.00172598,0.211527,494.044,0,40,0,0.00160353,False
2016-02-16,140.388,1895.58,0.0680367,0.00247148,0.0820251,0.545658,0.00467684,0.457335,498.983,0,40,0,0.00198925,False
2016-02-17,140.561,1926.82,0.0623406,0.002325,0.505336,1.26124,0.0132086,1.08749,501.946,0,40,0,0.00122911,False
2016-02-18,140.942,1917.83,0.0617675,0.00232295,0.0843201,-0.398705,0.00656246,0.276587,496.105,0,40,0,0.0027089,False
2016-02-19,141.026,1917.78,0.0668261,0.00244275,0.0201908,-0.0762757,0.00253733,0.157101,493.944,0,40,0,0.000602134,False
2016-02-22,141.347,1945.5,0.0614589,0.00231592,0.0798322,0.485833,0.00603021,0.29524,498.641,0,40,0,0.00227599,False
2016-02-23,141.324,1921.27,0.0671492,0.00244225,0,-0.281295,0.00341114,0.0984622,492.522,0,40,0,-0.000164281,False
2016-02-24,141.375,1929.8,0.0679184,0.00246466,0,0.0332017,0.00139537,0.144648,494.904,0,40,0,0.000361396,False
2016-02-25,141.526,1951.7,0.063001,0.00233646,0,0.188605,0.0040791,0.239107,498.968,0,40,0,0.00106619,False
2016-02-26,141.633,1948.05,0.0661467,0.00239204,0,-0.0475677,0.00259715,0.145482,496.97,0,40,0,0.000757564,False
2016-02-29,141.655,1932.23,0.0664671,0.00241383,0,-0.0956831,0.00135384,0.0905629,493.543,0,40,0,0.000154872,False
2016-03-01,141.707,1978.35,0.0593655,0.00223838,0,0.464431,0.0044546,0.556263,502.592,0,40,0,0.000362872,False
2016-03-02,141.938,1986.45,0.0542821,0.00213098,0.128573,0.147237,0.00527963,0.390236,501.681,0,40,0,0.0016341,False
2016-03-03,142.105,1993.4,0.0554966,0.00215098,0.0923746,0.139425,0.00252272,0.321284,500.939,0,40,0,0.00117534,False
2016-03-04,142.181,1999.99,0.0577639,0.0022064,0.0823857,0.0298367,0.00428459,0.244064,500.227,0,40,0,0.000534423,False
2016-03-07,142.287,2001.76,0.0594428,0.00225874,0.0280056,-0.0328963,0.00207506,0.132501,498.989,0,40,0,0.000743912,False
2016-03-08,142.244,1979.26,0.0651175,0.00237769,0,-0.150738,0.00155937,0.0859767,494.375,0,40,0,-0.000302442,False
2016-03-09,142.308,1989.26,0.0652151,0.00238609,0,0.0488284,0.000843867,0.13241,497.49,0,40,0,0.000452607,False
2016-03-10,142.375,1989.57,0.0604182,0.00228051,0,-0.0197975,0.0015818,0.102106,498.024,0,40,0,0.000471249,False
2016-03-11,142.568,2022.19,0.0497363,0.00200478,0,0.360311,0.00325573,0.314241,504.383,0,40,0,0.00135313,False
2016-03-14,142.643,2019.64,0.0537225,0.00210297,0,-0.121964,0.00322561,0.165164,501.963,0,40,0,0.000529624,False
2016-03-15,142.675,2015.93,0.0617786,0.00227877,0,-0.0534266,0.00191111,0.137658,499.845,0,40,0,0.000222007,False
2016-03-16,142.873,2027.22,0.0511051,0.00207458,0,0.113505,0.00113549,0.100476,501.469,0,40,0,0.00139186,False
2016-03-17,142.992,2040.59,0.0410394,0.00182342,0,0.065173,0.00304279,0.0829381,499.585,0,39,1,0.000832093,False
2016-03-18,143.028,2049.58,0.0456373,0.00190946,0,0.0773845,0.00200652,0.166096,496.548,0,39,1,0.000251399,False
2016-03-21,143.161,2051.6,0.0429003,0.00190791,0,0.0290674,0.00256532,0.101318,499.178,0,40,0,0.000924799,False
2016-03-22,143.182,2049.8,0.0446852,0.00194199,0,-0.0400634,0.00170163,0.0807657,501.443,0,40,0,0.000150393,False
2016-03-23,143.179,2036.71,0.0483826,0.00201884,0,-0.0638522,0.00151404,0.0650067,498.791,0,40,0,-2.26526e-05,False
2016-03-24,143.203,2035.94,0.0474951,0.00198172,0,-0.00959359,0.00062604,0.0761407,499.549,0,40,0,0.000168738,False
2016-03-28,143.243,2037.05,0.0463384,0.00197033,0,-0.00239819,0.00147059,0.076821,500.616,0,40,0,0.00027806,False
2016-03-29,143.334,2055.01,0.0400383,0.00181561,0,0.124379,0.00239628,0.145823,500.792,0,39,1,0.000636708,False
2016-03-30,143.485,2063.95,0.039023,0.00181221,0,0.13005,0.00276315,0.159403,497.975,0,39,1,0.0010529,False
2016-03-31,143.52,2059.74,0.0415154,0.00184109,0,-0.0763851,0.00292551,0.0851896,495.938,0,39,1,0.000240979,False
2016-04-01,143.49,2072.78,0.0380431,0.00174578,0,-0.0128123,0.00580227,0.132406,493.941,0,38,2,-0.000205778,False
2016-04-04,143.477,2066.13,0.0417378,0.00182867,0,-0.109563,0.00256429,0.0728474,491.596,0,39,1,-8.82316e-05,False
2016-04-05,143.419,2045.17,0.0484353,0.00199875,0,-0.115274,0.00146179,0.0613632,491.34,0,40,0,-0.000409925,False
2016-04-06,143.516,2066.66,0.0419767,0.00185345,0,0.144109,0.00173164,0.146611,500.031,0,39,1,0.000678105,False
2016-04-07,143.425,2041.91,0.051642,0.00206404,0,-0.213203,0.00239096,0.071865,495.314,0,40,0,-0.000635959,False
2016-04-08,143.485,2047.6,0.0446499,0.00192523,0,0.0183876,0.00168719,0.0710681,501.304,0,40,0,0.000419886,False
2016-04-11,143.482,2041.99,0.0522764,0.00207211,0,-0.0315872,0.00157398,0.0910564,500.855,0,40,0,-2.05266e-05,False
2016-04-12,143.562,2061.72,0.0434979,0.00190685,0,0.101749,0.00216157,0.1516,504.997,0,40,0,0.000561982,False
2016-04-13,143.78,2082.42,0.0376493,0.00174371,0.0821409,0.431832,0.00642687,0.313419,500.875,0,38,2,0.00151398,False
2016-04-14,144.005,2082.78,0.0331321,0.00168894,0.00976711,0.0154057,0.00471727,0.120279,491.862,0,38,2,0.0015684,False
2016-04-15,144.019,2080.73,0.0436642,0.00191243,0,-0.0228805,0.00261067,0.122578,493.849,0,40,0,9.69561e-05,False
2016-04-18,144.228,2094.34,0.0417154,0.00182769,0.00762414,0.217104,0.0021264,0.16076,499.337,0,39,1,0.0014516,False
2016-04-19,144.375,2100.8,0.0433987,0.00188882,0,0.106694,0.00457896,0.157983,503.384,0,40,0,0.00101508,False
2016-04-20,144.45,2102.4,0.0412115,0.00182419,0,-0.0118923,0.00269455,0.107691,503.019,0,39,1,0.000520121,False
2016-04-21,144.445,2091.48,0.0430945,0.00188599,0,-0.0910146,0.00199244,0.0604,500.568,0,40,0,-3.12066e-05,False
2016-04-22,144.451,2091.58,0.0435848,0.00186607,0,-0.0284551,0.00123985,0.0668176,500.96,0,39,1,3.88115e-05,False
2016-04-25,144.458,2087.79,0.044025,0.00190843,0,-0.0303767,0.00101744,0.070101,500.787,0,40,0,5.14992e-05,False
2016-04-26,144.508,2091.7,0.0434405,0.00186059,0,0.0224136,0.00138653,0.0829088,502.136,0,39,1,0.00034473,False
2016-04-27,144.522,2095.15,0.043475,0.00190603,0,-0.0221464,0.00293602,0.0857088,502.907,0,40,0,9.47115e-05,False
2016-04-28,144.482,2075.81,0.0497749,0.00202004,0,-0.10667,0.00153704,0.0655695,502.891,0,40,0,-0.000278939,False
2016-04-29,144.479,2065.3,0.0522014,0.00207615,0,-0.0479908,0.00107186,0.0695713,502.152,0,40,0,-2.03429e-05,False
2016-05-02,144.577,2081.43,0.0444458,0.00191747,0,0.101106,0.00128179,0.113067,506.585,0,40,0,0.000684234,False
2016-05-03,144.49,2063.37,0.0500842,0.00203653,0,-0.179347,0.00223416,0.0674176,503.469,0,40,0,-0.000607865,False
2016-05-04,144.47,2051.12,0.0528309,0.00210228,0,-0.0660058,0.00109432,0.070252,502.399,0,40,0,-0.000132922,False
2016-05-05,144.508,2050.63,0.0525169,0.00208139,0,0.00147326,0.00101416,0.0837771,503.732,0,40,0,0.000258666,False
2016-05-06,144.578,2057.14,0.0483494,0.00199933,0,0.0303344,0.00139884,0.0889498,505.973,0,40,0,0.000485185,False
2016-05-09,144.619,2058.69,0.047997,0.00196942,0,-0.00815729,0.00249353,0.0827786,503.048,0,39,1,0.000287374,False
2016-05-10,144.735,2084.39,0.0408364,0.00182477,0,0.281685,0.00319819,0.285033,503.906,0,39,1,0.00079688,False
2016-05-11,144.7,2064.46,0.0465073,0.00194229,0,-0.290388,0.00429698,0.0696374,498.544,0,39,1,-0.000239916,False
2016-05-12,144.726,2064.11,0.0458983,0.00192116,0,-0.0132922,0.00164787,0.0724103,498.438,0,39,1,0.000181508,False
2016-05-13,144.674,2046.61,0.0488203,0.00204217,0,-0.107493,0.00142256,0.0619886,499.18,0,40,0,-0.000357335,False
2016-05-16,144.684,2066.66,0.043872,0.00191815,0,0.0681629,0.00585692,0.157036,507.766,0,40,0,6.36807e-05,False
2016-05-17,144.654,2047.21,0.0540053,0.00212382,0,-0.153779,0.00257955,0.0825075,504.166,0,40,0,-0.000206994,False
2016-05-18,144.66,2047.63,0.0533523,0.00210847,0,-0.0337391,0.00201446,0.0920902,505.132,0,40,0,4.08394e-05,False
2016-05-19,144.695,2040.04,0.0455341,0.00196869,0,-0.0430947,0.000734826,0.0566543,504.4,0,40,0,0.000243134,False
2016-05-20,144.695,2052.32,0.0496366,0.00203529,0,0.0359259,0.00244849,0.13785,507.44,0,40,0,-8.09792e-07,False
2016-05-23,144.736,2048.04,0.0487077,0.00201561,0,-0.0566018,0.00199635,0.0842499,506.607,0,40,0,0.000288154,False
2016-05-24,144.801,2076.06,0.0424398,0.00192223,0.00563935,0.296781,0.00419586,0.346619,511.596,0,40,0,0.000449739,False
2016-05-25,144.94,2090.54,0.0402768,0.00181884,0.220602,0.513923,0.0135187,0.526486,508.71,0,39,1,0.000955747,False
2016-05-26,145.202,2090.1,0.0412679,0.0018262,0.0817592,-0.0169372,0.00523959,0.19941,502.904,0,39,1,0.00181166,False
2016-05-27,145.381,2099.06,0.0377836,0.00179961,0.0783591,0.200948,0.00213624,0.177186,503.376,0,39,1,0.00123042,False
2016-05-31,145.426,2096.95,0.0412368,0.00183408,0.0103357,-0.0781992,0.00369989,0.079486,501.922,0,39,1,0.000308622,False
2016-06-01,145.439,2099.33,0.0402963,0.00181335,0,-0.022283,0.00178439,0.0811502,502.124,0,39,1,8.76822e-05,False
2016-06-02,145.462,2105.26,0.0384512,0.0017748,0,-0.0078744,0.00201653,0.0851082,503.008,0,39,1,0.000156956,False
2016-06-03,145.478,2099.13,0.0359589,0.001771,0,-0.0519688,0.00168221,0.049332,501.465,0,39,1,0.000112148,False
2016-06-06,145.534,2109.41,0.0376493,0.00173327,0,0.0779088,0.00173962,0.105565,499.753,0,38,2,0.000383924,False
2016-06-07,145.601,2112.13,0.0367732,0.00176061,0,0.0231166,0.00133751,0.0951955,499.738,0,39,1,0.000461481,False
2016-06-08,145.692,2119.12,0.0340983,0.0017109,0,0.0582174,0.00134325,0.0935567,500.522,0,39,1,0.000624311,False
2016-06-09,145.716,2115.48,0.0369939,0.00173932,0,-0.0382586,0.00167064,0.0644315,499.246,0,38,2,0.000167824,False
2016-06-10,145.672,2096.07,0.0434517,0.00190234,0,-0.0917068,0.00136148,0.0574234,499.32,0,40,0,-0.000305463,False
2016-06-13,145.611,2079.06,0.0561167,0.00215319,0,-0.0902226,0.00141019,0.0805969,501.233,0,40,0,-0.00041767,False
2016-06-14,145.536,2075.32,0.0823078,0.00277513,0,-0.019433,0.00182659,0.213992,506.212,0,40,0,-0.000515911,False
2016-06-15,145.629,2071.5,0.079242,0.00269737,0,-0.052024,0.00156251,0.143504,507.373,0,40,0,0.000642087,False
2016-06-16,145.694,2077.99,0.0760427,0.00259894,0,-0.00930366,0.00112576,0.141641,509.954,0,40,0,0.000445492,False
2016-06-17,145.78,2071.22,0.0619607,0.00229072,0,-0.0366675,0.000869634,0.0776236,509.106,0,40,0,0.000591312,False
2016-06-20,145.808,2083.25,0.0568012,0.00218921,0,0.00798744,0.00227238,0.110417,511.742,0,40,0,0.00018887,False
2016-06-21,145.868,2088.9,0.0578014,0.0021917,0,0.0298319,0.00134475,0.134265,512.292,0,40,0,0.00041321,False
2016-06-22,145.878,2085.45,0.0678213,0.00241117,0,-0.0344461,0.0018162,0.152956,510.932,0,40,0,7.16852e-05,False
2016-06-23,146.151,2113.32,0.0535688,0.00208122,0,0.289928,0.00348983,0.218061,515.811,0,40,0,0.00187019,False
2016-06-24,145.431,2037.41,0.075887,0.00263084,0,-0.921345,0.00340189,0.0872241,500.017,0,40,0,-0.00493088,False
2016-06-27,145.411,2000.54,0.0749544,0.00262376,0,-0.0940345,0.00117602,0.0840232,496.878,0,40,0,-0.000135316,False
2016-06-28,145.469,2036.09,0.0604162,0.00226903,0,0.119896,0.00271846,0.201526,508.489,0,40,0,0.000397642,False
2016-06-29,145.312,2070.77,0.0536139,0.00211462,0.274686,0.579636,0.00885334,0.705441,515.866,0,40,0,-0.00107459,False
2016-06-30,145.481,2098.86,0.0472708,0.00195229,0.820614,1.70327,0.00876428,1.45594,518.977,0,40,0,0.00116102,False
2016-07-01,145.832,2102.95,0.0414909,0.00182474,0.664547,0.250367,0.00892995,0.722082,511.981,0,39,1,0.00240868,False
2016-07-05,145.857,2088.55,0.0475412,0.00198402,0.111283,-0.526887,0.00568057,0.0984786,506.244,0,40,0,0.000173555,False
2016-07-06,145.937,2099.73,0.0451856,0.00190839,0.0342766,0.0809543,0.00355513,0.104919,507.753,0,39,1,0.000548205,False
2016-07-07,145.967,2097.9,0.0441156,0.00190873,0,-0.0391967,0.00172724,0.0764856,507.119,0,40,0,0.000203624,False
2016-07-08,145.97,2129.9,0.0353856,0.00170767,0.0599778,0.415438,0.0078448,0.454017,509.199,0,38,2,2.57731e-05,False
2016-07-11,146.13,2137.16,0.0366722,0.00170952,0.17332,0.29743,0.0122298,0.441222,501.087,0,38,2,0.00109363,False
2016-07-12,146.131,2152.14,0.0373925,0.00171232,0.476034,0.662031,0.00616176,0.655433,497.833,0,38,2,8.91853e-06,False
2016-07-13,146.327,2152.43,0.0349523,0.00171742,0.198515,-0.0476218,0.00629259,0.240083,499.423,0,39,1,0.00134232,False
2016-07-14,146.399,2163.75,0.0387933,0.00175895,0.254103,0.296874,0.00921873,0.238664,503.735,0,39,1,0.000492084,False
2016-07-15,146.472,2161.74,0.0394578,0.00183662,0,-0.100487,0.00387019,0.0994528,509.655,0,40,0,0.00049505,False
2016-07-18,146.587,2166.89,0.037338,0.00170691,0,0.0632511,0.00166427,0.0814314,506.486,0,38,2,0.000786767,False
2016-07-19,146.614,2163.78,0.0378173,0.00176027,0,-0.031344,0.00137154,0.0583293,501.948,0,39,1,0.000180394,False
2016-07-20,146.667,2173.02,0.0368053,0.00178019,0,0.0571509,0.00105148,0.0956859,507.186,0,40,0,0.000366732,False
2016-07-21,146.679,2165.17,0.0401303,0.00178272,0,-0.0562295,0.00199325,0.0645478,509.099,0,39,1,7.67923e-05,False
2016-07-22,146.747,2175.03,0.0363284,0.00174471,0,0.0606583,0.00147922,0.0897503,507.324,0,39,1,0.000467418,False
2016-07-25,146.731,2168.48,0.0388315,0.00178012,0,-0.0799358,0.00179059,0.061368,505.808,0,39,1,-0.000111026,False
2016-07-26,146.762,2169.18,0.038632,0.0017719,0,0.00036784,0.00140863,0.0664853,506.05,0,39,1,0.00020924,False
2016-07-27,146.786,2166.58,0.0383802,0.00175662,0,-0.0190803,0.00134865,0.0584864,505.779,0,39,1,0.000164849,False
2016-07-28,146.817,2170.06,0.0375653,0.0017322,0,0.0111012,0.00107299,0.0731367,506.638,0,39,1,0.00021263,False
2016-07-29,146.853,2173.6,0.0343151,0.00168682,0,-0.00510112,0.00213787,0.0628488,507.315,0,39,1,0.000243004,False
2016-08-01,146.858,2170.84,0.0359776,0.00171675,0,-0.0327817,0.00145764,0.0572307,502.931,0,38,2,3.84037e-05,False
2016-08-02,146.814,2157.03,0.0401864,0.00180159,0,-0.0860846,0.00143885,0.0523272,500.582,0,39,1,-0.000301211,False
2016-08-03,146.87,2163.79,0.0371398,0.00174991,0,0.0398303,0.000767386,0.0705315,502.618,0,39,1,0.000383128,False
2016-08-04,146.891,2164.25,0.0377167,0.00176721,0,-0.0180444,0.00188527,0.0662028,506.696,0,39,1,0.000138547,False
2016-08-05,146.95,2182.87,0.0308232,0.00161834,0,0.131037,0.00574342,0.16123,506.39,0,38,2,0.000404872,False
2016-08-08,147.017,2180.89,0.0312462,0.00164671,0,-0.0440665,0.00435427,0.0757126,501.29,0,38,2,0.000453866,False
2016-08-09,147.057,2181.74,0.0307902,0.00162331,0,-0.000216307,0.00220877,0.061972,496.977,0,38,2,0.000275359,False
2016-08-10,147.079,2175.49,0.0332669,0.00170808,0,-0.0208072,0.00138836,0.0491651,499.178,0,39,1,0.000150759,False
2016-08-11,147.147,2185.79,0.028722,0.00161927,0,0.0628841,0.000990233,0.070391,497.47,0,38,2,0.000460776,False
2016-08-12,147.178,2184.05,0.0273091,0.00157292,0,-0.020506,0.00116208,0.0441169,496.982,0,37,3,0.000206203,False
2016-08-15,147.214,2190.15,0.0284585,0.00157613,0,0.0453236,0.00133852,0.0790331,490.535,0,37,3,0.000244271,False
2016-08-16,147.191,2178.15,0.0325345,0.0017061,0,-0.0836823,0.00204654,0.047053,491.822,0,39,1,-0.000155695,False
2016-08-17,147.236,2182.22,0.0314868,0.0016405,0,0.0262325,0.00101018,0.0569842,492.914,0,38,2,0.00030666,False
2016-08-18,147.279,2187.02,0.0293215,0.00158978,0,0.0229285,0.00124689,0.0629349,493.935,0,37,3,0.00029519,False
2016-08-19,147.271,2183.87,0.0321527,0.00164615,0,-0.0392807,0.00179501,0.0605845,493.265,0,38,2,-5.58037e-05,False
2016-08-22,147.293,2182.64,0.0343444,0.00168583,0,-0.0132994,0.00101656,0.0574095,493.158,0,38,2,0.000146109,False
2016-08-23,147.336,2186.9,0.0341242,0.00171865,0,0.0279212,0.00150811,0.0725207,497.622,0,39,1,0.000296739,False
2016-08-24,147.328,2175.44,0.0394207,0.00182198,0,-0.0590763,0.00153788,0.0577209,506.646,0,40,0,-5.57608e-05,False
2016-08-25,147.344,2172.47,0.0407208,0.00179872,0,-0.0175086,0.00088225,0.0627127,510.496,0,39,1,0.000105475,False
2016-08-26,147.35,2169.04,0.0386173,0.00177584,0,-0.0323401,0.0016008,0.0587993,506.939,0,39,1,4.6246e-05,False
2016-08-29,147.411,2180.38,0.0364881,0.00170296,0,0.0528729,0.00206499,0.0835497,505.931,0,38,2,0.000412911,False
2016-08-30,147.426,2176.12,0.0375112,0.00177964,0,-0.0421763,0.00190757,0.0604611,505.027,0,39,1,9.9967e-05,False
2016-08-31,147.428,2170.95,0.0380555,0.00177315,0,-0.035962,0.00141211,0.0577763,504.109,0,39,1,1.0806e-05,False
2016-09-01,147.426,2170.86,0.0400288,0.001779,0,-0.0273281,0.0018451,0.068585,508.038,0,39,1,-1.1749e-05,False
2016-09-02,147.527,2179.98,0.0304585,0.0016134,0,0.0613901,0.000857111,0.056924,502.534,0,37,3,0.000685355,False
2016-09-06,147.583,2186.48,0.0306971,0.0016481,0,0.0503623,0.00227214,0.0781346,499.718,0,38,2,0.000379108,False
2016-09-07,147.616,2186.16,0.0292732,0.00163607,0,-0.0137229,0.00159347,0.0574722,495.334,0,38,2,0.00022349,False
2016-09-08,147.611,2181.3,0.0313953,0.00163707,0,-0.044195,0.00126301,0.0467348,494.056,0,38,2,-3.36172e-05,False
2016-09-09,147.504,2127.81,0.0590497,0.00221236,0,-0.13644,0.00154113,0.0722439,496.279,0,40,0,-0.000722526,False
2016-09-12,147.712,2159.04,0.0456331,0.00191761,0,0.259812,0.00326372,0.164808,508.995,0,40,0,0.0014081,False
2016-09-13,147.581,2127.02,0.0659749,0.00237049,0,-0.258363,0.00276087,0.0982927,511.572,0,40,0,-0.000886892,False
2016-09-14,147.628,2125.77,0.0605234,0.00224276,0,-0.0233555,0.00103818,0.0853548,513.852,0,40,0,0.000317283,False
2016-09-15,147.767,2147.26,0.0463822,0.00191697,0,0.115488,0.00172761,0.104193,515.607,0,39,1,0.000944185,False
2016-09-16,147.787,2139.16,0.0514897,0.00203967,0,-0.0438946,0.00106705,0.0885442,513.543,0,40,0,0.000136277,False
2016-09-19,147.828,2139.12,0.0509817,0.00204734,0,-0.00948725,0.00170695,0.0854026,517.409,0,40,0,0.000276626,False
2016-09-20,147.867,2139.76,0.0531309,0.00207744,0,0.000203395,0.0019594,0.0956343,517.395,0,40,0,0.000264265,False
2016-09-21,147.975,2163.12,0.0454277,0.00193003,0,0.165267,0.00356902,0.192825,521.516,0,40,0,0.000730421,False
2016-09-22,148.234,2177.18,0.0398481,0.00179348,0.0436394,0.314374,0.00414575,0.238246,519.147,0,39,1,0.0017518,False
2016-09-23,148.255,2164.69,0.0397128,0.00179168,0,-0.187729,0.00334577,0.0640044,511.513,0,39,1,0.000142258,False
2016-09-26,148.202,2146.1,0.0486907,0.00200514,0,-0.0998089,0.0012507,0.0630432,511.589,0,40,0,-0.000360275,False
2016-09-27,148.29,2159.93,0.0438646,0.00189908,0,0.0803252,0.00138914,0.0955495,518.872,0,40,0,0.000596451,False
2016-09-28,148.37,2171.37,0.0404992,0.00179854,0,0.0842392,0.00279429,0.13583,517.521,0,39,1,0.000538575,False
2016-09-29,148.33,2151.13,0.0502752,0.00201992,0,-0.148576,0.00292004,0.0730081,513.521,0,40,0,-0.000272422,False
2016-09-30,148.422,2168.27,0.0426453,0.00186091,0,0.103382,0.00277077,0.122539,520.925,0,40,0,0.000619326,False
2016-10-03,148.444,2161.2,0.0427043,0.00184045,0,-0.0694713,0.0014919,0.070668,515.378,0,39,1,0.000146688,False
2016-10-04,148.459,2150.49,0.0463853,0.001943,0,-0.0358906,0.00126955,0.0626048,513.764,0,40,0,0.000103375,False
2016-10-05,148.525,2159.73,0.0434067,0.00189083,0,0.0467437,0.00108135,0.0840144,520.036,0,40,0,0.00044301,False
2016-10-06,148.569,2160.77,0.040645,0.00186271,0,-0.00403597,0.00140236,0.072924,520.234,0,40,0,0.000299172,False
2016-10-07,148.584,2153.74,0.0412654,0.0018237,0,-0.036033,0.00158878,0.059647,515.372,0,39,1,0.000101615,False
2016-10-10,148.662,2163.66,0.0377724,0.00173312,0,0.0596833,0.0011892,0.0762103,510.088,0,38,2,0.000524754,False
2016-10-11,148.533,2136.73,0.0484952,0.00200115,0,-0.188028,0.00188784,0.0619979,508.763,0,40,0,-0.000869147,False
2016-10-12,148.562,2139.18,0.0475227,0.0019683,0,0.000659443,0.00126055,0.0782203,514.394,0,40,0,0.000193431,False
2016-10-13,148.537,2132.55,0.0497531,0.00200583,0,-0.072799,0.00130748,0.0766142,517.871,0,40,0,-0.000166618,False
2016-10-14,148.605,2132.98,0.0465723,0.00195993,0,0.0195901,0.00125942,0.0713811,519.053,0,40,0,0.000458985,False
2016-10-17,148.605,2126.5,0.0508764,0.00204932,0,-0.0396728,0.0009804,0.0791734,518.65,0,40,0,2.5673e-06,False
2016-10-18,148.712,2139.6,0.0439398,0.00188489,0,0.0831206,0.0014745,0.0959401,517.985,0,39,1,0.000719586,False
2016-10-19,148.796,2144.29,0.0420162,0.00183456,0,0.0361326,0.00144214,0.0867528,514.818,0,39,1,0.000565248,False
2016-10-20,148.847,2141.34,0.0371452,0.00175817,0,-0.0170401,0.00174286,0.0530885,513.753,0,39,1,0.000337833,False
2016-10-21,148.837,2141.16,0.0458603,0.0019412,0,-0.00644009,0.00139243,0.0985036,517.211,0,40,0,-6.26725e-05,False
2016-10-24,148.939,2151.33,0.0439831,0.00188768,0,0.0875743,0.0027919,0.123683,518.948,0,39,1,0.000683283,False
2016-10-25,148.955,2143.16,0.0466408,0.00193956,0,-0.0726093,0.00193716,0.0783108,513.302,0,39,1,0.000104253,False
2016-10-26,148.964,2139.43,0.0506878,0.00203532,0,-0.0316299,0.00114361,0.0846289,516.574,0,40,0,6.41861e-05,False
2016-10-27,148.976,2133.04,0.0532886,0.00209837,0,-0.0367416,0.0017362,0.085234,519.597,0,40,0,8.1277e-05,False
2016-10-28,148.987,2126.41,0.059238,0.00220958,0,-0.0341892,0.00125142,0.0957621,519.252,0,40,0,7.42372e-05,False
2016-10-31,149.022,2126.15,0.0613797,0.00226463,0,-0.00612832,0.00153412,0.112573,520.335,0,40,0,0.000232511,False
2016-11-01,149.011,2111.72,0.0694977,0.00245956,0,-0.0866948,0.00183559,0.102052,518.502,0,40,0,-7.36192e-05,False
2016-11-02,149.011,2097.94,0.0747682,0.00260518,0,-0.0672528,0.00109248,0.106079,517.471,0,40,0,-1.40264e-06,False
2016-11-03,149.016,2088.66,0.0832187,0.00280906,0,-0.0433046,0.00121089,0.137067,517.699,0,40,0,3.29256e-05,False
2016-11-04,149.041,2085.18,0.090308,0.00298982,0,-0.0295749,0.00128211,0.167808,519.006,0,40,0,0.000172599,False
2016-11-07,149.344,2131.52,0.0776372,0.00266231,0,0.4792,0.00434729,0.415166,529.065,0,40,0,0.00202943,False
2016-11-08,149.612,2139.56,0.0756435,0.0025974,0,0.0906644,0.00418743,0.306242,528.543,0,40,0,0.00179751,False
2016-11-09,149.597,2163.26,0.0486497,0.0019959,0.0706706,-0.106704,0.0112331,0.179326,530.452,0,40,0,-0.000100513,False
2016-11-10,149.482,2167.48,0.0464414,0.00195522,0.0222216,-0.20525,0.00914627,0.102234,527.721,0,40,0,-0.000768998,False
2016-11-11,149.507,2164.45,0.0443679,0.00187971,0,-0.0521664,0.00182301,0.0661839,520.903,0,39,1,0.000164228,False
2016-11-14,149.531,2164.2,0.0465932,0.00191679,0,-0.00750957,0.0011101,0.0783977,516.162,0,39,1,0.000159477,False
2016-11-15,149.644,2180.39,0.0395754,0.00178863,0,0.125594,0.0018711,0.126556,518.632,0,39,1,0.000758051,False
2016-11-16,149.705,2176.94,0.0354726,0.00173558,0,-0.0410596,0.00122394,0.0571683,517.168,0,39,1,0.000406571,False
2016-11-17,149.741,2187.12,0.0370951,0.0017098,0,0.0564077,0.00250736,0.109944,514.811,0,38,2,0.000243879,False
2016-11-18,149.759,2181.9,0.0414579,0.0018079,0,-0.0406226,0.00170553,0.0896721,513.034,0,39,1,0.000117495,False
2016-11-21,149.957,2198.18,0.0404705,0.00182072,0,0.243156,0.00360105,0.169534,515.731,0,39,1,0.00132441,False
2016-11-22,150.098,2202.94,0.0408493,0.00183992,0,0.0793147,0.00228078,0.144457,523.319,0,40,0,0.00094107,False
2016-11-23,150.152,2204.72,0.0405047,0.00182761,0,-0.0247097,0.00200144,0.103179,526.581,0,40,0,0.000354727,False
2016-11-25,150.248,2213.35,0.0401815,0.00177551,0,0.0840354,0.00180985,0.127641,523.82,0,39,1,0.000640482,False
2016-11-28,150.229,2201.72,0.0435153,0.00186389,0,-0.124064,0.00175525,0.0623689,517.221,0,39,1,-0.000125767,False
2016-11-29,150.261,2204.66,0.0435711,0.00188538,0,0.00616552,0.00142002,0.0765621,521.809,0,40,0,0.000214592,False
2016-11-30,150.268,2198.81,0.0441759,0.00190353,0,-0.040866,0.001461,0.069477,524.729,0,40,0,4.67882e-05,False
2016-12-01,150.266,2191.08,0.0489601,0.00198961,0,-0.0444709,0.00151622,0.0731468,523.951,0,40,0,-1.78771e-05,False
2016-12-02,150.304,2191.95,0.0464642,0.00194846,0,-0.00128611,0.000958734,0.0765047,525.076,0,40,0,0.000258962,False
2016-12-05,150.433,2204.71,0.0373976,0.00178497,0,0.0918798,0.00153281,0.0741724,524.161,0,39,1,0.000853547,False
2016-12-06,150.512,2212.23,0.0342138,0.00168976,0,0.0575073,0.00224764,0.082924,517.592,0,38,2,0.000525365,False
2016-12-07,149.267,2241.35,0.0361472,0.0017194,0.290266,-0.0856132,0.0251633,0.961389,520.391,0,39,1,-0.00827231,False
2016-12-08,149.415,2246.19,0.0406406,0.00177629,0.383345,0.287417,0.0150344,0.740889,517.482,0,39,1,0.000994205,False
2016-12-09,149.609,2259.53,0.0374221,0.00175308,0.663348,0.821978,0.0114232,0.729382,524.444,0,40,0,0.00130096,False
2016-12-12,149.763,2256.96,0.0435034,0.0018376,0.245976,-0.116635,0.00474574,0.250076,525.366,0,40,0,0.00102678,False
2016-12-13,149.845,2271.72,0.0468483,0.00189938,0.272966,0.342064,0.00661183,0.275534,526.799,0,40,0,0.000547381,False
2016-12-14,149.866,2253.28,0.0460888,0.0018851,0,-0.229176,0.00524941,0.0639049,522.719,0,40,0,0.000142861,False
2016-12-15,149.915,2262.03,0.0375532,0.00172811,0,0.0107596,0.00175713,0.060104,521.025,0,39,1,0.000324478,False
2016-12-16,149.935,2258.07,0.0389894,0.0017389,0,-0.014239,0.00164644,0.06183,516.677,0,39,1,0.000131001,False
2016-12-19,149.994,2262.53,0.0368421,0.00170944,0,0.028817,0.000909874,0.0656632,517.739,0,39,1,0.000394882,False
2016-12-20,150.054,2270.76,0.0367146,0.00173743,0,0.0609776,0.0013679,0.10039,522.925,0,40,0,0.000399081,False
2016-12-21,150.08,2265.18,0.0364379,0.00172517,0,-0.048399,0.00169739,0.0585713,521.382,0,39,1,0.000176173,False
2016-12-22,150.094,2260.96,0.0392719,0.00174729,0,-0.0243522,0.00124789,0.0570353,516.936,0,39,1,8.96885e-05,False
2016-12-23,150.13,2263.79,0.0386202,0.00179187,0,0.014728,0.000813369,0.0714569,521.469,0,40,0,0.000241991,False
2016-12-27,150.196,2268.88,0.0384479,0.00174712,0,0.0409586,0.00113389,0.0823049,522.526,0,39,1,0.000437471,False
2016-12-28,150.173,2249.92,0.0404137,0.00178404,0,-0.0899785,0.00215263,0.0510901,515.499,0,39,1,-0.000148385,False
2016-12-29,150.189,2249.26,0.0430862,0.00181183,0,-0.00538453,0.00108131,0.0698257,516.403,0,39,1,0.00010703,False
2016-12-30,150.177,2238.83,0.0455972,0.00191474,0,-0.0604583,0.00149026,0.0637205,519.237,0,40,0,-8.09702e-05,False
2017-01-03,150.283,2257.83,0.0399458,0.00177089,0,0.132771,0.00251733,0.12623,523.774,0,39,1,0.000705299,False
2017-01-04,150.4,2270.75,0.0349424,0.00170283,0.0134159,0.158355,0.00555034,0.182284,521.954,0,39,1,0.000775698,False
2017-01-05,150.452,2269,0.0350235,0.00168132,0,-0.0768295,0.00384125,0.0826397,520.473,0,39,1,0.000347843,False
2017-01-06,150.422,2276.98,0.0325936,0.00167532,0.00332044,-0.0306388,0.00723249,0.102227,520.948,0,39,1,-0.000198473,False
2017-01-09,150.441,2268.9,0.0308788,0.00162525,0,-0.0684213,0.00150226,0.0425023,514.795,0,38,2,0.000126674,False
2017-01-10,150.462,2268.9,0.0298557,0.001556,0,-0.00677732,0.000959171,0.0428328,507.311,0,37,3,0.000134489,False
2017-01-11,150.49,2275.32,0.0291369,0.00161137,0,0.0300121,0.00200044,0.0699577,504.796,0,38,2,0.000188834,False
2017-01-12,150.482,2270.44,0.0284167,0.00159536,0,-0.0612112,0.00158444,0.0423581,503.787,0,38,2,-5.56489e-05,False
2017-01-13,150.52,2274.64,0.0264701,0.00155135,0,0.0201038,0.00112194,0.0474054,500.888,0,37,3,0.000258193,False
2017-01-17,150.494,2267.89,0.0323495,0.00167839,0,-0.0484794,0.00149843,0.0542033,503.381,0,39,1,-0.000173429,False
2017-01-18,150.539,2271.89,0.0324115,0.00167251,0,0.028221,0.00114267,0.0675627,511.864,0,39,1,0.000295413,False
2017-01-19,150.546,2263.69,0.035066,0.0016855,0,-0.0412416,0.00160726,0.0507289,514.358,0,39,1,4.89262e-05,False
2017-01-20,150.592,2271.31,0.0348535,0.00166516,0,0.0491736,0.00211039,0.085425,516.157,0,38,2,0.000302602,False
2017-01-23,150.598,2265.2,0.0352779,0.00167529,0,-0.0561426,0.00131178,0.0554153,511.364,0,38,2,4.08918e-05,False
2017-01-24,150.662,2280.07,0.0335153,0.00163436,0,0.107248,0.00231109,0.127728,510.331,0,38,2,0.000428327,False
2017-01-25,150.7,2298.37,0.0331811,0.00166648,0.111469,0.47213,0.00674986,0.475569,516.405,0,39,1,0.000249462,False
2017-01-26,150.885,2296.68,0.0332628,0.00163589,0.0250644,-0.110283,0.00736139,0.179619,514.613,0,38,2,0.00122673,False
2017-01-27,150.999,2294.69,0.0321078,0.00161231,0,-0.0222828,0.00284052,0.0706704,513.471,0,38,2,0.000757666,False
2017-01-30,150.953,2280.9,0.0356434,0.00170614,0,-0.103159,0.0017382,0.0457838,510.871,0,39,1,-0.00030512,False
2017-01-31,150.956,2278.87,0.0357112,0.00165718,0,-0.0234377,0.00106689,0.052131,511.397,0,38,2,2.12131e-05,False
2017-02-01,150.968,2279.55,0.0336465,0.00169099,0,-0.0168123,0.00229139,0.0532376,516.242,0,39,1,7.78049e-05,False
2017-02-02,150.975,2280.85,0.0348272,0.00165741,0,-0.0157051,0.00159567,0.0621759,513.247,0,38,2,4.59083e-05,False
2017-02-03,151.065,2297.42,0.0289425,0.00154632,0,0.149133,0.00289356,0.145385,512.429,0,37,3,0.000598951,False
2017-02-06,151.087,2292.56,0.0287016,0.00154237,0,-0.0941701,0.00237943,0.0547288,503.101,0,37,3,0.000140771,False
2017-02-07,151.113,2293.08,0.0287489,0.00154882,0,-0.00692021,0.00172355,0.0472845,498.977,0,37,3,0.000172091,False
2017-02-08,151.133,2294.67,0.028064,0.00154209,0,-0.00199551,0.00144552,0.0498281,495.181,0,37,3,0.000135907,False
2017-02-09,151.123,2307.87,0.028518,0.00154453,0,0.079504,0.00746271,0.159511,497.043,0,37,3,-7.0585e-05,False
2017-02-10,151.233,2316.1,0.0277289,0.00157783,0.0345841,0.212378,0.00579804,0.247006,501.406,0,38,2,0.0007322,False
2017-02-13,151.319,2328.25,0.030338,0.00156136,0.21937,0.542369,0.0145442,0.498002,502.324,0,37,3,0.000570218,False
2017-02-14,151.425,2337.58,0.0301025,0.00156941,0.406682,0.474085,0.0154063,0.472992,506.26,0,38,2,0.000697465,False
2017-02-15,151.32,2349.25,0.0339641,0.0016069,0.568251,0.545086,0.0191748,0.567515,506.538,0,38,2,-0.000690147,False
2017-02-16,151.516,2347.22,0.0279343,0.00152231,0.125367,-0.156657,0.0089442,0.107228,504.818,0,37,3,0.00129348,False
2017-02-17,151.5,2351.16,0.0353829,0.00165304,0.0358474,0.0168992,0.00319026,0.134948,512.268,0,39,1,-0.000106444,False
2017-02-21,151.699,2365.38,0.0361775,0.00168976,0.0311449,0.320279,0.00816512,0.251689,517.894,0,39,1,0.00131165,False
2017-02-22,151.766,2362.82,0.0374882,0.00168218,0,-0.107373,0.00442213,0.108488,520.414,0,39,1,0.000443068,False
2017-02-23,151.811,2363.81,0.0357,0.00171638,0,-0.0172601,0.00315109,0.077346,527.856,0,40,0,0.000294625,False
2017-02-24,151.828,2367.34,0.0350105,0.00160736,0,-0.0206626,0.00174221,0.0710709,524.371,0,38,2,0.000113783,False
2017-02-27,151.859,2369.75,0.0359033,0.00164826,0,0.00911093,0.00146145,0.0818482,520.697,0,39,1,0.000205017,False
2017-02-28,151.861,2363.64,0.0423899,0.00179506,0,-0.049561,0.00155141,0.0698329,523.306,0,40,0,9.8626e-06,False
2017-03-01,151.697,2395.96,0.0403517,0.00176446,0.0138525,0.322824,0.0182358,0.562442,536.101,0,40,0,-0.00107524,False
2017-03-02,151.716,2381.92,0.0362156,0.00165058,0,-0.496405,0.00620733,0.0759112,528.029,0,39,1,0.000121845,False
2017-03-03,151.758,2383.12,0.0314586,0.001575,0,-0.0121036,0.00152499,0.0495233,520.077,0,38,2,0.000281072,False
2017-03-06,151.748,2375.31,0.0317459,0.00152623,0,-0.047824,0.0010506,0.0411624,510.892,0,37,3,-6.78314e-05,False
2017-03-07,151.747,2368.39,0.0315439,0.00155824,0,-0.0293108,0.00102834,0.0423563,506.385,0,38,2,-1.01976e-05,False
2017-03-08,151.755,2362.98,0.0346409,0.00168986,0,-0.0152941,0.00111577,0.0500204,514.13,0,40,0,5.84994e-05,False
2017-03-09,151.775,2364.87,0.0364162,0.00166987,0,0.00768435,0.000904202,0.0723177,519.13,0,39,1,0.000126711,False
2017-03-10,151.83,2372.6,0.0332944,0.0016496,0,0.0322758,0.00231472,0.0789892,528.483,0,40,0,0.000361947,False
2017-03-13,151.849,2373.47,0.0370721,0.0016811,0,-0.00980362,0.00144592,0.083764,528.423,0,39,1,0.000127555,False
2017-03-14,151.849,2365.45,0.0397282,0.00176697,0,-0.0580138,0.00144047,0.062128,526.823,0,40,0,9.4157e-07,False
2017-03-15,151.86,2385.26,0.0324887,0.00162714,0,0.0379365,0.00738938,0.112567,530.236,0,39,1,7.22383e-05,False
2017-03-16,151.928,2381.38,0.0255491,0.00145625,0,-0.0300399,0.00263005,0.0361935,513.495,0,36,4,0.000446443,False
2017-03-17,151.911,2378.25,0.0340328,0.00162336,0,-0.015641,0.00158977,0.0682085,512.611,0,39,1,-0.000110818,False
2017-03-20,151.932,2373.47,0.0326954,0.0016097,0,-0.0275083,0.00104514,0.0494914,511.814,0,39,1,0.00013988,False
2017-03-21,151.881,2344.02,0.0384179,0.00170746,0,-0.0913447,0.00186114,0.043842,511.285,0,39,1,-0.000334662,False
2017-03-22,151.905,2348.45,0.0398076,0.00172143,0,0.0156208,0.000913968,0.0734382,517.942,0,39,1,0.000152729,False
2017-03-23,151.913,2345.96,0.0416953,0.00179373,0,-0.0300096,0.00180183,0.072914,526.424,0,40,0,5.67089e-05,False
2017-03-24,151.909,2343.98,0.0421035,0.00177025,0,-0.046524,0.002551,0.0688878,527.066,0,39,1,-3.10407e-05,False
2017-03-27,151.882,2341.59,0.0392256,0.00174224,0,-0.0759575,0.00149364,0.0550769,523.437,0,39,1,-0.000172189,False
2017-03-28,151.94,2358.57,0.0345695,0.00164756,0,0.0905408,0.00231389,0.118544,526.454,0,39,1,0.000379777,False
2017-03-29,151.986,2361.13,0.0333484,0.00160924,0,-0.0118833,0.00300204,0.0891311,522.293,0,38,2,0.000304508,False
2017-03-30,152.024,2368.06,0.0319177,0.00157536,0,0.0215646,0.00278043,0.101049,518.821,0,38,2,0.000244814,False
2017-03-31,152.046,2362.72,0.0325736,0.00158194,0,-0.0529201,0.00222082,0.0540232,513.229,0,38,2,0.000150482,False
2017-04-03,152.028,2358.84,0.0329226,0.0016352,0,-0.0538571,0.00178194,0.0483648,516.138,0,39,1,-0.000122944,False
2017-04-04,152.047,2360.16,0.0316624,0.00157773,0,-0.00767296,0.000903794,0.0506587,516.615,0,38,2,0.000126385,False
2017-04-05,152.013,2352.95,0.0361698,0.00166603,0,-0.061256,0.00256972,0.0557688,519.431,0,39,1,-0.000226456,False
2017-04-06,152.052,2357.49,0.0347708,0.00161083,0,0.0169595,0.00121449,0.0655875,516.962,0,38,2,0.000257125,False
2017-04-07,152.06,2355.54,0.0344975,0.00166997,0,-0.0305806,0.00136645,0.0576371,520.559,0,39,1,5.80779e-05,False
2017-04-10,152.082,2357.16,0.0332494,0.00163371,0,-0.00807637,0.00230087,0.0577284,520.976,0,39,1,0.00013907,False
2017-04-11,152.086,2353.78,0.0359906,0.00167273,0,-0.0302729,0.00129438,0.0560577,524.241,0,39,1,2.90726e-05,False
2017-04-12,152.086,2344.93,0.0365311,0.00167899,0,-0.0388293,0.00127654,0.0509648,522.985,0,39,1,-1.05761e-06,False
2017-04-13,152.068,2328.95,0.0428546,0.00179209,0,-0.0535005,0.00111705,0.0554134,521.125,0,39,1,-0.000118378,False
2017-04-17,152.191,2349.01,0.0373826,0.00173845,0,0.173646,0.00209418,0.139785,529.782,0,40,0,0.0008077,False
2017-04-18,152.201,2342.19,0.0392987,0.00177049,0,-0.0941298,0.00200605,0.070414,532.445,0,40,0,7.07193e-05,False
2017-04-19,152.216,2338.17,0.0397678,0.00173095,0,-0.0286252,0.00161934,0.0636136,528.221,0,39,1,9.58771e-05,False
2017-04-20,152.058,2355.84,0.0515637,0.00197759,0,0.0870649,0.00665377,0.351482,531.188,0,40,0,-0.00103715,False
2017-04-21,152.22,2348.69,0.0444219,0.00183584,0,-0.13307,0.00280205,0.0964246,532.855,0,40,0,0.00106388,False
2017-04-24,152.409,2374.15,0.0321452,0.00157814,0.0202623,0.252036,0.0047666,0.165157,529.445,0,38,2,0.00124058,False
2017-04-25,152.5,2388.61,0.0313152,0.00157881,0.1832,0.416589,0.0084864,0.32862,522.621,0,38,2,0.000598232,False
2017-04-26,152.593,2387.45,0.0320865,0.00157787,0.0522898,-0.0897679,0.00777242,0.116227,516.784,0,38,2,0.000610309,False
2017-04-27,152.662,2388.77,0.0304979,0.0015602,0,-0.00439304,0.00231472,0.06984,516.029,0,38,2,0.00044967,False
2017-04-28,152.678,2384.2,0.0308557,0.00156466,0,-0.0347125,0.00298809,0.0453788,514.655,0,38,2,0.000105145,False
2017-05-01,152.708,2388.33,0.0291564,0.00156361,0,0.0126281,0.00176663,0.0537979,515.479,0,38,2,0.000196722,False
2017-05-02,152.733,2391.17,0.0302064,0.00156081,0,0.0150128,0.00167847,0.0700816,515.978,0,38,2,0.00016827,False
2017-05-03,152.738,2388.13,0.03079,0.00156568,0,-0.0430751,0.00150888,0.0505866,515.343,0,38,2,2.70761e-05,False
2017-05-04,152.76,2389.52,0.0316583,0.00159031,0,0.000586892,0.00120275,0.0571105,519.435,0,39,1,0.000150115,False
2017-05-05,152.808,2399.29,0.0299624,0.00155273,0,0.059271,0.00149802,0.0959117,520.955,0,38,2,0.000310168,False
2017-05-08,152.888,2399.38,0.0273952,0.00149117,0,0.00778609,0.0019754,0.0474283,516.687,0,37,3,0.00052483,False
2017-05-09,152.879,2396.92,0.0280657,0.00149899,0,-0.0365701,0.00164627,0.0446178,508.314,0,37,3,-5.78153e-05,False
2017-05-10,152.914,2399.63,0.0271398,0.00149192,0,0.0139218,0.000959307,0.0482485,504.825,0,37,3,0.000228806,False
2017-05-11,152.909,2394.44,0.0284846,0.00151215,0,-0.0351253,0.00122216,0.0436845,500.089,0,37,3,-3.14621e-05,False
2017-05-12,152.928,2390.9,0.0261887,0.00153712,0,-0.0154589,0.000925799,0.0333207,503.693,0,38,2,0.000121841,False
2017-05-15,152.948,2402.32,0.02564,0.00149064,0,0.0737411,0.00233448,0.108512,505.87,0,37,3,0.000133168,False
2017-05-16,152.969,2400.67,0.0261341,0.00140768,0,-0.0513293,0.00298526,0.058395,497.627,0,35,5,0.000134217,False
2017-05-17,152.803,2357.03,0.0559268,0.0020783,0,-0.199265,0.00198214,0.0773911,502.281,0,40,0,-0.00108777,False
2017-05-18,152.887,2365.72,0.0380449,0.00169155,0,0.019862,0.000782894,0.0488116,513.562,0,39,1,0.000549807,False
2017-05-19,152.895,2381.73,0.0365633,0.00167093,0,0.0593674,0.00252891,0.132232,521.159,0,39,1,5.43571e-05,False
2017-05-22,153.039,2394.02,0.0325973,0.00156701,0.0194849,0.167778,0.00427064,0.16336,523.196,0,38,2,0.000941329,False
2017-05-23,153.172,2398.42,0.0305916,0.00154879,0.0110508,0.0850559,0.00284125,0.130605,523.021,0,38,2,0.000868812,False
2017-05-24,153.297,2404.39,0.0293645,0.00155303,0.0141852,0.0884603,0.00238689,0.104638,518.97,0,38,2,0.00082043,False
2017-05-25,153.335,2415.07,0.0306022,0.00155282,0.0655311,0.128722,0.00919332,0.149585,519.729,0,38,2,0.000248539,False
2017-05-26,153.426,2415.82,0.030132,0.00156082,0,0.000254105,0.00151433,0.086875,518.896,0,38,2,0.000587085,False
2017-05-30,153.44,2412.91,0.0307126,0.00157625,0,-0.0483631,0.00134751,0.051555,517.868,0,38,2,9.61097e-05,False
2017-05-31,153.47,2411.8,0.0317057,0.00157135,0,0.00230725,0.00110796,0.0529704,517.56,0,38,2,0.000194983,False
2017-06-01,153.504,2430.06,0.0313139,0.00153808,9.55471e-05,0.17564,0.00507186,0.219134,520.509,0,38,2,0.000222092,False
2017-06-02,153.566,2439.07,0.0299186,0.00159392,0.0676992,0.167871,0.00843511,0.277177,524.907,0,39,1,0.000404022,False
2017-06-05,153.686,2436.1,0.0306468,0.00148651,0.00175009,-0.0822524,0.00356159,0.0992072,519.517,0,37,3,0.000778596,False
2017-06-06,153.684,2429.33,0.0347328,0.0016021,0,-0.0765489,0.0021196,0.055208,517.863,0,38,2,-1.00113e-05,False
2017-06-07,153.729,2433.14,0.0323145,0.00159255,0,0.0203624,0.00117511,0.0601704,518.594,0,39,1,0.000292462,False
2017-06-08,153.76,2433.79,0.0300904,0.00154208,0,-0.00686236,0.00131944,0.0501237,518.871,0,38,2,0.000197836,False
2017-06-09,153.761,2431.77,0.0305749,0.00159376,0,-0.0281415,0.00141955,0.0484307,526.378,0,39,1,7.23951e-06,False
2017-06-12,153.755,2429.39,0.0358973,0.00164655,0,-0.019284,0.00109812,0.0683908,526.13,0,39,1,-3.96172e-05,False
2017-06-13,153.841,2440.35,0.0316649,0.00154194,0,0.0705012,0.00149006,0.0807418,528.104,0,38,2,0.000564426,False
2017-06-14,153.831,2437.92,0.0311594,0.00155023,0,-0.0640793,0.00255747,0.0545574,519.593,0,38,2,-7.04832e-05,False
2017-06-15,153.793,2432.46,0.0319066,0.00155382,0,-0.0754658,0.00126655,0.0460161,518.521,0,38,2,-0.000245973,False
2017-06-16,153.808,2433.15,0.0316167,0.00155209,0,-0.00722104,0.00133606,0.0524438,518.77,0,38,2,9.80524e-05,False
2017-06-19,153.891,2453.46,0.0301235,0.00159163,0,0.231357,0.0037307,0.225645,525.923,0,39,1,0.000539353,False
2017-06-20,153.876,2437.03,0.0332469,0.00160034,0,-0.215472,0.00390416,0.0529762,526.248,0,39,1,-9.78693e-05,False
2017-06-21,153.904,2435.61,0.0330919,0.00161785,0,-0.0038862,0.00116341,0.0513157,530.063,0,39,1,0.000182517,False
2017-06-22,153.931,2434.5,0.0328119,0.00161751,0,-0.00447535,0.00105224,0.0502325,530.189,0,39,1,0.00017381,False
2017-06-23,153.969,2438.3,0.029463,0.00154744,0,0.0138597,0.000893056,0.0531197,527.362,0,38,2,0.000246832,False
2017-06-26,153.986,2439.07,0.0282193,0.00150668,0,-0.0123238,0.00220631,0.0483812,519.987,0,37,3,0.000109899,False
2017-06-27,153.956,2419.38,0.035138,0.00165589,0,-0.0668239,0.00139591,0.0429259,516.869,0,39,1,-0.000190164,False
2017-06-28,154.008,2440.69,0.0297564,0.00152139,0,0.133735,0.00248832,0.150179,517.392,0,38,2,0.000339243,False
2017-06-29,153.791,2419.7,0.0365255,0.00165703,0,-0.346087,0.00472233,0.0517148,521.246,0,39,1,-0.00141211,False
2017-06-30,153.829,2423.41,0.0362385,0.00166126,0,0.0149471,0.00181126,0.061644,526.387,0,39,1,0.000245683,False
2017-07-03,153.867,2429.01,0.034739,0.00164533,0,0.0272123,0.0019483,0.081929,531.422,0,39,1,0.0002475,False
2017-07-05,153.922,2432.54,0.0326419,0.00160002,0,0.013427,0.00222516,0.0688394,531.803,0,39,1,0.000359617,False
2017-07-06,153.864,2409.75,0.0420004,0.00175543,0,-0.113165,0.00154115,0.0528391,527.948,0,39,1,-0.000379809,False
2017-07-07,153.95,2425.18,0.0326494,0.00158178,0,0.0819673,0.00126395,0.0782354,527.627,0,38,2,0.000561371,False
2017-07-10,153.989,2427.43,0.031132,0.0015738,0,-0.000804803,0.00183085,0.0658869,524.17,0,38,2,0.00025509,False
2017-07-11,154.006,2425.53,0.0318238,0.00155447,0,-0.0264606,0.00155786,0.0510751,519.923,0,38,2,0.000110804,False
2017-07-12,154.111,2443.25,0.0269338,0.00151933,0,0.173706,0.00412206,0.141786,522.706,0,38,2,0.000677162,False
2017-07-13,154.242,2447.83,0.0257054,0.00146958,0.0134772,0.0947044,0.00412628,0.112257,518.53,0,37,3,0.000849169,False
2017-07-14,154.192,2459.27,0.0240743,0.00141761,0.0712508,0.121316,0.0156063,0.218779,511.661,0,36,4,-0.00032032,False
2017-07-17,154.278,2459.14,0.0273233,0.00147085,0.0197146,-0.0204427,0.0024634,0.1164,502.662,0,37,3,0.00055522,False
2017-07-18,154.313,2460.61,0.0260423,0.00147659,0.00290536,-0.0332919,0.0036401,0.0659736,502.124,0,37,3,0.000227867,False
2017-07-19,154.343,2473.83,0.024303,0.00145133,0.0241468,0.119009,0.00844445,0.145275,503.688,0,37,3,0.0001942,False
2017-07-20,154.388,2473.45,0.0253854,0.001458,0,-0.0453884,0.00584032,0.0726852,502.746,0,37,3,0.000293431,False
2017-07-21,154.371,2472.54,0.0267468,0.00143199,0,-0.0556051,0.00236703,0.0570484,502.115,0,36,4,-0.000110245,False
2017-07-24,154.393,2469.91,0.026514,0.00146531,0,-0.019005,0.00113488,0.0398083,497.572,0,37,3,0.000143478,False
2017-07-25,154.42,2477.13,0.0258944,0.00150707,0,0.032541,0.00238243,0.0671953,506.412,0,38,2,0.000175907,False
2017-07-26,154.465,2477.83,0.0251504,0.00149705,0,0.00841686,0.00227668,0.0526119,510.192,0,38,2,0.000287377,False
2017-07-27,154.462,2475.42,0.0267544,0.00147206,0,-0.0308813,0.00285684,0.0473688,509.634,0,37,3,-2.07986e-05,False
2017-07-28,154.459,2472.1,0.0276528,0.00151564,0,-0.0337538,0.00126964,0.0413895,516.842,0,38,2,-1.88199e-05,False
2017-07-31,154.46,2470.3,0.0264266,0.00151284,0,-0.022414,0.00215794,0.0400814,516.769,0,38,2,1.06826e-05,False
2017-08-01,154.483,2476.35,0.0260929,0.00146211,0,0.0126423,0.00210484,0.0522334,514.165,0,37,3,0.000149011,False
2017-08-02,154.523,2477.57,0.0244249,0.00141508,0,0.013451,0.00123577,0.0478348,502.672,0,36,4,0.000256491,False
2017-08-03,154.523,2472.16,0.0263636,0.00146446,0,-0.0319587,0.00130705,0.0395531,505.566,0,37,3,-5.50237e-07,False
2017-08-04,154.569,2476.83,0.0236084,0.00145819,0,0.0292184,0.000807431,0.0443709,502.568,0,37,3,0.00029603,False
2017-08-07,154.603,2480.91,0.0241362,0.0014572,0,0.0221736,0.00127376,0.0536936,503.095,0,37,3,0.000221624,False
2017-08-08,154.512,2474.92,0.0273137,0.00148235,0,-0.117749,0.00549547,0.0475969,501.917,0,37,3,-0.000590652,False
2017-08-09,154.513,2474.02,0.0293117,0.00158158,0,-0.0222267,0.00138628,0.0507863,509.579,0,39,1,6.00447e-06,False
2017-08-10,154.396,2438.21,0.0533892,0.00199396,0,-0.139352,0.00155859,0.0777628,519.638,0,40,0,-0.00075393,False
2017-08-11,154.464,2441.32,0.0456461,0.00183164,0,0.0152158,0.000938632,0.0675028,533.849,0,40,0,0.000442703,False
2017-08-14,154.578,2465.84,0.0345828,0.00161257,0,0.130028,0.00207378,0.114744,539.334,0,39,1,0.000735982,False
2017-08-15,154.663,2464.61,0.0338962,0.00157758,0,0.00101019,0.00126812,0.0623981,531.044,0,38,2,0.000546048,False
2017-08-16,154.721,2468.11,0.0303588,0.00153435,0,0.0243857,0.00207283,0.0553564,523.454,0,38,2,0.000376167,False
2017-08-17,154.655,2430.01,0.0443028,0.00182635,0,-0.109901,0.00154487,0.0523567,524.537,0,40,0,-0.000426382,False
2017-08-18,154.668,2425.55,0.0444426,0.00182745,0,-0.0162008,0.00103024,0.0645597,533.403,0,40,0,8.52297e-05,False
2017-08-21,154.7,2428.37,0.0414643,0.00174413,0,-0.00518705,0.00129954,0.0655508,535.813,0,39,1,0.000208463,False
2017-08-22,154.765,2452.51,0.0348164,0.00162643,0,0.151168,0.00294928,0.181817,537.006,0,39,1,0.00042109,False
2017-08-23,154.762,2444.04,0.0376512,0.00168095,0,-0.143406,0.00200609,0.0752486,534.861,0,39,1,-1.85654e-05,False
2017-08-24,154.783,2438.97,0.0385337,0.00170776,0,-0.0308545,0.00165105,0.0592749,533.525,0,40,0,0.00013113,False
2017-08-25,154.835,2443.05,0.0346513,0.00163471,0,0.0196936,0.00155075,0.0580428,538.031,0,39,1,0.000338485,False
2017-08-28,154.864,2444.24,0.0340789,0.00159829,0,-0.00398457,0.00155704,0.0561108,530.452,0,38,2,0.000186463,False
2017-08-29,154.897,2446.3,0.0331327,0.00160977,0,0.0102986,0.00129743,0.0637931,530.907,0,39,1,0.000212068,False
2017-08-30,154.96,2457.59,0.0306118,0.00154634,0,0.0679565,0.00300345,0.0946252,528.699,0,38,2,0.000407925,False
2017-08-31,155.103,2471.65,0.0296549,0.00152073,0.0156739,0.243257,0.00407773,0.203345,530.247,0,38,2,0.000922295,False
2017-09-01,155.287,2476.55,0.0258326,0.00145547,0.0196234,0.114377,0.00725265,0.131503,522.135,0,37,3,0.00118451,False
2017-09-05,155.162,2457.85,0.0359124,0.00164021,0,-0.23499,0.00430257,0.0508921,522.064,0,39,1,-0.000801161,False
2017-09-06,155.222,2465.54,0.0299167,0.00152878,0,0.0340418,0.00148126,0.0522427,523.668,0,38,2,0.0003841,False
2017-09-07,155.251,2465.1,0.0291991,0.0015418,0,-0.00222548,0.00157084,0.0470799,523.738,0,38,2,0.000186983,False
2017-09-08,155.241,2461.43,0.0339762,0.00159907,0,-0.0230782,0.00114333,0.0646889,527.263,0,39,1,-6.08913e-05,False
2017-09-11,155.297,2488.11,0.0250986,0.00146189,0.0195875,0.279812,0.010932,0.281749,527.856,0,37,3,0.000359885,False
2017-09-12,155.409,2496.48,0.0260102,0.001505,0.159298,0.36421,0.0110576,0.388535,523.846,0,38,2,0.000718454,False
2017-09-13,155.504,2498.37,0.027855,0.00145455,0.108419,0.0176837,0.00934628,0.219458,518.882,0,37,3,0.000613833,False
2017-09-14,155.587,2495.62,0.0269352,0.00149875,0.00684006,-0.0850004,0.00429417,0.0656902,517.474,0,38,2,0.000534195,False
2017-09-15,155.614,2500.23,0.0287803,0.00151244,0.00933443,0.0205325,0.00168654,0.0760023,521.693,0,38,2,0.000170112,False
2017-09-18,155.679,2503.87,0.0278851,0.00150379,0,0.0312212,0.00204777,0.0667112,522.12,0,38,2,0.00041671,False
2017-09-19,155.723,2506.65,0.0285338,0.00154439,0,0.0181467,0.00205681,0.0653682,530.148,0,39,1,0.000285346,False
2017-09-20,155.755,2508.24,0.0283063,0.00150128,0,-0.00252596,0.00142452,0.0563389,530.114,0,38,2,0.000204747,False
2017-09-21,155.753,2500.6,0.0284755,0.00151189,0,-0.0442938,0.00140042,0.0391109,528.646,0,38,2,-9.64708e-06,False
2017-09-22,155.771,2502.22,0.0278409,0.00151516,0,-0.001133,0.000800472,0.0463213,525.319,0,38,2,0.000110315,False
2017-09-25,155.756,2496.66,0.0299263,0.00150774,0,-0.0449183,0.00132789,0.0432385,524.665,0,38,2,-9.46582e-05,False
2017-09-26,155.78,2496.84,0.0295171,0.00147522,0,0.00243638,0.0011932,0.0483828,517.406,0,37,3,0.000154992,False
2017-09-27,155.811,2507.04,0.0286423,0.00149462,0,0.0541591,0.00335266,0.0951895,519.276,0,38,2,0.000199945,False
2017-09-28,155.864,2510.06,0.0268864,0.00150562,0,0.00486688,0.00157181,0.0707474,523.26,0,38,2,0.000340913,False
2017-09-29,155.935,2519.36,0.0257903,0.00141053,0,0.0967546,0.00234324,0.118967,516.441,0,36,4,0.000452777,False
2017-10-02,156.115,2529.12,0.0244277,0.00144368,0.0257054,0.242516,0.00498659,0.17311,517.198,0,37,3,0.00115859,False
2017-10-03,156.221,2534.58,0.0256766,0.00140439,0.0434851,0.116268,0.00318017,0.161796,509.29,0,36,4,0.00067379,False
2017-10-04,156.32,2537.74,0.0233064,0.00138943,0.0170181,0.0374753,0.00454863,0.100553,501.199,0,36,4,0.000634162,False
2017-10-05,156.363,2552.07,0.0242725,0.00139765,0.18681,0.407057,0.0131576,0.287666,498.763,0,36,4,0.000274122,False
2017-10-06,156.441,2549.33,0.0233477,0.00139058,0.0134006,-0.137265,0.00419294,0.0767015,497.428,0,36,4,0.000499241,False
2017-10-09,156.45,2544.73,0.0263346,0.00142472,0,-0.0446069,0.00344543,0.0444106,496.337,0,37,3,5.84787e-05,False
2017-10-10,156.503,2550.64,0.0250672,0.00135536,0,0.0419253,0.00195501,0.0545158,493.326,0,35,5,0.000342454,False
2017-10-11,156.552,2555.24,0.0248535,0.00143796,0,0.0322344,0.00175066,0.0601261,497.758,0,37,3,0.000308549,False
2017-10-12,156.558,2550.93,0.0242486,0.00147144,0,-0.0376942,0.00157971,0.0373992,508.67,0,38,2,3.97956e-05,False
2017-10-13,156.593,2553.17,0.0206145,0.00134246,0,0.0144047,0.00109646,0.0344855,505.121,0,35,5,0.000226715,False
2017-10-16,156.601,2557.64,0.0221236,0.00138817,0,0.0128723,0.00185979,0.0583042,501.751,0,36,4,5.06357e-05,False
2017-10-17,156.639,2559.36,0.0226151,0.00138113,0,0.0125672,0.0013456,0.0531728,505.713,0,36,4,0.000240017,False
2017-10-18,156.68,2561.26,0.0231149,0.00138437,0,0.0155919,0.00191499,0.0477716,501.862,0,36,4,0.000260527,False
2017-10-19,156.678,2562.1,0.0212716,0.00141852,0,-0.0292645,0.00234458,0.0382009,501.707,0,37,3,-1.39475e-05,False
2017-10-20,156.629,2575.21,0.0260575,0.00145911,0.00160749,0.174425,0.00525559,0.278946,511.15,0,38,2,-0.000310094,False
2017-10-23,156.57,2564.98,0.0298614,0.00145306,0,-0.285541,0.00997515,0.0704716,508.767,0,37,3,-0.000374344,False
2017-10-24,156.627,2569.13,0.0306092,0.00149883,0,0.0362349,0.00131314,0.0775761,517.139,0,38,2,0.000363591,False
2017-10-25,156.61,2557.15,0.0340861,0.00158028,0,-0.0776523,0.00192548,0.0477099,526.927,0,39,1,-0.000109852,False
2017-10-26,156.642,2560.4,0.033468,0.00152337,0,0.0156846,0.000852163,0.0622099,528.045,0,38,2,0.000206097,False
2017-10-27,156.742,2581.07,0.0280847,0.00147871,0.00491536,0.18032,0.00473868,0.159509,535.546,0,38,2,0.000638223,False
2017-10-30,156.746,2572.83,0.0300906,0.00154664,0,-0.126862,0.00279591,0.0550794,533.379,0,39,1,2.11531e-05,False
2017-10-31,156.784,2575.26,0.0289007,0.0014797,0,0.0114378,0.00133032,0.0538375,533.511,0,38,2,0.000247346,False
2017-11-01,156.804,2579.36,0.0288127,0.00148761,0,0.00659029,0.00362063,0.0647728,529.864,0,38,2,0.000123478,False
2017-11-02,156.83,2579.85,0.0289194,0.00148346,0,-0.00972844,0.00183017,0.054723,529.612,0,38,2,0.000165348,False
2017-11-03,156.903,2587.84,0.0256013,0.00146026,0,0.0588862,0.00052485,0.0639881,530.76,0,38,2,0.000466986,False
2017-11-06,156.96,2591.13,0.0246285,0.00141911,0,0.0277406,0.00194183,0.0560055,526.837,0,37,3,0.000363223,False
2017-11-07,156.954,2590.64,0.0269832,0.00143737,0,-0.027781,0.00229206,0.0577236,522.341,0,37,3,-3.9789e-05,False
2017-11-08,157.005,2594.38,0.0245811,0.00141443,0,0.0208947,0.00130468,0.048695,518.715,0,37,3,0.000329941,False
2017-11-09,156.946,2584.62,0.02942,0.00142532,0,-0.0896492,0.00163662,0.0445836,513.022,0,37,3,-0.000376928,False
2017-11-10,156.954,2582.3,0.0298342,0.00148933,0,-0.0165825,0.000920262,0.0478455,516.968,0,38,2,4.82985e-05,False
2017-11-13,156.956,2584.84,0.0325555,0.00151981,0,-0.0125071,0.00158593,0.0622978,521.693,0,38,2,1.58665e-05,False
2017-11-14,156.948,2578.87,0.0331983,0.0015371,0,-0.0519628,0.00117166,0.0489577,521.01,0,38,2,-5.18184e-05,False
2017-11-15,156.906,2564.62,0.0404835,0.00171087,0,-0.0700806,0.000866541,0.0592524,534.965,0,40,0,-0.000270594,False
2017-11-16,157.049,2585.64,0.0285345,0.00147568,0,0.132785,0.00122516,0.0741758,539.273,0,38,2,0.000915808,False
2017-11-17,157.049,2578.85,0.0335277,0.00154299,0,-0.0467638,0.00174881,0.0575796,533.963,0,38,2,4.3472e-07,False
2017-11-20,157.1,2582.14,0.0315983,0.00152218,0,0.0193278,0.000782037,0.055856,530.621,0,38,2,0.000320571,False
2017-11-21,157.16,2599.03,0.0279986,0.00148059,0,0.13036,0.00326696,0.149803,532.966,0,38,2,0.000379787,False
2017-11-22,157.237,2597.08,0.0282364,0.00147605,0,-0.0206629,0.00181108,0.0765874,531.644,0,38,2,0.000493139,False
2017-11-24,157.31,2602.42,0.0280037,0.0014703,0,0.055195,0.00199603,0.0835388,532.011,0,38,2,0.000462875,False
2017-11-27,157.337,2601.42,0.0297088,0.00147607,0,-0.026563,0.00175026,0.0562365,527.338,0,38,2,0.000173045,False
2017-11-28,157.183,2627.04,0.0308472,0.00149516,0.13465,0.478676,0.0125696,0.57143,534.639,0,38,2,-0.00098124,False
2017-11-29,157.34,2626.07,0.0325692,0.00150571,0.0404823,-0.107335,0.00964803,0.287749,533.018,0,38,2,0.00100062,False
2017-11-30,157.196,2647.58,0.0374072,0.00162397,0.56266,0.993263,0.0183047,0.880207,542.831,0,40,0,-0.000917612,False
2017-12-01,157.31,2642.22,0.0378817,0.00163537,0.149449,-0.394482,0.0119179,0.246476,547.977,0,40,0,0.000726035,False
2017-12-04,157.065,2639.44,0.0377431,0.00161146,0.0344135,-0.408004,0.0137722,0.0711554,546.386,0,39,1,-0.00155577,False
2017-12-05,157.073,2629.57,0.0341528,0.00156422,0,-0.0521552,0.00195718,0.0414675,540.594,0,39,1,5.19792e-05,False
2017-12-06,157.091,2629.27,0.0324142,0.0015422,0,-0.00561841,0.000738783,0.0481274,540.945,0,39,1,0.000113673,False
2017-12-07,157.13,2636.98,0.0310201,0.00151017,0,0.0306214,0.00114664,0.0680143,542.668,0,39,1,0.000248886,False
2017-12-08,157.234,2651.5,0.0273901,0.00143408,0.00448108,0.148225,0.00426551,0.12901,540.876,0,38,2,0.000664665,False
2017-12-11,157.328,2659.99,0.0279202,0.00142878,0.00745353,0.142628,0.00376743,0.193029,537.38,0,38,2,0.000597067,False
2017-12-12,157.438,2664.11,0.0300971,0.00149159,0.00613923,0.0624025,0.00431193,0.164347,536.905,0,39,1,0.000694335,False
2017-12-13,157.526,2662.85,0.0298803,0.00149925,0,-0.0314619,0.00514335,0.0680104,539.831,0,39,1,0.000559666,False
2017-12-14,157.503,2652.01,0.0366116,0.00159054,0,-0.069342,0.00218408,0.0542774,541.821,0,39,1,-0.000144561,False
2017-12-15,157.584,2675.81,0.0294942,0.00149004,0,0.17179,0.00420043,0.168661,545.946,0,39,1,0.000515612,False
2017-12-18,157.668,2690.16,0.028317,0.00137985,0.0995918,0.351713,0.00752352,0.356364,539.462,0,37,3,0.000531981,False
2017-12-19,157.718,2681.47,0.0323892,0.00150411,0.00218261,-0.239102,0.00561729,0.0907515,532.933,0,38,2,0.000314555,False
2017-12-20,157.763,2679.25,0.0300401,0.00150447,0,-0.0198342,0.00433023,0.0497491,532.128,0,39,1,0.000287689,False
2017-12-21,157.807,2684.57,0.0306435,0.00150356,0,0.0325296,0.00173837,0.0651339,536.733,0,39,1,0.000282362,False
2017-12-22,157.829,2683.34,0.0309059,0.00149084,0,-0.0149559,0.00121615,0.0572902,544.415,0,39,1,0.000133624,False
2017-12-26,157.844,2680.5,0.0306021,0.00147523,0,-0.0212903,0.000789022,0.0487661,540.188,0,38,2,9.8662e-05,False
2017-12-27,157.878,2682.62,0.0296629,0.00148232,0,0.0113182,0.000880323,0.0530856,540.685,0,39,1,0.000217296,False
2017-12-28,157.934,2687.54,0.028182,0.00147944,0,0.0317421,0.000896263,0.0554453,541.476,0,39,1,0.000349565,False
2017-12-29,157.924,2673.61,0.0304573,0.00146297,0,-0.0523663,0.00161621,0.0401201,539.266,0,38,2,-6.11836e-05,False
2018-01-02,157.996,2695.81,0.0260628,0.00142719,0,0.156948,0.00252747,0.147621,539.205,0,38,2,0.000453101,False
2018-01-03,157.987,2713.06,0.0252189,0.00140392,0.163303,0.434955,0.00525719,0.446402,536.969,0,38,2,-5.42477e-05,False
2018-01-04,158.03,2723.99,0.0258872,0.00140345,0.360535,0.576832,0.00900874,0.635444,537.042,0,38,2,0.000270468,False
2018-01-05,157.789,2743.15,0.0268564,0.00140883,0.994406,1.27935,0.0194567,1.16698,537.8,0,38,2,-0.00152251,False
2018-01-08,157.91,2747.71,0.0264184,0.00138746,0.774116,0.256194,0.0133538,0.539434,532.011,0,38,2,0.00076875,False
2018-01-09,157.971,2751.29,0.0285281,0.00140306,0.348541,0.0960223,0.0106628,0.242661,534.898,0,38,2,0.000384501,False
2018-01-10,157.993,2748.23,0.028296,0.00141523,0.0380695,-0.144882,0.00527099,0.0598822,533.422,0,38,2,0.000135702,False
2018-01-11,158.053,2767.56,0.0271032,0.0014012,0.0985115,0.299715,0.0076368,0.218269,535.844,0,38,2,0.000385344,False
2018-01-12,157.853,2786.24,0.0294597,0.00141742,0.43783,0.781202,0.00852393,0.781354,537.285,0,38,2,-0.00126663,False
2018-01-16,156.703,2776.42,0.0414017,0.00166298,0.0102031,-1.65468,0.0204976,0.286077,540.761,0,40,0,-0.00728759,False
2018-01-17,156.813,2802.56,0.0389858,0.00158358,0.468498,0.948414,0.0120407,0.681404,546.501,0,39,1,0.000701645,False
2018-01-18,157.08,2798.03,0.0317077,0.00150594,0.15561,-0.181624,0.0061383,0.101084,547.389,0,40,0,0.00170362,False
2018-01-19,157.129,2810.3,0.0357372,0.0015176,0.0815252,0.161359,0.00232022,0.16371,548.027,0,39,1,0.000312627,False
2018-01-22,157.249,2832.97,0.0350396,0.00152377,0.213575,0.632722,0.0108944,0.485221,550.211,0,40,0,0.000765347,False
2018-01-23,157.441,2839.13,0.0355038,0.00151078,0.147108,0.177624,0.00822174,0.350184,549.574,0,39,1,0.00121669,False
2018-01-24,157.301,2837.54,0.0388148,0.00157616,0.0282949,-0.319016,0.0133785,0.166144,548.01,0,40,0,-0.000885478,False
2018-01-25,157.335,2839.25,0.0403073,0.00163806,0.0119299,-0.0668069,0.00469091,0.087978,551.313,0,40,0,0.000212376,False
2018-01-26,156.95,2872.87,0.0383268,0.00157268,0.196602,0.222666,0.0151966,0.520698,555.126,0,40,0,-0.00244764,False
2018-01-29,156.942,2853.53,0.0468032,0.0017529,0,-0.441266,0.00534268,0.127122,550.093,0,40,0,-5.0857e-05,False
2018-01-30,156.83,2822.43,0.0518873,0.00187267,0,-0.223508,0.00164405,0.0638955,545.033,0,40,0,-0.000713076,False
2018-01-31,156.861,2823.81,0.0478535,0.00177508,0,-0.00769821,0.00118078,0.0702088,546.51,0,40,0,0.000196941,False
2018-02-01,156.871,2821.98,0.048395,0.00178505,0,-0.0289924,0.00119031,0.0759197,547.387,0,40,0,6.8317e-05,False
2018-02-02,156.787,2762.13,0.0594998,0.00207238,0,-0.148347,0.00139665,0.0675575,540.133,0,40,0,-0.000535178,False
2018-02-05,156.551,2648.94,0.151912,0.00464748,0,-0.209563,0.00164489,0.240108,527.734,0,40,0,-0.00150838,False
2018-02-06,156.865,2695.14,0.107032,0.0033547,0,0.142725,0.00155275,0.171043,543.235,0,40,0,0.00200519,False
2018-02-07,156.981,2681.66,0.0810516,0.00263601,0,-0.0368913,0.000997814,0.0950572,545.315,0,40,0,0.000742757,False
2018-02-08,156.88,2581,0.140297,0.00431518,0,-0.148106,0.00132812,0.183069,533.542,0,40,0,-0.000646344,False
2018-02-09,157.06,2619.55,0.0997205,0.00316019,0,0.0558397,0.000912643,0.153822,546.242,0,40,0,0.00115206,False
2018-02-12,157.292,2656,0.0849209,0.00275147,0,0.190232,0.00143078,0.193279,554.016,0,40,0,0.00147404,False
2018-02-13,157.378,2662.94,0.0887975,0.00285608,0,0.0115851,0.00114502,0.203314,554.741,0,40,0,0.000548956,False
2018-02-14,157.517,2698.63,0.0643597,0.00220237,0,0.0621294,0.00354368,0.185485,558.787,0,40,0,0.000880503,False
2018-02-15,157.711,2731.2,0.0541999,0.00194167,0.0607041,0.330396,0.00821839,0.304821,560.01,0,40,0,0.00123413,False
2018-02-16,157.791,2732.22,0.0590662,0.00206495,0.00332769,-0.0722048,0.00595816,0.201115,556.366,0,40,0,0.000502289,False
2018-02-20,157.759,2716.26,0.0616347,0.00212901,0,-0.196054,0.00341095,0.0925994,551.678,0,40,0,-0.000199271,False
2018-02-21,157.742,2701.33,0.0623577,0.00215412,0,-0.084535,0.00120014,0.084413,549.059,0,40,0,-0.000109947,False
2018-02-22,157.779,2703.96,0.0610626,0.00212844,0,-0.00888012,0.00134009,0.0959342,550.58,0,40,0,0.000235783,False
2018-02-23,157.912,2747.3,0.0498597,0.00184882,0.00671543,0.336681,0.00338724,0.337487,557.996,0,40,0,0.000843183,False
2018-02-26,158.022,2779.6,0.047322,0.00179425,0.40769,1.13152,0.0111306,0.985439,560.964,0,40,0,0.000698354,False
2018-02-27,157.523,2744.28,0.0592126,0.002079,0,-1.40413,0.0143477,0.123451,551.981,0,40,0,-0.00316003,False
2018-02-28,157.471,2713.83,0.0604585,0.00211081,0,-0.156393,0.00335294,0.0739834,546.552,0,40,0,-0.00032967,False
2018-03-01,157.405,2677.67,0.0691295,0.00232778,0,-0.120861,0.00104867,0.0851579,542.654,0,40,0,-0.000420917,False
2018-03-02,157.472,2691.25,0.0623261,0.00215181,0,0.0310082,0.00110522,0.108101,548.294,0,40,0,0.00042651,False
2018-03-05,157.506,2720.94,0.0587581,0.00206292,0,0.109877,0.00345664,0.236568,554.674,0,40,0,0.00022003,False
2018-03-06,157.687,2728.12,0.0555855,0.00198624,0,0.0597305,0.00276182,0.166766,555.1,0,40,0,0.00114516,False
2018-03-07,157.646,2726.8,0.0561484,0.00199335,0,-0.149172,0.00214277,0.110641,553.499,0,40,0,-0.000260228,False
2018-03-08,157.755,2738.97,0.0523656,0.00191251,0,0.0652729,0.00130159,0.116036,554.189,0,40,0,0.000691607,False
2018-03-09,157.678,2786.57,0.0447019,0.00172653,0.362434,0.938274,0.00677087,0.805013,559.868,0,40,0,-0.000487663,False
2018-03-12,157.8,2783.02,0.0518336,0.00187065,0.0449158,-0.281106,0.00958115,0.397334,556.169,0,40,0,0.000773974,False
2018-03-13,157.619,2765.31,0.0494102,0.00183071,0,-0.533447,0.0119902,0.0800464,551.385,0,40,0,-0.0011443,False
2018-03-14,157.622,2749.48,0.0552127,0.0019707,0,-0.054154,0.00182774,0.0742896,548.652,0,40,0,1.91418e-05,False
2018-03-15,157.678,2747.33,0.0426822,0.00169494,0,-0.0058773,0.000558157,0.053278,549.384,0,40,0,0.000352509,False
2018-03-16,157.695,2752.01,0.0476295,0.00179832,0,0.0168428,0.000945293,0.0975307,551.417,0,40,0,0.000110834,False
2018-03-19,157.629,2712.92,0.05671,0.00202044,0,-0.148283,0.00140045,0.0688352,546.292,0,40,0,-0.000420419,False
2018-03-20,157.67,2716.94,0.0558261,0.001998,0,0.0115934,0.000848856,0.092252,549.212,0,40,0,0.000261093,False
2018-03-21,157.695,2711.93,0.0556993,0.00198189,0,-0.0340806,0.00121851,0.0861047,549.873,0,40,0,0.000155803,False
2018-03-22,157.557,2643.69,0.0739966,0.00245823,0,-0.209267,0.00112602,0.0853381,541.032,0,40,0,-0.000875668,False
2018-03-23,157.504,2588.26,0.0823644,0.00269636,0,-0.12162,0.00124765,0.0948285,537.343,0,40,0,-0.00033442,False
2018-03-26,157.415,2658.55,0.0686294,0.002316,0,0.325266,0.00503524,0.570002,553.907,0,40,0,-0.000562709,False
2018-03-27,157.035,2612.62,0.0789879,0.00259478,0,-0.893836,0.00872391,0.124063,546.815,0,40,0,-0.00241545,False
2018-03-28,157.066,2605,0.0820686,0.00268211,0,-0.0445082,0.00113908,0.12694,547.413,0,40,0,0.00019653,False
2018-03-29,157.067,2640.87,0.0730178,0.00244351,0,0.0548445,0.00365302,0.247637,553.718,0,40,0,6.80584e-06,False
2018-04-02,156.916,2581.88,0.0865459,0.00280287,0,-0.370659,0.00216164,0.109314,543.053,0,40,0,-0.000959807,False
2018-04-03,157.035,2614.45,0.0806401,0.00264527,0,0.134093,0.00127365,0.201374,550.668,0,40,0,0.0007568,False
2018-04-04,157.116,2644.69,0.0756952,0.00251011,0.00712598,0.169021,0.00293015,0.352444,555.041,0,40,0,0.000516317,False
2018-04-05,157.454,2662.84,0.0691407,0.00233102,0.0205432,0.263152,0.00354799,0.320495,556.127,0,40,0,0.00215012,False
2018-04-06,157.197,2604.47,0.0801674,0.00263907,0,-0.553413,0.00311513,0.0981231,545.045,0,40,0,-0.00162986,False
2018-04-09,157.252,2613.16,0.0858844,0.00278287,0,0.0381578,0.00148474,0.16355,547.732,0,40,0,0.000345727,False
2018-04-10,157.539,2656.87,0.0757004,0.00250578,0,0.421364,0.00206497,0.369201,555.712,0,40,0,0.0018241,False
2018-04-11,157.595,2642.19,0.0747505,0.0024844,0,-0.247365,0.00246318,0.135086,552.318,0,40,0,0.000358983,False
2018-04-12,157.784,2663.99,0.0648068,0.00223502,0,0.14432,0.00108444,0.152298,555.513,0,40,0,0.0011967,False
2018-04-13,157.848,2656.3,0.0572633,0.00204399,0,-0.0598553,0.00264325,0.081023,552.727,0,40,0,0.000405592,False
2018-04-16,157.95,2677.84,0.052654,0.00192675,0,0.110912,0.00197641,0.138723,555.595,0,40,0,0.000645961,False
2018-04-17,158.082,2706.39,0.0483561,0.00183765,0.0400367,0.34072,0.00835393,0.344822,558.848,0,40,0,0.000840448,False
2018-04-18,158.325,2708.64,0.0461681,0.0017858,0.010815,0.0477482,0.00424,0.17896,556.961,0,40,0,0.00153678,False
2018-04-19,158.32,2693.13,0.0452937,0.00176371,0,-0.162404,0.00208333,0.0630408,553.165,0,40,0,-3.1824e-05,False
2018-04-20,158.29,2670.14,0.0562588,0.00200956,0,-0.070044,0.00124592,0.0761476,549.681,0,40,0,-0.000190421,False
2018-04-23,158.312,2670.29,0.0549426,0.00198739,0,-0.0212123,0.00126928,0.084473,551.389,0,40,0,0.000139922,False
2018-04-24,158.224,2634.56,0.0618076,0.00216041,0,-0.155969,0.0020749,0.0749285,547.499,0,40,0,-0.000561244,False
2018-04-25,158.229,2639.4,0.0636743,0.00220409,0,-0.018389,0.0010299,0.111338,551.137,0,40,0,3.5656e-05,False
2018-04-26,158.305,2666.94,0.0574394,0.00204402,0,0.126034,0.00409369,0.213081,556.902,0,40,0,0.000477743,False
2018-04-27,158.453,2669.91,0.0533819,0.00196055,0,0.0142926,0.00260599,0.127818,556.732,0,40,0,0.000937247,False
2018-04-30,158.4,2648.05,0.0548629,0.00199389,0,-0.159785,0.00374819,0.0706004,552.584,0,40,0,-0.000337303,False
2018-05-01,158.413,2654.8,0.0531437,0.00194574,0,-0.0127407,0.00137658,0.094143,553.973,0,40,0,8.54683e-05,False
2018-05-02,158.409,2635.67,0.0555327,0.00200472,0,-0.0781278,0.00122456,0.0729104,551.256,0,40,0,-2.89866e-05,False
2018-05-03,158.387,2629.73,0.0569387,0.00203991,0,-0.0656846,0.00143859,0.0823806,551.804,0,40,0,-0.000136953,False
2018-05-04,158.339,2663.42,0.0490329,0.0018556,0,0.0599049,0.00443857,0.232584,558.116,0,40,0,-0.000300278,False
2018-05-07,158.326,2672.63,0.0486924,0.00184278,0.00791999,-0.0423931,0.00769399,0.234763,558.135,0,40,0,-8.42231e-05,False
2018-05-08,158.446,2671.92,0.0484727,0.00184464,0,-0.0343953,0.00234202,0.124954,556.483,0,40,0,0.000756029,False
2018-05-09,158.684,2697.79,0.043626,0.00174388,0.0628415,0.40088,0.00466373,0.261905,559.348,0,40,0,0.00150402,False
2018-05-10,158.584,2723.07,0.0406902,0.00165697,0.446513,0.644189,0.0148235,0.583645,561.003,0,40,0,-0.000629264,False
2018-05-11,158.823,2727.72,0.0378881,0.00159471,0.156925,0.0816891,0.0107844,0.29518,555.328,0,39,1,0.00150543,False
2018-05-14,158.869,2730.13,0.0393757,0.0016078,0.0384033,-0.0761348,0.0090794,0.163536,549.912,0,39,1,0.000288338,False
2018-05-15,158.814,2711.45,0.0484793,0.00183514,0,-0.191257,0.0022873,0.0710913,549.895,0,40,0,-0.000342769,False
2018-05-16,158.891,2722.46,0.0407131,0.00167078,0,0.0388092,0.00108582,0.0710413,556.072,0,40,0,0.000483682,False
2018-05-17,158.926,2720.13,0.0332806,0.00152208,0,-0.0228972,0.00161573,0.0435329,551.947,0,39,1,0.000218729,False
2018-05-18,158.9,2712.97,0.0427695,0.0017212,0,-0.0315725,0.00118393,0.0775997,551.124,0,40,0,-0.000162182,False
2018-05-21,158.93,2733.01,0.04081,0.00168186,0,0.0847069,0.00406817,0.167896,558.542,0,40,0,0.000185469,False
2018-05-22,158.885,2724.44,0.0410667,0.00168059,0,-0.174443,0.00366342,0.0736145,556.343,0,40,0,-0.000279615,False
2018-05-23,158.933,2733.29,0.0388267,0.00162056,0,0.0218964,0.00136295,0.0837303,553.546,0,39,1,0.000299738,False
2018-05-24,158.964,2727.76,0.0395797,0.00165682,0,-0.0303272,0.000862936,0.0596179,552.179,0,40,0,0.000194077,False
2018-05-25,158.955,2721.33,0.0419125,0.00169264,0,-0.04423,0.000952894,0.063275,555.143,0,40,0,-5.42273e-05,False
2018-05-29,158.843,2689.86,0.0540252,0.00197297,0,-0.156769,0.00113841,0.069547,550.954,0,40,0,-0.000705402,False
2018-05-30,158.946,2724.01,0.0439314,0.00173075,0,0.190019,0.00252836,0.195591,558.118,0,40,0,0.000652511,False
2018-05-31,158.943,2705.27,0.0480532,0.00183137,0,-0.169766,0.00222382,0.0728573,555.041,0,40,0,-1.90858e-05,False
2018-06-01,159.071,2734.62,0.0401987,0.00165298,0,0.239706,0.00246282,0.220817,560.097,0,40,0,0.000804246,False
2018-06-04,159.288,2746.87,0.0400044,0.00163619,0.041289,0.264202,0.0054273,0.259548,556.832,0,39,1,0.00136494,False
2018-06-05,159.478,2748.8,0.0400773,0.00166883,0.0111633,0.0461102,0.00276635,0.140752,555.673,0,40,0,0.00118894,False
2018-06-06,159.561,2772.35,0.0360529,0.00155029,0.141163,0.436522,0.00885965,0.378487,558.354,0,39,1,0.000522118,False
2018-06-07,159.672,2770.37,0.0374774,0.0015608,0.0620158,-0.0994536,0.00772391,0.134662,552.311,0,39,1,0.000692833,False
2018-06-08,159.774,2779.03,0.0384685,0.00162259,0,0.0677696,0.00305499,0.134158,556.813,0,40,0,0.000639211,False
2018-06-11,159.854,2782,0.0433583,0.00170776,0,0.0415309,0.00146071,0.135641,560.472,0,40,0,0.000502199,False
2018-06-12,159.958,2786.85,0.040538,0.0016717,0,0.0206136,0.00182062,0.089278,560.675,0,40,0,0.000650733,False
2018-06-13,159.949,2775.63,0.0396319,0.00160466,0,-0.0791902,0.00159614,0.0549979,554.67,0,39,1,-5.30073e-05,False
2018-06-14,160.004,2782.49,0.0316682,0.00148097,0,0.0158984,0.00100035,0.0457588,552.061,0,39,1,0.000339635,False
2018-06-15,159.966,2779.66,0.0378311,0.00162218,0,-0.0456365,0.00147869,0.0723096,555.657,0,40,0,-0.000234101,False
2018-06-18,159.95,2773.75,0.0372319,0.00157184,0,-0.0681118,0.00109004,0.0553655,554.932,0,39,1,-0.000103758,False
2018-06-19,159.892,2762.59,0.0411002,0.00166684,0,-0.0944718,0.00111817,0.0569969,553.689,0,40,0,-0.000361289,False
2018-06-20,159.935,2767.32,0.0402818,0.00163521,0,0.0184133,0.00101182,0.0702455,555.204,0,39,1,0.000267677,False
2018-06-21,159.895,2749.76,0.0451486,0.0017573,0,-0.0901564,0.00169556,0.0618364,553.055,0,40,0,-0.000250424,False
2018-06-22,159.95,2754.88,0.0441755,0.00173864,0,0.0272366,0.00108431,0.0754945,558.999,0,40,0,0.000343545,False
2018-06-25,159.847,2717.07,0.0540852,0.00195729,0,-0.161697,0.00165263,0.0668112,553.934,0,40,0,-0.000641067,False
2018-06-26,159.902,2723.06,0.0506516,0.00188387,0,0.0221321,0.00070586,0.0819355,557.201,0,40,0,0.000344515,False
2018-06-27,159.838,2699.63,0.0607816,0.00212868,0,-0.120102,0.00197749,0.0824137,555.104,0,40,0,-0.000399652,False
2018-06-28,159.896,2716.31,0.0559226,0.00200719,0,0.0443689,0.00206038,0.120688,559.688,0,40,0,0.000362551,False
2018-06-29,159.98,2718.37,0.0534939,0.00194186,0,0.0135005,0.0023556,0.0994214,560.511,0,40,0,0.000525113,False
2018-07-02,160.026,2726.71,0.0486658,0.00183729,0,-0.00177081,0.00111783,0.0973851,561.636,0,40,0,0.000287387,False
2018-07-03,160.05,2713.22,0.0530511,0.00195028,0,-0.0442877,0.0017079,0.0786876,559.068,0,40,0,0.000148742,False
2018-07-05,160.11,2736.61,0.0480921,0.00183001,0,0.0849818,0.00224402,0.147104,562.804,0,40,0,0.000378526,False
2018-07-06,160.218,2759.82,0.0396856,0.00163416,0.0431811,0.225508,0.00754248,0.252795,565.383,0,40,0,0.000669196,False
2018-07-09,160.302,2784.17,0.0358168,0.00156771,0.294194,0.688692,0.0133848,0.583681,567.08,0,40,0,0.000527253,False
2018-07-10,160.504,2793.84,0.0335697,0.00150386,0.355302,0.416586,0.00998775,0.465471,561.938,0,39,1,0.00125745,False
2018-07-11,160.372,2774.02,0.0395755,0.00163671,0.00592847,-0.56095,0.00539874,0.0628434,556.649,0,40,0,-0.000820607,False
2018-07-12,160.408,2798.29,0.0333372,0.00149093,0.0338761,0.143749,0.00406339,0.164095,559.924,0,39,1,0.000227003,False
2018-07-13,160.531,2801.31,0.0315427,0.00144749,0.00189351,0.0301581,0.00324856,0.0968252,551.331,0,38,2,0.000762932,False
2018-07-16,160.543,2798.43,0.0343672,0.00151293,0,-0.0446089,0.00134947,0.0715696,550.28,0,39,1,7.56961e-05,False
2018-07-17,160.576,2809.55,0.0323736,0.0014813,0,0.0279292,0.00229214,0.0953879,551.58,0,39,1,0.000203753,False
2018-07-18,160.664,2815.62,0.0302351,0.00146988,0,0.0427116,0.0027536,0.0755542,555.726,0,39,1,0.000551496,False
2018-07-19,160.642,2804.49,0.03117,0.00144663,0,-0.0852132,0.00154961,0.0409029,545.475,0,38,2,-0.000139347,False
2018-07-20,160.628,2801.83,0.0361736,0.00156674,0,-0.0167502,0.00115059,0.0718394,553.259,0,40,0,-8.85848e-05,False
2018-07-23,160.679,2806.98,0.0356125,0.00154245,0,0.0220763,0.000993017,0.0750877,554.353,0,39,1,0.000323139,False
2018-07-24,160.638,2820.4,0.0363323,0.0015527,0,-0.00280284,0.00630432,0.142681,556.32,0,39,1,-0.000260897,False
2018-07-25,160.298,2846.07,0.0352457,0.00155543,0.212709,0.323221,0.0178748,0.608246,562.88,0,40,0,-0.00211182,False
2018-07-26,160.338,2837.44,0.035631,0.00154572,0,-0.457762,0.00816823,0.136729,563.243,0,40,0,0.000247489,False
2018-07-27,160.345,2818.82,0.0378954,0.00159845,0,-0.114717,0.00308901,0.0486144,559.324,0,40,0,4.11967e-05,False
2018-07-30,160.318,2802.6,0.0420046,0.00167696,0,-0.0607739,0.00125162,0.0534892,557.355,0,40,0,-0.000165723,False
2018-07-31,160.357,2816.29,0.0382708,0.00159743,0,0.0347072,0.00199563,0.0835962,560.843,0,40,0,0.000245001,False
2018-08-01,160.377,2813.36,0.0381321,0.00159503,0,-0.0322561,0.00210636,0.0661533,557.026,0,39,1,0.000122336,False
2018-08-02,160.351,2827.22,0.0345014,0.00151098,0,-0.0241546,0.00413333,0.0962769,555.291,0,39,1,-0.000158509,False
2018-08-03,160.492,2840.35,0.0306517,0.00146425,0.000997891,0.144626,0.00157348,0.127443,556.474,0,39,1,0.000873554,False
2018-08-06,160.582,2850.4,0.0298106,0.00142757,0.00997444,0.11703,0.00828187,0.163681,552.663,0,38,2,0.000566501,False
2018-08-07,160.736,2858.45,0.0294499,0.00143304,0.0218761,0.151213,0.00525219,0.162668,552.644,0,39,1,0.000953493,False
2018-08-08,160.821,2857.7,0.0277369,0.00138243,0.00384791,-0.0315836,0.00509002,0.0634436,547.44,0,38,2,0.000529177,False
2018-08-09,160.83,2853.58,0.0303178,0.0014362,0,-0.0343849,0.0013758,0.0468548,550.413,0,39,1,6.03759e-05,False
2018-08-10,160.763,2833.28,0.038444,0.00162194,0,-0.0967863,0.00120969,0.0525852,551.628,0,40,0,-0.000415993,False
2018-08-13,160.749,2821.93,0.0463496,0.00177419,0,-0.0383137,0.0013135,0.07216,559.235,0,40,0,-9.09821e-05,False
2018-08-14,160.87,2839.96,0.0375932,0.00158831,0,0.0977522,0.000836931,0.0842712,563.496,0,40,0,0.000751539,False
2018-08-15,160.812,2818.37,0.0461589,0.00176525,0,-0.119974,0.00118733,0.0651765,560.545,0,40,0,-0.000358506,False
2018-08-16,160.938,2840.69,0.0353591,0.00152366,0,0.113813,0.0011587,0.0860382,560.894,0,39,1,0.000781208,False
2018-08-17,160.957,2850.13,0.0378735,0.00157933,0.0003706,0.0522119,0.00231551,0.152229,561.679,0,40,0,0.000121971,False
2018-08-20,161.09,2857.05,0.0369638,0.00156444,0,0.0753713,0.00174432,0.128852,565.811,0,40,0,0.000822598,False
2018-08-21,161.166,2862.96,0.037242,0.00158311,0,0.0358666,0.00461311,0.119424,565.795,0,40,0,0.000473897,False
2018-08-22,161.224,2861.82,0.0364877,0.0015334,0,-0.0280381,0.00178913,0.0667772,560.662,0,39,1,0.000358477,False
2018-08-23,161.23,2856.98,0.0373998,0.00154314,0,-0.0376679,0.00114023,0.0573724,555.634,0,39,1,4.00272e-05,False
2018-08-24,161.295,2874.69,0.0358014,0.00153374,0,0.109969,0.00148053,0.135027,558.339,0,39,1,0.000403778,False
2018-08-27,161.42,2896.74,0.0337065,0.00151403,0.088025,0.463559,0.0120934,0.405474,564.867,0,40,0,0.000776126,False
2018-08-28,161.607,2897.52,0.0348438,0.00149788,0.0318855,0.00424398,0.00602301,0.218915,563.541,0,39,1,0.00115376,False
2018-08-29,161.624,2914.04,0.0345058,0.00148915,0.210823,0.345632,0.00835848,0.361101,560.711,0,39,1,0.000106935,False
2018-08-30,161.675,2901.13,0.0389971,0.00159702,0.00318827,-0.265154,0.0032952,0.0755385,561.453,0,40,0,0.000317559,False
2018-08-31,161.718,2901.52,0.0357666,0.00153651,0,-0.0081958,0.00160652,0.0574552,565.457,0,40,0,0.000262941,False
2018-09-04,161.721,2896.72,0.0377652,0.00156895,0,-0.0346626,0.000932269,0.055163,564.972,0,40,0,1.78928e-05,False
2018-09-05,161.719,2888.6,0.0386441,0.00159132,0,-0.0379882,0.000912278,0.0554611,564.283,0,40,0,-1.32683e-05,False
2018-09-06,161.703,2878.05,0.0438432,0.00170497,0,-0.0497173,0.00146503,0.0623963,563.648,0,40,0,-9.88092e-05,False
2018-09-07,161.703,2871.68,0.0427982,0.00168609,0,-0.0404815,0.000856322,0.0613882,563.809,0,40,0,4.83792e-06,False
2018-09-10,161.748,2877.13,0.0392114,0.00162148,0,0.0118549,0.00119063,0.0651419,565.698,0,40,0,0.000275199,False
2018-09-11,161.802,2887.89,0.0339792,0.00148757,0,0.0355998,0.00221608,0.0766699,563.626,0,39,1,0.000336001,False
2018-09-12,161.847,2888.92,0.0335507,0.00148272,0,-0.000606256,0.0013999,0.0623081,559.344,0,39,1,0.000274555,False
2018-09-13,161.94,2904.18,0.0310119,0.00145743,0,0.120013,0.00281721,0.115559,561.086,0,39,1,0.000577705,False
2018-09-14,161.975,2904.98,0.0305007,0.00145001,0,-0.0345802,0.00294765,0.0726076,560.135,0,39,1,0.000212881,False
2018-09-17,161.924,2888.8,0.0421231,0.00166792,0,-0.0904458,0.00179908,0.0715522,561.172,0,40,0,-0.000313224,False
2018-09-18,162.004,2904.31,0.0361141,0.00155232,0,0.0591103,0.00129078,0.0837077,567.909,0,40,0,0.000495454,False
2018-09-19,162.092,2907.95,0.030181,0.00146441,0,0.0299433,0.000740944,0.0536245,568.162,0,40,0,0.000543209,False
2018-09-20,162.151,2930.75,0.027706,0.00137409,0.0143483,0.246847,0.00506346,0.248182,563.013,0,38,2,0.000365285,False
2018-09-21,162.009,2929.67,0.0353308,0.00149794,0,-0.217745,0.0125516,0.194194,557.193,0,39,1,-0.000878659,False
2018-09-24,162.01,2919.37,0.037503,0.00155054,0,-0.162091,0.0027387,0.0644824,554.548,0,39,1,5.14754e-06,False
2018-09-25,162.039,2915.56,0.0375196,0.00156699,0,-0.0123883,0.0011325,0.0577934,562.005,0,40,0,0.000179747,False
2018-09-26,162.035,2905.97,0.0385855,0.00156271,0,-0.0433239,0.00147899,0.0536141,560.991,0,39,1,-2.22219e-05,False
2018-09-27,162.068,2914,0.0372152,0.00156574,0,0.017045,0.00214183,0.0714049,563.101,0,40,0,0.000202189,False
2018-09-28,162.095,2913.98,0.0365018,0.00153688,0,-0.0151027,0.00115629,0.0633893,563.38,0,39,1,0.000164878,False
2018-10-01,162.162,2924.59,0.0334798,0.00146173,0,0.0613383,0.00286887,0.0868739,560.896,0,39,1,0.000413357,False
2018-10-02,162.2,2923.43,0.0336424,0.00147017,0,-0.0132774,0.00162217,0.0658129,560.21,0,39,1,0.000236391,False
2018-10-03,162.22,2925.51,0.0351921,0.00154312,0,-0.00996751,0.00234557,0.066835,564.189,0,40,0,0.000125239,False
2018-10-04,162.151,2901.61,0.0462841,0.00175037,0,-0.112368,0.00154075,0.0664531,564.591,0,40,0,-0.000425303,False
2018-10-05,162.146,2885.57,0.0504074,0.00184411,0,-0.0493392,0.00121332,0.0696329,563.462,0,40,0,-3.18777e-05,False
2018-10-08,162.161,2884.43,0.0514527,0.00188204,0,-0.0213047,0.00117947,0.0815401,565.125,0,40,0,9.3615e-05,False
2018-10-09,162.182,2880.34,0.0525104,0.00189707,0,-0.0292373,0.000831281,0.0815918,565.921,0,40,0,0.000126374,False
2018-10-10,161.997,2785.68,0.0895312,0.00286493,0,-0.245112,0.00162477,0.106827,553.499,0,40,0,-0.00114258,False
2018-10-11,161.919,2728.37,0.114113,0.00356345,0,-0.146484,0.00143733,0.146559,550.835,0,40,0,-0.000475957,False
2018-10-12,162.163,2767.13,0.0822244,0.0026736,0,0.158023,0.00125119,0.139203,563.878,0,40,0,0.00150494,False
2018-10-15,162.185,2750.79,0.0830766,0.00269192,0,-0.0811609,0.000918076,0.115443,564.545,0,40,0,0.00013607,False
2018-10-16,162.356,2809.92,0.0626855,0.00215624,0,0.333497,0.00299715,0.335705,575.772,0,40,0,0.00105292,False
2018-10-17,162.517,2809.21,0.0626248,0.00215491,0,-0.0538535,0.00325476,0.177666,573.059,0,40,0,0.000994112,False
2018-10-18,162.459,2768.78,0.0682192,0.00230587,0,-0.215571,0.00161062,0.0846858,564.819,0,40,0,-0.000358657,False
2018-10-19,162.474,2767.78,0.0701,0.00235028,0,-0.0254876,0.00147136,0.110235,565.732,0,40,0,9.38155e-05,False
2018-10-22,162.517,2755.88,0.0687965,0.00232795,0,-0.0372936,0.00109047,0.0955984,565.103,0,40,0,0.000262942,False
2018-10-23,162.444,2740.69,0.0735305,0.00245104,0,-0.132367,0.000763132,0.106975,564.781,0,40,0,-0.000451815,False
2018-10-24,162.345,2656.1,0.0939773,0.00301362,0,-0.189358,0.00119058,0.106316,554.18,0,40,0,-0.000608989,False
2018-10-25,162.367,2705.57,0.089635,0.00288362,0,0.187361,0.00284811,0.355024,567.499,0,40,0,0.000138942,False
2018-10-26,162.088,2658.69,0.0969535,0.00309286,0,-0.585414,0.00254293,0.140131,561.519,0,40,0,-0.00171958,False
2018-10-29,161.967,2641.25,0.0986898,0.0031448,0,-0.217681,0.00324393,0.135549,561.74,0,40,0,-0.000745257,False
2018-10-30,162.055,2682.63,0.0942384,0.00300794,0,0.162691,0.00182745,0.299493,570.72,0,40,0,0.000544244,False
2018-10-31,162.399,2711.74,0.0825121,0.00269133,0.00533514,0.317476,0.00411792,0.343501,574.29,0,40,0,0.00212171,False
2018-11-01,162.803,2740.37,0.0745617,0.00247227,0.0718259,0.469077,0.00251049,0.406227,576.877,0,40,0,0.00248834,False
2018-11-02,162.73,2723.06,0.0785665,0.00258747,0,-0.406801,0.00583605,0.142672,570.819,0,40,0,-0.000449029,False
2018-11-05,162.839,2738.31,0.0787746,0.00259358,0,0.0690918,0.00185635,0.176978,571.853,0,40,0,0.000670499,False
2018-11-06,162.988,2755.45,0.0773057,0.00254757,0,0.115915,0.00124474,0.217607,573.461,0,40,0,0.000913782,False
2018-11-07,163.169,2813.89,0.0567536,0.00201731,0.289921,0.99492,0.0115744,0.785211,580.998,0,40,0,0.00110779,False
2018-11-08,163.403,2806.83,0.0562919,0.00200991,0.0285846,-0.34054,0.00681847,0.229052,576.086,0,40,0,0.00143715,False
2018-11-09,163.357,2781.01,0.0581526,0.00205516,0,-0.252724,0.00249661,0.0765202,569.809,0,40,0,-0.000285132,False
2018-11-12,163.264,2726.22,0.0831929,0.00270681,0,-0.143202,0.00121018,0.105378,561.803,0,40,0,-0.000567983,False
2018-11-13,163.317,2722.18,0.082315,0.00268563,0,-0.0125011,0.0011104,0.118449,564.975,0,40,0,0.000324304,False
2018-11-14,163.266,2701.58,0.0915118,0.00293933,0,-0.122633,0.00175733,0.132897,565.364,0,40,0,-0.000307781,False
2018-11-15,163.394,2730.2,0.0646991,0.00222685,0,0.0366742,0.00113379,0.103255,573.093,0,40,0,0.000781881,False
2018-11-16,163.405,2736.27,0.0698143,0.00236579,0,-0.00227292,0.00156242,0.156029,574.242,0,40,0,6.63355e-05,False
2018-11-19,163.293,2690.73,0.0755403,0.00251112,0,-0.246871,0.00136436,0.0926641,566.425,0,40,0,-0.000684441,False
2018-11-20,163.185,2641.89,0.085221,0.00278117,0,-0.182847,0.000914874,0.0996025,560.82,0,40,0,-0.000662985,False
2018-11-21,163.257,2649.93,0.0790769,0.00260419,0,0.0226891,0.00116411,0.125633,566.333,0,40,0,0.000441017,False
2018-11-23,163.249,2632.56,0.0813268,0.00267105,0,-0.0958454,0.000861846,0.115737,566.587,0,40,0,-4.99548e-05,False
2018-11-26,163.461,2673.45,0.0707652,0.00239484,0,0.278771,0.00215067,0.248587,575.914,0,40,0,0.0012995,False
2018-11-27,163.476,2682.17,0.0733953,0.00246154,0,-0.0539305,0.00387196,0.246575,576.264,0,40,0,9.26424e-05,False
2018-11-28,163.241,2743.79,0.0725247,0.00241901,0.651535,1.88905,0.0181343,1.77073,583.642,0,40,0,-0.00143551,False
2018-11-29,163.724,2737.8,0.0754159,0.00249947,0.2151,-0.485581,0.0112647,0.648881,577.917,0,40,0,0.00295772,False
2018-11-30,164.106,2760.17,0.0745187,0.00247714,0.482547,0.72996,0.00507961,0.581469,578.654,0,40,0,0.00233189,False
2018-12-03,164.347,2790.37,0.0639354,0.00220539,0.551418,0.66046,0.0110424,0.499854,580.945,0,40,0,0.00147066,False
2018-12-04,163.954,2700.06,0.0853789,0.00277279,0,-0.870845,0.00565066,0.0996622,564.293,0,40,0,-0.00239552,False
2018-12-06,163.903,2695.95,0.0860661,0.00279026,0,-0.105464,0.00116401,0.126638,567.162,0,40,0,-0.000306962,False
2018-12-07,163.772,2633.08,0.100264,0.00318672,0,-0.233336,0.00118452,0.120184,560.461,0,40,0,-0.000799196,False
2018-12-10,163.825,2637.72,0.0913701,0.00294224,0,-0.0213275,0.000944957,0.133798,567.094,0,40,0,0.000320823,False
2018-12-11,163.848,2636.78,0.0908832,0.00293594,0,-0.0588711,0.00203374,0.13738,570.809,0,40,0,0.000143201,False
2018-12-12,163.895,2651.07,0.0871695,0.00282751,0,0.0100682,0.00256259,0.182432,574.873,0,40,0,0.000285606,False
2018-12-13,164.029,2650.54,0.0790538,0.00261112,0,0.00136029,0.000855775,0.125059,574.955,0,40,0,0.000819553,False
2018-12-14,163.938,2599.95,0.0865638,0.00282457,0,-0.195435,0.00131651,0.103662,566.548,0,40,0,-0.000558536,False
2018-12-17,163.839,2545.94,0.112076,0.003532,0,-0.166225,0.00103487,0.143416,560.799,0,40,0,-0.000600652,False
2018-12-18,163.889,2546.16,0.124052,0.00387141,0,0.00376908,0.00109578,0.216991,566.302,0,40,0,0.000300774,False
2018-12-19,163.699,2506.96,0.110549,0.00349127,0,-0.376875,0.0037622,0.13255,563.899,0,40,0,-0.00115407,False
2018-12-20,163.698,2467.42,0.105275,0.0033539,0,-0.112737,0.000954733,0.122517,562.232,0,40,0,-1.06191e-05,False
2018-12-21,163.655,2416.62,0.113246,0.00358783,0,-0.138448,0.00107601,0.134856,559.001,0,40,0,-0.000257814,False
2018-12-24,163.566,2351.1,0.13974,0.0043439,0,-0.188213,0.000994039,0.170708,554.378,0,40,0,-0.000547876,False
2018-12-26,163.327,2467.7,0.116154,0.00365375,0,0.954974,0.00684668,1.4704,582.498,0,40,0,-0.00146157,False
2018-12-27,162.723,2488.83,0.118201,0.0037031,0.531601,-0.274939,0.0108424,1.37153,582.878,0,40,0,-0.0036982,False
2018-12-28,163.02,2485.74,0.113901,0.00359134,0.207742,-0.374648,0.00644618,0.595439,577.499,0,40,0,0.00182865,False
2018-12-31,163.463,2506.85,0.100051,0.00320801,0.219327,0.354302,0.00318672,0.381668,577.369,0,40,0,0.00271379,False
2019-01-02,163.453,2510.03,0.085496,0.0028181,0.104567,-0.237563,0.00366575,0.128726,574.184,0,40,0,-6.2247e-05,False
2019-01-03,163.349,2447.89,0.101887,0.0032653,0,-0.208982,0.000995781,0.120944,562.763,0,40,0,-0.000633672,False
2019-01-04,163.503,2531.94,0.0810921,0.00269215,0,0.787236,0.00365199,0.829154,580.196,0,40,0,0.000941382,False
2019-01-07,163.651,2549.69,0.0812145,0.00269782,0.329521,0.386987,0.005719,0.811072,580.501,0,40,0,0.000907298,False
2019-01-08,163.901,2574.41,0.0759223,0.00254241,0.417541,0.689773,0.00832748,0.898848,581.644,0,40,0,0.00152463,False
2019-01-09,164.207,2584.96,0.0725937,0.0024707,0.383242,0.257899,0.00675267,0.530341,579.817,0,40,0,0.00187024,False
2019-01-10,164.361,2596.64,0.0693719,0.00238104,0.377835,0.127258,0.00404403,0.188887,578.563,0,40,0,0.000936767,False
2019-01-11,164.458,2596.26,0.0613343,0.00218238,0,-0.0509172,0.00131904,0.098682,576.806,0,40,0,0.000590899,False
2019-01-14,164.431,2582.61,0.0645294,0.0022684,0,-0.0959556,0.00104057,0.0907868,573.775,0,40,0,-0.000163203,False
2019-01-15,164.549,2610.3,0.0643476,0.00226161,0,0.187896,0.00143116,0.221643,578.83,0,40,0,0.000715767,False
2019-01-16,164.732,2616.1,0.0589559,0.00213703,0,0.0622713,0.00121238,0.156828,578.833,0,40,0,0.00111026,False
2019-01-17,164.751,2635.96,0.0583285,0.00209184,0.00305614,0.0836972,0.00948078,0.264934,581.024,0,40,0,0.000117104,False
2019-01-18,164.659,2670.71,0.062463,0.00218693,0.422985,1.05534,0.0180435,1.03128,584.413,0,40,0,-0.000557011,False
2019-01-22,164.348,2632.9,0.0724617,0.0024589,0,-1.27471,0.00717048,0.130555,574.499,0,40,0,-0.00188963,False
2019-01-23,164.457,2638.7,0.0711773,0.00242448,0,0.0417069,0.00191593,0.13011,575.195,0,40,0,0.000663159,False
2019-01-24,164.558,2642.33,0.0658515,0.00228424,0,0.0191841,0.00113486,0.1105,575.698,0,40,0,0.000615518,False
2019-01-25,164.693,2664.76,0.0626628,0.00219106,0,0.1641,0.00186635,0.19793,579.461,0,40,0,0.000822051,False
2019-01-28,164.593,2643.85,0.0679806,0.00232342,0,-0.259572,0.00168121,0.102579,575.14,0,40,0,-0.00060868,False
2019-01-29,164.634,2640,0.0697677,0.00238923,0,-0.0172383,0.00110312,0.110548,574.711,0,40,0,0.000249516,False
2019-01-30,164.704,2681.05,0.0633465,0.00221582,0,0.253707,0.00431816,0.351747,581.683,0,40,0,0.000421055,False
2019-01-31,164.864,2704.1,0.0593263,0.00210629,0.121275,0.386892,0.0118385,0.50278,583.422,0,40,0,0.000971239,False
2019-02-01,165.109,2706.53,0.0542728,0.00199512,0.043104,-0.0256076,0.00372938,0.237065,581.35,0,40,0,0.00148943,False
2019-02-04,165.384,2724.87,0.049157,0.00188045,0.115473,0.335265,0.00468291,0.225008,582.4,0,40,0,0.00166219,False
2019-02-05,165.57,2737.7,0.0489156,0.00187772,0.126596,0.235817,0.00386719,0.191078,582.503,0,40,0,0.0011266,False
2019-02-06,165.66,2731.61,0.0478158,0.00185098,0,-0.0649856,0.0018472,0.0799148,580.171,0,40,0,0.000545363,False
2019-02-07,165.599,2706.05,0.0531996,0.00198013,0,-0.123016,0.00132283,0.0683029,575.85,0,40,0,-0.000371288,False
2019-02-08,165.615,2707.88,0.0509595,0.00191829,0,-0.0212205,0.00109392,0.0786575,577.472,0,40,0,9.88671e-05,False
2019-02-11,165.637,2709.8,0.0588797,0.00210149,0,0.0118425,0.00101192,0.124025,578.889,0,40,0,0.000134294,False
2019-02-12,165.822,2744.73,0.0515057,0.00192711,0,0.407907,0.00713762,0.389577,585.102,0,40,0,0.00111567,False
2019-02-13,166.135,2753.03,0.0514023,0.00193109,0.0231569,0.203366,0.00422839,0.302215,584.984,0,40,0,0.00188644,False
2019-02-14,166.211,2745.73,0.046216,0.00182272,0,-0.182338,0.00346578,0.084619,582.225,0,40,0,0.000458576,False
2019-02-15,166.202,2775.6,0.0531648,0.00195395,0.108538,0.444171,0.00530002,0.475059,586.112,0,40,0,-5.35232e-05,False
2019-02-19,166.462,2779.76,0.0510645,0.00191176,0.014548,0.00976589,0.00852216,0.250992,584.985,0,40,0,0.00156385,False
2019-02-20,166.625,2784.7,0.0497209,0.00187837,0,0.0355826,0.00241184,0.169135,584.749,0,40,0,0.000978426,False
2019-02-21,166.672,2774.88,0.0508899,0.00191646,0,-0.0866358,0.00156375,0.082763,582.419,0,40,0,0.000282944,False
2019-02-22,166.782,2792.67,0.0475088,0.00183738,0,0.110627,0.00202623,0.127017,585.281,0,40,0,0.00066009,False
2019-02-25,166.749,2796.11,0.0486799,0.00184858,0,-0.0784562,0.00430217,0.123796,585.219,0,40,0,-0.000196101,False
2019-02-26,166.795,2793.9,0.0502817,0.0018809,0,-0.0311238,0.00176575,0.0932697,584.263,0,40,0,0.000276087,False
2019-02-27,166.813,2792.38,0.0484698,0.00185643,0,-0.0441349,0.0012895,0.0773529,583.733,0,40,0,0.000102556,False
2019-02-28,166.829,2784.49,0.0491597,0.00186246,0,-0.0380612,0.0010678,0.0696001,582.454,0,40,0,9.54421e-05,False
2019-03-01,166.924,2803.69,0.0409348,0.00167592,0,0.0999439,0.0022767,0.111112,586.017,0,40,0,0.000571928,False
2019-03-04,166.752,2792.81,0.0474789,0.00182063,0,-0.244478,0.00524024,0.078675,583.633,0,40,0,-0.00102815,False
2019-03-05,166.79,2789.65,0.0465892,0.0018127,0,-0.011776,0.000954996,0.0726897,583.159,0,40,0,0.000228068,False
2019-03-06,166.768,2771.45,0.0529163,0.00195142,0,-0.0728692,0.001196,0.0720993,580.599,0,40,0,-0.000134959,False
2019-03-07,166.726,2748.93,0.0594882,0.00211493,0,-0.0926235,0.0010469,0.0776099,578.396,0,40,0,-0.000250694,False
2019-03-08,166.742,2743.07,0.0538236,0.00198698,0,-0.0424891,0.000751257,0.0704405,579.864,0,40,0,9.45606e-05,False
2019-03-11,166.85,2783.3,0.0483181,0.00186139,0,0.35802,0.0032059,0.36308,587.997,0,40,0,0.000651495,False
2019-03-12,167.086,2791.52,0.0464875,0.00181382,0.05945,0.180439,0.0018757,0.290775,588.351,0,40,0,0.001415,False
2019-03-13,167.122,2810.92,0.0437674,0.00174811,0.190115,0.363211,0.009485,0.460452,589.812,0,40,0,0.00021518,False
2019-03-14,167.287,2808.48,0.0396223,0.00167429,0.072033,-0.12137,0.00281765,0.137605,587.208,0,40,0,0.000984748,False
2019-03-15,167.288,2822.48,0.0464222,0.00180103,0.128991,0.170553,0.00146588,0.221106,588.044,0,40,0,7.27444e-06,False
2019-03-18,167.51,2832.94,0.0472064,0.00180644,0,0.194042,0.00372587,0.235535,588.591,0,40,0,0.00132279,False
2019-03-19,167.597,2832.57,0.0491233,0.00185742,0,-0.0480905,0.00467471,0.142068,587.471,0,40,0,0.00052515,False
2019-03-20,167.577,2824.23,0.0512319,0.00191224,0,-0.127831,0.00252892,0.0814282,585.687,0,40,0,-0.000121725,False
2019-03-21,167.514,2854.88,0.0505033,0.00187729,0.00726687,0.136038,0.00410594,0.317425,590.312,0,40,0,-0.000374191,False
2019-03-22,167.313,2800.71,0.064125,0.00221261,0,-0.493898,0.00435347,0.0824571,580.551,0,40,0,-0.00120211,False
2019-03-25,167.341,2798.36,0.061577,0.002147,0,-0.023047,0.000722931,0.0904575,582.085,0,40,0,0.000165317,False
2019-03-26,167.42,2818.46,0.0558933,0.00201796,0,0.0642412,0.00182433,0.127142,586.75,0,40,0,0.000475725,False
2019-03-27,167.452,2805.37,0.0576288,0.00205225,0,-0.0626513,0.00150655,0.0872179,584.871,0,40,0,0.000187208,False
2019-03-28,167.547,2815.44,0.0551389,0.00199431,0,0.0586382,0.000851356,0.103028,587.268,0,40,0,0.000568053,False
2019-03-29,167.658,2834.4,0.0491402,0.0018515,0,0.115759,0.00228928,0.152399,589.787,0,40,0,0.00066481,False
2019-04-01,167.896,2867.19,0.0439732,0.00173546,0.125244,0.693087,0.00493395,0.519253,593.621,0,40,0,0.0014213,False
2019-04-02,168.195,2867.24,0.0426716,0.00171859,0.024122,-0.0163559,0.0030343,0.218167,591.403,0,40,0,0.00177804,False
2019-04-03,168.225,2873.4,0.0444544,0.00175478,0.0202636,-0.0294972,0.00698789,0.174397,590.715,0,40,0,0.000176702,False
2019-04-04,168.343,2879.39,0.0444698,0.00174797,0.0130623,0.0293518,0.00285051,0.112596,590.492,0,40,0,0.000701217,False
2019-04-05,168.504,2892.74,0.0388442,0.00162094,0.00810381,0.137888,0.00149596,0.116305,587.634,0,39,1,0.000961156,False
2019-04-08,168.578,2895.77,0.0382261,0.00162864,0,0.0111615,0.00133244,0.0894905,587.258,0,40,0,0.000434652,False
2019-04-09,168.539,2878.2,0.0422079,0.00169468,0,-0.109392,0.00157773,0.0573611,588.107,0,40,0,-0.000227357,False
2019-04-10,168.605,2888.21,0.0386316,0.00163831,0,0.0438524,0.000767715,0.0713247,590.176,0,40,0,0.000392279,False
2019-04-11,168.636,2888.32,0.0365776,0.00159463,0,-0.0130068,0.00162025,0.0614903,590.237,0,40,0,0.000179058,False
2019-04-12,168.711,2907.41,0.0348827,0.00154287,0,0.149222,0.00448805,0.164715,588.983,0,39,1,0.000443852,False
2019-04-15,168.754,2905.58,0.0370191,0.001567,0,-0.0495874,0.00241615,0.104438,583.51,0,39,1,0.000259176,False
2019-04-16,168.801,2907.06,0.0396723,0.00165408,0,-0.00920427,0.00308442,0.0832236,587.237,0,40,0,0.000278178,False
2019-04-17,168.819,2900.45,0.0348345,0.00157479,0,-0.0495383,0.00292852,0.0462124,590.075,0,40,0,0.000105474,False
2019-04-18,168.804,2905.03,0.0427591,0.00169723,0,0.0227645,0.00151036,0.123441,590.914,0,40,0,-8.83359e-05,False
2019-04-22,168.896,2907.97,0.0420401,0.00169012,0,0.0235428,0.000745521,0.0946414,591.471,0,40,0,0.000544696,False
2019-04-23,168.956,2933.68,0.0404782,0.00164606,0.0107094,0.302165,0.00874452,0.356499,595.168,0,40,0,0.000353383,False
2019-04-24,169.109,2927.25,0.0457978,0.00177075,0,-0.107265,0.00341655,0.137031,592.856,0,40,0,0.000904463,False
2019-04-25,169.165,2926.17,0.0439979,0.00173543,0,-0.0376992,0.00242722,0.082518,592.096,0,40,0,0.000334987,False
2019-04-26,169.229,2939.88,0.0430833,0.00170493,0,0.0658454,0.00248321,0.123615,593.917,0,40,0,0.000376219,False
2019-04-29,169.323,2943.03,0.0426522,0.00170673,0,0.0317273,0.000973247,0.101491,593.729,0,40,0,0.00055442,False
2019-04-30,169.351,2945.83,0.0429838,0.00171171,0,-0.0200517,0.00139568,0.0926572,593.717,0,40,0,0.000169256,False
2019-05-01,169.326,2923.73,0.0505525,0.00187292,0,-0.0958219,0.00254528,0.0687272,589.979,0,40,0,-0.000152096,False
2019-05-02,169.339,2917.52,0.0503641,0.00186713,0,-0.0316385,0.00102411,0.0709086,590.019,0,40,0,8.06318e-05,False
2019-05-03,169.458,2945.64,0.043117,0.00171594,0,0.177779,0.00192093,0.169439,595.421,0,40,0,0.000701129,False
2019-05-06,169.225,2932.47,0.0530635,0.00192631,0,-0.331697,0.00283519,0.119176,592.649,0,40,0,-0.00137575,False
2019-05-07,169.056,2884.05,0.0840532,0.00272085,0,-0.244073,0.00163348,0.123887,585.386,0,40,0,-0.000999174,False
2019-05-08,169.099,2879.42,0.0872642,0.00280975,0,-0.0238606,0.00112255,0.140472,587.121,0,40,0,0.000253678,False
2019-05-09,169.084,2870.72,0.090886,0.00291213,0,-0.0965082,0.0007371,0.146087,588.005,0,40,0,-8.80302e-05,False
2019-05-10,169.156,2881.4,0.0664954,0.00226591,0,-0.044525,0.00155423,0.0916054,591.81,0,40,0,0.00042956,False
2019-05-13,168.97,2811.87,0.0944928,0.00301967,0,-0.25316,0.00106768,0.115224,582.04,0,40,0,-0.00110178,False
2019-05-14,169.133,2834.41,0.0761805,0.00252452,0,0.095017,0.000551294,0.120274,589.353,0,40,0,0.000965088,False
2019-05-15,169.228,2850.96,0.064235,0.00221087,0,0.0318561,0.00104826,0.117968,593.512,0,40,0,0.000562505,False
2019-05-16,169.331,2876.32,0.0500597,0.00186245,0,0.0655976,0.00481417,0.124263,597.436,0,40,0,0.00060679,False
2019-05-17,169.227,2859.53,0.0619298,0.00215618,0,-0.1768,0.00199444,0.108763,593.157,0,40,0,-0.000611354,False
2019-05-20,169.193,2840.23,0.0637708,0.00219366,0,-0.118933,0.00109837,0.0843185,589.359,0,40,0,-0.00020097,False
2019-05-21,169.299,2864.36,0.0573071,0.00204466,0,0.11409,0.00138986,0.146737,593.894,0,40,0,0.000623807,False
2019-05-22,169.329,2856.27,0.05823,0.00206117,0,-0.076821,0.00156095,0.0942831,592.326,0,40,0,0.000178624,False
2019-05-23,169.225,2822.24,0.0673734,0.00230372,0,-0.176845,0.00129623,0.0850729,587.469,0,40,0,-0.000613371,False
2019-05-24,169.283,2826.06,0.0641159,0.00221252,0,0.0174172,0.000912454,0.105373,590.005,0,40,0,0.000343376,False
2019-05-28,169.226,2802.39,0.0692593,0.00234106,0,-0.138242,0.00133872,0.0903895,587.603,0,40,0,-0.000340723,False
2019-05-29,169.217,2783.02,0.0717432,0.00242443,0,-0.0744089,0.00089926,0.0930954,586.995,0,40,0,-5.13821e-05,False
2019-05-30,169.273,2788.86,0.069177,0.00234431,0,0.0138032,0.000917283,0.11672,590.495,0,40,0,0.000331493,False
2019-05-31,169.184,2752.06,0.0743773,0.00249348,0,-0.182943,0.00112567,0.0934756,586.04,0,40,0,-0.000525428,False
2019-06-03,169.219,2744.45,0.0738552,0.00247392,0,-0.025868,0.000926604,0.103514,587.746,0,40,0,0.000204208,False
2019-06-04,169.349,2803.27,0.0658309,0.00225325,0,0.577035,0.00454379,0.609461,599.14,0,40,0,0.000768951,False
2019-06-05,169.577,2826.15,0.0602369,0.0021226,0.306311,0.626425,0.0106827,0.749213,600.765,0,40,0,0.00134512,False
2019-06-06,169.843,2843.49,0.0606411,0.00213015,0.401072,0.621638,0.0099557,0.751773,600.673,0,40,0,0.00157193,False
2019-06-07,169.739,2873.34,0.0600512,0.00210092,0.937596,1.03332,0.0184981,0.99071,601.774,0,40,0,-0.000610946,False
2019-06-10,170.125,2886.73,0.0595627,0.00209831,0.657101,0.497255,0.0090949,0.493665,600.2,0,40,0,0.00227154,False
2019-06-11,170.182,2885.72,0.0605645,0.00212211,0.0280844,-0.273392,0.00890449,0.185056,597.589,0,40,0,0.000333111,False
2019-06-12,170.291,2879.84,0.058325,0.00205866,0,-0.0389944,0.00171851,0.0911306,595.495,0,40,0,0.000643303,False
2019-06-13,170.383,2891.64,0.0577145,0.00204809,0,0.0687158,0.00127389,0.122479,597.193,0,40,0,0.000538841,False
2019-06-14,170.427,2886.98,0.0530467,0.00192994,0,-0.0465179,0.00108058,0.0814338,596.242,0,40,0,0.00026155,False
2019-06-17,170.46,2889.67,0.0577686,0.002052,0,0.00935202,0.00103816,0.112705,596.794,0,40,0,0.00019222,False
2019-06-18,170.477,2917.75,0.0662692,0.00225272,0,0.278668,0.00313479,0.434997,600.88,0,40,0,0.00010124,False
2019-06-19,170.9,2926.46,0.0533579,0.00193513,0,0.134505,0.00222906,0.195786,600.856,0,40,0,0.00248074,False
2019-06-20,171.072,2954.18,0.0460925,0.00177896,0.142805,0.462625,0.0101546,0.378529,603.788,0,40,0,0.00100196,False
2019-06-21,171.175,2950.46,0.0563803,0.00199916,0.0188249,-0.0935951,0.0025496,0.214895,600.975,0,40,0,0.000602355,False
2019-06-24,171.29,2945.35,0.0584623,0.00205736,0,-0.0509101,0.00137397,0.103401,599.123,0,40,0,0.000675422,False
2019-06-25,171.23,2917.38,0.06252,0.00216209,0,-0.144193,0.00126229,0.0787134,594.907,0,40,0,-0.000352676,False
2019-06-26,171.259,2913.78,0.0603542,0.00210852,0,-0.0165005,0.00111102,0.0905583,596.083,0,40,0,0.000168132,False
2019-06-27,171.336,2924.92,0.0608293,0.00212075,0,0.0512173,0.000841947,0.122431,599.487,0,40,0,0.000450847,False
2019-06-28,171.447,2941.76,0.0578521,0.0020353,0,0.112392,0.00164699,0.17742,602.557,0,40,0,0.000651193,False
2019-07-01,171.516,2964.33,0.0464397,0.00178672,0,0.0283138,0.0117135,0.169724,605.134,0,40,0,0.000402162,False
2019-07-02,171.698,2973.01,0.0412867,0.00166819,0,0.0826263,0.00298732,0.107517,604.439,0,40,0,0.001058,False
2019-07-03,171.788,2995.82,0.0382373,0.00160118,0.0950275,0.340264,0.0103161,0.288757,605.989,0,40,0,0.000526022,False
2019-07-05,171.793,2990.41,0.0387374,0.00161091,0.000600287,-0.222989,0.00547317,0.0919518,602.891,0,40,0,2.83431e-05,False
2019-07-08,171.753,2975.95,0.0401852,0.00166071,0,-0.1161,0.00146443,0.0532595,599.692,0,40,0,-0.000234864,False
2019-07-09,171.751,2979.63,0.0398269,0.00161077,0,-0.0194951,0.001103,0.0725544,596.261,0,39,1,-9.763e-06,False
2019-07-10,171.79,2993.07,0.0381735,0.00161839,0,0.0420946,0.00515216,0.10739,598.446,0,40,0,0.000225103,False
2019-07-11,171.866,2999.91,0.0371355,0.00160159,0,0.0453627,0.0032745,0.108631,603.398,0,40,0,0.000444623,False
2019-07-12,171.991,3013.77,0.035551,0.00155759,0,0.157767,0.00307572,0.172836,604.735,0,40,0,0.000724285,False
2019-07-15,172.099,3014.3,0.0365743,0.00155248,0,0.00722198,0.00363925,0.102499,599.284,0,39,1,0.000633415,False
2019-07-16,172.12,3004.04,0.0375505,0.00157405,0,-0.0627641,0.00178482,0.0536879,592.782,0,39,1,0.000117599,False
2019-07-17,172.108,2984.42,0.0440426,0.0017422,0,-0.0505349,0.00112394,0.0555605,594.534,0,40,0,-6.52509e-05,False
2019-07-18,172.158,2995.11,0.0382008,0.00161854,0,0.0308015,0.00113461,0.0721495,601.829,0,40,0,0.000288539,False
2019-07-19,172.08,2976.61,0.0511789,0.00188562,0,-0.109778,0.00297334,0.0867379,599.687,0,40,0,-0.000453343,False
2019-07-22,172.158,2985.03,0.047414,0.00178905,0,0.036603,0.00151244,0.0896723,602.246,0,40,0,0.000452006,False
2019-07-23,172.264,3005.47,0.0443843,0.00173065,0,0.143122,0.00296057,0.1665,605.627,0,40,0,0.000615637,False
2019-07-24,172.298,3019.56,0.0419664,0.00167452,0,0.0499035,0.00314731,0.219124,606.663,0,40,0,0.000199832,False
2019-07-25,172.345,3003.67,0.0461167,0.00176953,0,-0.139271,0.00197878,0.075198,602.893,0,40,0,0.000272923,False
2019-07-26,172.447,3025.86,0.0428645,0.00169329,0,0.150334,0.00405377,0.160993,605.912,0,40,0,0.000589839,False
2019-07-29,172.514,3020.97,0.0441879,0.00173163,0,-0.0488437,0.0016001,0.0855218,604.172,0,40,0,0.000391332,False
2019-07-30,172.49,3013.18,0.0507971,0.00186654,0,-0.0703481,0.0013477,0.0873973,602.79,0,40,0,-0.000142833,False
2019-07-31,172.404,2980.38,0.0585413,0.00205885,0,-0.154436,0.00140133,0.0739342,598.351,0,40,0,-0.000497951,False
2019-08-01,172.305,2953.56,0.0704299,0.00236357,0,-0.14267,0.00286942,0.0948884,596.388,0,40,0,-0.00057091,False
2019-08-02,172.297,2932.05,0.0709136,0.00237711,0,-0.0809246,0.00096569,0.0901935,596.345,0,40,0,-5.02526e-05,False
2019-08-05,172.082,2844.74,0.109115,0.00342623,0,-0.276833,0.00109344,0.13262,586.717,0,40,0,-0.0012459,False
2019-08-06,172.264,2881.77,0.0855836,0.00277673,0,0.126375,0.00112958,0.158836,599.338,0,40,0,0.00105669,False
2019-08-07,172.258,2883.98,0.0837989,0.0027263,0,-0.0955744,0.00136643,0.149202,602.305,0,40,0,-3.61907e-05,False
2019-08-08,172.626,2938.09,0.0630857,0.0021644,0.00467321,0.524485,0.00264062,0.358798,611.877,0,40,0,0.00213921,False
2019-08-09,172.593,2918.65,0.0702055,0.00235808,0,-0.321969,0.00356481,0.134261,606.207,0,40,0,-0.000192033,False
2019-08-12,172.499,2882.7,0.0897285,0.00288656,0,-0.181417,0.00119775,0.132535,599.176,0,40,0,-0.000544899,False
2019-08-13,172.676,2926.32,0.0725543,0.00242028,0,0.180139,0.0019003,0.203731,607.246,0,40,0,0.00102711,False
2019-08-14,172.435,2840.6,0.111155,0.00348443,0,-0.404963,0.00204885,0.145217,593.264,0,40,0,-0.00139468,False
2019-08-15,172.587,2847.6,0.0830922,0.00271337,0,0.0307203,0.000399817,0.10479,598.779,0,40,0,0.000876422,False
2019-08-16,172.731,2888.68,0.075915,0.00252175,0,0.239516,0.00193682,0.271533,607.776,0,40,0,0.000835696,False
2019-08-19,173.06,2923.65,0.06537,0.00223264,0.0882607,0.534706,0.00560218,0.446203,612.659,0,40,0,0.00190649,False
2019-08-20,173.12,2900.51,0.0697928,0.00235167,0,-0.320417,0.00302551,0.129862,606.815,0,40,0,0.000348662,False
2019-08-21,173.276,2924.43,0.0644242,0.00221707,0,0.147531,0.00228355,0.181798,609.409,0,40,0,0.000898329,False
2019-08-22,173.317,2922.95,0.0663624,0.00226745,0,-0.0668109,0.00245355,0.135252,607.565,0,40,0,0.000238788,False
2019-08-23,173.161,2847.11,0.0843095,0.0027459,0,-0.273136,0.00180912,0.098438,595.611,0,40,0,-0.000903358,False
2019-08-26,173.265,2878.38,0.0782977,0.00259009,0,0.12711,0.00139707,0.196049,604.567,0,40,0,0.000599501,False
2019-08-27,173.233,2869.16,0.0824834,0.00269749,0,-0.15357,0.00279306,0.150744,604.394,0,40,0,-0.000180488,False
2019-08-28,173.393,2887.94,0.0782955,0.00258078,0,0.115747,0.000958503,0.181549,608.783,0,40,0,0.000921861,False
2019-08-29,173.707,2924.58,0.0697784,0.00234348,0,0.434178,0.00362826,0.365059,614.236,0,40,0,0.00181366,False
2019-08-30,173.621,2926.46,0.0725622,0.00242593,0,-0.274875,0.00778339,0.239143,611.615,0,40,0,-0.000498578,False
2019-09-03,173.592,2906.27,0.077378,0.00255053,0,-0.22623,0.00189076,0.114919,606.605,0,40,0,-0.000167429,False
2019-09-04,173.802,2937.78,0.0663988,0.00227051,0,0.204458,0.00155134,0.17212,611.347,0,40,0,0.00120878,False
2019-09-05,174.11,2976,0.0569633,0.00202453,0.094092,0.622169,0.00552337,0.441096,615.971,0,40,0,0.0017751,False
2019-09-06,174.445,2978.71,0.0517278,0.00191029,0.0240866,0.0735104,0.00384486,0.201604,614.031,0,40,0,0.00192343,False
2019-09-09,174.535,2978.43,0.0514835,0.00190396,0,-0.046491,0.00364518,0.110729,612.241,0,40,0,0.000517742,False
2019-09-10,174.572,2979.39,0.0516567,0.00191076,0,-0.0311128,0.00116891,0.0911431,611.257,0,40,0,0.000212281,False
2019-09-11,174.7,3000.93,0.0516355,0.00190887,0,0.187968,0.00163592,0.199852,614.198,0,40,0,0.000729497,False
2019-09-12,174.836,3009.57,0.0494444,0.00185858,0,0.0705799,0.00458236,0.177482,614.545,0,40,0,0.00077821,False
2019-09-13,174.928,3007.39,0.0482036,0.00182475,0,-0.0314553,0.00200038,0.0982329,613.116,0,40,0,0.000527193,False
2019-09-16,174.884,2997.96,0.0579313,0.00204967,0,-0.0911811,0.00137891,0.105681,611.071,0,40,0,-0.000252256,False
2019-09-17,174.963,3005.7,0.0584209,0.00205587,0,0.0391679,0.000940167,0.121085,612.479,0,40,0,0.00045281,False
2019-09-18,175.036,3006.73,0.0541952,0.00197351,0,-0.00748415,0.00137733,0.0914775,612.726,0,40,0,0.000417046,False
2019-09-19,175.102,3006.79,0.0419256,0.001701,0,-0.0113889,0.00152315,0.053053,612.841,0,40,0,0.000375563,False
2019-09-20,175.075,2992.07,0.0586639,0.00206745,0,-0.0305855,0.00137722,0.10448,610.684,0,40,0,-0.000153015,False
2019-09-23,175.132,2991.78,0.038604,0.00162743,0,-0.0383772,0.00105784,0.0450279,611.489,0,40,0,0.000325539,False
2019-09-24,174.738,2966.6,0.0668505,0.00228085,0,-0.380499,0.00648828,0.116586,608.148,0,40,0,-0.0022496,False
2019-09-25,174.841,2984.87,0.0603204,0.00211001,0,0.0787261,0.00181209,0.148503,612.492,0,40,0,0.000590644,False
2019-09-26,174.875,2977.62,0.0608873,0.00211588,0,-0.0676884,0.00133843,0.10409,611.549,0,40,0,0.000195361,False
2019-09-27,174.88,2961.79,0.0670195,0.00228356,0,-0.0612728,0.00189371,0.100841,609.523,0,40,0,2.75547e-05,False
2019-09-30,174.979,2976.74,0.0624944,0.00215329,0,0.0605119,0.0010311,0.122182,612.884,0,40,0,0.000563134,False
2019-10-01,174.96,2940.25,0.0753263,0.00249239,0,-0.112034,0.0017918,0.0998257,607.406,0,40,0,-0.000106504,False
2019-10-02,174.901,2887.61,0.0878564,0.00284287,0,-0.137857,0.000997767,0.105194,601.69,0,40,0,-0.000338415,False
2019-10-03,174.982,2910.63,0.0814808,0.00266202,0,0.0689358,0.00119336,0.170033,609.697,0,40,0,0.000467251,False
2019-10-04,175.26,2952.01,0.0673269,0.00229643,0.0167023,0.399022,0.00242624,0.337095,618.053,0,40,0,0.00158794,False
2019-10-07,175.299,2938.79,0.07167,0.00240392,0,-0.215871,0.00212036,0.149739,615.009,0,40,0,0.000220422,False
2019-10-08,175.179,2893.06,0.0866232,0.00280717,0,-0.240977,0.00153179,0.111254,607.351,0,40,0,-0.000685727,False
2019-10-09,175.305,2919.4,0.0791657,0.00260377,0,0.107128,0.00136083,0.167351,613.235,0,40,0,0.00072059,False
2019-10-10,175.504,2938.13,0.0784216,0.00258163,0,0.181694,0.00138788,0.224392,616.613,0,40,0,0.00113577,False
2019-10-11,175.883,2970.27,0.0643622,0.00221325,0.00879185,0.39837,0.0037654,0.29296,621.308,0,40,0,0.00216174,False
2019-10-14,176.047,2966.15,0.0554132,0.00199952,0,-0.0825106,0.00189584,0.0981916,618.536,0,40,0,0.000931161,False
2019-10-15,176.234,2995.68,0.0497099,0.00186297,0.0106482,0.257698,0.00187481,0.20472,621.526,0,40,0,0.00105934,False
2019-10-16,176.294,2989.69,0.047531,0.00181895,0,-0.104805,0.00190866,0.0837855,618.429,0,40,0,0.000340078,False
2019-10-17,176.381,2997.95,0.0382815,0.00161231,0,0.0318681,0.00252727,0.0624742,614.383,0,39,1,0.000495317,False
2019-10-18,176.328,2986.2,0.0563864,0.00202344,0,-0.0475927,0.00163201,0.120618,611.846,0,40,0,-0.000300519,False
2019-10-21,176.495,3006.72,0.0517281,0.00191525,0,0.176016,0.00223138,0.17714,619.585,0,40,0,0.000947526,False
2019-10-22,176.553,2995.99,0.05252,0.00192784,0,-0.0770802,0.00230936,0.0901035,617.405,0,40,0,0.000329977,False
2019-10-23,176.622,3004.52,0.0505398,0.00186395,0,0.0319392,0.00095403,0.101304,618.857,0,40,0,0.000387764,False
2019-10-24,176.716,3010.29,0.048286,0.00182507,0,0.043951,0.00191506,0.0950319,619.522,0,40,0,0.000536562,False
2019-10-25,176.755,3022.55,0.0455504,0.00176826,0,0.0127717,0.00185554,0.111423,620.876,0,40,0,0.000216775,False
2019-10-28,176.876,3039.42,0.0445907,0.00174621,0,0.177775,0.00401853,0.20644,622.561,0,40,0,0.000687866,False
2019-10-29,176.957,3036.89,0.0452218,0.00175276,0,-0.057894,0.00153139,0.109367,620.659,0,40,0,0.000458611,False
2019-10-30,177.056,3046.77,0.0426772,0.0017068,0,0.0526183,0.00211023,0.102604,621.374,0,40,0,0.00055517,False
2019-10-31,177.067,3037.56,0.046728,0.00179234,0,-0.0635296,0.00144928,0.0715007,619.134,0,40,0,6.24645e-05,False
2019-11-01,177.196,3066.91,0.0396614,0.00164181,0,0.262818,0.00391185,0.239333,623.622,0,40,0,0.000729069,False
2019-11-04,177.321,3078.27,0.0401781,0.00165503,0.0384006,0.186268,0.00861582,0.291595,624.047,0,40,0,0.000708322,False
2019-11-05,177.443,3074.62,0.0398376,0.00165324,0,-0.0861491,0.00295422,0.118581,622.076,0,40,0,0.000688554,False
2019-11-06,177.552,3076.78,0.0364913,0.00158627,0,0.0249721,0.000984488,0.0685906,621.776,0,40,0,0.000613622,False
2019-11-07,177.591,3085.18,0.0378045,0.0015646,0.000262173,0.0344437,0.00457599,0.0955555,618.158,0,39,1,0.00021898,False
2019-11-08,177.654,3093.08,0.0353718,0.00156189,0,0.0245338,0.00151323,0.0900104,618.924,0,40,0,0.000351232,False
2019-11-11,177.606,3087.01,0.0408999,0.00166013,0,-0.0998758,0.00193834,0.0751086,621.802,0,40,0,-0.000268346,False
2019-11-12,177.649,3091.84,0.0405052,0.00166855,0,0.0113775,0.00147001,0.0809973,622.32,0,40,0,0.000241295,False
2019-11-13,177.673,3094.04,0.0388952,0.00161848,0,-0.0174188,0.00174998,0.0751779,622.343,0,40,0,0.000134689,False
2019-11-14,177.728,3096.63,0.035059,0.00157366,0,0.00162313,0.000731783,0.0545241,622.543,0,40,0,0.00030973,False
2019-11-15,177.536,3120.46,0.0462931,0.00175932,0.000660384,0.241251,0.00532095,0.525791,625.562,0,40,0,-0.00107729,False
2019-11-18,177.787,3122.03,0.046325,0.00177376,0.00582554,-0.0245122,0.00336796,0.286294,624.295,0,40,0,0.00141009,False
2019-11-19,177.948,3120.18,0.0470903,0.00179024,0,-0.0247011,0.00349857,0.142181,623.11,0,40,0,0.000906777,False
2019-11-20,177.97,3108.46,0.0479337,0.00179969,0,-0.0951319,0.00172911,0.0697208,621.046,0,40,0,0.000122135,False
2019-11-21,177.97,3103.54,0.0513582,0.00187696,0,-0.0396222,0.00108288,0.0782289,620.925,0,40,0,1.50609e-06,False
2019-11-22,178.026,3110.29,0.047824,0.00181006,0,0.021012,0.00130193,0.0878215,622.918,0,40,0,0.000315399,False
2019-11-25,178.196,3133.64,0.0428196,0.00168893,0,0.217361,0.00196755,0.174594,626.722,0,40,0,0.000953522,False
2019-11-26,178.324,3140.52,0.0428603,0.0016973,0,0.0653729,0.00230946,0.150771,626.732,0,40,0,0.000718588,False
2019-11-27,178.495,3153.63,0.0444794,0.00172421,0.00519425,0.203873,0.00320318,0.218032,627.533,0,40,0,0.000958759,False
2019-11-29,178.491,3140.98,0.0478932,0.00180359,0,-0.177795,0.00212559,0.0878973,624.291,0,40,0,-2.0706e-05,False
2019-12-02,178.409,3113.87,0.0566898,0.00200517,0,-0.146588,0.00230028,0.0752747,620.224,0,40,0,-0.000457058,False
2019-12-03,178.351,3093.2,0.0651336,0.00221792,0,-0.106746,0.000765718,0.0890033,618.863,0,40,0,-0.000326917,False
2019-12-04,178.457,3112.76,0.0603919,0.0020894,0,0.0934,0.000731197,0.13423,624.193,0,40,0,0.000592902,False
2019-12-05,178.552,3117.43,0.058183,0.00204187,0,0.0264902,0.00136639,0.120389,625.691,0,40,0,0.000532934,False
2019-12-06,178.726,3145.91,0.0502901,0.00185078,0,0.239372,0.00397938,0.229967,629.943,0,40,0,0.000975929,False
2019-12-09,178.778,3135.96,0.0590095,0.00206536,0,-0.102213,0.0013487,0.131864,626.755,0,40,0,0.000288071,False
2019-12-10,178.843,3132.52,0.0604375,0.002093,0,-0.0224898,0.00122876,0.101503,625.513,0,40,0,0.000363508,False
2019-12-11,178.948,3141.63,0.0575436,0.00202167,0,0.0566965,0.000727768,0.107656,626.871,0,40,0,0.000588997,False
2019-12-12,179.047,3168.57,0.0525766,0.00190247,0,0.172212,0.00245454,0.22896,630.536,0,40,0,0.000553945,False
2019-12-13,179.205,3168.8,0.0433172,0.00169934,0,-0.0299019,0.00183108,0.0810205,629.265,0,40,0,0.000881466,False
2019-12-16,179.28,3191.45,0.0409158,0.00164807,0.00206484,0.163712,0.00354868,0.202997,631.475,0,40,0,0.000420689,False
2019-12-17,179.439,3192.52,0.0390882,0.00161034,0,0.0252366,0.00209265,0.105271,629.859,0,40,0,0.000883243,False
2019-12-18,179.502,3191.14,0.0392386,0.00161909,0,-0.00917659,0.00131711,0.0689551,628.633,0,40,0,0.000353556,False
2019-12-19,179.599,3205.37,0.0336636,0.00147675,0,0.0863476,0.00098164,0.089809,625.889,0,39,1,0.000538706,False
2019-12-20,179.417,3221.22,0.0442879,0.00171123,0.0191065,0.100533,0.00665371,0.388602,627.059,0,40,0,-0.00101027,False
2019-12-23,179.682,3224.01,0.0433503,0.00169611,0,0.0650423,0.00394305,0.227118,630.721,0,40,0,0.00147275,False
2019-12-24,179.833,3223.38,0.0443819,0.00170541,0,0.00404822,0.00125484,0.121416,629.772,0,40,0,0.00084133,False
2019-12-26,179.993,3239.91,0.0439698,0.00169412,0.0138093,0.190565,0.00126194,0.17861,631.794,0,40,0,0.000892916,False
2019-12-27,180.073,3240.02,0.0469606,0.00177006,0,-0.0112261,0.00326079,0.129412,631.054,0,40,0,0.000443917,False
2019-12-30,180.094,3221.29,0.0547242,0.00194827,0,-0.0778649,0.00171389,0.0822338,628.093,0,40,0,0.000113148,False
2019-12-31,180.168,3230.78,0.0496381,0.00182849,0,0.0338757,0.000967913,0.0887344,630.274,0,40,0,0.000412101,False
2020-01-02,180.352,3257.85,0.0428517,0.00166524,0,0.232246,0.00234928,0.175492,634.42,0,40,0,0.00102307,False
2020-01-03,180.076,3234.85,0.0523864,0.00188163,0,-0.413301,0.00199383,0.0872199,629.831,0,40,0,-0.00153321,False
2020-01-06,180.158,3246.28,0.0468934,0.00174534,0,0.0460272,0.00158212,0.0942787,631.55,0,40,0,0.000458331,False
2020-01-07,180.168,3237.18,0.0486918,0.0017934,0,-0.0600933,0.00108008,0.0700131,629.718,0,40,0,5.54548e-05,False
2020-01-08,180.218,3253.05,0.0475379,0.00176875,0,0.0643491,0.00145108,0.129127,632.244,0,40,0,0.000275038,False
2020-01-09,180.392,3274.7,0.0417276,0.00164647,0.00653965,0.221096,0.00482199,0.205038,634.95,0,40,0,0.000964969,False
2020-01-10,180.444,3265.35,0.0401172,0.0016095,0,-0.110502,0.00445369,0.0764431,632.174,0,40,0,0.000289077,False
2020-01-13,180.548,3288.13,0.0417521,0.00164306,0.00435499,0.211709,0.004085,0.215792,634.938,0,40,0,0.000576521,False
2020-01-14,180.603,3283.15,0.0458094,0.00172417,0,-0.0876699,0.00257505,0.114611,632.855,0,40,0,0.000304743,False
2020-01-15,180.694,3289.29,0.0426209,0.00165981,0,0.0262251,0.000882305,0.0899891,633.282,0,40,0,0.000503457,False
2020-01-16,180.844,3316.81,0.0384818,0.00158353,0.0263073,0.326462,0.00585681,0.270814,636.782,0,40,0,0.000832188,False
2020-01-17,180.888,3329.62,0.0454684,0.00171127,0.131526,0.326683,0.00592112,0.460507,636.907,0,40,0,0.000239435,False
2020-01-21,180.997,3320.79,0.0488322,0.00180398,0,-0.24893,0.00382739,0.145679,634.089,0,40,0,0.000603126,False
2020-01-22,181.069,3321.75,0.0496631,0.001795,0,-0.0151858,0.00281509,0.103201,633.647,0,40,0,0.000399708,False
2020-01-23,181.101,3325.54,0.0504288,0.00181963,0,-0.0193965,0.00202857,0.0987186,633.989,0,40,0,0.000174886,False
2020-01-24,181.041,3295.47,0.0597365,0.00205395,0,-0.13452,0.00226632,0.0795124,629.806,0,40,0,-0.000330743,False
2020-01-27,180.885,3243.63,0.0721273,0.00238819,0,-0.217197,0.00113664,0.0867787,624.17,0,40,0,-0.000860917,False
2020-01-28,180.983,3276.24,0.0647869,0.00219187,0,0.124059,0.00113323,0.173832,632.539,0,40,0,0.000544369,False
2020-01-29,181.094,3273.4,0.0664937,0.00222956,0,0.00470438,0.00238928,0.129971,633.318,0,40,0,0.000610222,False
2020-01-30,181.129,3283.66,0.0610137,0.00208784,0,-0.0271546,0.00142125,0.125383,635.501,0,40,0,0.000192926,False
2020-01-31,180.968,3225.52,0.0772746,0.00252178,0,-0.263946,0.00164815,0.0955801,626.792,0,40,0,-0.000889083,False
2020-02-03,181.06,3248.92,0.0702849,0.00232778,0,0.076151,0.000863061,0.146244,632.498,0,40,0,0.000511589,False
2020-02-04,181.26,3297.59,0.0606855,0.00208757,0.0532312,0.48459,0.00366928,0.432604,640.357,0,40,0,0.0011042,False
2020-02-05,181.287,3334.69,0.0530219,0.00188776,0.510788,1.01957,0.0107649,0.955,643.511,0,40,0,0.000147634,False
2020-02-06,181.634,3345.78,0.0496147,0.00180135,0.452979,0.452915,0.00661181,0.64885,641.629,0,40,0,0.00191568,False
2020-02-07,181.712,3327.71,0.0545718,0.00192614,0.0399947,-0.461532,0.00384795,0.118432,635.88,0,40,0,0.000427721,False
2020-02-10,181.762,3352.09,0.0494134,0.00179287,0.0534459,0.0965411,0.00500295,0.153879,638.481,0,40,0,0.000276626,False
2020-02-11,181.805,3357.75,0.0503186,0.00181466,0,-0.0237816,0.00582188,0.13003,638.176,0,40,0,0.000235192,False
2020-02-12,182.043,3379.45,0.0440225,0.00168018,0,0.245278,0.0024763,0.177033,640.6,0,40,0,0.00130987,False
2020-02-13,181.974,3373.94,0.0479266,0.00175689,0,-0.185213,0.00293503,0.104045,638.272,0,40,0,-0.000378977,False
2020-02-14,182.065,3380.16,0.0436618,0.0016659,0,0.0302699,0.00128897,0.0837442,638.273,0,40,0,0.000501596,False
2020-02-18,182.034,3370.29,0.0504824,0.00182173,0,-0.0775515,0.00109455,0.0851729,636.304,0,40,0,-0.000172543,False
2020-02-19,182.149,3386.15,0.0446597,0.00169359,0,0.0911375,0.000918894,0.102837,638.756,0,40,0,0.000634608,False
2020-02-20,182.055,3373.23,0.0519599,0.00184679,0,-0.158774,0.00170912,0.087167,636.491,0,40,0,-0.0005199,False
2020-02-21,181.978,3337.75,0.0685472,0.00227464,0,-0.133225,0.00111159,0.0961705,631.869,0,40,0,-0.000423319,False
2020-02-24,181.611,3225.89,0.10206,0.0032063,0,-0.444389,0.000918303,0.116874,618.399,0,40,0,-0.00201759,False
2020-02-25,181.595,3128.21,0.115192,0.0035851,0,-0.113816,0.001003,0.12947,612.116,0,40,0,-8.70435e-05,False
2020-02-26,181.584,3116.39,0.116443,0.00362401,0,-0.0905836,0.00180752,0.160198,621.093,0,40,0,-5.67197e-05,False
2020-02-27,181.308,2978.76,0.16964,0.0051672,0,-0.394556,0.00103324,0.205435,609.027,0,40,0,-0.0015219,False
2020-02-28,181.205,2954.22,0.194596,0.00589892,0,-0.180727,0.00103066,0.315828,617.464,0,40,0,-0.000570598,False
2020-03-02,181.748,3090.23,0.131087,0.00404145,0,0.786059,0.00304495,0.682909,647.262,0,40,0,0.00299649,False
2020-03-03,180.716,3003.37,0.167003,0.00508941,0,-1.61399,0.00571735,0.256262,630.693,0,40,0,-0.00567349,False
2020-03-04,181.152,3130.12,0.127789,0.00394219,0.0157033,0.982072,0.00535373,0.905573,651.213,0,40,0,0.00241013,False
2020-03-05,180.362,3023.94,0.178413,0.00542126,0,-1.57741,0.00362466,0.287896,627.148,0,40,0,-0.00436302,False
2020-03-06,180.239,2972.37,0.184959,0.00561714,0,-0.336339,0.00092896,0.252555,619.69,0,40,0,-0.000679663,False
2020-03-09,179.802,2746.56,0.27624,0.00831987,0,-0.625391,0.00123378,0.330777,590.026,0,40,0,-0.00242415,False
2020-03-10,180.277,2882.23,0.225243,0.00680681,0,0.598116,0.00202897,0.670885,627.722,0,40,0,0.00263854,False
2020-03-11,179.862,2741.38,0.287262,0.00864572,0,-0.952914,0.00160253,0.40963,609.946,0,40,0,-0.00230005,False
2020-03-12,179.283,2480.64,0.423765,0.0127186,0,-0.854371,0.00127484,0.544051,577.24,0,40,0,-0.00321925,False
2020-03-13,180.455,2711.02,0.285054,0.00858127,0,1.24842,0.00145108,0.895449,638.98,0,40,0,0.00653738,False
2020-03-16,178.519,2386.13,0.499806,0.0149949,0,-2.60074,0.00255143,0.712773,582.315,0,40,0,-0.0107274,False
2020-03-17,179.709,2529.19,0.379889,0.0114084,0,0.771979,0.000805926,0.662823,628.12,0,40,0,0.00666373,False
2020-03-18,179.47,2398.1,0.400795,0.0120354,0,-0.772687,0.00140017,0.5167,607.61,0,40,0,-0.00133107,False
2020-03-19,179.859,2409.39,0.329407,0.00991259,0,-0.0164095,0.000733819,0.429546,618.836,0,40,0,0.00217032,False
2020-03-20,179.803,2304.92,0.272373,0.00823715,0,-0.444971,0.000474131,0.304619,606.269,0,40,0,-0.00031348,False
2020-03-23,179.812,2237.4,0.258436,0.00783127,0,-0.241102,0.000651878,0.303733,603.11,0,40,0,5.41452e-05,False
2020-03-24,178.874,2447.33,0.252242,0.00763104,0,2.38428,0.00783782,3.86315,655.911,0,40,0,-0.00521857,False
2020-03-25,178.35,2475.56,0.272468,0.00822441,1.08508,-0.210666,0.0122714,3.3438,651.293,0,40,0,-0.00293181,False
2020-03-26,178.528,2630.07,0.252208,0.00761619,4.24807,8.79942,0.00920046,7.95176,669.195,0,40,0,0.00100242,False
2020-03-27,178.238,2541.47,0.27256,0.00822347,0.944934,-6.06571,0.00851195,1.48773,632.049,0,40,0,-0.00162881,False
2020-03-30,179.094,2626.65,0.228435,0.00691578,1.70425,1.45143,0.00425855,0.59573,639.673,0,40,0,0.00480502,False
2020-03-31,179.337,2584.59,0.21084,0.00640496,0,-0.275509,0.00197504,0.279477,625.811,0,40,0,0.00135797,False
2020-04-01,179.011,2470.5,0.242157,0.00733318,0,-0.544071,0.00113742,0.294946,605.349,0,40,0,-0.00181699,False
2020-04-02,179.249,2526.9,0.214547,0.00651674,0,0.148894,0.00115466,0.413264,624.325,0,40,0,0.00132647,False
2020-04-03,179.33,2488.65,0.199379,0.00607685,0,-0.260606,0.00126636,0.263874,619.896,0,40,0,0.000450879,False
2020-04-06,179.221,2663.68,0.177291,0.00541377,0.0379747,2.32786,0.010421,2.82419,655.613,0,40,0,-0.000607675,False
2020-04-07,177.598,2659.41,0.195574,0.00594604,0.379889,-2.62027,0.0168934,1.61959,642.782,0,40,0,-0.00905487,False
2020-04-08,178.365,2749.98,0.174125,0.00531157,1.61006,3.40707,0.0127484,2.80531,648.659,0,40,0,0.0043207,False
2020-04-09,179.194,2789.82,0.171326,0.00522917,1.71776,1.61414,0.00799888,2.03098,644.014,0,40,0,0.00464668,False
2020-04-13,179.659,2761.63,0.172267,0.00526194,0.588039,-0.82417,0.0034832,0.317688,630.074,0,40,0,0.00259277,False
2020-04-14,180.306,2846.06,0.156612,0.00479858,0.0119012,0.931206,0.00414668,0.737466,642.401,0,40,0,0.00360235,False
2020-04-15,179.92,2783.36,0.16376,0.00501093,0,-1.04798,0.00252412,0.231904,626.601,0,40,0,-0.00214185,False
2020-04-16,180.151,2799.55,0.140139,0.00432562,0,0.0722565,0.000832908,0.207273,630.174,0,40,0,0.00128873,False
2020-04-17,180.147,2874.56,0.150892,0.00462781,0,0.640171,0.00429952,0.994015,642.313,0,40,0,-2.5569e-05,False
2020-04-20,180.054,2823.16,0.170041,0.00518926,0,-0.900886,0.00265409,0.348024,629.212,0,40,0,-0.000514566,False
2020-04-21,179.858,2736.56,0.187044,0.00569415,0,-0.489751,0.00141968,0.234019,615.305,0,40,0,-0.00108754,False
2020-04-22,180.168,2799.31,0.168045,0.00513563,0,0.314728,0.00153356,0.400542,630.82,0,40,0,0.00172125,False
2020-04-23,180.414,2797.8,0.165814,0.00506887,0,-0.00822359,0.00123084,0.306114,631.469,0,40,0,0.00136383,False
2020-04-24,180.763,2836.74,0.139381,0.00429971,0,0.206041,0.00129822,0.296515,639.091,0,40,0,0.00193679,False
2020-04-27,181.269,2878.48,0.12468,0.00388224,0,0.435066,0.00217242,0.344563,643.85,0,40,0,0.00279727,False
2020-04-28,181.1,2863.39,0.132269,0.00409504,0,-0.399229,0.00499478,0.237044,636.676,0,40,0,-0.000929735,False
2020-04-29,181.405,2939.51,0.116257,0.00363457,0,0.659518,0.0050603,0.699161,647.213,0,40,0,0.00168395,False
2020-04-30,181.463,2912.43,0.132937,0.00410881,0,-0.468324,0.00262166,0.298982,637.464,0,40,0,0.000320065,False
2020-05-01,181.211,2830.71,0.151078,0.00463824,0,-0.50538,0.00144933,0.191303,622.697,0,40,0,-0.00139262,False
2020-05-04,181.336,2842.74,0.139877,0.00431682,0,0.0169097,0.000707871,0.217273,628.839,0,40,0,0.000694177,False
2020-05-05,181.553,2868.44,0.131328,0.0040687,0,0.139035,0.00126268,0.265494,635.88,0,40,0,0.00119563,False
2020-05-06,181.672,2848.42,0.138835,0.00428915,0,-0.0637218,0.00131284,0.215977,633.789,0,40,0,0.000655613,False
2020-05-07,181.959,2881.19,0.12238,0.00381349,0,0.201969,0.00132193,0.248248,640.512,0,40,0,0.00157945,False
2020-05-08,182.418,2929.8,0.0976177,0.00311223,0,0.434846,0.00182775,0.316552,647.05,0,40,0,0.00252376,False
2020-05-11,182.464,2930.19,0.102016,0.00324416,0,-0.14005,0.00169585,0.228282,643.519,0,40,0,0.000248307,False
2020-05-12,182.337,2870.12,0.130414,0.00404763,0,-0.297079,0.0020221,0.182377,631.495,0,40,0,-0.000695095,False
2020-05-13,182.314,2820,0.139855,0.00432387,0,-0.163569,0.00101157,0.176598,625.497,0,40,0,-0.000127618,False
2020-05-14,182.465,2852.5,0.107542,0.00340434,0,0.039606,0.000953607,0.167743,636.022,0,40,0,0.000831779,False
2020-05-15,182.368,2863.7,0.127992,0.00398125,0,-0.0419531,0.00202638,0.344786,639.965,0,40,0,-0.000531671,False
2020-05-18,182.696,2953.91,0.112755,0.00353702,0.293619,1.77281,0.0116763,1.59374,654.941,0,40,0,0.00179735,False
2020-05-19,182.947,2922.94,0.119418,0.00372666,0,-1.06987,0.00631392,0.381851,644.078,0,40,0,0.00137608,False
2020-05-20,183.467,2971.61,0.111772,0.0035098,0.116633,0.782697,0.0067841,0.629239,649.462,0,40,0,0.00284318,False
2020-05-21,183.648,2948.51,0.119272,0.00372539,0,-0.343389,0.00281672,0.217635,642.24,0,40,0,0.000986254,False
2020-05-22,183.804,2955.45,0.115901,0.00362846,0,0.0380654,0.00115218,0.21167,642.941,0,40,0,0.000844821,False
2020-05-26,183.979,2991.77,0.109053,0.00343069,0,0.166276,0.00396485,0.304289,648.983,0,40,0,0.000953819,False
2020-05-27,184.268,3036.13,0.105747,0.00333935,0.00175679,0.498531,0.0065752,0.608031,654.021,0,40,0,0.00157009,False
2020-05-28,184.324,3029.73,0.111305,0.00348952,0,-0.329125,0.00804588,0.322213,649.341,0,40,0,0.00030641,False
2020-05-29,184.563,3044.31,0.107351,0.00337754,0,0.0851509,0.00247311,0.269644,649.299,0,40,0,0.00129782,False
2020-06-01,184.776,3055.73,0.108586,0.00341436,0,0.0773719,0.00168116,0.238338,649.181,0,40,0,0.00114957,False
2020-06-02,185.004,3080.82,0.10115,0.0032041,0,0.146202,0.00138507,0.253063,651.853,0,40,0,0.00123414,False
2020-06-03,185.418,3122.87,0.0962239,0.00305889,0,0.561474,0.0036114,0.489353,656.747,0,40,0,0.00224178,False
2020-06-04,185.56,3112.35,0.0985638,0.00312559,0,-0.221887,0.00330817,0.217551,651.811,0,40,0,0.000766075,False
2020-06-05,185.584,3193.93,0.0933019,0.00296823,0.499176,1.67675,0.0103249,1.45162,662.432,0,40,0,0.00012674,False
2020-06-08,185.984,3232.39,0.0984118,0.00310532,1.28066,2.13007,0.012692,1.9834,662.846,0,40,0,0.00215667,False
2020-06-09,186.315,3207.18,0.109926,0.00343816,0.0794559,-1.19079,0.00508202,0.483367,653.845,0,40,0,0.00178075,False
2020-06-10,186.485,3190.14,0.110923,0.00346907,0,-0.220208,0.00245426,0.198077,649.724,0,40,0,0.000912871,False
2020-06-11,186.049,3002.1,0.179418,0.00545764,0,-0.5976,0.00135629,0.209227,622.337,0,40,0,-0.00233877,False
2020-06-12,186.127,3041.31,0.153267,0.00469324,0,-0.0204146,0.00220383,0.257524,640.05,0,40,0,0.000417406,False
2020-06-15,186.114,3066.59,0.1526,0.00466958,0,-0.074807,0.00187489,0.342001,650.509,0,40,0,-7.10753e-05,False
2020-06-16,186.309,3124.74,0.152528,0.00466544,0,0.373785,0.00638782,0.66177,661.885,0,40,0,0.00105038,False
2020-06-17,186.701,3113.49,0.131607,0.00406434,0,-0.175151,0.0025045,0.219604,657.587,0,40,0,0.00210432,False
2020-06-18,186.881,3115.34,0.10399,0.00327762,0,-0.00363842,0.000678274,0.136686,655.22,0,40,0,0.00096043,False
2020-06-19,186.78,3097.74,0.133655,0.00411908,0,-0.111394,0.00181458,0.253436,651.288,0,40,0,-0.000537364,False
2020-06-22,186.96,3117.86,0.123409,0.00382789,0,0.0440003,0.00106968,0.235762,655.199,0,40,0,0.000964696,False
2020-06-23,187.143,3131.29,0.119774,0.00372316,0,0.0814942,0.00197769,0.248925,657.386,0,40,0,0.00097563,False
2020-06-24,187,3050.33,0.138993,0.00428029,0,-0.352978,0.00143512,0.171972,644.208,0,40,0,-0.000762774,False
2020-06-25,187.156,3083.76,0.127639,0.00395047,0,0.110449,0.0009637,0.249461,653.389,0,40,0,0.000832544,False
2020-06-26,187.09,3009.05,0.145091,0.00446155,0,-0.271763,0.0013532,0.183072,643.106,0,40,0,-0.000353174,False
2020-06-29,187.318,3053.24,0.12624,0.00391277,0,0.183814,0.000974453,0.260171,655.357,0,40,0,0.00121903,False
2020-06-30,187.602,3100.29,0.115646,0.00361179,0,0.338724,0.00369542,0.423203,663.988,0,40,0,0.00151631,False
2020-07-01,188.007,3115.86,0.108632,0.0034128,0,0.193977,0.00142832,0.315738,664.076,0,40,0,0.00216007,False
2020-07-02,188.181,3130.01,0.10095,0.00319811,0,0.0106723,0.00438857,0.245996,663.772,0,40,0,0.000924315,False
2020-07-06,188.642,3179.72,0.0991655,0.00313982,0.0302182,0.713767,0.00460591,0.560043,668.693,0,40,0,0.00244936,False
2020-07-07,188.638,3145.32,0.110707,0.00347446,0,-0.474252,0.00313744,0.193613,659.552,0,40,0,-1.97553e-05,False
2020-07-08,188.869,3169.94,0.0977245,0.00310429,0,0.146922,0.00111451,0.203403,663.15,0,40,0,0.00122265,False
2020-07-09,188.942,3152.05,0.106476,0.00334645,0,-0.0637346,0.0010938,0.168305,659.415,0,40,0,0.000388623,False
2020-07-10,189.114,3185.04,0.0938605,0.00299389,0,0.131572,0.00131219,0.217593,665.121,0,40,0,0.000909477,False
2020-07-13,188.821,3155.22,0.126995,0.00392705,0,-0.369079,0.00386027,0.260167,659.331,0,40,0,-0.0015464,False
2020-07-14,188.913,3197.52,0.117739,0.00365758,0,0.0858647,0.00337046,0.365288,666.133,0,40,0,0.000484343,False
2020-07-15,189.33,3226.56,0.103737,0.00326205,0,0.264251,0.00428954,0.30871,668.932,0,40,0,0.00220745,False
2020-07-16,189.431,3215.57,0.095876,0.00304385,0,-0.153426,0.00148204,0.144991,664.562,0,40,0,0.000536857,False
2020-07-17,189.518,3224.73,0.101586,0.0032003,0,0.0609979,0.00113589,0.216466,664.925,0,40,0,0.000458072,False
2020-07-20,189.814,3251.84,0.0947373,0.00301366,0,0.234395,0.0014625,0.245358,668.051,0,40,0,0.00156061,False
2020-07-21,189.987,3257.3,0.0980362,0.00310575,0,0.0624687,0.00329845,0.226328,667.435,0,40,0,0.000912103,False
2020-07-22,190.187,3276.02,0.0946079,0.00301096,0,0.117488,0.000957641,0.234997,669.211,0,40,0,0.00104986,False
2020-07-23,190.105,3235.66,0.103488,0.00325908,0,-0.272053,0.00173127,0.142626,661.48,0,40,0,-0.000426869,False
2020-07-24,190.11,3215.63,0.101555,0.0032014,0,-0.0971153,0.000771818,0.138453,659.765,0,40,0,2.44107e-05,False
2020-07-27,190.286,3239.41,0.0937825,0.00298532,0,0.127538,0.000924481,0.179822,665.825,0,40,0,0.000926,False
2020-07-28,190.281,3218.44,0.09911,0.00313607,0,-0.132815,0.000980342,0.147443,663.312,0,40,0,-2.86013e-05,False
2020-07-29,190.453,3258.44,0.0918629,0.00293053,0,0.21196,0.00169642,0.274701,670.845,0,40,0,0.000903598,False
2020-07-30,190.383,3246.22,0.0974639,0.00308903,0,-0.248604,0.00217598,0.187979,667.398,0,40,0,-0.000365878,False
2020-07-31,190.447,3271.12,0.0914578,0.00291859,0,0.02304,0.00290803,0.232619,670.432,0,40,0,0.000336325,False
2020-08-03,190.745,3294.61,0.0889736,0.00285197,0,0.261799,0.00309273,0.279469,672.466,0,40,0,0.00156463,False
2020-08-04,190.958,3306.51,0.0875418,0.00280982,0,0.0776261,0.00150895,0.226933,672.059,0,40,0,0.00111869,False
2020-08-05,191.206,3327.77,0.0812122,0.00263788,0,0.172592,0.00184801,0.22867,673.566,0,40,0,0.00129652,False
2020-08-06,191.377,3349.16,0.0795027,0.00258728,0,0.123791,0.00228087,0.255967,674.589,0,40,0,0.000894993,False
2020-08-07,191.508,3351.28,0.0770263,0.00252068,0,-0.029125,0.00135858,0.169103,672.713,0,40,0,0.000683921,False
2020-08-10,191.657,3360.47,0.0748001,0.00245896,0,0.0613802,0.00147667,0.152049,672.779,0,40,0,0.000779591,False
2020-08-11,191.624,3333.69,0.090014,0.00287241,0,-0.129778,0.00216096,0.140129,667.775,0,40,0,-0.000171541,False
2020-08-12,191.832,3380.35,0.0751335,0.00246833,0,0.254748,0.0016373,0.258186,675.616,0,40,0,0.00108399,False
2020-08-13,191.927,3373.43,0.0737412,0.00243693,0,-0.0930604,0.00164896,0.139435,673.2,0,40,0,0.000497029,False
2020-08-14,192.003,3372.85,0.0669494,0.00225414,0,-0.0205191,0.000754291,0.107443,672.49,0,40,0,0.000392927,False
2020-08-17,192.099,3381.99,0.0663808,0.00224318,0,0.050522,0.00105721,0.124435,673.505,0,40,0,0.000503175,False
2020-08-18,192.206,3389.78,0.0671471,0.00225544,0,0.0581665,0.00111239,0.139672,674.002,0,40,0,0.000555485,False
2020-08-19,192.237,3374.85,0.0693412,0.0023174,0,-0.0689992,0.00124658,0.105752,671.436,0,40,0,0.000159713,False
2020-08-20,192.343,3385.51,0.0581552,0.00203216,0,0.0325343,0.000838852,0.0871445,673.499,0,40,0,0.00055362,False
2020-08-21,192.186,3397.16,0.0823041,0.00265636,0,0.0371346,0.00237789,0.358587,674.885,0,40,0,-0.000816449,False
2020-08-24,192.628,3431.28,0.0783207,0.00254989,0.012556,0.632624,0.00465631,0.608144,679.328,0,40,0,0.00229791,False
2020-08-25,193.148,3443.62,0.0781905,0.00254711,0.0225273,0.337056,0.0029413,0.475545,679.451,0,40,0,0.00269862,False
2020-08-26,193.404,3478.73,0.0829444,0.00266447,0.370822,0.938566,0.00807297,0.858698,682.813,0,40,0,0.00132955,False
2020-08-27,193.855,3484.55,0.0882862,0.0028159,0.23632,0.142728,0.00509338,0.394798,681.272,0,40,0,0.00233027,False
2020-08-28,194.324,3508.01,0.0803476,0.00258517,0.0594591,0.390288,0.00530567,0.329384,683.386,0,40,0,0.00241778,False
2020-08-31,194.434,3500.31,0.0921531,0.00292252,0,-0.10832,0.00229644,0.197861,680.777,0,40,0,0.000566767,False
2020-09-01,194.708,3526.65,0.0895054,0.00284694,0,0.241864,0.0011369,0.250955,684.251,0,40,0,0.00141072,False
2020-09-02,194.745,3580.84,0.0926755,0.00292806,0.0428891,0.640043,0.00755004,0.893898,690.619,0,40,0,0.000186991,False
2020-09-03,194.319,3455.06,0.128033,0.00394054,0,-1.2756,0.00484922,0.163303,669.11,0,40,0,-0.00218628,False
2020-09-04,194.347,3426.96,0.126196,0.00389095,0,-0.0903733,0.000580363,0.166819,669.072,0,40,0,0.000143241,False
2020-09-08,194.142,3331.84,0.142607,0.00437033,0,-0.342438,0.000775304,0.166992,660.239,0,40,0,-0.00105558,False
2020-09-09,194.378,3398.96,0.127806,0.00393792,0,0.310011,0.00155054,0.362705,678.81,0,40,0,0.00121877,False
2020-09-10,194.211,3339.19,0.135169,0.00415685,0,-0.476157,0.00282828,0.181518,672.749,0,40,0,-0.00085805,False
2020-09-11,194.355,3340.97,0.119259,0.00369572,0,0.0206065,0.000733393,0.173751,676.685,0,40,0,0.000737357,False
2020-09-14,194.56,3383.54,0.11344,0.00353247,0,0.218923,0.00110669,0.295608,685.036,0,40,0,0.00105924,False
2020-09-15,194.811,3401.2,0.110201,0.00344094,0,0.126596,0.0021551,0.276578,686.33,0,40,0,0.00128613,False
2020-09-16,194.907,3385.49,0.103455,0.00324889,0,-0.123171,0.00221765,0.154783,682.534,0,40,0,0.000495933,False
2020-09-17,194.824,3357.01,0.1033,0.00324813,0,-0.201734,0.000954082,0.135064,677.654,0,40,0,-0.000425415,False
2020-09-18,194.753,3319.47,0.108935,0.00341028,0,-0.171008,0.00143607,0.139707,673.525,0,40,0,-0.000367322,False
2020-09-21,194.687,3281.06,0.117378,0.00365806,0,-0.168372,0.000669726,0.149761,671.442,0,40,0,-0.000335683,False
2020-09-22,194.854,3315.57,0.110598,0.00345995,0,0.168096,0.00128199,0.256704,681.426,0,40,0,0.00085783,False
2020-09-23,194.741,3236.92,0.12312,0.00381913,0,-0.337395,0.00146879,0.15037,670.957,0,40,0,-0.000581092,False
2020-09-24,194.759,3246.59,0.123421,0.00383173,0,-0.0451646,0.00118584,0.205778,677.137,0,40,0,9.15616e-05,False
2020-09-25,194.757,3298.46,0.110471,0.00345676,0,0.0872155,0.00402438,0.398335,687.328,0,40,0,-1.2073e-05,False
2020-09-28,195.228,3351.6,0.111073,0.00347415,0.0918215,0.959416,0.0048288,0.89706,693.994,0,40,0,0.00242169,False
2020-09-29,195.587,3335.47,0.115006,0.0035823,0,-0.30862,0.00316199,0.337607,687.81,0,40,0,0.00183936,False
2020-09-30,195.872,3363,0.11577,0.00360614,0,0.211477,0.00162143,0.374857,689.727,0,40,0,0.00145597,False
2020-10-01,196.269,3380.8,0.114894,0.00358045,0.0011998,0.230197,0.00380918,0.314794,690.246,0,40,0,0.00202461,False
2020-10-02,196.126,3348.42,0.116435,0.00362085,0,-0.399666,0.00184854,0.168636,683.731,0,40,0,-0.000726263,False
2020-10-05,196.408,3408.6,0.106198,0.00332879,0,0.401614,0.00157338,0.389944,693.718,0,40,0,0.00143582,False
2020-10-06,196.334,3360.97,0.112041,0.00349619,0,-0.408492,0.0020864,0.161479,684.155,0,40,0,-0.000374569,False
2020-10-07,196.57,3419.44,0.0997441,0.00314891,0,0.326913,0.00215959,0.347136,693.879,0,40,0,0.00120046,False
2020-10-08,196.995,3446.83,0.0892355,0.00285539,0.0126476,0.336478,0.00202213,0.330792,695.942,0,40,0,0.0021597,False
2020-10-09,197.299,3477.14,0.0841911,0.00271382,0.0563135,0.39377,0.00540572,0.439361,697.604,0,40,0,0.00154806,False
2020-10-12,197.368,3534.22,0.0904228,0.00287469,0.630768,1.76831,0.0074452,1.58889,702.608,0,40,0,0.000345249,False
2020-10-13,197.702,3511.93,0.0962403,0.00304218,0.0696911,-0.930635,0.00657522,0.340579,694.123,0,40,0,0.00169536,False
2020-10-14,197.788,3488.67,0.096838,0.00305798,0,-0.202379,0.00199457,0.14383,689.136,0,40,0,0.000435783,False
2020-10-15,197.789,3483.34,0.0815772,0.00263861,0,-0.117299,0.00102049,0.104117,689.033,0,40,0,1.67416e-06,False
2020-10-16,197.613,3483.81,0.119495,0.00369802,0,-0.0325472,0.00210598,0.360863,690.274,0,40,0,-0.000887828,False
2020-10-19,197.446,3426.92,0.127329,0.00392808,0,-0.471552,0.00233979,0.177235,683.158,0,40,0,-0.000844393,False
2020-10-20,197.572,3443.12,0.128229,0.00395135,0,0.0686324,0.0007495,0.243441,688.999,0,40,0,0.000637916,False
2020-10-21,197.694,3435.56,0.128704,0.00396827,0,-0.0348848,0.00116683,0.210046,689.512,0,40,0,0.000617895,False
2020-10-22,197.876,3453.49,0.126112,0.00388881,0,0.0990339,0.00101008,0.24886,693.704,0,40,0,0.000917749,False
2020-10-23,198.066,3465.39,0.123007,0.0038043,0,0.0768746,0.00104123,0.253256,695.537,0,40,0,0.000963432,False
2020-10-26,197.842,3400.97,0.145391,0.00445173,0,-0.417219,0.00109505,0.20006,685.032,0,40,0,-0.00113184,False
2020-10-27,197.922,3390.68,0.149375,0.00457008,0,-0.0382563,0.000774086,0.2262,686.445,0,40,0,0.000402516,False
2020-10-28,197.69,3271.03,0.188137,0.00571015,0,-0.406329,0.000871664,0.23329,671.691,0,40,0,-0.00117149,False
2020-10-29,197.911,3310.11,0.171468,0.00521609,0,0.133262,0.00112086,0.311066,686.471,0,40,0,0.00111598,False
2020-10-30,197.926,3269.96,0.180862,0.00549553,0,-0.201378,0.00122398,0.268552,684.667,0,40,0,7.71956e-05,False
2020-11-02,198.216,3310.24,0.170926,0.00520376,0,0.209681,0.0013138,0.351964,695.376,0,40,0,0.00146862,False
2020-11-03,198.626,3369.16,0.160534,0.00489778,0,0.444259,0.00151008,0.540754,704.964,0,40,0,0.0020664,False
2020-11-04,199.224,3443.44,0.134851,0.00414786,0.0837861,0.811626,0.0117125,0.78979,712.579,0,40,0,0.00300965,False
2020-11-05,199.921,3510.45,0.122401,0.00378368,0.755471,1.97387,0.011987,1.41729,716.486,0,40,0,0.00350123,False
2020-11-06,200.656,3509.44,0.11026,0.00343526,0.227676,-0.163575,0.00562386,0.392904,708.808,0,40,0,0.00367311,False
2020-11-09,199.852,3550.5,0.113578,0.00353274,0.215076,-0.553583,0.0115965,0.52655,709.566,0,40,0,-0.00400615,False
2020-11-10,200.044,3545.53,0.106076,0.00331338,0,-0.228028,0.00202464,0.206823,703.916,0,40,0,0.000962896,False
2020-11-11,200.321,3572.66,0.0949717,0.00300613,0,0.184705,0.00144006,0.205193,705.737,0,40,0,0.00138399,False
2020-11-12,200.323,3537.01,0.105102,0.00329174,0,-0.15448,0.00131927,0.14908,698.435,0,40,0,1.0604e-05,False
2020-11-13,200.548,3585.15,0.093062,0.00295693,0,0.268845,0.000888573,0.282591,705.967,0,40,0,0.00112094,False
2020-11-16,200.872,3626.91,0.0871982,0.00278148,0.0391359,0.496675,0.0022319,0.497779,710.67,0,40,0,0.00161824,False
2020-11-17,200.962,3609.53,0.0879307,0.00280801,0,-0.305264,0.00325011,0.184504,705.13,0,40,0,0.000447469,False
2020-11-18,200.956,3567.79,0.0921888,0.00292716,0,-0.162948,0.00156188,0.115652,698.109,0,40,0,-3.18272e-05,False
2020-11-19,201.035,3581.87,0.0753179,0.00246079,0,0.000756932,0.00107549,0.109059,701.641,0,40,0,0.000393777,False
2020-11-20,200.985,3557.54,0.101255,0.0031864,0,-0.0788493,0.00126112,0.177506,699.241,0,40,0,-0.000251149,False
2020-11-23,201.152,3577.59,0.0943305,0.00298461,0,0.0953709,0.000995528,0.196054,704.427,0,40,0,0.000831772,False
2020-11-24,201.46,3635.41,0.0906013,0.00288107,0.00821995,0.706193,0.00266608,0.670633,713.123,0,40,0,0.00153341,False
2020-11-25,201.806,3629.65,0.088184,0.00281212,0,-0.128242,0.00249258,0.279176,709.476,0,40,0,0.00171793,False
2020-11-27,202.032,3638.35,0.088743,0.00283124,0,0.0884316,0.00188649,0.225927,709.222,0,40,0,0.00111843,False
2020-11-30,202.118,3621.63,0.090014,0.00286182,0,-0.0922202,0.00137589,0.13364,705.508,0,40,0,0.000424901,False
2020-12-01,202.253,3662.45,0.0902009,0.00286515,0,0.237511,0.0019762,0.320804,711.743,0,40,0,0.00067142,False
2020-12-02,202.363,3669.01,0.0900925,0.00285946,0,-0.0538296,0.0020409,0.243037,711.427,0,40,0,0.000539569,False
2020-12-03,202.526,3666.72,0.0905622,0.00287451,0,0.00598135,0.00176235,0.171933,709.859,0,40,0,0.000805541,False
2020-12-04,202.755,3699.12,0.0829777,0.00266586,0,0.228575,0.00115147,0.250063,713.849,0,40,0,0.00113371,False
2020-12-07,202.897,3691.96,0.0790897,0.00256166,0,-0.0507024,0.00128098,0.133208,710.995,0,40,0,0.000697388,False
2020-12-08,202.97,3702.25,0.0760052,0.00247914,0,0.00625752,0.00108444,0.138509,711.931,0,40,0,0.000361751,False
2020-12-09,202.969,3672.82,0.0836379,0.00268314,0,-0.0998585,0.00123873,0.118953,707.092,0,40,0,-2.88962e-06,False
2020-12-10,202.991,3668.1,0.08403,0.00269879,0,-0.0524952,0.000956789,0.125618,707.59,0,40,0,0.000104519,False
2020-12-11,203.022,3663.46,0.0838801,0.00268847,0,-0.0367848,0.0010659,0.137741,708.36,0,40,0,0.000153794,False
2020-12-14,202.997,3647.49,0.100416,0.00315149,0,-0.0836804,0.00127709,0.174771,707.31,0,40,0,-0.000121778,False
2020-12-15,203.347,3694.62,0.0859691,0.00274752,0,0.365999,0.00158825,0.273038,715.812,0,40,0,0.00172103,False
2020-12-16,203.595,3701.17,0.0817285,0.00263712,0,0.0748667,0.00127773,0.177561,715.562,0,40,0,0.00122037,False
2020-12-17,203.863,3722.48,0.0675274,0.00225525,0,0.169131,0.00092805,0.142529,717.458,0,40,0,0.00131883,False
2020-12-18,203.796,3709.41,0.0910793,0.00288693,0,-0.0831533,0.0018831,0.213248,713.681,0,40,0,-0.000331413,False
2020-12-21,203.694,3694.92,0.102691,0.00321829,0,-0.226368,0.00197453,0.185833,710.937,0,40,0,-0.000497826,False
2020-12-22,203.802,3687.26,0.100129,0.00314421,0,-0.0195639,0.000662815,0.154579,710.695,0,40,0,0.000530265,False
2020-12-23,203.91,3690.01,0.0961574,0.00303077,0,0.0143366,0.00078758,0.152928,712.331,0,40,0,0.000531532,False
2020-12-24,204.045,3703.06,0.0888075,0.00282408,0,0.0591869,0.000560326,0.162981,715.129,0,40,0,0.000659878,False
2020-12-28,204.245,3735.36,0.0841654,0.00269602,0,0.212152,0.00115205,0.255535,719.605,0,40,0,0.000979764,False
2020-12-29,204.35,3727.04,0.0922214,0.0029219,0,-0.0452885,0.00285249,0.191909,716.654,0,40,0,0.000513034,False
2020-12-30,204.503,3732.04,0.0896011,0.00284534,0,0.0463108,0.00101776,0.170893,716.565,0,40,0,0.000749035,False
2020-12-31,204.682,3756.07,0.0878479,0.00279255,0,0.164831,0.0010431,0.24011,719.399,0,40,0,0.000878355,False
2021-01-04,204.453,3700.65,0.109434,0.00340898,0,-0.417046,0.00209802,0.156161,710.252,0,40,0,-0.00111964,False
2021-01-05,204.572,3726.86,0.100891,0.00316133,0,0.0646874,0.00115955,0.198517,715.998,0,40,0,0.000581557,False
2021-01-06,204.579,3748.14,0.101694,0.00318191,0,-0.0260997,0.00194845,0.262107,719.111,0,40,0,3.36007e-05,False
2021-01-07,205.142,3803.79,0.0786665,0.00253942,0.0104359,0.614668,0.00514374,0.374828,726.263,0,40,0,0.00274952,False
2021-01-08,205.362,3824.68,0.0771803,0.00249669,0.0262563,0.182626,0.0034405,0.38163,726.008,0,40,0,0.00107638,False
2021-01-11,205.273,3799.61,0.0951432,0.00299676,0,-0.372199,0.00294589,0.18785,718.824,0,40,0,-0.000434442,False
2021-01-12,205.402,3801.19,0.0828214,0.00265482,0,-0.0115303,0.00110678,0.126421,718.217,0,40,0,0.000628225,False
2021-01-13,205.501,3809.84,0.0730772,0.00238233,0,0.014023,0.00107987,0.111422,719.4,0,40,0,0.000480213,False
2021-01-14,205.524,3795.54,0.073416,0.00239906,0,-0.0570755,0.000955322,0.10147,717.562,0,40,0,0.000111623,False
2021-01-15,205.468,3768.25,0.102024,0.00319585,0,-0.0699828,0.00117478,0.185081,714.674,0,40,0,-0.000272184,False
2021-01-19,205.709,3798.91,0.0930632,0.00293656,0,0.198649,0.000643316,0.232436,720.914,0,40,0,0.00117185,False
2021-01-20,206.006,3851.85,0.0865686,0.0027515,0.0118599,0.572564,0.00260803,0.576753,728.34,0,40,0,0.00144669,False
2021-01-21,206.414,3853.07,0.0869352,0.00276439,0,0.0482289,0.00187529,0.299266,726.183,0,40,0,0.00198058,False
2021-01-22,206.479,3841.47,0.0875829,0.00278661,0,-0.161666,0.00181209,0.155808,722.742,0,40,0,0.000313816,False
2021-01-25,206.523,3855.36,0.0902399,0.00286094,0,-0.0109698,0.0022214,0.186331,723.95,0,40,0,0.000211474,False
2021-01-26,206.628,3849.62,0.0917007,0.00289889,0,-0.00943187,0.00104279,0.159156,722.628,0,40,0,0.000510848,False
2021-01-27,206.479,3750.77,0.136404,0.00417966,0,-0.257436,0.00137229,0.181251,709.539,0,40,0,-0.000719549,False
2021-01-28,206.654,3787.38,0.118142,0.00364894,0,0.0982878,0.000532248,0.219012,719.961,0,40,0,0.00084506,False
2021-01-29,206.562,3714.24,0.142538,0.00436018,0,-0.25598,0.00120201,0.191844,712.012,0,40,0,-0.000444395,False
2021-02-01,206.816,3773.86,0.115958,0.00358505,0,0.207324,0.000997573,0.256661,725.661,0,40,0,0.00122908,False
2021-02-02,207.235,3826.31,0.0950088,0.00298966,0.0105949,0.423685,0.00365052,0.339233,733.584,0,40,0,0.00202541,False
2021-02-03,207.448,3830.17,0.0863246,0.00275515,0,-0.0312222,0.00231171,0.176106,731.083,0,40,0,0.0010286,False
2021-02-04,207.744,3871.74,0.0784131,0.00253103,0.0117903,0.361372,0.00132614,0.304247,734.647,0,40,0,0.00142685,False
2021-02-05,208.065,3886.83,0.0717936,0.00235555,0.00949637,0.179625,0.00296624,0.219664,733.025,0,40,0,0.00154605,False
2021-02-08,208.308,3915.59,0.0713491,0.00234047,0.00917683,0.304938,0.00161523,0.339947,734.55,0,40,0,0.00116729,False
2021-02-09,208.458,3911.23,0.0739542,0.00241572,0,-0.0848641,0.00209521,0.174751,731.463,0,40,0,0.00071901,False
2021-02-10,208.489,3909.88,0.0789111,0.00254466,0,-0.0630714,0.00215378,0.155046,729.984,0,40,0,0.000147973,False
2021-02-11,208.581,3916.38,0.0725109,0.00236175,0,-0.00232308,0.00186564,0.128819,730.562,0,40,0,0.00044217,False
2021-02-12,208.72,3934.83,0.0631899,0.00212661,0,0.0786331,0.000810057,0.128434,732.848,0,40,0,0.000667711,False
2021-02-16,208.744,3932.59,0.0743234,0.00241859,0,-0.00700139,0.00143912,0.1678,731.687,0,40,0,0.000115457,False
2021-02-17,208.799,3931.33,0.0694398,0.00228587,0,-0.0653929,0.00116817,0.113382,730.983,0,40,0,0.00026353,False
2021-02-18,208.801,3913.97,0.0665411,0.00220539,0,-0.087593,0.00099561,0.0872199,728.424,0,40,0,9.14571e-06,False
2021-02-19,208.748,3906.71,0.0884145,0.00280252,0,-0.0284167,0.00135947,0.196547,728.283,0,40,0,-0.000256183,False
2021-02-22,208.717,3876.5,0.0960708,0.00302192,0,-0.178536,0.00142445,0.140167,725.348,0,40,0,-0.000146261,False
2021-02-23,208.633,3881.37,0.0934823,0.00294691,0,-0.154784,0.00194501,0.15778,728.237,0,40,0,-0.000401535,False
2021-02-24,208.848,3925.43,0.0866117,0.00275182,0,0.262906,0.00220498,0.287674,735.602,0,40,0,0.00102892,False
2021-02-25,208.563,3829.34,0.124364,0.00382805,0,-0.521914,0.00219055,0.169478,720.93,0,40,0,-0.00136642,False
2021-02-26,208.578,3811.15,0.1234,0.00379952,0,-0.0999401,0.000918981,0.172629,721.968,0,40,0,7.47499e-05,False
2021-03-01,208.95,3901.82,0.092626,0.00292389,0,0.558045,0.00223432,0.446613,738.115,0,40,0,0.00178125,False
2021-03-02,209.059,3870.29,0.103986,0.00324973,0,-0.239844,0.0021806,0.19587,732.07,0,40,0,0.000523832,False
2021-03-03,209.038,3819.72,0.117141,0.00362347,0,-0.172622,0.00122659,0.156687,725.327,0,40,0,-0.000101162,False
2021-03-04,208.964,3768.47,0.133579,0.00409854,0,-0.182144,0.00098859,0.177516,720.345,0,40,0,-0.000356302,False
2021-03-05,208.915,3841.94,0.110266,0.00342444,0,0.0299109,0.00348102,0.359036,734.858,0,40,0,-0.000230891,False
2021-03-08,208.948,3821.35,0.12137,0.00374445,0,-0.203613,0.00184867,0.238531,731.848,0,40,0,0.000156371,False
2021-03-09,209.29,3875.44,0.10991,0.00341726,0,0.378492,0.00209473,0.379372,739.733,0,40,0,0.001637,False
2021-03-10,209.723,3898.81,0.0961706,0.00302732,0,0.232451,0.00179366,0.270219,740.228,0,40,0,0.00206868,False
2021-03-11,210.018,3939.34,0.0895791,0.00283888,0.0318292,0.351136,0.00274706,0.378102,742.743,0,40,0,0.00140861,False
2021-03-12,210.183,3943.34,0.0772253,0.00248919,0,-0.112825,0.00233018,0.173211,739.898,0,40,0,0.000783126,False
2021-03-15,210.296,3968.94,0.0805267,0.00259044,0,0.116519,0.00200629,0.252698,740.884,0,40,0,0.000537449,False
2021-03-16,210.373,3962.71,0.085234,0.0027203,0,-0.0841496,0.00153095,0.172226,737.683,0,40,0,0.000367603,False
2021-03-17,210.413,3974.12,0.077782,0.0025068,0,-0.0576263,0.00233092,0.14805,738.21,0,40,0,0.00018773,False
2021-03-18,210.306,3915.46,0.0886334,0.00281549,0,-0.22958,0.00166567,0.108973,729.427,0,40,0,-0.000505437,False
2021-03-19,210.354,3913.1,0.0863082,0.00274944,0,-0.013859,0.000701484,0.130165,731.635,0,40,0,0.000227316,False
2021-03-22,210.414,3940.59,0.0748487,0.00243886,0,0.0133473,0.00206266,0.154242,737.617,0,40,0,0.000283416,False
2021-03-23,210.408,3910.52,0.0833779,0.00266912,0,-0.121159,0.00124031,0.117772,733.67,0,40,0,-2.48127e-05,False
2021-03-24,210.391,3889.14,0.0881695,0.00280232,0,-0.0976285,0.00127783,0.121595,732.166,0,40,0,-8.25152e-05,False
2021-03-25,210.473,3909.52,0.0817556,0.0026241,0,0.0434306,0.00133852,0.160522,736.661,0,40,0,0.00039116,False
2021-03-26,210.681,3974.54,0.0744337,0.00241702,0.0915607,0.814301,0.0050373,0.742244,745.907,0,40,0,0.000988237,False
2021-03-29,210.902,3971.09,0.0813534,0.00260395,0.0014743,-0.20014,0.00443682,0.394524,742.581,0,40,0,0.00104622,False
2021-03-30,211.04,3958.55,0.0766466,0.00247388,0,-0.189583,0.00226138,0.138393,738.755,0,40,0,0.00065651,False
2021-03-31,211.176,3972.89,0.074972,0.00243498,0,0.0782023,0.000828413,0.152723,740.007,0,40,0,0.00064244,False
2021-04-01,211.495,4019.87,0.064644,0.00215368,0.0396146,0.518617,0.00314311,0.372046,745.927,0,40,0,0.00151072,False
2021-04-05,211.257,4077.91,0.0676315,0.00223387,0.73144,1.80283,0.0106569,1.73582,751.229,0,40,0,-0.00112364,False
2021-04-06,211.821,4073.94,0.0672246,0.00222289,0.289126,-0.252581,0.00613953,0.689149,746.21,0,40,0,0.00266891,False
2021-04-07,212.208,4079.95,0.0638814,0.00213187,0.198962,0.124251,0.00368156,0.285482,744.42,0,40,0,0.00182713,False
2021-04-08,212.422,4097.17,0.0630839,0.00210928,0.162541,0.22512,0.00287334,0.192552,745.327,0,40,0,0.00100661,False
2021-04-09,212.577,4128.8,0.0570466,0.00195214,0.128637,0.348778,0.00357316,0.308802,748.522,0,40,0,0.00073162,False
2021-04-12,212.678,4127.99,0.0636896,0.00212738,0,-0.0659691,0.00245178,0.200635,746.75,0,40,0,0.000476574,False
2021-04-13,212.783,4141.59,0.0607497,0.00205002,0,0.025766,0.00306539,0.177527,747.315,0,40,0,0.000491391,False
2021-04-14,212.815,4124.66,0.0641677,0.00213898,0,-0.109393,0.00164579,0.0961355,743.762,0,40,0,0.000152178,False
2021-04-15,213.013,4170.42,0.0501782,0.00177343,0,0.290677,0.00237994,0.234962,750.009,0,40,0,0.000929798,False
2021-04-16,212.886,4185.47,0.0708199,0.00230725,0.0417299,0.228929,0.00290249,0.614509,750.072,0,40,0,-0.000594978,False
2021-04-19,213.08,4163.26,0.0757824,0.00244035,0,-0.312266,0.00293211,0.178996,745.21,0,40,0,0.000909673,False
2021-04-20,213.05,4134.94,0.082255,0.00261774,0,-0.170749,0.0014792,0.116766,741.365,0,40,0,-0.000142489,False
2021-04-21,213.155,4173.42,0.0740728,0.00239174,0,0.126851,0.00153359,0.208581,747.826,0,40,0,0.000493703,False
2021-04-22,213.142,4134.98,0.0853407,0.00270353,0,-0.179588,0.00208489,0.122802,742.529,0,40,0,-6.21936e-05,False
2021-04-23,213.314,4180.17,0.0749496,0.00241483,0,0.229877,0.00127402,0.25194,750.096,0,40,0,0.000806973,False
2021-04-26,213.502,4187.62,0.0740237,0.00239381,0,0.0576067,0.00104859,0.192167,749.978,0,40,0,0.000881148,False
2021-04-27,213.629,4186.72,0.0740555,0.00239373,0,0.00420216,0.00107931,0.139892,748.693,0,40,0,0.000595122,False
2021-04-28,213.699,4183.18,0.0727865,0.00236199,0,-0.0225955,0.000901324,0.11678,747.753,0,40,0,0.000327857,False
2021-04-29,213.821,4211.47,0.0718337,0.00232823,0,0.153264,0.00184742,0.215096,751.23,0,40,0,0.000573732,False
2021-04-30,213.796,4181.17,0.0760224,0.00244227,0,-0.196072,0.00163287,0.116291,746.251,0,40,0,-0.000118417,False
2021-05-03,213.914,4192.66,0.071804,0.00233618,0,0.0569907,0.000943209,0.124116,748.531,0,40,0,0.00055048,False
2021-05-04,213.898,4164.66,0.0804184,0.00256897,0,-0.104527,0.00111771,0.111941,745.017,0,40,0,-7.30205e-05,False
2021-05-05,213.966,4167.59,0.0783199,0.00250875,0,0.0115992,0.000831193,0.130243,746.95,0,40,0,0.000319207,False
2021-05-06,214.128,4201.62,0.0714537,0.00232605,0,0.162842,0.00197526,0.199004,752.594,0,40,0,0.000753544,False
2021-05-07,214.382,4232.6,0.0631678,0.0021017,0.00333731,0.286252,0.00352371,0.284618,755.758,0,40,0,0.00119015,False
2021-05-10,214.344,4188.43,0.078906,0.00253039,0,-0.278905,0.00361065,0.117378,747.888,0,40,0,-0.000181453,False
2021-05-11,214.237,4152.1,0.0937558,0.0029423,0,-0.181217,0.00113945,0.132609,743.555,0,40,0,-0.000498145,False
2021-05-12,214.114,4063.04,0.130825,0.00400701,0,-0.208712,0.00108607,0.172022,734.376,0,40,0,-0.000571298,False
2021-05-13,214.379,4112.5,0.104862,0.00325641,0,0.189637,0.00105006,0.197994,747.561,0,40,0,0.00123401,False
2021-05-14,214.793,4173.85,0.0743957,0.00240082,0.0167323,0.434708,0.00540585,0.268587,758.427,0,40,0,0.00193103,False
2021-05-17,214.841,4163.29,0.0846387,0.00268839,0,-0.129465,0.00125642,0.17096,755.275,0,40,0,0.000227458,False
2021-05-18,214.812,4127.83,0.0937751,0.0029474,0,-0.158836,0.00120234,0.131405,749.125,0,40,0,-0.000138034,False
2021-05-19,214.792,4115.68,0.0917145,0.00289173,0,-0.109598,0.000968678,0.129117,747.807,0,40,0,-9.05744e-05,False
2021-05-20,215.001,4159.12,0.068228,0.00224375,0,0.159159,0.00128403,0.144088,755.223,0,40,0,0.000972516,False
2021-05-21,214.953,4155.86,0.0852206,0.00270695,0,-0.046903,0.00277086,0.224744,754.213,0,40,0,-0.000222397,False
2021-05-24,215.287,4197.05,0.0732176,0.00236686,0,0.357079,0.00192924,0.317498,759.226,0,40,0,0.00155032,False
2021-05-25,215.359,4188.13,0.0791147,0.00254219,0,-0.153876,0.00317117,0.164836,755.559,0,40,0,0.000335307,False
2021-05-26,215.51,4195.99,0.0727992,0.00236766,0,0.0460632,0.000952683,0.129225,755.449,0,40,0,0.000701867,False
2021-05-27,215.607,4200.88,0.0693008,0.0022695,0,0.0257166,0.00070517,0.123884,755.451,0,40,0,0.000451875,False
2021-05-28,215.682,4204.11,0.066418,0.00218525,0,0.00592058,0.00108366,0.118568,755.412,0,40,0,0.000345006,False
2021-06-01,215.692,4202.04,0.0714086,0.00232068,0,-0.0465463,0.00178171,0.128555,754.956,0,40,0,4.99502e-05,False
2021-06-02,215.795,4208.12,0.0669976,0.00220683,0,0.0269263,0.000916585,0.117191,755.746,0,40,0,0.000473657,False
2021-06-03,215.778,4192.85,0.0725679,0.00235383,0,-0.0934209,0.00107989,0.109121,753.565,0,40,0,-7.51456e-05,False
2021-06-04,215.956,4229.89,0.061414,0.00205929,0,0.199201,0.000850989,0.189222,759.145,0,40,0,0.000823081,False
2021-06-07,216.042,4226.52,0.0594952,0.00201846,0,-0.0486071,0.00123896,0.110927,757.574,0,40,0,0.000397888,False
2021-06-08,216.041,4227.26,0.0632289,0.00210917,0,-0.0443714,0.00204531,0.127054,756.964,0,40,0,-6.59207e-06,False
2021-06-09,216.073,4219.55,0.0719872,0.00234498,0,-0.0329248,0.00122932,0.129993,755.495,0,40,0,0.000150661,False
2021-06-10,216.254,4239.18,0.0563702,0.00193668,0,0.0945938,0.00140356,0.096594,758.28,0,40,0,0.000837785,False
2021-06-11,216.35,4247.44,0.0507271,0.0017908,0,0.0452742,0.000636404,0.0944909,758.973,0,40,0,0.00044243,False
2021-06-14,216.359,4255.15,0.0627919,0.00209462,0,0.0446043,0.00147501,0.189329,759.226,0,40,0,4.15474e-05,False
2021-06-15,216.4,4246.59,0.0712375,0.0023186,0,-0.0572934,0.00149991,0.158725,757.242,0,40,0,0.000188249,False
2021-06-16,216.414,4223.7,0.0842846,0.00267411,0,-0.0856531,0.00135537,0.138353,754.163,0,40,0,6.9197e-05,False
2021-06-17,216.5,4221.86,0.0633804,0.00211473,0,-0.0341915,0.000995648,0.079075,755.279,0,40,0,0.000394412,False
2021-06-18,216.393,4166.45,0.0860979,0.00272766,0,-0.155513,0.000911845,0.112457,749.293,0,40,0,-0.000491624,False
2021-06-21,216.561,4224.79,0.0699077,0.00228976,0,0.24334,0.00177413,0.253662,760.54,0,40,0,0.000776268,False
2021-06-22,216.791,4246.44,0.0612021,0.00205227,0.0269552,0.203378,0.00417553,0.255583,763.158,0,40,0,0.00105963,False
2021-06-23,216.922,4241.84,0.0608207,0.00204133,0,-0.0502379,0.00194329,0.13098,761.1,0,40,0,0.0006052,False
2021-06-24,217.091,4266.49,0.0586499,0.00199369,0.00386989,0.182707,0.00155699,0.195997,763.39,0,40,0,0.00077871,False
2021-06-25,217.314,4280.7,0.0538496,0.00186418,0.00831058,0.143747,0.00209643,0.157881,763.445,0,40,0,0.00102925,False
2021-06-28,217.454,4290.61,0.0534319,0.00185441,0,0.0711074,0.00107701,0.139547,763.488,0,40,0,0.000643957,False
2021-06-29,217.534,4291.8,0.0545295,0.0018798,0,0.000609972,0.00149686,0.11146,762.524,0,40,0,0.000367205,False
2021-06-30,217.619,4297.5,0.0534584,0.00185582,0,0.0287725,0.000803925,0.106418,762.553,0,40,0,0.000388964,False
2021-07-01,217.77,4319.94,0.0522825,0.00182599,0,0.189909,0.00152573,0.194051,765.05,0,40,0,0.000694824,False
2021-07-02,217.922,4352.34,0.0513037,0.00179716,0.089187,0.52447,0.00742831,0.519946,768.078,0,40,0,0.000695539,False
2021-07-06,218.05,4343.54,0.0550573,0.00188088,0,-0.247304,0.00624848,0.1908,764.774,0,40,0,0.0005909,False
2021-07-07,218.159,4358.13,0.0554753,0.00190115,0,0.0608699,0.00409692,0.19262,765.629,0,40,0,0.000497714,False
2021-07-08,217.847,4320.82,0.0754405,0.00242632,0,-0.45622,0.00183764,0.119869,759.454,0,40,0,-0.00143149,False
2021-07-09,218.097,4369.55,0.0551592,0.00189392,0,0.272697,0.00158856,0.19406,766.831,0,40,0,0.00114844,False
2021-07-12,218.229,4384.63,0.0579756,0.0019578,0.00583582,0.131203,0.00225986,0.240912,767.655,0,40,0,0.000606485,False
2021-07-13,218.252,4369.21,0.0638145,0.00210603,0,-0.149798,0.00196624,0.12763,764.103,0,40,0,0.000106432,False
2021-07-14,218.385,4374.3,0.0567445,0.00192723,0,0.0395139,0.000912943,0.0879456,764.489,0,40,0,0.000609857,False
2021-07-15,218.39,4360.03,0.0582565,0.00196143,0,-0.0594283,0.000613654,0.079052,762.324,0,40,0,2.35675e-05,False
2021-07-16,218.362,4327.16,0.0787945,0.00251817,0,-0.0584653,0.0011533,0.124398,759.056,0,40,0,-0.000131361,False
2021-07-19,218.257,4258.49,0.0945271,0.00296378,0,-0.203874,0.00120185,0.11539,752.624,0,40,0,-0.000478586,False
2021-07-20,218.399,4323.06,0.0805416,0.00256373,0,0.274609,0.00232831,0.324338,765.818,0,40,0,0.000647446,False
2021-07-21,218.736,4358.69,0.0718019,0.00232433,0.118061,0.498348,0.0013664,0.435174,771.047,0,40,0,0.00154563,False
2021-07-22,219.027,4367.48,0.0728937,0.0023531,0.0511506,0.140818,0.00139232,0.303169,770.717,0,40,0,0.00132955,False
2021-07-23,219.279,4411.79,0.0663413,0.00217156,0.266106,0.774769,0.00308513,0.62083,774.557,0,40,0,0.00115094,False
2021-07-26,219.664,4422.3,0.0664158,0.00218268,0.187158,0.181377,0.00310625,0.291212,772.624,0,40,0,0.00175559,False
2021-07-27,219.716,4401.46,0.073639,0.0023728,0,-0.183055,0.0012434,0.125925,768.015,0,40,0,0.000237887,False
2021-07-28,219.787,4400.64,0.0713793,0.00231371,0,-0.0129559,0.00102433,0.110009,767.948,0,40,0,0.00032315,False
2021-07-29,219.879,4419.15,0.0659191,0.0021664,0,0.0583188,0.000951874,0.139481,770.714,0,40,0,0.000416983,False
2021-07-30,219.821,4395.26,0.0694977,0.00225929,0,-0.16245,0.00115115,0.101419,767.443,0,40,0,-0.000265149,False
2021-08-02,219.853,4387.16,0.0734408,0.00236822,0,-0.0265578,0.00117893,0.112391,767.301,0,40,0,0.000147226,False
2021-08-03,219.982,4423.15,0.0604503,0.00202163,0,0.127779,0.00116107,0.167931,772.827,0,40,0,0.000589061,False
2021-08-04,219.991,4402.66,0.0661781,0.0021728,0,-0.123058,0.00114597,0.0989206,769.296,0,40,0,4.00577e-05,False
2021-08-05,220.111,4429.1,0.0606401,0.00202736,0,0.122749,0.00152937,0.159343,772.996,0,40,0,0.000542796,False
2021-08-06,220.243,4436.52,0.0538874,0.00185215,0,0.0344558,0.000887729,0.112732,772.899,0,40,0,0.00060067,False
2021-08-09,220.291,4432.35,0.0538996,0.00185891,0,-0.0274206,0.00106667,0.0883664,771.386,0,40,0,0.000217574,False
2021-08-10,220.344,4436.75,0.0534685,0.00184614,0,0.0116444,0.000689744,0.0978818,771.721,0,40,0,0.00024087,False
2021-08-11,220.424,4442.41,0.0500099,0.00175786,0,0.0188481,0.000787277,0.0841099,772.11,0,40,0,0.000363454,False
2021-08-12,220.514,4460.83,0.0456133,0.00165003,0,0.086592,0.00131857,0.122951,774.23,0,40,0,0.0004101,False
2021-08-13,220.65,4468,0.038873,0.00150346,0,0.0586793,0.000949046,0.0823262,774.259,0,40,0,0.000615489,False
2021-08-16,220.554,4479.71,0.0483978,0.00172186,0,-0.0205813,0.00448688,0.200403,774.631,0,40,0,-0.000437203,False
2021-08-17,220.402,4448.08,0.0648766,0.00214168,0,-0.298477,0.00199024,0.114172,769.274,0,40,0,-0.000686916,False
2021-08-18,220.322,4400.27,0.0932766,0.00292092,0,-0.136352,0.00136937,0.147189,763.878,0,40,0,-0.000364709,False
2021-08-19,220.377,4405.8,0.0832335,0.00263485,0,-0.0453909,0.000873037,0.126461,767.568,0,40,0,0.000249919,False
2021-08-20,220.538,4441.67,0.073941,0.00238146,0,0.154984,0.000957135,0.19103,774.228,0,40,0,0.000730647,False
2021-08-23,220.81,4479.53,0.0623613,0.00206286,0.00566456,0.299594,0.00187315,0.271151,778.921,0,40,0,0.00123441,False
2021-08-24,221.033,4486.23,0.0632415,0.00209106,0,0.0849414,0.00114063,0.193277,777.601,0,40,0,0.00100913,False
2021-08-25,221.196,4496.19,0.060064,0.00201281,0,0.0618662,0.0011573,0.149161,776.798,0,40,0,0.000736884,False
2021-08-26,221.163,4470,0.070643,0.00229019,0,-0.141391,0.00128413,0.107433,771.91,0,40,0,-0.000147354,False
2021-08-27,221.351,4509.37,0.0570887,0.00192678,0,0.194889,0.00205419,0.167228,777.511,0,40,0,0.000850966,False
2021-08-30,221.523,4528.79,0.0531797,0.00182036,0,0.156158,0.0018637,0.201512,779.072,0,40,0,0.000774192,False
2021-08-31,221.616,4522.68,0.0561896,0.00190014,0,-0.0460379,0.00125296,0.115023,776.861,0,40,0,0.000422025,False
2021-09-01,221.689,4524.09,0.0555248,0.00188547,0,0.0052513,0.00113381,0.0995423,776.349,0,40,0,0.00033047,False
2021-09-02,221.778,4536.95,0.0556428,0.00189051,0,0.0712134,0.00115535,0.134695,777.479,0,40,0,0.000399918,False
2021-09-03,221.859,4535.43,0.0503969,0.00174957,0,-0.0174947,0.00090082,0.0843306,776.836,0,40,0,0.000363499,False
2021-09-07,221.879,4520.03,0.0586093,0.00196885,0,-0.0306204,0.000981718,0.0888108,774.822,0,40,0,9.26633e-05,False
2021-09-08,221.892,4514.07,0.0583878,0.00195967,0,-0.0443381,0.000802715,0.0875234,774.726,0,40,0,5.66734e-05,False
2021-09-09,221.874,4493.28,0.0698341,0.00226402,0,-0.0654888,0.000923844,0.106224,772.986,0,40,0,-7.90626e-05,False
2021-09-10,221.845,4458.58,0.0863144,0.00272237,0,-0.0875157,0.00210089,0.129933,770.344,0,40,0,-0.00013401,False
2021-09-13,221.927,4468.73,0.0804113,0.00255824,0,0.013525,0.00118221,0.137315,774.455,0,40,0,0.000373297,False
2021-09-14,221.99,4443.05,0.081362,0.00258673,0,-0.0429523,0.000871805,0.109579,772.753,0,40,0,0.000282467,False
2021-09-15,222.176,4480.7,0.0658583,0.00216193,0,0.15338,0.000645206,0.14028,779.734,0,40,0,0.000836659,False
2021-09-16,222.227,4473.75,0.0572866,0.00193654,0,-0.0647357,0.00113396,0.0790205,778.448,0,40,0,0.000228378,False
2021-09-17,222.154,4432.99,0.0884539,0.00278634,0,-0.0871151,0.00117737,0.14865,773.005,0,40,0,-0.000325138,False
2021-09-20,222.028,4357.73,0.111536,0.00344165,0,-0.237859,0.00131632,0.143816,765.24,0,40,0,-0.000568283,False
2021-09-21,222.102,4354.19,0.109207,0.0033735,0,-0.013629,0.00101346,0.16126,769.735,0,40,0,0.000332151,False
2021-09-22,222.305,4395.64,0.0923109,0.00289568,0,0.153726,0.00155298,0.200041,779.231,0,40,0,0.000913127,False
2021-09-23,222.475,4448.98,0.0787915,0.00251548,0.0165271,0.287435,0.00593597,0.370798,786.771,0,40,0,0.000766924,False
2021-09-24,222.711,4455.48,0.0733267,0.00236375,0,0.0116513,0.00295144,0.214681,784.908,0,40,0,0.0010598,False
2021-09-27,222.735,4443.11,0.0757504,0.00243134,0,-0.139504,0.00172877,0.12275,780.487,0,40,0,0.000107842,False
2021-09-28,222.49,4352.63,0.107517,0.00332823,0,-0.334657,0.00116135,0.136264,767.738,0,40,0,-0.00110061,False
2021-09-29,222.582,4359.46,0.106766,0.0033125,0,0.0260854,0.000683736,0.172442,772.794,0,40,0,0.000416548,False
2021-09-30,222.549,4307.54,0.116704,0.00359667,0,-0.165255,0.00122426,0.152407,769.43,0,40,0,-0.000149776,False
2021-10-01,222.771,4357.04,0.100424,0.00312567,0,0.21,0.00155909,0.236503,780.697,0,40,0,0.000995933,False
2021-10-04,222.758,4300.46,0.115053,0.00354795,0,-0.201269,0.00144149,0.157975,774.027,0,40,0,-5.69077e-05,False
2021-10-05,222.963,4345.72,0.0990449,0.00308404,0,0.17791,0.000976232,0.225602,782.454,0,40,0,0.000921481,False
2021-10-06,223.004,4363.55,0.0999664,0.00311368,0,-0.0405896,0.001471,0.239484,784.327,0,40,0,0.000183485,False
2021-10-07,223.304,4399.76,0.0886098,0.0027936,0,0.261253,0.00447852,0.282164,787.663,0,40,0,0.00134486,False
2021-10-08,223.449,4391.34,0.0827983,0.00263012,0,-0.0759871,0.00130298,0.140314,784.174,0,40,0,0.000648121,False
2021-10-11,223.427,4361.19,0.100516,0.00313331,0,-0.102293,0.00117421,0.156377,778.744,0,40,0,-9.91143e-05,False
2021-10-12,223.491,4350.65,0.096766,0.00302559,0,-0.0465562,0.000727724,0.138731,778.415,0,40,0,0.000286904,False
2021-10-13,223.604,4363.8,0.0808088,0.00258119,0,0.0197772,0.000906319,0.122198,781.846,0,40,0,0.000508439,False
2021-10-14,223.937,4438.26,0.056616,0.00192944,0.0318231,0.608632,0.00332849,0.417836,792.507,0,40,0,0.00148713,False
2021-10-15,223.73,4471.37,0.0741612,0.00238765,0.407391,0.87915,0.00718364,1.16142,793.3,0,40,0,-0.000925408,False
2021-10-18,224.113,4486.46,0.0717005,0.00231767,0.31914,0.312066,0.0063863,0.834264,790.947,0,40,0,0.00171223,False
2021-10-19,224.517,4519.63,0.067763,0.0022109,0.764248,1.19783,0.00701267,0.922368,791.827,0,40,0,0.00180273,False
2021-10-20,224.902,4536.19,0.0671469,0.00219902,0.634949,0.499081,0.00477065,0.461954,790.911,0,40,0,0.00171356,False
2021-10-21,225.133,4549.78,0.0658564,0.00215774,0.218803,0.152967,0.00318636,0.22557,790.785,0,40,0,0.00102738,False
2021-10-22,225.253,4544.9,0.0689181,0.00224235,0,-0.0315527,0.00222631,0.138471,788.801,0,40,0,0.000533002,False
2021-10-25,225.382,4566.48,0.0647458,0.00212796,0,0.0985584,0.00174944,0.168804,791.097,0,40,0,0.000573104,False
2021-10-26,225.497,4574.79,0.070015,0.00227492,0,0.0638776,0.00244318,0.182326,791.239,0,40,0,0.000513144,False
2021-10-27,225.521,4551.68,0.0766058,0.0024573,0,-0.111047,0.00163691,0.119954,787.478,0,40,0,0.000105706,False
2021-10-28,225.745,4596.42,0.069837,0.00225867,0,0.318535,0.0016683,0.280225,793.796,0,40,0,0.000994029,False
2021-10-29,225.759,4605.38,0.070192,0.00227452,0,-0.100288,0.00369604,0.230673,793.418,0,40,0,5.97347e-05,False
2021-11-01,225.943,4613.67,0.0689139,0.00223718,0,0.0637571,0.00154163,0.175378,793.212,0,40,0,0.00081586,False
2021-11-02,226.094,4630.65,0.068638,0.00223496,0,0.0991732,0.00128705,0.188952,794.197,0,40,0,0.000667049,False
2021-11-03,226.355,4660.57,0.0623735,0.00206395,0.0206977,0.295416,0.00405922,0.258706,796.555,0,40,0,0.00115533,False
2021-11-04,226.575,4680.06,0.062677,0.00206534,0,0.191823,0.00267813,0.288802,797.217,0,40,0,0.000970426,False
2021-11-05,226.745,4697.53,0.0649819,0.00212869,0.00619765,0.153869,0.0077677,0.321128,797.479,0,40,0,0.000752205,False
2021-11-08,227.036,4701.7,0.0626643,0.00206126,0,0.0862412,0.00264803,0.173925,796.275,0,40,0,0.00128514,False
2021-11-09,227.05,4685.25,0.0693301,0.00224179,0,-0.114007,0.00148739,0.112209,793.216,0,40,0,5.8623e-05,False
2021-11-10,227.005,4646.71,0.0773655,0.00247035,0,-0.130723,0.00100949,0.100194,788.868,0,40,0,-0.000197413,False
2021-11-11,227.087,4649.27,0.0700021,0.0022665,0,0.0141725,0.000641391,0.0997849,791.562,0,40,0,0.0003598,False
2021-11-12,227.223,4682.85,0.0587717,0.0019722,0,0.12836,0.00164046,0.146611,797.535,0,40,0,0.000601941,False
2021-11-15,227.291,4682.8,0.0602932,0.00201273,0,-0.0113809,0.0014787,0.124055,797.18,0,40,0,0.000299162,False
2021-11-16,227.326,4700.9,0.058498,0.00195856,0,0.0297244,0.00306224,0.172857,798.796,0,40,0,0.000151348,False
2021-11-17,227.395,4688.67,0.0575159,0.00193061,0,-0.0691486,0.00120989,0.0887504,795.825,0,40,0,0.000304995,False
2021-11-18,227.508,4704.54,0.0554465,0.00187681,0,0.088862,0.00146095,0.11669,797.549,0,40,0,0.00049707,False
2021-11-19,227.402,4697.96,0.0784074,0.00249456,0,-0.0609444,0.00256658,0.235368,796.083,0,40,0,-0.000467133,False
2021-11-22,227.43,4682.94,0.0831262,0.00262694,0,-0.131773,0.00360673,0.152622,794.134,0,40,0,0.000122537,False
2021-11-23,227.47,4690.7,0.0847124,0.00267126,0,-0.0326452,0.00156934,0.160422,795.867,0,40,0,0.000176,False
2021-11-24,227.549,4701.46,0.0801066,0.00253673,0,0.00588437,0.00117613,0.163281,797.423,0,40,0,0.00034914,False
2021-11-26,226.919,4594.62,0.132009,0.00402887,0,-0.728374,0.00214898,0.190886,783.586,0,40,0,-0.00276928,False
2021-11-29,227.217,4655.27,0.0988854,0.00307024,0,0.199175,0.000897895,0.186454,795.526,0,40,0,0.00131555,False
2021-11-30,227.008,4567,0.128791,0.00393843,0,-0.351757,0.000961216,0.168296,784.984,0,40,0,-0.000922937,False
2021-12-01,226.955,4513.04,0.152144,0.00462398,0,-0.149552,0.00175724,0.216932,782.555,0,40,0,-0.000230945,False
2021-12-02,227.208,4577.1,0.130692,0.00398987,0,0.212988,0.00111746,0.30243,796.247,0,40,0,0.00111509,False
2021-12-03,227.29,4538.43,0.144257,0.00438904,0,-0.122521,0.00131636,0.236537,791.942,0,40,0,0.000360566,False
2021-12-06,227.532,4591.67,0.122269,0.00374497,0,0.150867,0.00108858,0.263467,800.966,0,40,0,0.00106196,False
2021-12-07,227.93,4686.75,0.0939336,0.00292988,0.0923393,0.777474,0.0045678,0.636959,811.475,0,40,0,0.00174955,False
2021-12-08,228.539,4701.21,0.0829712,0.00262365,0.0387784,0.256791,0.00294951,0.32354,807.969,0,40,0,0.00267113,False
2021-12-09,228.537,4667.45,0.0955058,0.00297683,0,-0.261221,0.00175457,0.154528,799.772,0,40,0,-6.27571e-06,False
2021-12-10,228.758,4712.02,0.076581,0.00244525,0,0.172115,0.00184357,0.177948,804.241,0,40,0,0.000966963,False
2021-12-13,228.663,4668.97,0.0963548,0.00300027,0,-0.211411,0.00139897,0.153187,797.054,0,40,0,-0.000413951,False
2021-12-14,228.6,4634.09,0.111684,0.00343911,0,-0.159506,0.000808327,0.164313,794.07,0,40,0,-0.000276366,False
2021-12-15,228.808,4709.85,0.0868881,0.00273622,0,0.266651,0.00166844,0.305582,806.137,0,40,0,0.000909298,False
2021-12-16,228.815,4668.67,0.0890021,0.00279468,0,-0.257617,0.00189801,0.12581,799.351,0,40,0,2.82544e-05,False
2021-12-17,228.702,4620.64,0.10357,0.0032041,0,-0.197381,0.000890729,0.140772,794.072,0,40,0,-0.000493276,False
2021-12-20,228.62,4568.02,0.112569,0.00346805,0,-0.189359,0.000457734,0.141713,789.935,0,40,0,-0.000357044,False
2021-12-21,228.82,4649.23,0.0992504,0.00308585,0,0.39817,0.00155315,0.434564,804.501,0,40,0,0.000874511,False
2021-12-22,229.187,4696.56,0.0881664,0.00277077,0.182579,0.621586,0.00432162,0.587808,810.414,0,40,0,0.00160317,False
2021-12-23,229.58,4725.79,0.0808156,0.00256004,0.225883,0.542908,0.00528361,0.58445,811.382,0,40,0,0.00171631,False
2021-12-27,230.063,4791.19,0.0718222,0.00231359,0.910723,2.08071,0.0110339,1.32999,816.04,0,40,0,0.00210351,False
2021-12-28,230.498,4786.35,0.0703407,0.00226923,0.40571,-0.223845,0.0048898,0.328266,810.413,0,40,0,0.00189229,False
2021-12-29,230.726,4793.06,0.0687234,0.00222956,0.0198349,0.0221303,0.00168167,0.167579,809.075,0,40,0,0.000988273,False
2021-12-30,230.777,4778.73,0.0719524,0.00231616,0,-0.0743854,0.00111211,0.1107,806.195,0,40,0,0.000221117,False
2021-12-31,230.811,4766.18,0.0724955,0.00233081,0,-0.0424644,0.000745823,0.104061,805.046,0,40,0,0.000145567,False
2022-01-03,230.985,4796.56,0.0636347,0.00209037,0,0.166306,0.00157424,0.155769,810.2,0,40,0,0.000756324,False
2022-01-04,231.051,4793.54,0.0637939,0.00209686,0,-0.034074,0.00121967,0.116835,809.435,0,40,0,0.000282863,False
2022-01-05,230.887,4700.58,0.0908633,0.00284542,0,-0.257074,0.002092,0.109561,797.807,0,40,0,-0.000709252,False
2022-01-06,230.899,4696.05,0.0891795,0.00279677,0,-0.0531496,0.000784044,0.129554,801.264,0,40,0,5.39462e-05,False
2022-01-07,230.925,4677.03,0.082406,0.00260944,0,-0.0751815,0.000767799,0.107677,802.222,0,40,0,0.000111411,False
2022-01-10,230.951,4670.29,0.0861232,0.00271388,0,-0.0285255,0.000544988,0.135648,804.756,0,40,0,0.000114182,False
2022-01-11,231.058,4713.07,0.0818791,0.00259426,0,0.15215,0.00162829,0.25909,812.407,0,40,0,0.000460551,False
2022-01-12,231.3,4726.35,0.0764514,0.00244402,0,0.115047,0.00290086,0.202994,813.09,0,40,0,0.00104844,False
2022-01-13,231.019,4659.03,0.09872,0.00306647,0,-0.444225,0.00262349,0.132614,803.048,0,40,0,-0.00121407,False
2022-01-14,231.083,4662.85,0.0891278,0.00279712,0,-0.0239365,0.000801722,0.130898,805.39,0,40,0,0.000274038,False
2022-01-18,230.875,4577.11,0.125763,0.00384991,0,-0.290034,0.000882566,0.169086,796.035,0,40,0,-0.000896609,False
2022-01-19,230.864,4532.76,0.122393,0.00375665,0,-0.146458,0.000804145,0.151521,795.828,0,40,0,-4.79067e-05,False
2022-01-20,230.846,4482.73,0.123219,0.00378063,0,-0.136415,0.00091423,0.15246,795.409,0,40,0,-8.15565e-05,False
2022-01-21,230.771,4397.94,0.147835,0.00450158,0,-0.183414,0.000817026,0.185761,790.671,0,40,0,-0.000321423,False
2022-01-24,230.898,4410.13,0.150326,0.00457502,0,0.0599364,0.00071019,0.263939,800.577,0,40,0,0.000549453,False
2022-01-25,230.769,4356.45,0.158956,0.00483094,0,-0.328163,0.00145148,0.217498,797.961,0,40,0,-0.000558894,False
2022-01-26,230.738,4349.93,0.161789,0.0049148,0,-0.152042,0.0015222,0.252196,802.116,0,40,0,-0.000136014,False
2022-01-27,230.77,4326.51,0.161752,0.0049109,0,-0.139959,0.00140812,0.235566,802.186,0,40,0,0.000139134,False
2022-01-28,230.895,4431.85,0.141875,0.00432759,0,0.407156,0.00281301,0.651857,819.004,0,40,0,0.000544264,False
2022-01-31,231.428,4515.55,0.121308,0.00372562,0.35993,1.34431,0.00769106,1.21339,826.903,0,40,0,0.00230727,False
2022-02-01,232.242,4546.54,0.105054,0.00325878,0.367027,0.714269,0.00632099,0.842136,824.474,0,40,0,0.00351715,False
2022-02-02,232.631,4589.38,0.101259,0.00314794,0.633415,0.938717,0.00578463,0.850433,824.238,0,40,0,0.0016764,False
2022-02-03,232.01,4477.44,0.132526,0.00405244,0,-1.42652,0.00338223,0.170612,803.573,0,40,0,-0.00267205,False
2022-02-04,232.197,4500.53,0.118204,0.00363716,0,0.0971862,0.000577116,0.19486,809.125,0,40,0,0.000805686,False
2022-02-07,232.25,4483.87,0.116023,0.00357711,0,-0.0874597,0.000902752,0.165369,808.761,0,40,0,0.000230727,False
2022-02-08,232.385,4521.54,0.103407,0.00321606,0,0.0972636,0.00093156,0.227424,816.006,0,40,0,0.000578979,False
2022-02-09,232.698,4587.18,0.0990529,0.00308719,0.0278938,0.635136,0.00276484,0.614521,824.428,0,40,0,0.00134839,False
2022-02-10,232.28,4504.08,0.127346,0.00390364,0,-0.955218,0.00395482,0.196902,809.135,0,40,0,-0.0017968,False
2022-02-11,232.116,4418.64,0.146424,0.00446046,0,-0.315766,0.00143357,0.186,798.881,0,40,0,-0.000707479,False
2022-02-14,232.166,4401.67,0.149252,0.00454348,0,-0.063236,0.000612224,0.216124,801.855,0,40,0,0.000218581,False
2022-02-15,232.538,4471.07,0.129031,0.00395245,0,0.3666,0.000811045,0.33536,816.524,0,40,0,0.00160071,False
2022-02-16,232.679,4475.01,0.113445,0.00350355,0,-0.108949,0.00148094,0.193676,817.697,0,40,0,0.000607193,False
2022-02-17,232.547,4380.26,0.12824,0.00393467,0,-0.296952,0.000872607,0.15191,804.219,0,40,0,-0.000566241,False
2022-02-18,232.539,4348.87,0.147823,0.00450395,0,-0.0733377,0.000695842,0.22959,803.462,0,40,0,-3.60958e-05,False
2022-02-22,232.484,4304.76,0.153098,0.00466345,0,-0.227954,0.000789731,0.204012,801.97,0,40,0,-0.00023537,False
2022-02-23,232.372,4225.5,0.164459,0.00499994,0,-0.271083,0.00132327,0.203136,797.142,0,40,0,-0.00048206,False
2022-02-24,232.58,4288.7,0.153076,0.00466157,0,0.238036,0.00120395,0.380693,813.74,0,40,0,0.000893781,False
2022-02-25,232.995,4384.65,0.141667,0.00432425,0.16945,1.16769,0.00368556,1.09771,828.652,0,40,0,0.00178382,False
2022-02-28,233.274,4373.94,0.15079,0.00459154,0,-0.419368,0.00450424,0.540738,822.943,0,40,0,0.00119872,False
2022-03-01,233.294,4306.26,0.181133,0.00548472,0,-0.41053,0.00240737,0.283236,810.569,0,40,0,8.66479e-05,False
2022-03-02,233.769,4386.54,0.1572,0.00477924,0,0.463658,0.0017362,0.423249,822.91,0,40,0,0.00203318,False
2022-03-03,233.843,4363.49,0.16149,0.00490544,0,-0.224091,0.00155,0.27962,818.025,0,40,0,0.000319,False
2022-03-04,233.836,4328.87,0.170181,0.00516084,0,-0.1953,0.000697619,0.255796,813.842,0,40,0,-3.05925e-05,False
2022-03-07,233.633,4201.09,0.200234,0.0060515,0,-0.40683,0.00092085,0.24538,798.283,0,40,0,-0.000868783,False
2022-03-08,233.701,4170.7,0.194879,0.00589443,0,-0.10484,0.00078368,0.260902,801.955,0,40,0,0.000290365,False
2022-03-09,234.07,4277.88,0.178265,0.00540125,0,0.589473,0.00201032,0.65188,825.08,0,40,0,0.00158044,False
2022-03-10,234.295,4259.52,0.164974,0.00501275,0,-0.292548,0.00162671,0.292625,822.354,0,40,0,0.000961426,False
2022-03-11,234.299,4204.31,0.169834,0.0051557,0,-0.222736,0.00143571,0.228925,814.356,0,40,0,1.79577e-05,False
2022-03-14,234.306,4173.11,0.196798,0.00595243,0,-0.0994171,0.00099723,0.312371,811.672,0,40,0,2.98142e-05,False
2022-03-15,234.739,4262.45,0.178273,0.00540327,0,0.528126,0.00138118,0.579637,827.772,0,40,0,0.00184523,False
2022-03-16,235.272,4357.86,0.140706,0.0042999,0.167461,0.893338,0.00570411,0.903402,840.15,0,40,0,0.00226981,False
2022-03-17,235.953,4411.67,0.112113,0.00346757,0.405799,0.877722,0.00959901,0.792779,841.683,0,40,0,0.00289704,False
2022-03-18,235.545,4463.12,0.119458,0.00367649,0.826339,0.652083,0.00791926,1.13432,840.527,0,40,0,-0.00172889,False
2022-03-21,235.937,4461.18,0.116765,0.00360118,0.176696,-0.32984,0.00534495,0.343854,832.194,0,40,0,0.00166317,False
2022-03-22,236.265,4511.61,0.111368,0.00344581,0.0823746,0.460815,0.00366396,0.498521,835.006,0,40,0,0.00139033,False
2022-03-23,236.213,4456.24,0.119341,0.00367832,0,-0.497663,0.00228274,0.166579,823.525,0,40,0,-0.000221538,False
2022-03-24,236.422,4520.16,0.108315,0.00335881,0,0.314785,0.00202733,0.374836,832.739,0,40,0,0.00088673,False
2022-03-25,236.643,4543.06,0.10175,0.0031738,0,0.101727,0.00256802,0.351864,833.91,0,40,0,0.000933534,False
2022-03-28,237.157,4575.52,0.0917925,0.00288572,0.00800421,0.422439,0.00234123,0.338697,836.162,0,40,0,0.00217276,False
2022-03-29,237.141,4631.6,0.0887425,0.00279996,0.232904,0.626427,0.00727905,0.826959,840.661,0,40,0,-6.7786e-05,False
2022-03-30,237.323,4602.45,0.092821,0.00291692,0,-0.545412,0.00399242,0.185378,831.948,0,40,0,0.000767817,False
2022-03-31,237.223,4530.41,0.104403,0.00324425,0,-0.259228,0.00143154,0.125377,821.219,0,40,0,-0.000419259,False
2022-04-01,237.347,4545.86,0.0871885,0.00275864,0,0.0465492,0.000712172,0.131756,826.476,0,40,0,0.000522241,False
2022-04-04,237.55,4582.64,0.0784542,0.0025198,0,0.204234,0.00106743,0.208212,833.607,0,40,0,0.000853791,False
2022-04-05,237.283,4525.12,0.0967389,0.00303233,0,-0.43446,0.00156592,0.132575,825.868,0,40,0,-0.00112264,False
2022-04-06,237.208,4481.15,0.104,0.00323991,0,-0.17668,0.000870825,0.130811,822.06,0,40,0,-0.000316189,False
2022-04-07,237.256,4500.21,0.10161,0.00317146,0,0.0179694,0.00126099,0.197949,827.848,0,40,0,0.000202394,False
2022-04-08,237.349,4488.28,0.0960345,0.00301797,0,-0.0556223,0.000840346,0.142189,828.018,0,40,0,0.000389086,False
2022-04-11,237.167,4412.53,0.128731,0.00395201,0,-0.276006,0.00112014,0.171591,819.631,0,40,0,-0.000765745,False
2022-04-12,237.264,4397.45,0.11566,0.00357934,0,-0.0364419,0.00126413,0.148891,822.156,0,40,0,0.000409306,False
2022-04-13,237.542,4446.59,0.0843306,0.00268742,0,0.202955,0.00136934,0.154217,832.897,0,40,0,0.00117128,False
2022-04-14,237.447,4392.59,0.120991,0.00372728,0,-0.162812,0.00144849,0.202526,825.988,0,40,0,-0.000401216,False
2022-04-18,237.549,4391.69,0.117422,0.00362909,0,-0.026636,0.000672322,0.18683,828.405,0,40,0,0.00043033,False
2022-04-19,237.712,4462.21,0.107607,0.00334619,0,0.384012,0.00226235,0.509503,839.374,0,40,0,0.000687595,False
2022-04-20,237.924,4459.45,0.108605,0.00337506,0,-0.116146,0.00356605,0.283498,836.5,0,40,0,0.000889827,False
2022-04-21,237.229,4393.66,0.120052,0.00370016,0,-0.932677,0.00497883,0.156821,825.405,0,40,0,-0.00291954,False
2022-04-22,237.089,4271.78,0.148727,0.00453828,0,-0.265318,0.000931817,0.174448,810.234,0,40,0,-0.000588831,False
2022-04-25,237.143,4296.12,0.143252,0.00437893,0,-0.010591,0.000871696,0.248139,821.391,0,40,0,0.000226578,False
2022-04-26,236.991,4175.2,0.171836,0.00522037,0,-0.35598,0.00109618,0.209296,809.68,0,40,0,-0.000639349,False
2022-04-27,237.109,4183.96,0.16481,0.00501406,0,0.00502464,0.000848632,0.255851,820.414,0,40,0,0.000495446,False
2022-04-28,237.342,4287.5,0.150354,0.00458511,0,0.636186,0.00246393,0.802315,840.685,0,40,0,0.000982783,False
2022-04-29,237,4131.93,0.178767,0.00542416,0,-1.09158,0.00278512,0.222989,815.657,0,40,0,-0.0014397,False
2022-05-02,237.166,4155.38,0.173331,0.00526463,0,0.0718843,0.000972473,0.295965,824.763,0,40,0,0.000700427,False
2022-05-03,237.391,4175.48,0.161615,0.00492053,0,0.0671255,0.000804423,0.294589,830.074,0,40,0,0.000946138,False
2022-05-04,237.777,4300.17,0.138579,0.00424427,0.0657027,1.25963,0.00477946,1.23198,849.183,0,40,0,0.00162641,False
2022-05-05,237.156,4146.87,0.181251,0.00549681,0,-1.78116,0.00422369,0.243441,821.102,0,40,0,-0.00261207,False
2022-05-06,237.216,4123.34,0.170369,0.00517801,0,-0.116626,0.000782765,0.230685,820.091,0,40,0,0.000255271,False
2022-05-09,236.927,3991.24,0.202462,0.00612779,0,-0.474427,0.000892842,0.241212,804.83,0,40,0,-0.00122046,False
2022-05-10,237.022,4001.05,0.195661,0.00592725,0,-0.0328208,0.00148882,0.301161,816.905,0,40,0,0.000402974,False
2022-05-11,237.025,3935.18,0.193974,0.00588145,0,-0.24296,0.000956316,0.242728,814.823,0,40,0,1.10061e-05,False
2022-05-12,237.101,3930.08,0.193836,0.00587515,0,-0.0556382,0.000974268,0.297389,821.626,0,40,0,0.000323544,False
2022-05-13,237.557,4023.89,0.169261,0.00514965,0,0.60802,0.00135121,0.612901,841.018,0,40,0,0.00192014,False
2022-05-16,237.736,4008.01,0.168276,0.00512431,0,-0.271161,0.00219868,0.323296,835.791,0,40,0,0.000755176,False
2022-05-17,238.112,4088.85,0.157193,0.00479792,0,0.624849,0.00393566,0.720135,846.617,0,40,0,0.00158356,False
2022-05-18,237.681,3923.68,0.173516,0.00528063,0,-1.11717,0.00265366,0.200481,815.743,0,40,0,-0.00181401,False
2022-05-19,237.721,3900.79,0.141017,0.00433501,0,-0.130506,0.000873817,0.165559,817.664,0,40,0,0.000169234,False
2022-05-20,237.692,3901.36,0.165678,0.00505247,0,-0.0325203,0.000942796,0.320984,824.162,0,40,0,-0.000118892,False
2022-05-23,238.188,3973.75,0.158035,0.00482447,0,0.73335,0.00263302,0.709486,840.143,0,40,0,0.00208431,False
2022-05-24,238.171,3941.48,0.167544,0.00510574,0,-0.564779,0.00252403,0.321405,834.335,0,40,0,-7.04662e-05,False
2022-05-25,238.365,3978.73,0.16205,0.00494327,0,0.118644,0.00159167,0.401667,839.491,0,40,0,0.000814112,False
2022-05-26,238.557,4057.84,0.15742,0.0048021,0.00861765,0.580422,0.00531667,0.928895,849.003,0,40,0,0.000804976,False
2022-05-27,238.951,4158.24,0.147412,0.00450841,1.68672,3.7997,0.0137634,2.77674,858.219,0,40,0,0.00165274,False
2022-05-31,239.943,4132.15,0.151843,0.00464195,0.0915897,-1.10186,0.00659641,0.732222,845.814,0,40,0,0.0041501,False
2022-06-01,239.929,4101.23,0.148706,0.00454933,0,-0.65781,0.0053097,0.227574,836.834,0,40,0,-5.96642e-05,False
2022-06-02,240.07,4176.82,0.139174,0.00426857,0.035407,0.353954,0.00214791,0.537629,847.741,0,40,0,0.000588718,False
2022-06-03,239.893,4108.54,0.142718,0.00437556,0,-0.654666,0.00198492,0.196519,834.634,0,40,0,-0.000738109,False
2022-06-06,239.968,4121.43,0.144462,0.00442476,0,0.00198825,0.00140775,0.261365,838.681,0,40,0,0.000315859,False
2022-06-07,240.076,4160.68,0.139534,0.00428228,0,0.0728997,0.0015796,0.360756,844.972,0,40,0,0.000446644,False
2022-06-08,240.093,4115.77,0.139954,0.00429597,0,-0.282756,0.00139399,0.195139,836.62,0,40,0,7.1335e-05,False
2022-06-09,239.943,4017.82,0.167288,0.00509528,0,-0.30162,0.000993719,0.204699,823.829,0,40,0,-0.00062468,False
2022-06-10,239.791,3900.86,0.173302,0.00527631,0,-0.325993,0.000911734,0.197004,812.757,0,40,0,-0.000630086,False
2022-06-13,239.49,3749.63,0.239151,0.00722149,0,-0.438121,0.000812798,0.291914,801.406,0,40,0,-0.00125907,False
2022-06-14,239.65,3735.48,0.231162,0.00698592,0,-0.0341523,0.000779007,0.320301,816.496,0,40,0,0.000671666,False
2022-06-15,239.774,3789.99,0.207729,0.00629512,0,0.0211172,0.00292508,0.415969,837.569,0,40,0,0.000517247,False
2022-06-16,239.552,3666.77,0.176261,0.00537865,0,-0.613146,0.0012922,0.194447,821.435,0,40,0,-0.000926014,False
2022-06-17,239.64,3674.84,0.174567,0.00532666,0,0.00825309,0.00103099,0.283272,830.667,0,40,0,0.00036584,False
2022-06-21,240.076,3764.79,0.164878,0.00504354,0,0.843031,0.00331798,0.847084,849.542,0,40,0,0.00181829,False
2022-06-22,239.752,3759.89,0.160223,0.00490372,0,-0.88186,0.00644038,0.437962,845.712,0,40,0,-0.00134899,False
2022-06-23,240.071,3795.73,0.159923,0.00489481,0,0.266546,0.00289547,0.537018,849.422,0,40,0,0.00133315,False
2022-06-24,240.192,3911.74,0.149927,0.00459505,1.39431,3.47891,0.0111465,2.6348,863.196,0,40,0,0.000504067,False
2022-06-27,241.246,3900.11,0.147509,0.00452877,0.253405,-0.7382,0.00631122,0.726064,852.275,0,40,0,0.0043873,False
2022-06-28,240.79,3821.55,0.155637,0.00477136,0,-1.13069,0.00398909,0.198938,834.961,0,40,0,-0.00189305,False
2022-06-29,240.872,3818.83,0.157926,0.00483539,0,-0.0237907,0.000901688,0.244952,836.301,0,40,0,0.000342141,False
2022-06-30,240.821,3785.38,0.162964,0.00498377,0,-0.228812,0.00119236,0.224213,833.668,0,40,0,-0.000212917,False
2022-07-01,240.991,3825.33,0.151314,0.00464361,0,0.135932,0.0011284,0.335774,845.002,0,40,0,0.000705559,False
2022-07-05,241.088,3831.39,0.157701,0.00482883,0,-0.0442996,0.00159117,0.345039,846.474,0,40,0,0.000405477,False
2022-07-06,241.283,3845.08,0.154377,0.00473053,0,0.0169814,0.00139949,0.315332,847.868,0,40,0,0.000808566,False
2022-07-07,241.755,3902.62,0.142037,0.00437078,0,0.536806,0.00162312,0.51655,855.844,0,40,0,0.00195468,False
2022-07-08,242.033,3899.38,0.131504,0.00407604,0,-0.117542,0.00177916,0.246868,851.218,0,40,0,0.00114905,False
2022-07-11,241.946,3854.43,0.150446,0.00461808,0,-0.261069,0.00119834,0.216787,841.852,0,40,0,-0.000356806,False
2022-07-12,241.913,3818.8,0.171646,0.00523932,0,-0.160647,0.00135105,0.254878,837.603,0,40,0,-0.000139213,False
2022-07-13,241.92,3801.78,0.15383,0.00471731,0,-0.193087,0.00108056,0.202848,838.617,0,40,0,2.88358e-05,False
2022-07-14,241.959,3790.38,0.111267,0.00350612,0,-0.141829,0.000851668,0.128961,841.033,0,40,0,0.000161075,False
2022-07-15,241.675,3863.16,0.138452,0.00426862,0,0.531959,0.00343181,1.07549,855.651,0,40,0,-0.00117299,False
2022-07-18,241.345,3830.85,0.142097,0.00437923,0,-1.16984,0.00591707,0.367472,846.975,0,40,0,-0.00136559,False
2022-07-19,241.138,3936.69,0.13692,0.00422046,0.476406,1.89788,0.00800327,2.12026,862.151,0,40,0,-0.00085609,False
2022-07-20,241.801,3959.9,0.135928,0.0041904,0.761095,0.724122,0.011364,1.54088,858.548,0,40,0,0.00274856,False
2022-07-21,242.448,3998.95,0.128645,0.00397863,1.28305,1.32528,0.0080781,1.05289,858.881,0,40,0,0.00267494,False
2022-07-22,242.714,3961.63,0.128894,0.00399307,0,-0.659939,0.00286284,0.248294,848.08,0,40,0,0.00110002,False
2022-07-25,242.901,3966.84,0.128343,0.00397424,0,0.0245467,0.00136901,0.209613,848.188,0,40,0,0.000767268,False
2022-07-26,242.876,3921.05,0.13688,0.00422097,0,-0.183553,0.00101002,0.182493,841.881,0,40,0,-0.000102032,False
2022-07-27,242.839,4023.61,0.124238,0.00385401,0,0.618361,0.00428574,0.953958,861.11,0,40,0,-0.000152365,False
2022-07-28,242.676,4072.43,0.121649,0.0037768,0.513879,0.762788,0.00580269,1.47766,864.727,0,40,0,-0.000670099,False
2022-07-29,243.189,4130.29,0.11199,0.00350055,1.40602,2.66591,0.0123142,2.32067,867.437,0,40,0,0.00211416,False
2022-08-01,243.697,4118.63,0.121293,0.00376347,0.483795,-0.67222,0.00794423,0.766751,858.359,0,40,0,0.00208683,False
2022-08-02,243.793,4091.19,0.128373,0.003962,0.0674706,-0.521045,0.0024136,0.203971,850.178,0,40,0,0.000395008,False
2022-08-03,244.122,4155.17,0.11651,0.00362811,0,0.440152,0.00321297,0.424253,860.369,0,40,0,0.00135171,False
2022-08-04,244.349,4151.94,0.113481,0.00353887,0,-0.0598198,0.0009306,0.247072,857.807,0,40,0,0.00092729,False
2022-08-05,244.338,4145.19,0.108268,0.00339273,0,-0.184133,0.00152256,0.17695,855.778,0,40,0,-4.36152e-05,False
2022-08-08,244.401,4140.06,0.110028,0.00344098,0,-0.0456963,0.00203182,0.173308,854.48,0,40,0,0.000255796,False
2022-08-09,244.428,4122.47,0.118778,0.00369298,0,-0.0815057,0.000876221,0.17865,851.91,0,40,0,0.000111953,False
2022-08-10,244.738,4210.24,0.100045,0.00316086,0,0.785595,0.00566112,0.745102,866.823,0,40,0,0.00126976,False
2022-08-11,244.923,4207.27,0.0993795,0.00313794,0.00672972,-0.270933,0.00503451,0.373941,862.778,0,40,0,0.000754708,False
2022-08-12,245.019,4280.15,0.0915772,0.00291789,0.625945,1.74883,0.0131256,1.47614,870.859,0,40,0,0.000392874,False
2022-08-15,245.206,4297.14,0.100641,0.00316869,0.603512,0.293013,0.00628235,1.06992,867.421,0,40,0,0.000762834,False
2022-08-16,245.369,4305.2,0.0995636,0.00313763,0.313834,-0.241706,0.0104009,0.438054,863.769,0,40,0,0.000662107,False
2022-08-17,245.298,4274.04,0.104361,0.00327317,0,-0.44794,0.00315881,0.158807,856.361,0,40,0,-0.000288399,False
2022-08-18,245.43,4283.74,0.0868234,0.00278886,0,0.0125317,0.000719656,0.122504,857.936,0,40,0,0.00053873,False
2022-08-19,245.314,4228.48,0.112701,0.00351503,0,-0.189153,0.0010909,0.157455,850.424,0,40,0,-0.000472676,False
2022-08-22,245.126,4137.99,0.129322,0.00399387,0,-0.320203,0.000921426,0.149853,840.718,0,40,0,-0.000767158,False
2022-08-23,245.185,4128.73,0.12804,0.00395408,0,-0.0296258,0.000771851,0.184529,846.935,0,40,0,0.000240744,False
2022-08-24,245.304,4140.77,0.123893,0.0038353,0,0.0278629,0.000952578,0.212493,854.609,0,40,0,0.000485364,False
2022-08-25,245.612,4199.12,0.117811,0.00366385,0,0.484324,0.00241109,0.500365,866.687,0,40,0,0.00125635,False
2022-08-26,245.208,4057.66,0.141774,0.00435377,0,-0.874118,0.00255565,0.165534,843.419,0,40,0,-0.00164659,False
2022-08-29,245.201,4030.61,0.144069,0.00442618,0,-0.120326,0.00080025,0.190847,844.834,0,40,0,-2.77139e-05,False
2022-08-30,245.2,3986.16,0.146767,0.0045051,0,-0.147155,0.00127036,0.185766,843.992,0,40,0,-4.41228e-06,False
2022-08-31,245.223,3955,0.148874,0.00457079,0,-0.11046,0.00104828,0.195422,846.308,0,40,0,9.43662e-05,False
2022-09-01,245.314,3966.85,0.144361,0.00443317,0,0.000405627,0.000869163,0.244032,854.888,0,40,0,0.0003705,False
2022-09-02,245.33,3924.26,0.147307,0.00452296,0,-0.171282,0.00164512,0.197902,850.893,0,40,0,6.51697e-05,False
2022-09-06,245.341,3908.19,0.156949,0.00481008,0,-0.100973,0.00124169,0.236672,852.209,0,40,0,4.54648e-05,False
2022-09-07,245.642,3979.87,0.141665,0.00435718,0,0.446288,0.00206394,0.516883,866.856,0,40,0,0.00122817,False
2022-09-08,245.9,4006.18,0.133338,0.00411821,0,0.0762172,0.0025969,0.462039,868.965,0,40,0,0.00104902,False
2022-09-09,246.433,4067.36,0.125119,0.00388,0.171273,1.1194,0.0094301,0.988904,875.624,0,40,0,0.00216782,False
2022-09-12,246.636,4110.41,0.153214,0.00468824,0.495471,1.31995,0.00733928,1.75154,876.279,0,40,0,0.00082391,False
2022-09-13,245.168,3932.69,0.162732,0.00497327,0,-3.18593,0.00583763,0.185431,841.241,0,40,0,-0.0059517,False
2022-09-14,245.285,3946.01,0.14675,0.00450965,0,0.00485341,0.00114279,0.214208,848.973,0,40,0,0.000477936,False
2022-09-15,245.267,3901.35,0.131145,0.00405722,0,-0.203753,0.000966633,0.155065,846.344,0,40,0,-7.53781e-05,False
2022-09-16,245.214,3873.33,0.154308,0.00473217,0,-0.119177,0.000954642,0.237089,848.149,0,40,0,-0.00021438,False
2022-09-19,245.335,3899.89,0.15075,0.00462833,0,0.0533392,0.00130972,0.313953,858.12,0,40,0,0.000494618,False
2022-09-20,245.278,3855.93,0.159329,0.0048785,0,-0.299337,0.00137565,0.225057,852.077,0,40,0,-0.000233827,False
2022-09-21,245.214,3789.93,0.164054,0.0050189,0,-0.244768,0.00148034,0.202313,844.658,0,40,0,-0.000262843,False
2022-09-22,245.272,3757.99,0.16234,0.00496998,0,-0.0919512,0.000838615,0.208809,845.406,0,40,0,0.000236871,False
2022-09-23,245.202,3693.23,0.171183,0.00523453,0,-0.229418,0.000946149,0.213863,841.032,0,40,0,-0.000283237,False
2022-09-26,245.203,3655.04,0.185198,0.0056438,0,-0.141061,0.000994855,0.250145,843.172,0,40,0,4.95846e-06,False
2022-09-27,245.286,3647.29,0.186157,0.0056723,0,-0.0575407,0.00218852,0.288241,849.623,0,40,0,0.000337107,False
2022-09-28,245.577,3719.04,0.174741,0.00533736,0,0.416979,0.0022817,0.581805,866.972,0,40,0,0.00118448,False
2022-09-29,245.352,3640.47,0.185122,0.00564251,0,-0.735162,0.00206568,0.248306,851.92,0,40,0,-0.000913154,False
2022-09-30,245.338,3585.62,0.182209,0.00555879,0,-0.211363,0.000984249,0.227216,845.295,0,40,0,-5.95335e-05,False
2022-10-03,245.601,3678.43,0.169715,0.00519206,0,0.604189,0.002475,0.730075,866.535,0,40,0,0.00107353,False
2022-10-04,245.632,3790.93,0.162717,0.00498406,0.949475,3.22485,0.00862293,3.12352,883.632,0,40,0,0.000126398,False
2022-10-05,245.853,3783.28,0.163533,0.00500406,0.424163,-1.26313,0.0105693,1.36344,873.636,0,40,0,0.000898697,False
2022-10-06,246.183,3744.52,0.176009,0.00536792,0,-0.808566,0.00319156,0.392609,860.565,0,40,0,0.00134111,False
2022-10-07,246.031,3639.66,0.180515,0.00551078,0,-0.50888,0.0017479,0.208984,841.397,0,40,0,-0.000617425,False
2022-10-10,246.049,3612.39,0.187398,0.00571291,0,-0.111951,0.0009876,0.259301,844.268,0,40,0,7.49051e-05,False
2022-10-11,246.053,3588.84,0.201319,0.00612109,0,-0.148031,0.000978779,0.301275,848.744,0,40,0,1.7125e-05,False
2022-10-12,246.165,3577.03,0.207315,0.00629952,0,-0.058508,0.00089647,0.330762,853.853,0,40,0,0.000455691,False
2022-10-13,245.798,3669.91,0.186418,0.00567948,0,-0.100669,0.00387033,0.77479,874.09,0,40,0,-0.00149424,False
2022-10-14,245.704,3583.07,0.173532,0.00530617,0,-0.81547,0.00505254,0.215802,854.486,0,40,0,-0.000379611,False
2022-10-17,245.769,3677.95,0.183639,0.00560084,0,0.701164,0.00343612,1.02712,872.35,0,40,0,0.000262301,False
2022-10-18,245.553,3719.98,0.179432,0.00547394,0.154123,-0.0609721,0.0128846,1.18904,874.05,0,40,0,-0.000878648,False
2022-10-19,245.923,3695.16,0.170577,0.00521764,0,-0.60231,0.00282611,0.379147,863.616,0,40,0,0.00150729,False
2022-10-20,246.042,3665.78,0.137887,0.00427831,0,-0.226042,0.00218109,0.16511,856.833,0,40,0,0.000485609,False
2022-10-21,245.425,3752.75,0.175312,0.00534778,0.00471454,0.580017,0.0044064,1.52368,871.192,0,40,0,-0.00251058,False
2022-10-24,245.934,3797.34,0.178647,0.00544712,0.367013,1.04524,0.00953112,1.85643,874.478,0,40,0,0.00207454,False
2022-10-25,246.617,3859.11,0.171885,0.00524453,0.948165,2.1276,0.0026193,2.51695,879.577,0,40,0,0.00277691,False
2022-10-26,247.1,3830.6,0.171075,0.0052207,0.299691,-1.20581,0.00423605,0.689689,867.517,0,40,0,0.00196001,False
2022-10-27,247.388,3807.3,0.172864,0.00527371,0.0161088,-0.300083,0.00184426,0.2515,861.023,0,40,0,0.00116448,False
2022-10-28,247.412,3901.06,0.168097,0.0051317,0,0.514339,0.00410307,0.900459,877.46,0,40,0,9.79932e-05,False
2022-10-31,247.659,3871.98,0.164494,0.00502814,0,-0.479578,0.0019303,0.331819,868.684,0,40,0,0.000996707,False
2022-11-01,247.66,3856.1,0.166521,0.00509154,0,-0.226091,0.0024951,0.262883,865.209,0,40,0,7.18622e-06,False
2022-11-02,247.488,3759.69,0.167307,0.00511843,0,-0.403826,0.00109251,0.192438,849.629,0,40,0,-0.00069565,False
2022-11-03,247.464,3719.89,0.167756,0.00513421,0,-0.168754,0.00103853,0.20956,849.481,0,40,0,-9.81596e-05,False
2022-11-04,247.552,3770.55,0.160122,0.00490747,0,0.160627,0.00282793,0.434831,865.933,0,40,0,0.000354569,False
2022-11-07,247.981,3806.8,0.158838,0.00486836,0,0.39231,0.0017679,0.549589,874.284,0,40,0,0.00173602,False
2022-11-08,248.149,3828.11,0.170893,0.00521843,0,0.0664914,0.00515773,0.608619,876.366,0,40,0,0.000677384,False
2022-11-09,248.052,3748.57,0.175272,0.0053546,0,-0.649816,0.00239893,0.223323,859.604,0,40,0,-0.000390901,False
2022-11-10,246.824,3956.37,0.152937,0.00468682,0.895033,3.88918,0.0139021,4.58001,894.796,0,40,0,-0.00495136,False
2022-11-11,247.914,3992.93,0.131082,0.00406284,2.35825,2.33721,0.011503,3.58497,889.655,0,40,0,0.00441416,False
2022-11-14,248.362,3957.25,0.140796,0.00433875,0.547177,-1.64401,0.00639199,1.07573,874.307,0,40,0,0.00180751,False
2022-11-15,248.338,3991.73,0.146061,0.00448855,0.676365,0.384984,0.00711421,0.942577,875.32,0,40,0,-9.5696e-05,False
2022-11-16,248.629,3958.79,0.131156,0.00406337,0.124341,-0.476907,0.00202037,0.175599,865.925,0,40,0,0.00117099,False
2022-11-17,248.644,3946.56,0.111887,0.0035207,0,-0.129073,0.000931434,0.139229,865.773,0,40,0,5.9251e-05,False
2022-11-18,248.566,3965.34,0.139902,0.00430822,0,0.0644046,0.00201533,0.414393,870.756,0,40,0,-0.000310409,False
2022-11-21,248.718,3949.94,0.136879,0.00422857,0,-0.16155,0.00088324,0.232809,868.449,0,40,0,0.000610706,False
2022-11-22,249.048,4003.58,0.130677,0.00404382,0,0.449819,0.00177308,0.477484,878.361,0,40,0,0.00132682,False
2022-11-23,249.388,4027.26,0.125992,0.00390965,0,0.190397,0.00168498,0.448427,879.771,0,40,0,0.0013646,False
2022-11-25,249.639,4026.12,0.123683,0.00384344,0,-0.0460626,0.0011812,0.269958,876.661,0,40,0,0.00100672,False
2022-11-28,249.469,3963.94,0.140475,0.00433183,0,-0.394288,0.0013668,0.180297,865.059,0,40,0,-0.000680386,False
2022-11-29,249.545,3957.63,0.141803,0.00436846,0,-0.0253897,0.000840682,0.215795,866.763,0,40,0,0.000303469,False
2022-11-30,249.313,4080.11,0.136092,0.00419573,0.118871,1.40329,0.005279,1.85838,888.844,0,40,0,-0.000927878,False
2022-12-01,250.077,4076.57,0.133338,0.0041177,0.133075,-0.220331,0.00655561,0.863737,883.449,0,40,0,0.00306404,False
2022-12-02,250.063,4071.7,0.12979,0.0040179,0.00267985,-0.614176,0.00425554,0.382608,878.892,0,40,0,-5.68225e-05,False
2022-12-05,249.835,3998.84,0.147146,0.00452099,0,-0.566003,0.00164868,0.185497,864.633,0,40,0,-0.000911433,False
2022-12-06,249.795,3941.26,0.167314,0.00511094,0,-0.169263,0.00113739,0.216958,858.686,0,40,0,-0.000158735,False
2022-12-07,249.868,3933.92,0.173446,0.00529165,0,-0.0395684,0.000967335,0.272406,864.683,0,40,0,0.000288918,False
2022-12-08,250.089,3963.51,0.173297,0.0052802,0,0.167965,0.00124901,0.386024,874.928,0,40,0,0.00088493,False
2022-12-09,250.175,3934.38,0.178544,0.00543833,0,-0.184937,0.00132173,0.286973,872,0,40,0,0.000343466,False
2022-12-12,249.955,3990.56,0.227095,0.00686243,0,0.324977,0.00250617,1.04965,882.534,0,40,0,-0.000879275,False
2022-12-13,249.965,4019.65,0.186565,0.00566854,0,-0.683553,0.012189,0.524805,884.106,0,40,0,4.00003e-05,False
2022-12-14,250.153,3995.32,0.135306,0.00417682,0,-0.302224,0.00146717,0.164406,876.364,0,40,0,0.000751455,False
2022-12-15,250.055,3895.75,0.120441,0.00376657,0,-0.249544,0.000981349,0.128261,859.624,0,40,0,-0.000390586,False
2022-12-16,250.041,3852.36,0.133605,0.00414503,0,-0.103071,0.000804351,0.167982,858.334,0,40,0,-5.65354e-05,False
2022-12-19,250.057,3817.66,0.129574,0.00403443,0,-0.114945,0.00077785,0.161377,860.508,0,40,0,6.56762e-05,False
2022-12-20,250.142,3821.62,0.130173,0.00405487,0,0.00288192,0.0011093,0.204212,868.976,0,40,0,0.000340143,False
2022-12-21,250.376,3878.44,0.124746,0.00389297,0,0.425152,0.00298068,0.513709,882.885,0,40,0,0.000933577,False
2022-12-22,250.16,3822.39,0.134482,0.00417177,0,-0.660855,0.00280723,0.195856,871.786,0,40,0,-0.000860701,False
2022-12-23,250.249,3844.82,0.130652,0.00406185,0,0.0343434,0.0012931,0.266708,876.837,0,40,0,0.000354927,False
2022-12-27,250.27,3829.25,0.135031,0.00419129,0,-0.166779,0.00132131,0.208176,873.739,0,40,0,8.5e-05,False
2022-12-28,250.241,3783.22,0.138874,0.00430227,0,-0.192592,0.00129887,0.178095,867.054,0,40,0,-0.000116823,False
2022-12-29,250.411,3849.28,0.135503,0.0042025,0,0.401263,0.00261664,0.53799,881.972,0,40,0,0.000679549,False
2022-12-30,250.551,3839.5,0.136098,0.00421608,0,-0.210913,0.00168521,0.317408,878.761,0,40,0,0.000558546,False
2023-01-03,250.332,3824.14,0.138482,0.00428275,0,-0.44669,0.00282077,0.220601,875.437,0,40,0,-0.000872098,False
2023-01-04,250.605,3852.97,0.131226,0.00407934,0,0.220516,0.0019572,0.293952,880.452,0,40,0,0.00108797,False
2023-01-05,250.606,3808.1,0.140014,0.00433119,0,-0.238564,0.0013893,0.188927,871.453,0,40,0,3.01565e-06,False
2023-01-06,250.708,3895.08,0.126308,0.00393512,0,0.586802,0.00385518,0.791713,888.095,0,40,0,0.000409144,False
2023-01-09,250.832,3892.09,0.134927,0.00418082,0,-0.30445,0.0066731,0.487403,883.734,0,40,0,0.000494331,False
2023-01-10,251.297,3919.25,0.132766,0.0041206,0.00699229,0.360103,0.00204641,0.501854,885.783,0,40,0,0.00185486,False
2023-01-11,251.708,3969.61,0.141421,0.0043618,0.202448,1.01189,0.00490767,1.03253,891.184,0,40,0,0.00163516,False
2023-01-12,252.631,3983.17,0.103244,0.00328053,0.174148,0.194436,0.00528921,0.224854,889.209,0,40,0,0.00366552,False
2023-01-13,252.734,3999.09,0.0857376,0.00280447,0,-0.0396387,0.00250963,0.162886,889.213,0,40,0,0.000406732,False
2023-01-17,252.694,3990.97,0.104087,0.00330238,0,-0.0920809,0.00184647,0.209377,885.278,0,40,0,-0.000156823,False
2023-01-18,252.57,3928.86,0.107569,0.00340787,0,-0.306882,0.00278896,0.128079,874.44,0,40,0,-0.000491552,False
2023-01-19,252.564,3898.85,0.0978849,0.00314536,0,-0.113404,0.000729769,0.113972,873.384,0,40,0,-2.09311e-05,False
2023-01-20,252.222,3972.61,0.119469,0.00373261,0,0.662533,0.00410543,1.23013,889.647,0,40,0,-0.00135408,False
2023-01-23,252.611,4019.81,0.115627,0.00362024,0.612276,1.68124,0.00648584,2.01599,895.984,0,40,0,0.0015408,False
2023-01-24,253.03,4016.95,0.116439,0.00364339,0.33297,-0.370136,0.00602487,1.00066,891.421,0,40,0,0.00165866,False
2023-01-25,252.956,4016.22,0.119959,0.00374569,0.181903,-0.538977,0.00485284,0.464878,887.783,0,40,0,-0.000291415,False
2023-01-26,253.156,4060.43,0.117205,0.00366517,0.564298,0.635617,0.006325,0.444026,892.771,0,40,0,0.000788221,False
2023-01-27,253.354,4070.56,0.116098,0.00363427,0,-0.00488398,0.00264764,0.350599,891.595,0,40,0,0.000783548,False
2023-01-30,253.289,4017.77,0.129194,0.00400965,0,-0.364299,0.00227005,0.174671,881.042,0,40,0,-0.00025836,False
2023-01-31,253.529,4076.6,0.123534,0.00384518,0,0.401342,0.00202522,0.45348,892.111,0,40,0,0.000948312,False
2023-02-01,253.534,4119.21,0.112919,0.00353925,0.0738236,0.157293,0.00619907,0.635364,896.888,0,40,0,1.88012e-05,False
2023-02-02,253.416,4179.76,0.11409,0.00356846,0.584539,1.39146,0.0134741,1.65699,902.44,0,40,0,-0.000464057,False
2023-02-03,253.055,4136.48,0.114704,0.00358865,0.0023326,-1.85863,0.00622431,0.261546,888.631,0,40,0,-0.00142306,False
2023-02-06,253.045,4111.08,0.124111,0.00385524,0,-0.211418,0.00121591,0.179178,881.936,0,40,0,-3.95559e-05,False
2023-02-07,253.137,4164,0.117372,0.00366765,0,0.201252,0.00249009,0.399874,890.812,0,40,0,0.000362667,False
2023-02-08,253.134,4117.86,0.129625,0.00401367,0,-0.333311,0.00188422,0.193188,881.952,0,40,0,-1.14493e-05,False
2023-02-09,253.105,4081.5,0.145414,0.00446608,0,-0.152162,0.00185859,0.209229,878.146,0,40,0,-0.000115013,False
2023-02-10,253.191,4090.46,0.14067,0.00433474,0,-0.0170371,0.000992005,0.24167,882.733,0,40,0,0.000339246,False
2023-02-13,253.309,4137.29,0.152155,0.00465911,0,0.301641,0.00182651,0.57082,891.882,0,40,0,0.000466684,False
2023-02-14,253.681,4136.13,0.114013,0.00357061,0,-0.132031,0.00318366,0.174411,890.759,0,40,0,0.00146713,False
2023-02-15,253.795,4147.6,0.102691,0.00325452,0,0.00330619,0.00111389,0.162226,891.314,0,40,0,0.000448648,False
2023-02-16,253.666,4090.41,0.101898,0.00323003,0,-0.270096,0.00105313,0.118093,880.649,0,40,0,-0.000505718,False
2023-02-17,253.639,4079.09,0.118973,0.00371317,0,-0.0578489,0.00111855,0.201855,881.346,0,40,0,-0.000108294,False
2023-02-21,253.454,3997.34,0.133845,0.00414432,0,-0.357678,0.00109211,0.157954,871.536,0,40,0,-0.000730045,False
2023-02-22,253.526,3991.05,0.130949,0.00405998,0,-0.0235174,0.00077728,0.187697,877.525,0,40,0,0.000287436,False
2023-02-23,253.642,4012.32,0.123597,0.00384863,0,0.0494347,0.00162528,0.239319,886.287,0,40,0,0.000457291,False
2023-02-24,253.515,3970.04,0.127841,0.00398106,0,-0.318201,0.0013398,0.170916,881.219,0,40,0,-0.000501799,False
2023-02-27,253.637,3982.24,0.12332,0.00385049,0,0.0450239,0.00163087,0.211479,886.359,0,40,0,0.000482415,False
2023-02-28,253.729,3970.15,0.123669,0.00386177,0,-0.0532285,0.00102847,0.185764,885.29,0,40,0,0.000359827,False
2023-03-01,253.784,3951.39,0.126237,0.00393192,0,-0.0681646,0.00103977,0.183532,883.692,0,40,0,0.00021808,False
2023-03-02,253.934,3981.35,0.122066,0.00381514,0,0.127931,0.00177534,0.277564,890.841,0,40,0,0.00059253,False
2023-03-03,254.307,4045.64,0.113382,0.00356032,0.0522806,0.850179,0.00324864,0.809024,900.931,0,40,0,0.00146893,False
2023-03-06,254.77,4048.42,0.118814,0.00371873,0,0.0203467,0.0061228,0.476078,897.618,0,40,0,0.00181774,False
2023-03-07,254.615,3986.37,0.129469,0.0040265,0,-0.586037,0.00258042,0.167633,884.568,0,40,0,-0.000607332,False
2023-03-08,254.714,3992.01,0.126858,0.00394678,0,0.018363,0.000862215,0.208517,887.242,0,40,0,0.000390893,False
2023-03-09,254.566,3918.32,0.157855,0.00484291,0,-0.301992,0.00155312,0.206795,877.164,0,40,0,-0.000584227,False
2023-03-10,254.484,3861.59,0.162278,0.00497147,0,-0.241927,0.00125439,0.202809,874.251,0,40,0,-0.000321679,False
2023-03-13,254.368,3855.76,0.199013,0.00604568,0,-0.11398,0.00129592,0.396283,880.941,0,40,0,-0.000454971,False
2023-03-14,255.116,3919.29,0.14456,0.00445807,0,0.517247,0.00127344,0.30469,897.241,0,40,0,0.00293932,False
2023-03-15,254.995,3891.93,0.154841,0.00475109,0,-0.331898,0.00144783,0.241551,892.369,0,40,0,-0.000470832,False
2023-03-16,254.975,3960.28,0.156401,0.00479515,0,0.284328,0.00350469,0.694343,903.684,0,40,0,-7.98556e-05,False
2023-03-17,255.08,3916.64,0.146705,0.00452127,0,-0.510241,0.00197878,0.219483,891.792,0,40,0,0.000411116,False
2023-03-20,255.32,3951.57,0.136308,0.00421865,0,0.184679,0.000796147,0.29544,897.258,0,40,0,0.000940938,False
2023-03-21,255.691,4002.87,0.125296,0.00390791,0,0.439305,0.00225506,0.482683,904.289,0,40,0,0.00145385,False
2023-03-22,255.498,3936.97,0.131597,0.00409139,0,-0.627505,0.00431192,0.171052,889.349,0,40,0,-0.000753568,False
2023-03-23,255.502,3948.72,0.135957,0.00421525,0,-0.0513512,0.00273939,0.245116,892.814,0,40,0,1.4041e-05,False
2023-03-24,255.701,3970.99,0.128479,0.00399271,0,0.1255,0.00105543,0.295105,896.911,0,40,0,0.00077863,False
2023-03-27,255.917,3977.53,0.12126,0.00379713,0,0.0215211,0.00136738,0.217006,897.663,0,40,0,0.000843625,False
2023-03-28,255.97,3971.27,0.118269,0.00371017,0,-0.0941889,0.00117664,0.182778,896.2,0,40,0,0.000208743,False
2023-03-29,256.232,4027.81,0.111926,0.00352726,0,0.469523,0.00237184,0.496298,905.06,0,40,0,0.00102367,False
2023-03-30,256.702,4050.83,0.108833,0.00343406,0.0107323,0.389947,0.003065,0.508357,905.763,0,40,0,0.00183228,False
2023-03-31,256.905,4109.31,0.105756,0.00334225,0.506359,1.55469,0.00827339,1.44727,911.922,0,40,0,0.000792964,False
2023-04-03,257.605,4124.51,0.101387,0.00322164,0.400985,0.359196,0.00236333,0.80151,909.156,0,40,0,0.00272386,False
2023-04-04,257.739,4100.6,0.103339,0.00327886,0.0180482,-0.572647,0.00343814,0.173603,901.278,0,40,0,0.000519535,False
2023-04-05,257.794,4090.38,0.104618,0.00332255,0,-0.0645275,0.00099302,0.153872,899.171,0,40,0,0.000215359,False
2023-04-06,257.922,4105.02,0.0992728,0.00316638,0,0.0680135,0.00121234,0.189476,902.517,0,40,0,0.000493816,False
2023-04-10,257.954,4109.11,0.0985333,0.00314851,0,-0.0628886,0.00127826,0.188025,903.674,0,40,0,0.000126663,False
2023-04-11,258.069,4108.94,0.099014,0.00316197,0,0.00721516,0.000985084,0.175685,903.698,0,40,0,0.000443577,False
2023-04-12,258.129,4091.95,0.0964374,0.00309666,0,-0.0777382,0.00157937,0.129641,900.824,0,40,0,0.000232755,False
2023-04-13,258.318,4146.22,0.0876009,0.00284904,0,0.400694,0.00208087,0.424204,910.459,0,40,0,0.000731428,False
2023-04-14,258.396,4137.64,0.0768842,0.00256951,0,-0.261594,0.00600234,0.152051,906.821,0,40,0,0.000305325,False
2023-04-17,258.455,4151.32,0.082316,0.00270069,0,0.0444402,0.00218734,0.215535,907.813,0,40,0,0.000225948,False
2023-04-18,258.536,4154.87,0.0816506,0.00268789,0,-0.0317594,0.0030028,0.178158,906.781,0,40,0,0.000315636,False
2023-04-19,258.558,4154.52,0.0775144,0.00258453,0,-0.0999365,0.00174308,0.129851,905.508,0,40,0,8.33826e-05,False
2023-04-20,258.502,4129.79,0.0729975,0.00245806,0,-0.16673,0.00136623,0.0879442,901.298,0,40,0,-0.000215234,False
2023-04-21,258.412,4133.52,0.0941598,0.00302117,0,-0.00968919,0.00180237,0.257814,903.038,0,40,0,-0.000349022,False
2023-04-24,258.561,4137.04,0.0945859,0.00303783,0,0.00546139,0.0017295,0.204347,904.514,0,40,0,0.00057562,False
2023-04-25,258.396,4071.63,0.113281,0.00356289,0,-0.336435,0.00155789,0.141352,894.569,0,40,0,-0.000639231,False
2023-04-26,258.422,4055.99,0.113687,0.00358032,0,-0.068183,0.00136468,0.155449,896.213,0,40,0,0.00010241,False
2023-04-27,258.633,4135.35,0.0979443,0.00312987,0,0.675742,0.00478376,0.710628,912.813,0,40,0,0.00081492,False
2023-04-28,258.977,4169.48,0.0876202,0.0028469,0.357989,0.839822,0.00821001,0.924366,916.448,0,40,0,0.00133262,False
2023-05-01,259.402,4167.87,0.0871633,0.00283164,0.102502,-0.0767279,0.00208482,0.402205,912.694,0,40,0,0.00164176,False
2023-05-02,259.269,4119.58,0.101146,0.00321525,0,-0.494527,0.0027176,0.136382,902.029,0,40,0,-0.000514612,False
2023-05-03,259.262,4090.75,0.109317,0.0034518,0,-0.104384,0.0010459,0.143295,898.686,0,40,0,-2.49838e-05,False
2023-05-04,259.257,4061.22,0.117861,0.00369216,0,-0.100919,0.000795028,0.161325,897.804,0,40,0,-2.15068e-05,False
2023-05-05,259.441,4136.25,0.0888295,0.00288436,0,0.40191,0.0042626,0.461017,914.628,0,40,0,0.000709339,False
2023-05-08,259.79,4138.12,0.0861879,0.00281451,0,0.0474074,0.00137231,0.241186,913.727,0,40,0,0.00134612,False
2023-05-09,259.77,4119.17,0.0955369,0.00306793,0,-0.191848,0.00164958,0.15996,908.904,0,40,0,-7.62275e-05,False
2023-05-10,259.796,4137.64,0.0828732,0.00272145,0,-0.0593714,0.004101,0.150483,911.361,0,40,0,0.00010069,False
2023-05-11,259.846,4130.62,0.0821405,0.00270088,0,-0.0576831,0.00090762,0.12192,909.014,0,40,0,0.000190195,False
2023-05-12,259.909,4124.08,0.0770854,0.00257781,0,-0.021992,0.00143136,0.110158,908.33,0,40,0,0.000241859,False
2023-05-15,259.943,4136.28,0.0774378,0.00257979,0,0.0222325,0.00137432,0.171497,910.851,0,40,0,0.000132266,False
2023-05-16,259.929,4109.9,0.0909297,0.00293834,0,-0.138258,0.00141982,0.133457,906.272,0,40,0,-5.24955e-05,False
2023-05-17,260.055,4158.77,0.0780865,0.00260124,0,0.281107,0.00249593,0.36194,915.556,0,40,0,0.00048326,False
2023-05-18,260.152,4198.05,0.0663561,0.00229364,0.24583,0.621841,0.00871806,0.696207,919.859,0,40,0,0.000373339,False
2023-05-19,259.886,4191.98,0.0919738,0.00295796,0.0441454,-0.438857,0.00786312,0.560442,914.694,0,40,0,-0.0010228,False
2023-05-22,260.176,4192.63,0.0932029,0.00299542,0,-0.0786549,0.00218584,0.279972,912.353,0,40,0,0.00111525,False
2023-05-23,260.116,4145.58,0.106016,0.00335484,0,-0.303992,0.00185076,0.136524,903.399,0,40,0,-0.000229592,False
2023-05-24,260.08,4115.24,0.11589,0.00362816,0,-0.125371,0.000858159,0.158363,901.155,0,40,0,-0.000137657,False
2023-05-25,260.18,4151.28,0.108509,0.00342346,0,0.107823,0.00240697,0.269619,911.052,0,40,0,0.000381597,False
2023-05-26,260.479,4205.45,0.0994847,0.00317046,0.0746569,0.69068,0.00310211,0.679151,920.582,0,40,0,0.00115191,False
2023-05-30,260.577,4205.52,0.0956511,0.00306294,0,-0.356162,0.00941221,0.307947,917.623,0,40,0,0.000377064,False
2023-05-31,260.592,4179.83,0.0989337,0.00315974,0,-0.248433,0.00213181,0.13878,910.787,0,40,0,5.51709e-05,False
2023-06-01,260.665,4221.02,0.0831289,0.00271825,0,0.101509,0.00273422,0.245187,916.851,0,40,0,0.000279281,False
2023-06-02,260.681,4282.37,0.0787403,0.00259846,0.403144,1.30288,0.00573354,1.19934,924.366,0,40,0,6.13419e-05,False
2023-06-05,261.097,4273.79,0.080617,0.00264797,0.0548021,-0.364771,0.00638758,0.434648,918.639,0,40,0,0.00159852,False
2023-06-06,261.399,4283.85,0.0790083,0.00260683,0.0413826,0.117923,0.00190905,0.284171,917.744,0,40,0,0.00115478,False
2023-06-07,261.42,4267.52,0.0762456,0.00253613,0,-0.223211,0.00365335,0.109893,913.143,0,40,0,8.08078e-05,False
2023-06-08,261.523,4293.93,0.0768202,0.0025438,0,0.137144,0.00122656,0.216877,917.593,0,40,0,0.000394807,False
2023-06-09,261.583,4298.86,0.0798499,0.002627,0,-0.0121938,0.00358963,0.218509,917.737,0,40,0,0.000228687,False
2023-06-12,261.233,4338.93,0.102701,0.0032484,0.0196953,0.394707,0.00673694,1.03635,922.554,0,40,0,-0.00133846,False
2023-06-13,262.124,4369.01,0.0952971,0.00304244,0.288879,1.18302,0.00949132,1.12246,924.53,0,40,0,0.00340998,False
2023-06-14,262.494,4372.59,0.0833263,0.00272408,0.138987,-0.309541,0.0112331,0.372907,921.908,0,40,0,0.00141304,False
2023-06-15,261.877,4425.84,0.0710108,0.00237471,0.852438,0.632495,0.0168477,0.822191,927.297,0,40,0,-0.0023522,False
2023-06-16,261.787,4409.59,0.0811166,0.00265793,0.141399,-0.633157,0.00849942,0.206945,919.907,0,40,0,-0.000341191,False
2023-06-20,261.747,4388.71,0.0767218,0.00253979,0,-0.214994,0.00106177,0.105014,914.626,0,40,0,-0.00015258,False
2023-06-21,261.752,4365.69,0.0776705,0.0025633,0,-0.0780662,0.000964349,0.0963565,911.203,0,40,0,1.80882e-05,False
2023-06-22,261.833,4381.89,0.0710607,0.002384,0,0.0581942,0.000854724,0.141074,915.463,0,40,0,0.000310593,False
2023-06-23,261.74,4348.33,0.0744816,0.00248151,0,-0.212012,0.00125186,0.0929385,911.319,0,40,0,-0.000355678,False
2023-06-26,261.721,4328.82,0.0761981,0.00253401,0,-0.0865401,0.00122212,0.0980422,910.608,0,40,0,-7.33618e-05,False
2023-06-27,261.73,4378.41,0.071876,0.00241027,0,0.267445,0.003094,0.423138,920.563,0,40,0,3.33206e-05,False
2023-06-28,261.819,4376.86,0.0733804,0.00245026,0,-0.155729,0.00334955,0.245854,919.047,0,40,0,0.000340563,False
2023-06-29,262.057,4396.44,0.0721023,0.00241683,0.0140869,0.239202,0.00351451,0.298918,921.227,0,40,0,0.000909875,False
2023-06-30,261.758,4450.38,0.0675273,0.00230102,0.753766,1.46173,0.0227405,1.34852,926.994,0,40,0,-0.00114154,False
2023-07-03,262.329,4455.59,0.0683805,0.00230311,0.44137,0.219068,0.00576118,0.615041,923.45,0,40,0,0.00218328,False
2023-07-05,262.5,4446.82,0.0712233,0.0023798,0,-0.303138,0.00381743,0.206428,919.523,0,40,0,0.00064995,False
2023-07-06,262.385,4411.59,0.0795295,0.00260844,0,-0.294591,0.00169304,0.102011,913.103,0,40,0,-0.000437887,False
2023-07-07,262.4,4398.95,0.074412,0.00247272,0,-0.060535,0.0012084,0.0975986,912.982,0,40,0,5.56744e-05,False
2023-07-10,262.453,4409.53,0.0757175,0.00250586,0,0.0342095,0.000762698,0.150549,917.245,0,40,0,0.000204681,False
2023-07-11,262.596,4439.26,0.0758954,0.00251245,0,0.251952,0.00204816,0.330981,922.961,0,40,0,0.000544302,False
2023-07-12,262.751,4472.16,0.0669774,0.00227796,0.0778727,0.343579,0.0141611,0.492166,926.822,0,40,0,0.000590489,False
2023-07-13,262.914,4510.04,0.0655184,0.00223271,0.686023,1.49441,0.0128003,1.18779,929.469,0,40,0,0.000621296,False
2023-07-14,263.155,4505.42,0.0607231,0.00210653,0.247123,-0.442938,0.00975592,0.306543,924.64,0,40,0,0.000913022,False
2023-07-17,263.345,4522.79,0.0682658,0.00230917,0.167036,0.299945,0.00355427,0.311499,925.019,0,40,0,0.000723362,False
2023-07-18,263.232,4554.98,0.0694954,0.00232721,0.242941,0.379484,0.0136507,0.614307,927.675,0,40,0,-0.000428137,False
2023-07-19,263.617,4565.72,0.0696165,0.00234257,0.120631,0.252477,0.00570432,0.422973,926.745,0,40,0,0.00146164,False
2023-07-20,263.618,4534.87,0.0601062,0.00208409,0,-0.401108,0.0030205,0.075927,920.26,0,40,0,3.56517e-06,False
2023-07-21,263.607,4536.34,0.0752603,0.00248267,0,0.0065943,0.00173623,0.164117,920.873,0,40,0,-4.00375e-05,False
2023-07-24,263.78,4554.64,0.0749705,0.00248208,0,0.158346,0.00173673,0.220242,924.328,0,40,0,0.000656177,False
2023-07-25,263.904,4567.46,0.0750295,0.00246732,0,0.0738724,0.00228237,0.240239,926.184,0,40,0,0.000470675,False
2023-07-26,264.043,4566.75,0.0726133,0.00240885,0,-0.0358695,0.00185401,0.134516,925.331,0,40,0,0.00052369,False
2023-07-27,263.54,4537.41,0.0778823,0.00254676,0,-0.601778,0.00738333,0.102806,919.831,0,40,0,-0.00190165,False
2023-07-28,263.677,4582.23,0.0717495,0.00238681,0,0.276931,0.00195637,0.311111,927.257,0,40,0,0.000516175,False
2023-07-31,263.92,4588.96,0.0719707,0.00239431,0,0.105358,0.0027539,0.239321,926.845,0,40,0,0.000925263,False
2023-08-01,263.95,4576.73,0.0729303,0.00241989,0,-0.151304,0.00166788,0.127382,923.764,0,40,0,0.000111693,False
2023-08-02,263.811,4513.39,0.0871734,0.00280396,0,-0.246386,0.00126492,0.103097,914.193,0,40,0,-0.000526601,False
2023-08-03,263.816,4501.89,0.0859697,0.00276766,0,-0.0599305,0.000730056,0.120415,915.911,0,40,0,1.98e-05,False
2023-08-04,263.777,4478.03,0.0894069,0.00286437,0,-0.124077,0.0015381,0.120135,916.028,0,40,0,-0.000147046,False
2023-08-07,263.948,4518.44,0.0809627,0.00263627,0,0.203157,0.00120403,0.229603,925.906,0,40,0,0.000647558,False
2023-08-08,263.864,4499.38,0.0842424,0.00272564,0,-0.256226,0.0018004,0.137249,923.069,0,40,0,-0.000318833,False
2023-08-09,263.866,4467.71,0.0945129,0.00301458,0,-0.0964913,0.00106953,0.129004,918.661,0,40,0,8.2726e-06,False
2023-08-10,263.915,4468.83,0.0897855,0.00287473,0,-0.0273363,0.0013842,0.13825,920.747,0,40,0,0.000185489,False
2023-08-11,263.95,4464.05,0.0822492,0.00267335,0,-0.0666119,0.00116175,0.114892,921.421,0,40,0,0.000133225,False
2023-08-14,264.091,4489.72,0.0823081,0.00267284,0,0.165238,0.00134076,0.217981,926.839,0,40,0,0.000532082,False
2023-08-15,264.016,4437.86,0.0961888,0.00306643,0,-0.258155,0.00166757,0.126101,918.438,0,40,0,-0.00028331,False
2023-08-16,264.029,4404.33,0.0946591,0.00302468,0,-0.0891806,0.000877576,0.115074,915.598,0,40,0,4.77362e-05,False
2023-08-17,264.047,4370.36,0.0833796,0.00272442,0,-0.0818346,0.00111282,0.0944169,914.188,0,40,0,6.9557e-05,False
2023-08-18,263.951,4369.71,0.101471,0.00320978,0,-0.0725693,0.00158256,0.21462,918.674,0,40,0,-0.000363926,False
2023-08-21,264.205,4399.77,0.0961552,0.00306371,0,0.247158,0.00234709,0.297952,926.667,0,40,0,0.000964465,False
2023-08-22,264.221,4387.55,0.0967685,0.00308546,0,-0.201819,0.00253795,0.171519,924.774,0,40,0,5.96467e-05,False
2023-08-23,264.391,4436.01,0.0899675,0.00289076,0,0.348403,0.00548276,0.431476,932.31,0,40,0,0.000643552,False
2023-08-24,264.033,4376.31,0.0984932,0.00312574,0,-0.752094,0.0063762,0.126577,920.022,0,40,0,-0.00135482,False
2023-08-25,264.172,4405.71,0.0883176,0.00284539,0,0.122238,0.00126588,0.194067,925.727,0,40,0,0.000526276,False
2023-08-28,264.426,4433.31,0.083753,0.0027252,0,0.250194,0.0024431,0.268681,929.728,0,40,0,0.00096212,False
2023-08-29,263.861,4497.63,0.0773502,0.00253172,0.488037,1.06039,0.0133972,1.46737,937.093,0,40,0,-0.00213639,False
2023-08-30,264.354,4514.87,0.0747335,0.00247449,0.701364,0.814155,0.00462336,1.15463,934.667,0,40,0,0.00186905,False
2023-08-31,264.812,4507.66,0.074337,0.00246195,0.194415,-0.26176,0.00408073,0.30837,929.099,0,40,0,0.00173207,False
2023-09-01,264.751,4515.77,0.0664213,0.00225229,0.0518849,-0.225198,0.00609636,0.151033,928.157,0,40,0,-0.000232894,False
2023-09-05,264.729,4496.83,0.0725387,0.00242476,0,-0.134713,0.0012548,0.107132,924.116,0,40,0,-8.29189e-05,False
2023-09-06,264.694,4465.48,0.0764702,0.00252378,0,-0.120608,0.0011106,0.0935266,920.473,0,40,0,-0.000129064,False
2023-09-07,264.656,4451.14,0.0778841,0.00256218,0,-0.099657,0.000839253,0.106445,920.894,0,40,0,-0.000143911,False
2023-09-08,264.732,4457.49,0.0722357,0.00241361,0,0.0151005,0.000694477,0.115296,924.481,0,40,0,0.000284812,False
2023-09-11,264.804,4487.46,0.0770992,0.00253468,0,0.213654,0.00346285,0.327564,930.481,0,40,0,0.000273816,False
2023-09-12,264.743,4461.9,0.0871025,0.00281258,0,-0.311327,0.00265075,0.158834,925.564,0,40,0,-0.000230199,False
2023-09-13,264.89,4467.44,0.0721369,0.0024115,0,0.025038,0.00101345,0.106214,926.757,0,40,0,0.000552877,False
2023-09-14,265.082,4505.1,0.0564669,0.00201379,0,0.207579,0.00240311,0.173902,932.507,0,40,0,0.000724609,False
2023-09-15,264.965,4450.32,0.0820766,0.0026824,0,-0.256142,0.0020585,0.111982,922.42,0,40,0,-0.000440948,False
2023-09-18,265.026,4453.53,0.0817592,0.00267077,0,0.00877968,0.00107083,0.137208,924.822,0,40,0,0.000232377,False
2023-09-19,265.068,4443.95,0.0816413,0.00266209,0,-0.0474592,0.000851454,0.126598,924.589,0,40,0,0.00015575,False
2023-09-20,265.008,4402.2,0.0882211,0.00284353,0,-0.161004,0.00134774,0.109063,919.881,0,40,0,-0.000224239,False
2023-09-21,264.92,4330,0.102379,0.00324055,0,-0.177294,0.000998761,0.118279,912.584,0,40,0,-0.000333466,False
2023-09-22,264.963,4320.06,0.103417,0.00326815,0,-0.0287209,0.000991377,0.145765,917.444,0,40,0,0.000162125,False
2023-09-25,265.051,4337.44,0.0993716,0.00316185,0,0.0437781,0.000947864,0.196829,925.356,0,40,0,0.000332032,False
2023-09-26,264.928,4273.53,0.113606,0.00356194,0,-0.28763,0.00142318,0.14005,917.716,0,40,0,-0.000461155,False
2023-09-27,264.964,4274.51,0.11025,0.00346888,0,-0.0420526,0.00117246,0.167976,922.336,0,40,0,0.00013449,False
2023-09-28,265.151,4299.7,0.1053,0.00332575,0,0.153053,0.000599533,0.235196,928.904,0,40,0,0.00070654,False
2023-09-29,265.194,4288.05,0.107847,0.00339848,0,-0.10971,0.00396264,0.183317,927.415,0,40,0,0.000160869,False
2023-10-02,265.263,4288.39,0.104619,0.00330869,0,-0.0398568,0.0012121,0.174463,928.206,0,40,0,0.000260547,False
2023-10-03,265.143,4229.45,0.119398,0.0037322,0,-0.260028,0.00122431,0.148744,918.903,0,40,0,-0.000451881,False
2023-10-04,265.317,4263.75,0.110703,0.00348761,0,0.159308,0.000904246,0.240912,928.007,0,40,0,0.00065418,False
2023-10-05,265.431,4258.19,0.112371,0.00353172,0,-0.0340175,0.00110185,0.20032,928.158,0,40,0,0.000430853,False
2023-10-06,265.442,4308.5,0.103957,0.00329769,0,0.156836,0.00315767,0.443991,936.775,0,40,0,4.01846e-05,False
2023-10-09,265.617,4335.66,0.105647,0.00332994,0.00205768,0.194148,0.00574065,0.557485,938.287,0,40,0,0.000659933,False
2023-10-10,266.062,4358.24,0.0995809,0.00316078,0.0229691,0.293378,0.00749975,0.471759,938.089,0,40,0,0.00167555,False
2023-10-11,266.513,4376.95,0.0930223,0.00298152,0.0324931,0.265166,0.00256286,0.340586,937.878,0,40,0,0.00169631,False
2023-10-12,266.42,4349.61,0.0939955,0.00301392,0,-0.390346,0.00250645,0.132313,930.661,0,40,0,-0.000351197,False
2023-10-13,266.316,4327.78,0.104676,0.0033077,0,-0.17867,0.0016819,0.156381,927.436,0,40,0,-0.000386801,False
2023-10-16,266.53,4373.63,0.0985851,0.00313089,0,0.29315,0.00169892,0.329703,936.505,0,40,0,0.000801986,False
2023-10-17,266.46,4373.2,0.104381,0.00330153,0,-0.232727,0.00232834,0.2653,935.315,0,40,0,-0.000261029,False
2023-10-18,266.327,4314.6,0.11426,0.00357825,0,-0.363056,0.00173507,0.144408,925.252,0,40,0,-0.000499953,False
2023-10-19,266.335,4278,0.111096,0.00349202,0,-0.108531,0.00136966,0.134061,922.076,0,40,0,3.02271e-05,False
2023-10-20,266.286,4224.16,0.126654,0.00393464,0,-0.143592,0.00102129,0.161329,917.887,0,40,0,-0.000184588,False
2023-10-23,266.34,4217.04,0.125315,0.0039032,0,-0.0519731,0.000805366,0.176405,923.486,0,40,0,0.000201125,False
2023-10-24,266.512,4247.68,0.115984,0.00363447,0,0.140585,0.00158831,0.255138,933.402,0,40,0,0.000648098,False
2023-10-25,266.406,4186.77,0.125601,0.0039104,0,-0.322237,0.00173624,0.15898,924.561,0,40,0,-0.000398202,True
2023-10-26,266.359,4137.23,0.131198,0.00407374,0,-0.173381,0.000926907,0.159489,920.165,0,40,0,-0.000179026,True
2023-10-27,266.373,4117.37,0.132959,0.00412451,0,-0.0881823,0.00131613,0.18465,922.14,0,40,0,5.32174e-05,True
2023-10-30,266.622,4166.82,0.120698,0.00377062,0,0.300879,0.00112171,0.352329,935.335,0,40,0,0.000934803,True
2023-10-31,266.964,4193.8,0.113258,0.00356287,0,0.244259,0.00124213,0.362595,940.528,0,40,0,0.00128439,True
2023-11-01,267.227,4237.86,0.104821,0.00332115,0.0623988,0.46898,0.00662565,0.601599,945.679,0,40,0,0.000983097,True
2023-11-02,267.295,4317.78,0.091561,0.00294985,1.87257,3.93553,0.0178762,2.66673,953.698,0,40,0,0.000256575,True
2023-11-03,267.409,4358.34,0.0855681,0.0027832,2.99453,3.04727,0.0186726,2.66928,951.798,0,40,0,0.00042763,True
2023-11-06,267.934,4365.98,0.083077,0.00272008,1.43765,0.379834,0.00867578,1.15897,945.683,0,40,0,0.0019602,True
2023-11-07,268.234,4378.38,0.08434,0.0027497,0.809994,0.360971,0.00692533,0.484,942.981,0,40,0,0.00112194,True
2023-11-08,268.417,4382.78,0.0810718,0.00266314,0.207585,-0.00235658,0.00329067,0.165973,940.952,0,40,0,0.000683,True
2023-11-09,268.366,4347.35,0.0883934,0.00286564,0,-0.184592,0.00239777,0.115916,934.46,0,40,0,-0.000191512,True
2023-11-10,268.546,4415.24,0.079081,0.00260721,0,0.619441,0.00334427,0.628341,946.907,0,40,0,0.000671269,True
2023-11-13,268.601,4411.55,0.0926889,0.00297532,0.0125001,-0.193495,0.00448326,0.45244,943.839,0,40,0,0.000205311,True
2023-11-14,267.227,4495.7,0.0845246,0.00274646,1.35489,2.31966,0.0316416,2.84176,953.646,0,40,0,-0.00511696,True
2023-11-15,267.847,4502.88,0.0763693,0.00251924,1.19862,0.322772,0.014118,1.40531,947.578,0,40,0,0.00232139,True
2023-11-16,268.132,4508.24,0.0632954,0.00218578,0.779094,-0.0475635,0.00997238,0.345123,943.097,0,40,0,0.0010628,True
2023-11-17,268.231,4514.02,0.0784158,0.00257082,0.111258,0.0685503,0.0028371,0.276742,940.979,0,40,0,0.000368031,True
2023-11-20,268.556,4547.38,0.0784689,0.00258209,0.173952,0.570574,0.00726409,0.416804,944.456,0,40,0,0.00121232,True
2023-11-21,268.632,4538.19,0.0782439,0.00257305,0,-0.236449,0.00268224,0.177142,941.355,0,40,0,0.000283747,True
2023-11-22,268.853,4556.62,0.0743575,0.00246517,0,0.184256,0.00194937,0.210606,943.548,0,40,0,0.000821701,True
2023-11-24,269.009,4559.34,0.0701387,0.00235729,0,0.0183418,0.000758018,0.13979,942.808,0,40,0,0.000580918,True
2023-11-27,269.049,4550.43,0.0718832,0.00240454,0,-0.0578036,0.000761193,0.110791,940.77,0,40,0,0.000148372,True
2023-11-28,269.087,4554.89,0.0724752,0.00242188,0,-0.0107783,0.00159511,0.130007,941.749,0,40,0,0.00014296,True
2023-11-29,269.056,4550.58,0.0780326,0.00256529,0,-0.0948285,0.00320075,0.138892,941.062,0,40,0,-0.000116863,True
2023-11-30,269.102,4567.8,0.078052,0.00256312,0,0.029752,0.00185869,0.196344,943.989,0,40,0,0.000170709,True
2023-12-01,269.215,4594.63,0.0765431,0.00251955,0,0.195038,0.00329619,0.348915,947.286,0,40,0,0.00042064,True
2023-12-04,269.001,4569.78,0.0807818,0.00263819,0,-0.509239,0.00264871,0.128834,941.272,0,40,0,-0.000793655,True
2023-12-05,269.04,4567.18,0.0811754,0.00264726,0,-0.0362117,0.00106205,0.131444,940.646,0,40,0,0.000143659,True
2023-12-06,269.019,4549.34,0.0854967,0.00276606,0,-0.115111,0.00219717,0.117852,938.151,0,40,0,-7.80012e-05,True
2023-12-07,269.086,4585.59,0.088411,0.0028433,0,0.200424,0.00315041,0.333617,944.99,0,40,0,0.000249336,True
2023-12-08,269.229,4604.37,0.0780343,0.0025578,0,0.0228852,0.00408601,0.28538,947.007,0,40,0,0.000529615,True
2023-12-11,269.332,4622.44,0.0872609,0.00280654,0.00360705,0.160827,0.00285663,0.420281,947.81,0,40,0,0.000385981,True
2023-12-12,269.753,4643.7,0.0771039,0.00253143,0.038586,0.290982,0.00261207,0.323795,948.88,0,40,0,0.00156254,True
2023-12-13,269.203,4707.09,0.0800074,0.00259766,1.13584,1.85918,0.00982165,1.6653,955.02,0,40,0,-0.00204103,True
2023-12-14,269.432,4719.55,0.0714541,0.0023727,0.707394,0.0928058,0.0161467,0.87471,951.468,0,40,0,0.000850425,True
2023-12-15,269.636,4719.19,0.0721099,0.00238924,0.198654,-0.20409,0.00690657,0.330054,947.295,0,40,0,0.000759847,True
2023-12-18,269.929,4740.56,0.0717777,0.0023786,0.152778,0.373337,0.00550047,0.322139,948.178,0,40,0,0.00108432,True
2023-12-19,270.158,4768.37,0.074937,0.00246477,0.230317,0.47307,0.00338215,0.405069,950.305,0,40,0,0.00084805,True
2023-12-20,269.998,4698.35,0.0788279,0.00255911,0,-0.543281,0.00393515,0.0936464,938.123,0,40,0,-0.000590489,True
2023-12-21,269.986,4746.75,0.0816305,0.00264058,0,0.198751,0.00290655,0.380708,947.42,0,40,0,-4.52845e-05,True
2023-12-22,269.932,4754.63,0.0793483,0.00258302,0,-0.213231,0.00671453,0.291241,947.674,0,40,0,-0.000198949,True
2023-12-26,270.276,4774.75,0.0775494,0.00253691,0.00682423,0.291485,0.0033793,0.303989,949.87,0,40,0,0.00127271,True
2023-12-27,270.492,4781.58,0.072563,0.00239685,0.0022701,0.0443198,0.00202766,0.197647,949.442,0,40,0,0.000801146,True
2023-12-28,270.648,4783.35,0.0725782,0.00239448,0,0.0266174,0.00146686,0.137131,948.121,0,40,0,0.000576171,True
2023-12-29,270.614,4769.83,0.0716964,0.00238622,0,-0.136486,0.00110329,0.102548,945.576,0,40,0,-0.000124501,True
2024-01-02,270.547,4742.83,0.0750423,0.00246829,0,-0.147089,0.00100783,0.0941677,942.173,0,40,0,-0.000248112,True
2024-01-03,270.502,4704.81,0.0782258,0.00255544,0,-0.119949,0.00100639,0.0943709,938.724,0,40,0,-0.000168133,True
2024-01-04,270.501,4688.68,0.0786967,0.00257641,0,-0.065153,0.00147584,0.104461,940.007,0,40,0,-2.21436e-06,True
2024-01-05,270.513,4697.24,0.0739643,0.00244328,0,-0.0389995,0.00205253,0.123531,944.665,0,40,0,4.21427e-05,True
2024-01-08,270.703,4763.54,0.0687665,0.00229851,0.0832222,1.03369,0.00448078,0.945839,956.03,0,40,0,0.000702912,True
2024-01-09,270.8,4756.5,0.0671942,0.00226713,0.02304,-0.549579,0.00632599,0.33437,952.132,0,40,0,0.000359993,True
2024-01-10,271.008,4783.45,0.0662039,0.00223529,0.179352,0.540455,0.00448266,0.546905,953.96,0,40,0,0.00076829,True
2024-01-11,270.799,4780.24,0.0645115,0.00218485,0.0308842,-0.598345,0.00716197,0.182078,950.398,0,40,0,-0.000772072,True
2024-01-12,270.858,4783.83,0.0598376,0.00207786,0.00551442,-0.0647531,0.00325027,0.107291,949.284,0,40,0,0.00021798,True
2024-01-16,270.776,4765.98,0.0761661,0.00249755,0,-0.135582,0.00145785,0.126141,945.97,0,40,0,-0.000303559,True
2024-01-17,270.699,4739.21,0.0766935,0.00251451,0,-0.175727,0.00121846,0.0998335,942.575,0,40,0,-0.000282371,True
2024-01-18,270.783,4780.94,0.0678751,0.00227262,0,0.162588,0.00260627,0.241618,950.652,0,40,0,0.000309567,True
2024-01-19,270.46,4839.81,0.0777348,0.00252786,0.439276,1.59383,0.00847424,1.7861,957.914,0,40,0,-0.00119353,True
2024-01-22,271.013,4850.43,0.0757662,0.00247698,0.44618,0.342565,0.0134367,1.18919,955.541,0,40,0,0.00204519,True
2024-01-23,271.43,4864.6,0.0725168,0.00239435,0.517316,0.473989,0.0072964,0.791471,954.363,0,40,0,0.00153948,True
2024-01-24,271.429,4868.55,0.0750985,0.00246367,0.360013,-0.207325,0.00982301,0.287832,952.087,0,40,0,-3.26692e-06,True
2024-01-25,271.489,4894.16,0.0776889,0.00252466,0.23239,0.232013,0.00423423,0.298688,954.275,0,40,0,0.000219937,True
2024-01-26,271.617,4890.97,0.0763715,0.00248759,0,-0.0716231,0.00271738,0.170194,952.223,0,40,0,0.00047161,True
2024-01-29,271.767,4927.93,0.0786348,0.0025515,0,0.312958,0.00193485,0.407861,956.581,0,40,0,0.000550185,True
2024-01-30,271.991,4924.97,0.0787132,0.00255088,0,-0.064464,0.00147506,0.193958,953.976,0,40,0,0.0008247,True
2024-01-31,271.862,4845.65,0.0839106,0.00269929,0,-0.306788,0.00167548,0.0956556,941.653,0,40,0,-0.000474096,True
2024-02-01,271.923,4906.19,0.0808349,0.00260981,0,0.326734,0.00258359,0.436648,953.807,0,40,0,0.000225788,True
2024-02-02,271.883,4958.61,0.0765467,0.00248701,0.452331,1.09274,0.0107819,1.18083,960.663,0,40,0,-0.000148905,True
2024-02-05,271.903,4942.81,0.0767027,0.00250126,0.0828256,-0.787801,0.00612019,0.358147,955.299,0,40,0,7.40576e-05,True
2024-02-06,272.073,4954.23,0.0723097,0.00237699,0.0658111,0.0600448,0.00268461,0.249443,955.13,0,40,0,0.000625908,True
2024-02-07,272.172,4995.06,0.0727219,0.00238214,0.330373,0.567784,0.00878954,0.449577,958.736,0,40,0,0.000363241,True
2024-02-08,272.437,4997.91,0.0706201,0.00232848,0,-0.0137139,0.00264875,0.236355,956.606,0,40,0,0.000974205,True
2024-02-09,272.784,5026.61,0.0683587,0.0022702,0.0248,0.461276,0.00272005,0.389266,959.366,0,40,0,0.00127344,True
2024-02-12,272.82,5021.84,0.0821185,0.00264178,0,-0.178609,0.00552845,0.248324,956.424,0,40,0,0.000133006,True
2024-02-13,272.429,4953.17,0.088366,0.00281658,0,-0.617999,0.00202572,0.104578,945.6,0,40,0,-0.00143219,True
2024-02-14,272.548,5000.62,0.0742731,0.00242347,0,0.169361,0.0019189,0.225672,955.181,0,40,0,0.000433868,True
2024-02-15,272.809,5029.73,0.0680238,0.00225523,0.0466414,0.340037,0.00196826,0.321426,959.297,0,40,0,0.000959253,True
2024-02-16,272.616,5005.57,0.0822415,0.00264075,0,-0.418424,0.00502605,0.170924,954.378,0,40,0,-0.000708725,True
2024-02-20,272.54,4975.51,0.0862295,0.00275478,0,-0.213742,0.00124993,0.115224,949.934,0,40,0,-0.000278112,True
2024-02-21,272.561,4981.8,0.0856064,0.00273533,0,-0.0316834,0.00103621,0.144493,951.932,0,40,0,7.66245e-05,True
2024-02-22,272.112,5087.03,0.0798368,0.00256741,0.379708,1.9312,0.0138182,2.20794,966.935,0,40,0,-0.0016455,True
2024-02-23,272.589,5088.8,0.0765762,0.00248456,0.550106,-0.121124,0.00940767,1.12426,962.282,0,40,0,0.00175342,True
2024-02-26,272.904,5069.53,0.0771156,0.00249825,0.0192307,-0.583903,0.0058323,0.275273,955.961,0,40,0,0.00115427,True
2024-02-27,273.1,5078.18,0.0742351,0.00242016,0.00869975,0.0369522,0.00199985,0.177941,955.776,0,40,0,0.000715999,True
2024-02-28,273.14,5069.76,0.0780646,0.00252212,0,-0.088918,0.00153521,0.122512,954.068,0,40,0,0.000148363,True
2024-02-29,273.237,5096.27,0.0758404,0.00246826,0,0.112181,0.00170541,0.209822,958.79,0,40,0,0.000353437,True
2024-03-01,273.508,5137.08,0.0719764,0.00235089,0.0314108,0.56199,0.00415473,0.534725,963.787,0,40,0,0.000992349,True
2024-03-04,273.681,5130.95,0.0783934,0.00252507,0,-0.175984,0.003532,0.257724,960.398,0,40,0,0.000633816,True
2024-03-05,273.54,5078.65,0.088548,0.00281504,0,-0.368637,0.00206831,0.113692,951.791,0,40,0,-0.000514984,True
2024-03-06,273.564,5104.76,0.0890631,0.00281655,0,0.0408859,0.00283791,0.213657,957.052,0,40,0,8.89456e-05,True
2024-03-07,273.825,5157.36,0.0897095,0.00283745,0.0396415,0.637198,0.00359993,0.63368,964.746,0,40,0,0.000953359,True
2024-03-08,273.391,5123.69,0.0888064,0.00281181,0,-0.982772,0.00834255,0.162782,957.68,0,40,0,-0.00158576,True
2024-03-11,273.37,5117.94,0.105541,0.00329077,0,-0.079938,0.00122878,0.205319,956.314,0,40,0,-7.84713e-05,True
2024-03-12,273.777,5175.27,0.0780099,0.00251775,0,0.390447,0.00368393,0.259939,964.052,0,40,0,0.00149115,True
2024-03-13,273.852,5165.31,0.0796957,0.00256212,0,-0.113117,0.00220473,0.147465,960.406,0,40,0,0.000271334,True
2024-03-14,273.83,5150.48,0.0761661,0.00246535,0,-0.13501,0.00167317,0.105991,957.514,0,40,0,-7.85382e-05,True
2024-03-15,273.764,5117.09,0.0884021,0.00280714,0,-0.135101,0.000974498,0.121116,952.982,0,40,0,-0.000239583,True
2024-03-18,273.832,5149.42,0.0855062,0.00271853,0,0.0904433,0.00295215,0.223924,959.274,0,40,0,0.000246454,True
2024-03-19,273.975,5178.51,0.0839837,0.00267935,0,0.161105,0.00259614,0.320498,963.451,0,40,0,0.000523093,True
2024-03-20,274.041,5224.62,0.0786402,0.00252677,0.122847,0.558027,0.00687154,0.75917,968.042,0,40,0,0.000239988,True
2024-03-21,274.326,5241.53,0.0779137,0.00250685,0.167407,0.192581,0.0118109,0.562739,966.721,0,40,0,0.00104072,True
2024-03-22,274.607,5234.18,0.0770404,0.00248459,0.0178698,-0.153732,0.00325257,0.181114,962.514,0,40,0,0.00102552,True
2024-03-25,274.642,5218.19,0.0754865,0.00244025,0,-0.111896,0.00116525,0.106314,959.122,0,40,0,0.000126672,True
2024-03-26,274.684,5203.58,0.0762652,0.00246297,0,-0.03261,0.000824544,0.10492,957.724,0,40,0,0.000152058,True
2024-03-27,274.741,5248.49,0.072321,0.00234721,0,0.185623,0.00205176,0.301734,965.336,0,40,0,0.000206535,True
2024-03-28,274.908,5254.35,0.0722998,0.00234627,0,0.0309138,0.00199756,0.233476,965.178,0,40,0,0.000608309,True
2024-04-01,274.907,5243.77,0.0753076,0.00243983,0,-0.173368,0.00225263,0.131829,962.541,0,40,0,-4.02095e-06,True
2024-04-02,274.768,5205.81,0.0824509,0.00263675,0,-0.241331,0.00108744,0.107469,956.925,0,40,0,-0.00050288,True
2024-04-03,274.796,5211.49,0.0827443,0.00264374,0,-0.0194193,0.00155813,0.139171,959.319,0,40,0,9.97994e-05,True
2024-04-04,274.439,5147.21,0.101145,0.00315972,0,-0.461894,0.00392268,0.127815,951.861,0,40,0,-0.00129724,True
2024-04-05,274.569,5204.34,0.0930166,0.00292949,0,0.252917,0.00253329,0.338689,963.435,0,40,0,0.000472224,True
2024-04-08,274.787,5202.39,0.0898549,0.00284122,0,-0.0114088,0.00118896,0.194694,963.106,0,40,0,0.00079547,True
2024-04-09,274.724,5209.91,0.0972442,0.00304733,0,-0.115866,0.00254935,0.234188,963.636,0,40,0,-0.000231861,True
2024-04-10,274.558,5160.64,0.0982849,0.00307873,0,-0.370152,0.00137562,0.123756,956.052,0,40,0,-0.00060384,True
2024-04-11,274.644,5199.06,0.0897866,0.00284308,0,0.0827889,0.00139438,0.205417,962.75,0,40,0,0.000315696,True
2024-04-12,274.408,5123.41,0.107218,0.00333369,0,-0.408002,0.00133715,0.136441,952.236,0,40,0,-0.000861032,True
2024-04-15,274.356,5061.82,0.129362,0.00397086,0,-0.142919,0.00142177,0.169072,947.403,0,40,0,-0.000187971,True
2024-04-16,274.423,5051.41,0.118896,0.00366883,0,-0.0577545,0.000702352,0.159054,951.751,0,40,0,0.000243435,True
2024-04-17,274.44,5022.21,0.111921,0.00347247,0,-0.109443,0.00111351,0.139637,952.267,0,40,0,6.3076e-05,True
2024-04-18,274.508,5011.12,0.0950054,0.00299976,0,-0.0451707,0.000977107,0.117818,955.434,0,40,0,0.000246601,True
2024-04-19,274.43,4967.23,0.116057,0.00359207,0,-0.142982,0.00099216,0.164205,952.357,0,40,0,-0.000283766,True
2024-04-22,274.588,5010.6,0.103284,0.00322839,0,0.141943,0.00241449,0.246285,962.241,0,40,0,0.00057393,True
2024-04-23,274.963,5070.55,0.0953714,0.00300159,0.0444743,0.73436,0.0043308,0.648949,971.105,0,40,0,0.00136663,True
2024-04-24,275.164,5071.63,0.0967535,0.00304326,0,-0.191885,0.00496309,0.344599,968.202,0,40,0,0.00073178,True
2024-04-25,274.837,5048.42,0.107129,0.00333457,0,-0.589283,0.00219067,0.184226,962.136,0,40,0,-0.00118949,True
2024-04-26,275.194,5099.96,0.0925509,0.00292145,0,0.407118,0.00502589,0.318749,968.526,0,40,0,0.00129967,True
2024-04-29,275.424,5116.17,0.0913976,0.00289056,0,0.106345,0.00329951,0.280917,968.549,0,40,0,0.00083354,True
2024-04-30,275.329,5035.69,0.103159,0.00322377,0,-0.349757,0.00168376,0.123743,955.603,0,40,0,-0.000342497,True
2024-05-01,275.126,5018.39,0.101842,0.00319081,0,-0.288477,0.00126142,0.135772,955.839,0,40,0,-0.00073772,True
2024-05-02,275.218,5064.2,0.0983961,0.00309195,0,0.180127,0.00174846,0.317228,965.163,0,40,0,0.000335215,True
2024-05-03,275.213,5127.79,0.0830701,0.00265627,0.2118,0.666688,0.00903492,0.848365,973.938,0,40,0,-1.76931e-05,True
2024-05-06,275.484,5180.74,0.0850936,0.0027134,0.94573,2.17688,0.00846093,1.88313,977.545,0,40,0,0.000982168,True
2024-05-07,276.031,5187.7,0.0813338,0.00261177,0.678559,0.176903,0.00816819,0.904753,972.79,0,40,0,0.00198661,True
2024-05-08,276.227,5187.67,0.0819898,0.00263303,0.320742,-0.196843,0.00573471,0.265149,968.857,0,40,0,0.000708768,True
2024-05-09,276.499,5214.08,0.0766538,0.00247597,0.13641,0.311038,0.002472,0.239443,970.812,0,40,0,0.000984841,True
2024-05-10,276.662,5222.68,0.0770502,0.00248939,0,0.0419316,0.0020992,0.19025,970.573,0,40,0,0.000591635,True
2024-05-13,276.612,5221.42,0.0982655,0.00307638,0,-0.0472532,0.00261843,0.285621,969.354,0,40,0,-0.000180919,True
2024-05-14,276.832,5246.68,0.0956323,0.00300603,0,0.156062,0.00214295,0.312595,972.2,0,40,0,0.000793788,True
2024-05-15,277.812,5308.15,0.0621461,0.00208692,0.178044,1.21695,0.00677423,0.424937,979.771,0,40,0,0.00353952,True
2024-05-16,277.953,5297.1,0.0645166,0.00215264,0,-0.210058,0.0057736,0.129915,975.28,0,40,0,0.000509537,True
2024-05-17,277.971,5303.27,0.0729561,0.0023761,0,0.00557045,0.00182203,0.186064,974.573,0,40,0,6.54014e-05,True
2024-05-20,278.091,5308.13,0.0726884,0.00237059,0,0.0217967,0.00243471,0.156031,974.151,0,40,0,0.000430666,True
2024-05-21,278.199,5321.41,0.072535,0.00237084,0,0.0529634,0.00132477,0.170316,975.428,0,40,0,0.000386629,True
2024-05-22,278.187,5307.01,0.0730276,0.00237106,0,-0.136137,0.00140683,0.11522,972.869,0,40,0,-4.23859e-05,True
2024-05-23,278.029,5267.84,0.077486,0.00250056,0,-0.250527,0.00303541,0.0946268,967.739,0,40,0,-0.000567905,True
2024-05-24,278.15,5304.72,0.0715558,0.00233848,0,0.171688,0.00174933,0.212169,974.827,0,40,0,0.000437416,True
2024-05-28,278.139,5306.04,0.0736143,0.00239376,0,-0.112341,0.00310537,0.179067,974.819,0,40,0,-3.99921e-05,True
2024-05-29,278.037,5266.95,0.0820286,0.00262536,0,-0.247436,0.00110213,0.111936,969.278,0,40,0,-0.000366736,True
2024-05-30,278.026,5235.48,0.0871383,0.00276545,0,-0.0946528,0.000945186,0.111645,966.583,0,40,0,-3.93273e-05,True
2024-05-31,277.997,5277.51,0.0785884,0.00252834,0,0.027987,0.00170875,0.24328,974.715,0,40,0,-0.000105373,True
2024-06-03,277.823,5283.4,0.083764,0.00267425,0,-0.271243,0.00433211,0.2228,975.261,0,40,0,-0.000625923,True
2024-06-04,277.865,5291.34,0.0860498,0.00273669,0,-0.0514685,0.00228465,0.210107,975.489,0,40,0,0.000152083,True
2024-06-05,278.213,5354.03,0.0808774,0.00258795,0.1103,1.02809,0.00407083,0.854679,982.628,0,40,0,0.00125039,True
2024-06-06,278.636,5352.96,0.0813834,0.00259908,0.0317036,-0.13708,0.00442685,0.337241,978.863,0,40,0,0.00152046,True
2024-06-07,278.763,5346.99,0.0770775,0.00248002,0,-0.129133,0.00317726,0.152218,976.169,0,40,0,0.000456909,True
2024-06-10,278.855,5360.79,0.0792556,0.00254252,0,0.0539699,0.00117075,0.190241,977.29,0,40,0,0.000328197,True
2024-06-11,278.908,5375.32,0.081279,0.00259983,0,-0.0023738,0.00185894,0.21129,978.438,0,40,0,0.000191486,True
2024-06-12,278.675,5421.03,0.0631504,0.00211094,0.00134222,-0.184837,0.0141528,0.304916,983.312,0,40,0,-0.000835105,True
2024-06-13,278.391,5433.74,0.0571511,0.00195559,0.00487489,-0.425915,0.00857925,0.204621,981.329,0,40,0,-0.00101867,True
2024-06-14,278.408,5431.6,0.0591254,0.00200589,0,-0.122279,0.0020609,0.120924,977.66,0,40,0,5.91838e-05,True
2024-06-17,278.24,5473.23,0.0656004,0.00216636,0.0362711,0.259373,0.010974,0.563805,980.781,0,40,0,-0.000600984,True
2024-06-18,278.718,5487.03,0.0608474,0.00204016,0.0349706,0.281366,0.00354316,0.387391,979.687,0,40,0,0.0017182,True
2024-06-20,278.516,5473.17,0.0754041,0.00243206,0,-0.449235,0.00744225,0.206073,975.592,0,40,0,-0.000726138,True
2024-06-21,278.558,5464.62,0.0782937,0.00250755,0,-0.089566,0.00175464,0.148989,973.761,0,40,0,0.000149183,True
2024-06-24,278.568,5447.87,0.0796002,0.00254678,0,-0.102008,0.00157928,0.111862,971.806,0,40,0,3.80301e-05,True
2024-06-25,278.673,5469.3,0.0778348,0.00249634,0,0.0852767,0.000890617,0.16631,976.058,0,40,0,0.000377919,True
2024-06-26,278.758,5477.9,0.0750993,0.00242156,0,0.00186508,0.00129406,0.155521,977.263,0,40,0,0.000301563,True
2024-06-27,278.795,5482.87,0.0730997,0.00236585,0,-0.0439391,0.00192717,0.143193,977.389,0,40,0,0.000133436,True
2024-06-28,278.635,5460.48,0.0764443,0.00245966,0,-0.264396,0.00422615,0.107902,973.62,0,40,0,-0.000571556,True
2024-07-01,278.724,5475.09,0.0690238,0.00225434,0,0.0364647,0.0014049,0.120885,975.963,0,40,0,0.000318863,True
2024-07-02,278.838,5509.01,0.0671673,0.00221497,0,0.18972,0.00175357,0.260154,980.279,0,40,0,0.00040775,True
2024-07-03,279.03,5537.02,0.0651085,0.00215336,0.0230165,0.32673,0.00155506,0.433612,982.36,0,40,0,0.000687338,True
2024-07-05,279.418,5567.19,0.0638204,0.00211073,0.204569,0.795877,0.00429884,0.693623,984.042,0,40,0,0.00139307,True
2024-07-08,279.755,5572.85,0.0658599,0.00217283,0.118224,0.0492176,0.00430986,0.346941,982.054,0,40,0,0.00120627,True
2024-07-09,279.966,5576.98,0.0660476,0.00216853,0.0355339,0.00854383,0.00418003,0.169036,980.962,0,40,0,0.000752848,True
2024-07-10,279.999,5633.91,0.0721423,0.00233199,0.33797,1.04812,0.00368973,0.912019,987.31,0,40,0,0.000118914,True
2024-07-11,279.916,5584.54,0.0689446,0.00224395,0,-0.953221,0.00491229,0.103737,977.974,0,40,0,-0.000296966,True
2024-07-12,279.549,5615.35,0.063257,0.00209505,0,-0.349273,0.00895073,0.174132,981.746,0,40,0,-0.00131274,True
2024-07-15,279.391,5631.22,0.0758027,0.00243075,0,-0.0650167,0.00749268,0.332068,982.038,0,40,0,-0.000561882,True
2024-07-16,279.718,5667.2,0.0728886,0.00235095,0.0388515,0.524699,0.00451551,0.557286,984.946,0,40,0,0.00116915,True
2024-07-17,278.997,5588.27,0.0847372,0.00267835,0,-1.25096,0.00336697,0.106624,971.901,0,40,0,-0.00257977,True
2024-07-18,278.845,5544.59,0.0784088,0.00250877,0,-0.242983,0.00156388,0.0896267,967.474,0,40,0,-0.000543555,True
2024-07-19,278.786,5505,0.0972808,0.00303854,0,-0.103785,0.000834979,0.137862,965.919,0,40,0,-0.000210197,True
2024-07-22,278.981,5564.41,0.0884925,0.00278411,0,0.309358,0.00219468,0.335559,978.232,0,40,0,0.000700089,True
2024-07-23,279.118,5555.74,0.0889082,0.00279552,0,-0.0960378,0.00191057,0.187394,977.738,0,40,0,0.000488668,True
2024-07-24,278.859,5427.13,0.111256,0.00343263,0,-0.426381,0.00133893,0.126671,961.256,0,40,0,-0.000928548,True
2024-07-25,278.793,5399.22,0.116076,0.00357477,0,-0.148039,0.00136228,0.154981,963.378,0,40,0,-0.000233844,True
2024-07-26,278.886,5459.1,0.104242,0.0032333,0,0.168634,0.00306869,0.32911,976.716,0,40,0,0.000331593,True
2024-07-29,279.011,5463.54,0.1058,0.0032787,0,-0.0438957,0.00263383,0.259712,978.708,0,40,0,0.000449609,True
2024-07-30,278.961,5436.44,0.11499,0.00354324,0,-0.236776,0.00207273,0.182942,975.089,0,40,0,-0.000181468,True
2024-07-31,279.134,5522.3,0.106706,0.00330236,0,0.557949,0.00608719,0.664385,986.367,0,40,0,0.000623106,True
2024-08-01,278.796,5446.68,0.119848,0.00368283,0,-0.937876,0.00468888,0.17668,972.374,0,40,0,-0.00121337,True
2024-08-02,278.516,5346.56,0.143748,0.00438159,0,-0.416589,0.0010334,0.177796,960.324,0,40,0,-0.00100207,True
2024-08-05,278.41,5186.33,0.229385,0.00690624,0,-0.19472,0.00296135,0.309388,945.307,0,40,0,-0.000383441,True
2024-08-06,278.763,5240.03,0.176061,0.00533402,0,0.131098,0.00115442,0.25614,965.126,0,40,0,0.00127122,True
2024-08-07,278.917,5199.5,0.181875,0.00550509,0,-0.0242971,0.00137447,0.253721,966.845,0,40,0,0.000549272,True
2024-08-08,279.471,5319.31,0.151046,0.00459669,0,0.778207,0.00200562,0.621963,989.119,0,40,0,0.00198772,True
2024-08-09,279.877,5344.16,0.134071,0.00410072,0.0122848,0.0958026,0.00288486,0.426083,989.552,0,40,0,0.00145447,True
2024-08-12,280.066,5344.39,0.147763,0.00449998,0,-0.0233952,0.00186987,0.355411,984.988,0,40,0,0.000674118,True
2024-08-13,280.852,5434.43,0.127068,0.00389453,0.0982902,1.16031,0.00219192,0.752871,994.746,0,40,0,0.00280484,True
2024-08-14,281.582,5455.21,0.103296,0.00321381,0.0813111,0.252094,0.00259493,0.2905,992.427,0,40,0,0.00260152,True
2024-08-15,282.24,5543.22,0.075173,0.00242309,0.63926,1.86685,0.0119288,0.920937,1001.06,0,40,0,0.00233669,True
2024-08-16,282.272,5554.25,0.0917177,0.00288116,0.404456,0.15385,0.00735717,0.720541,996.399,0,40,0,0.000110791,True
2024-08-19,282.972,5608.25,0.0862938,0.00272637,0.795413,1.85376,0.00503358,1.15686,999.368,0,40,0,0.00248185,True
2024-08-20,283.291,5597.12,0.0944372,0.00295637,0.0846572,-0.422438,0.00510975,0.417499,993.774,0,40,0,0.00112604,True
2024-08-21,283.582,5620.85,0.0946539,0.0029637,0.140982,0.253622,0.00361241,0.327049,995.17,0,40,0,0.0010278,True
2024-08-22,283.496,5570.64,0.102154,0.00317213,0,-0.368223,0.00336519,0.139949,987.334,0,40,0,-0.00030152,True
2024-08-23,283.505,5634.61,0.0925051,0.00289888,0,0.137064,0.00390248,0.353823,997.146,0,40,0,3.13732e-05,True
2024-08-26,283.577,5616.84,0.0922566,0.00289236,0,-0.200075,0.00186014,0.169721,993.347,0,40,0,0.000252307,True
2024-08-27,283.677,5625.8,0.0914765,0.00287156,0,0.0132212,0.00124999,0.170464,994.123,0,40,0,0.000352052,True
2024-08-28,283.609,5592.18,0.101625,0.00316529,0,-0.189166,0.00118059,0.146458,989.184,0,40,0,-0.00023929,True
2024-08-29,283.699,5591.96,0.0963462,0.00301334,0,-0.00389538,0.00185858,0.14414,990.286,0,40,0,0.000316975,True
2024-08-30,283.797,5648.4,0.0875517,0.00275921,0,0.224933,0.0024586,0.353417,998.917,0,40,0,0.000345401,True
2024-09-03,283.375,5528.93,0.115027,0.00354567,0,-0.745228,0.0020302,0.139345,981.456,0,40,0,-0.00148594,True
2024-09-04,283.395,5520.07,0.120673,0.00370471,0,-0.0485671,0.000929776,0.186469,984.355,0,40,0,7.18025e-05,True
2024-09-05,283.347,5503.41,0.120284,0.00369577,0,-0.174806,0.00131674,0.175078,985.509,0,40,0,-0.000169878,True
2024-09-06,283.243,5408.42,0.13994,0.00427112,0,-0.243213,0.00101366,0.171189,976.495,0,40,0,-0.000369404,True
2024-09-09,283.438,5471.05,0.125968,0.00386401,0,0.218632,0.00165788,0.315225,991.777,0,40,0,0.000688604,True
2024-09-10,283.547,5495.52,0.125594,0.00385278,0,0.0315132,0.00206369,0.356528,996.125,0,40,0,0.000387699,True
2024-09-11,283.513,5554.13,0.113237,0.00349246,0.0173609,0.0808263,0.003023,0.56086,1002.83,0,40,0,-0.000120419,True
2024-09-12,284.083,5595.76,0.103712,0.00321567,0.10414,0.631559,0.00512605,0.613538,1004.49,0,40,0,0.00201088,True
2024-09-13,284.621,5626.02,0.0988467,0.00307767,0.215736,0.543695,0.00630874,0.493398,1003.65,0,40,0,0.00189226,True
2024-09-16,284.814,5633.09,0.117167,0.00360348,0.00400188,0.00719555,0.00205215,0.415129,1000.72,0,40,0,0.000678001,True
2024-09-17,284.92,5634.58,0.133426,0.00407629,0,-0.0671895,0.00430658,0.367092,998.547,0,40,0,0.000371791,True
2024-09-18,285.063,5618.26,0.121038,0.00371384,0,-0.158772,0.00204365,0.180096,995.642,0,40,0,0.000503665,True
2024-09-19,285.546,5713.64,0.0808619,0.00257334,0,0.575946,0.0057366,0.345681,1008.86,0,40,0,0.00169405,True
2024-09-20,285.529,5702.55,0.0905615,0.00284336,0,-0.22925,0.00283472,0.218168,1003.8,0,40,0,-5.90207e-05,True
2024-09-23,285.783,5718.57,0.0787955,0.00251399,0,0.114851,0.0018166,0.154355,1003.84,0,40,0,0.000886526,True
2024-09-24,285.805,5732.93,0.085085,0.00268932,0,-0.00164807,0.00191479,0.210367,1003.58,0,40,0,7.98525e-05,True
2024-09-25,285.89,5722.26,0.0863981,0.00272694,0,-0.059989,0.00112668,0.148232,1000.4,0,40,0,0.000296323,True
2024-09-26,285.823,5745.37,0.087181,0.00274825,0,-0.0797844,0.00368286,0.2165,1003.18,0,40,0,-0.000235411,True
2024-09-27,285.885,5738.17,0.0937598,0.00293329,0,-0.0505799,0.00177456,0.192452,1001.1,0,40,0,0.000218735,True
2024-09-30,285.95,5762.48,0.0913526,0.00286176,0,0.016233,0.00155074,0.230525,1003.83,0,40,0,0.000227714,True
2024-10-01,285.691,5708.75,0.108487,0.00334976,0,-0.44037,0.00160144,0.153533,995.606,0,40,0,-0.000908693,True
2024-10-02,285.778,5709.54,0.10146,0.00315243,0,-0.0107547,0.000723693,0.15289,997.252,0,40,0,0.000306179,True
2024-10-03,285.77,5699.94,0.110735,0.00341441,0,-0.0762929,0.00105182,0.190931,997.436,0,40,0,-2.82237e-05,True
2024-10-04,285.934,5751.07,0.0958321,0.00298908,0,0.151051,0.00199137,0.268342,1005.42,0,40,0,0.000575611,True
2024-10-07,285.879,5695.94,0.11597,0.00356709,0,-0.260874,0.00146266,0.173953,997.073,0,40,0,-0.000194263,True
2024-10-08,286.163,5751.13,0.101053,0.00313771,0,0.293657,0.00108356,0.280073,1005.41,0,40,0,0.000994721,True
2024-10-09,286.52,5792.04,0.0963721,0.00300487,0.00255972,0.374669,0.00148358,0.386885,1009.34,0,40,0,0.00124817,True
2024-10-10,286.647,5780.05,0.0915784,0.00286919,0,-0.176963,0.00203176,0.170426,1005.18,0,40,0,0.000440365,True
2024-10-11,286.77,5815.03,0.0837168,0.0026467,0,0.0908606,0.0024185,0.216484,1008.54,0,40,0,0.000430684,True
2024-10-14,286.978,5859.85,0.0871088,0.00273717,0.0184453,0.488174,0.00496537,0.557525,1011.75,0,40,0,0.000725648,True
2024-10-15,287.025,5815.26,0.0939054,0.00293396,0,-0.445614,0.00325727,0.152782,1003.03,0,40,0,0.000163229,True
2024-10-16,287.206,5842.47,0.0867274,0.00273305,0,0.128276,0.000863651,0.183481,1006.68,0,40,0,0.000629587,True
2024-10-17,287.164,5841.47,0.0780548,0.00248924,0,-0.177552,0.00331838,0.120004,1005.63,0,40,0,-0.000145635,True
2024-10-18,287.275,5864.67,0.0757235,0.00242616,0,0.100184,0.00164002,0.180456,1008.35,0,40,0,0.000387893,True
2024-10-21,287.019,5853.98,0.11024,0.00339776,0,-0.185071,0.00200736,0.35623,1005.74,0,40,0,-0.000891164,True
2024-10-22,287.134,5851.2,0.110997,0.00341992,0,-0.102199,0.00112309,0.245905,1004.72,0,40,0,0.000399207,True
2024-10-23,287.064,5797.42,0.121171,0.00371172,0,-0.267336,0.00128227,0.164704,997.996,0,40,0,-0.000243642,True
2024-10-24,287.153,5809.86,0.121723,0.00372974,0,0.0243426,0.000963578,0.217183,1002.25,0,40,0,0.000309665,True
2024-10-25,287.161,5808.12,0.127599,0.00390082,0,-0.0947188,0.00247046,0.235672,1003.64,0,40,0,2.79308e-05,True
2024-10-28,287.338,5823.52,0.127163,0.00388889,0,0.0789685,0.00131808,0.259836,1006.77,0,40,0,0.000615544,True
2024-10-29,287.516,5832.92,0.127638,0.00390108,0,0.0538419,0.000233963,0.258967,1007.97,0,40,0,0.000620227,True
2024-10-30,287.618,5813.67,0.135456,0.00413139,0,-0.064637,0.00101355,0.222195,1004.89,0,40,0,0.000356312,True
2024-10-31,287.456,5705.45,0.156273,0.00474341,0,-0.343009,0.000956561,0.192382,991.937,0,40,0,-0.000565411,True
2024-11-01,287.567,5728.8,0.148873,0.00452596,0,0.0369494,0.00129495,0.261212,1000.64,0,40,0,0.000386745,True
2024-11-04,287.642,5712.69,0.158705,0.00481453,0,-0.0746629,0.000825299,0.264679,1001.99,0,40,0,0.000260581,True
2024-11-05,288,5782.76,0.151522,0.00460385,0,0.422061,0.00121016,0.473806,1014.09,0,40,0,0.00124684,True
2024-11-06,288.558,5929.04,0.0937706,0.00292931,0.928098,2.69442,0.0115298,1.76142,1031.25,0,40,0,0.00193757,True
2024-11-07,289.119,5973.1,0.0807687,0.0025561,1.67121,2.01403,0.0109508,1.61134,1028.29,0,40,0,0.00194123,True
2024-11-08,289.472,5995.54,0.0775327,0.00247214,1.19958,0.754027,0.00830433,0.879249,1023.31,0,40,0,0.00122199,True
2024-11-11,289.669,6001.35,0.0852468,0.00268641,0.481378,0.0530515,0.0041879,0.332044,1018.07,0,40,0,0.000681419,True
2024-11-12,289.734,5983.99,0.0870158,0.00273318,0,-0.204935,0.00196904,0.144551,1012.9,0,40,0,0.000223951,True
2024-11-13,289.846,5985.38,0.0765682,0.00244252,0,0.00244886,0.000872721,0.108468,1013.25,0,40,0,0.000385818,True
2024-11-14,289.842,5949.17,0.0757725,0.00242495,0,-0.0917511,0.000807374,0.0931181,1009.36,0,40,0,-1.33215e-05,True
2024-11-15,289.732,5870.62,0.0987221,0.00307114,0,-0.17633,0.0009184,0.121023,1001.94,0,40,0,-0.000377799,True
2024-11-18,289.846,5893.62,0.0950395,0.00296649,0,0.0788549,0.000954265,0.177677,1010.12,0,40,0,0.000391116,True
2024-11-19,289.956,5916.98,0.0980323,0.00305079,0,0.1038,0.00121253,0.264742,1015.75,0,40,0,0.000381253,True
2024-11-20,289.884,5917.11,0.103061,0.00319034,0,-0.206089,0.00177837,0.228952,1016.19,0,40,0,-0.000249025,True
2024-11-21,289.824,5948.71,0.100115,0.00310685,0,-0.0905335,0.00248183,0.292749,1019.58,0,40,0,-0.000206301,True
2024-11-22,290.097,5969.34,0.090374,0.00282734,0,0.117255,0.00182405,0.222506,1019.92,0,40,0,0.000942711,True
2024-11-25,290.181,5987.37,0.0847294,0.00267093,0,-0.0282523,0.0041039,0.188844,1019.96,0,40,0,0.000287365,True
2024-11-26,290.425,6021.63,0.0814025,0.00257224,0,0.257098,0.0017071,0.2793,1022.19,0,40,0,0.00084005,True
2024-11-27,290.459,5998.74,0.0826376,0.00261767,0,-0.193392,0.00153132,0.130395,1016.67,0,40,0,0.000117075,True
2024-11-29,290.66,6032.38,0.0796434,0.00252406,0,0.229795,0.000967839,0.234477,1020.44,0,40,0,0.000694986,True
2024-12-02,290.893,6047.15,0.0770106,0.00245612,0,0.139372,0.00171377,0.213931,1020.97,0,40,0,0.000800794,True
2024-12-03,291.003,6049.88,0.0752143,0.00240476,0,-0.0209991,0.00118748,0.154883,1020.08,0,40,0,0.000377013,True
2024-12-04,291.198,6086.49,0.0738002,0.00236187,0,0.260575,0.00224076,0.289163,1023.87,0,40,0,0.000671792,True
2024-12-05,291.326,6075.11,0.0731131,0.00234669,0,-0.0981998,0.00180529,0.131901,1020.45,0,40,0,0.000439643,True
2024-12-06,291.421,6090.27,0.0668902,0.00217442,0,0.0364381,0.00177255,0.136807,1021.73,0,40,0,0.000324292,True
2024-12-09,291.363,6052.85,0.0768739,0.00245174,0,-0.163482,0.00104686,0.104422,1016.28,0,40,0,-0.00019807,True
2024-12-10,291.393,6034.91,0.0780186,0.00247855,0,-0.041673,0.000802068,0.107418,1015.36,0,40,0,0.0001032,True
2024-12-11,291.586,6084.19,0.0686245,0.00221998,0,0.275248,0.0016486,0.254151,1023.53,0,40,0,0.000663266,True
2024-12-12,291.618,6051.25,0.0735819,0.00236302,0,-0.186584,0.00163889,0.106082,1018.8,0,40,0,0.000106534,True
2024-12-13,291.665,6051.09,0.0672571,0.00218766,0,-0.0204382,0.00111331,0.102013,1019.69,0,40,0,0.000163184,True
2024-12-16,291.673,6074.08,0.080739,0.00255672,0,0.116186,0.00130904,0.287227,1022.87,0,40,0,2.68984e-05,True
2024-12-17,291.597,6050.61,0.091639,0.0028617,0,-0.269859,0.00199964,0.180112,1019.17,0,40,0,-0.000260449,True
2024-12-18,291.428,5872.16,0.170688,0.0051646,0,-0.289538,0.00168823,0.223484,998.188,0,40,0,-0.000579824,True
2024-12-19,291.723,5867.08,0.136986,0.00417608,0,0.110782,0.00105368,0.170857,1006.54,0,40,0,0.00101282,True
2024-12-20,291.637,5930.85,0.111969,0.00344748,0,-0.112307,0.00351809,0.250088,1021.41,0,40,0,-0.00029663,True
2024-12-23,291.922,5974.07,0.100543,0.003118,0,0.239092,0.0018189,0.299044,1028.7,0,40,0,0.000979787,True
2024-12-24,292.49,6040.04,0.0812892,0.00257689,0.155417,0.935187,0.00159475,0.588241,1035.5,0,40,0,0.00194467,True
2024-12-26,292.73,6037.59,0.083292,0.00263283,0.012654,-0.140285,0.00355281,0.272734,1029.88,0,40,0,0.000819427,True
2024-12-27,292.397,5970.84,0.0950391,0.00296583,0,-0.574526,0.00188224,0.121528,1018.04,0,40,0,-0.00113801,True
2024-12-30,292.237,5906.94,0.105486,0.00326585,0,-0.255413,0.000878427,0.126585,1011.5,0,40,0,-0.000544224,True
2024-12-31,292.237,5881.63,0.105149,0.00325313,0,-0.0880454,0.000848381,0.139545,1013.04,0,40,0,1.44921e-07,True
2025-01-02,292.215,5868.55,0.113125,0.00348246,0,-0.0972542,0.00130153,0.17322,1016.4,0,40,0,-7.7292e-05,True
2025-01-03,292.616,5942.47,0.0945667,0.00295423,0,0.544748,0.0015592,0.406718,1029.72,0,40,0,0.00137331,True
2025-01-06,292.443,5975.38,0.0959486,0.00299016,0.0392372,-0.0977045,0.0114931,0.52485,1032.2,0,40,0,-0.000593298,True
2025-01-07,292.136,5909.03,0.110008,0.00339055,0,-0.772395,0.0049937,0.160775,1020.09,0,40,0,-0.00104874,True
2025-01-08,292.148,5918.25,0.108807,0.00335636,0,-0.0649976,0.00153762,0.187305,1021.37,0,40,0,4.23966e-05,True
2025-01-10,291.956,5827.04,0.119161,0.0036569,0,-0.350424,0.0011206,0.143907,1010,0,40,0,-0.000659399,True
2025-01-13,291.928,5836.22,0.139668,0.00425766,0,-0.0277042,0.000877277,0.278438,1016.11,0,40,0,-9.48853e-05,True
2025-01-14,291.973,5842.91,0.146481,0.00445374,0,-0.0545304,0.00189919,0.319303,1020.25,0,40,0,0.000153228,True
2025-01-15,292.832,5949.91,0.0996982,0.00309936,0,0.959157,0.00654689,0.508683,1035.86,0,40,0,0.0029449,True
2025-01-16,293.01,5937.34,0.0838536,0.002651,0,-0.276184,0.00408936,0.132219,1030.62,0,40,0,0.000605783,True
2025-01-17,292.707,5996.66,0.0976851,0.00304114,0.0354189,0.225558,0.00734722,0.712598,1034.82,0,40,0,-0.00103391,True
2025-01-21,293.557,6049.24,0.0895432,0.00280864,0.395883,1.56568,0.00730433,1.11161,1037.18,0,40,0,0.00290466,True
2025-01-22,293.928,6086.37,0.0876272,0.00274996,0.66309,1.11177,0.00982001,1.26475,1037.19,0,40,0,0.00126245,True
2025-01-23,294.207,6118.71,0.0866029,0.00271948,0.846144,0.903046,0.00519716,1.12127,1037.23,0,40,0,0.000949442,True
2025-01-24,294.476,6101.24,0.0865724,0.00272206,0.312985,-0.428488,0.00352793,0.191094,1031.34,0,40,0,0.000914402,True
2025-01-27,293.753,6012.28,0.105967,0.00327035,0,-0.886808,0.00158928,0.127923,1018.88,0,40,0,-0.00245361,True
2025-01-28,293.923,6067.7,0.0958516,0.00298592,0,0.215326,0.00121272,0.26466,1029.17,0,40,0,0.000579541,True
2025-01-29,293.905,6039.31,0.0986165,0.00306454,0,-0.224067,0.00145175,0.152847,1026.11,0,40,0,-6.17633e-05,True
2025-01-30,294.023,6071.17,0.0942506,0.00294143,0,0.100311,0.000844354,0.225528,1031.63,0,40,0,0.000401811,True
2025-01-31,293.921,6040.53,0.100329,0.00310767,0,-0.266083,0.00411908,0.154587,1027.03,0,40,0,-0.000347045,True
2025-02-03,293.753,5994.57,0.115348,0.00354273,0,-0.274715,0.00098877,0.159396,1021.64,0,40,0,-0.000573986,True
2025-02-04,293.904,6037.88,0.102294,0.00316648,0,0.112544,0.00164034,0.217713,1029.8,0,40,0,0.000516467,True
2025-02-05,294.051,6061.48,0.092502,0.00288908,0,0.0525365,0.00108584,0.211776,1032.75,0,40,0,0.000500165,True
2025-02-06,294.235,6083.57,0.085859,0.0026957,0,0.0962665,0.00148739,0.206041,1034.53,0,40,0,0.000624644,True
2025-02-07,294.215,6025.99,0.0927849,0.00289703,0,-0.194396,0.00152243,0.119714,1025.41,0,40,0,-6.69667e-05,True
2025-02-10,294.377,6066.44,0.085425,0.00269379,0,0.155028,0.00132261,0.194082,1031.6,0,40,0,0.000550851,True
2025-02-11,294.442,6068.5,0.0846965,0.00266619,0,-0.0409061,0.00112989,0.169891,1031.5,0,40,0,0.00021804,True
2025-02-12,294.345,6051.97,0.0860347,0.00270673,0,-0.219224,0.00139465,0.129327,1029.17,0,40,0,-0.00032851,True
2025-02-13,294.607,6115.07,0.0736415,0.002359,0,0.409178,0.00191599,0.345836,1037.57,0,40,0,0.000890232,True
2025-02-14,294.834,6114.63,0.0669815,0.0021823,0,-0.0250733,0.00169313,0.157218,1034.99,0,40,0,0.000769331,True
2025-02-18,294.854,6129.58,0.0735343,0.00235628,0,0.0186348,0.00270172,0.223947,1035.31,0,40,0,6.91321e-05,True
2025-02-19,294.993,6144.15,0.0695589,0.00225033,0,0.0293993,0.00213435,0.179599,1035.46,0,40,0,0.000471154,True
2025-02-20,294.926,6117.52,0.067444,0.00219553,0,-0.220765,0.00145504,0.089255,1030.52,0,40,0,-0.000225864,True
2025-02-21,294.81,6013.13,0.109137,0.0033654,0,-0.17206,0.00101548,0.138629,1018.35,0,40,0,-0.000395615,True
2025-02-24,294.79,5983.25,0.116846,0.00359094,0,-0.109241,0.00105317,0.16137,1020.07,0,40,0,-6.70937e-05,True
2025-02-25,294.692,5955.25,0.121271,0.00371584,0,-0.205008,0.000883546,0.170728,1022.13,0,40,0,-0.000331401,True
2025-02-26,294.68,5956.06,0.124993,0.00382594,0,-0.0952822,0.00164176,0.206929,1027.31,0,40,0,-4.05818e-05,True
2025-02-27,294.639,5861.57,0.133422,0.00407359,0,-0.215578,0.00140217,0.160063,1018.44,0,40,0,-0.000138339,True
2025-02-28,294.668,5954.5,0.123502,0.00378151,0,0.285178,0.00218088,0.534086,1035.62,0,40,0,9.7389e-05,True
2025-03-03,294.308,5849.72,0.150044,0.00456035,0,-0.827166,0.00321344,0.209343,1021.42,0,40,0,-0.00122224,True
2025-03-04,294.102,5778.15,0.1614,0.00489562,0,-0.366705,0.000845043,0.204443,1015.97,0,40,0,-0.000700442,True
2025-03-05,294.282,5842.63,0.152908,0.004645,0,0.212397,0.000916051,0.383609,1030.13,0,40,0,0.000613996,True
2025-03-06,293.984,5738.52,0.181565,0.00549,0,-0.609768,0.00141401,0.246375,1017.46,0,40,0,-0.0010122,True
2025-03-07,294.099,5770.2,0.163719,0.00496233,0,-0.00497217,0.00104079,0.284317,1027.13,0,40,0,0.0003905,True
2025-03-10,293.742,5614.56,0.202979,0.00612382,0,-0.588731,0.00102314,0.248392,1008.5,0,40,0,-0.00121379,True
2025-03-11,293.746,5572.07,0.204135,0.00616026,0,-0.171524,0.000754534,0.270858,1011.18,0,40,0,1.09981e-05,True
2025-03-12,293.953,5599.3,0.178179,0.00539216,0,0.040967,0.00122253,0.276428,1023.27,0,40,0,0.000704558,True
2025-03-13,293.92,5521.52,0.182692,0.00552889,0,-0.254911,0.00089876,0.229812,1016.91,0,40,0,-0.000108964,True
2025-03-14,294.389,5638.94,0.149322,0.00454424,0,0.642179,0.00175248,0.546827,1038.99,0,40,0,0.00159291,True
2025-03-17,294.603,5675.12,0.161423,0.00489877,0.0136279,0.244578,0.00310657,0.716957,1041.23,0,40,0,0.000727736,True
2025-03-18,294.532,5614.66,0.166815,0.00506064,0,-0.684897,0.00186047,0.262469,1028.99,0,40,0,-0.000239357,True
2025-03-19,294.926,5675.29,0.139637,0.00426032,0,0.286164,0.00109938,0.288863,1037.29,0,40,0,0.00133787,True
2025-03-20,294.891,5662.89,0.115478,0.00356115,0,-0.28235,0.00243269,0.151324,1032.88,0,40,0,-0.000119785,True
2025-03-21,294.837,5667.56,0.130118,0.00398121,0,-0.0652853,0.00117966,0.264951,1033.09,0,40,0,-0.000182966,True
2025-03-24,295.421,5767.57,0.116243,0.00357852,0.0295648,1.18415,0.00590131,0.942267,1046.23,0,40,0,0.00198087,True
2025-03-25,295.973,5776.65,0.114473,0.00352551,0.00429377,0.0772183,0.00305233,0.570815,1042.71,0,40,0,0.00186944,True
2025-03-26,295.948,5712.2,0.125895,0.0038622,0,-0.539267,0.00250271,0.17655,1031.02,0,40,0,-8.60589e-05,True
2025-03-27,295.952,5693.31,0.130725,0.00400175,0,-0.107003,0.00102466,0.190783,1029.57,0,40,0,1.50798e-05,True
2025-03-28,295.767,5580.94,0.150255,0.00457573,0,-0.34157,0.000977198,0.178878,1017.19,0,40,0,-0.000624977,True
2025-03-31,295.807,5611.85,0.151642,0.00461648,0,0.0137555,0.0010375,0.299493,1029.27,0,40,0,0.000132297,True
2025-04-01,295.82,5633.07,0.152069,0.00462736,0,-0.088383,0.00219993,0.343,1036.03,0,40,0,4.51354e-05,True
2025-04-02,295.706,5670.97,0.149358,0.00454547,0,-0.165025,0.00355514,0.433599,1041.69,0,40,0,-0.000386607,True
2025-04-03,294.298,5396.52,0.208749,0.00630073,0,-1.80479,0.00181491,0.236821,1001.99,0,40,0,-0.00475938,True
2025-04-04,293.647,5074.08,0.331863,0.00996136,0,-0.816466,0.000761938,0.392275,968.919,0,40,0,-0.00221129,True
2025-04-07,293.413,5062.25,0.39677,0.0119033,0,-0.257989,0.00125204,0.752665,991.901,0,40,0,-0.000799478,True
2025-04-08,293.335,4982.77,0.420883,0.0126265,0,-0.586456,0.00269958,0.649632,999.273,0,40,0,-0.000265378,True
2025-04-09,293.529,5456.9,0.253488,0.00762234,0.877453,5.40257,0.00680239,5.21979,1084.33,0,40,0,0.000661447,True
2025-04-10,291.252,5268.05,0.332743,0.00998578,0,-6.94822,0.00815443,0.862798,1036.15,0,40,0,-0.00775605,True
2025-04-11,292.414,5363.36,0.280925,0.00843965,0.00494514,0.760647,0.00125916,0.72782,1040.93,0,40,0,0.00398935,True
2025-04-14,293.221,5405.97,0.224403,0.00676202,0,0.230423,0.00172704,0.367487,1037.1,0,40,0,0.00275865,True
2025-04-15,293.501,5396.63,0.185572,0.00561496,0,-0.0287431,0.000793342,0.237781,1028.67,0,40,0,0.000955344,True
2025-04-16,293.287,5275.7,0.220489,0.0066495,0,-0.388473,0.00106669,0.276082,1011.59,0,40,0,-0.000729131,True
2025-04-17,293.445,5282.7,0.200811,0.0060674,0,-0.0132099,0.00100446,0.298666,1017.89,0,40,0,0.000538537,True
2025-04-21,293.125,5158.2,0.226416,0.00682811,0,-0.559785,0.0008973,0.277462,1004.96,0,40,0,-0.00109012,True
2025-04-22,293.221,5287.76,0.206507,0.00623593,0,0.403159,0.00323137,0.781253,1032.9,0,40,0,0.000328893,True
2025-04-23,292.125,5375.86,0.191111,0.00577993,0.248851,-0.560753,0.012765,1.24041,1043.4,0,40,0,-0.00373845,True
2025-04-24,292.741,5484.77,0.179619,0.00543749,1.07782,2.84316,0.00545216,2.55831,1050.93,0,40,0,0.00210927,True
2025-04-25,293.751,5525.21,0.165226,0.00501545,1.10741,1.10966,0.00813521,1.70266,1045.55,0,40,0,0.00345005,True
2025-04-28,294.126,5528.75,0.166026,0.00503859,0.567511,-0.407684,0.00503781,0.508537,1036.27,0,40,0,0.00127619,True
2025-04-29,294.56,5560.83,0.16095,0.00488726,0.0438923,0.198874,0.00221766,0.384024,1036.09,0,40,0,0.00147331,True
2025-04-30,294.41,5569.06,0.167147,0.00507182,0,-0.341246,0.00178704,0.352783,1033.98,0,40,0,-0.000508273,True
2025-05-01,294.588,5604.14,0.160716,0.00487951,0,0.0590651,0.00371939,0.386058,1037.07,0,40,0,0.000604284,True
2025-05-02,295.115,5686.67,0.142483,0.00434507,0,0.690438,0.00519567,0.682609,1045.77,0,40,0,0.00178836,True
2025-05-05,295.192,5650.38,0.147353,0.00448821,0,-0.486138,0.00200589,0.259588,1035.38,0,40,0,0.000263428,True
2025-05-06,295.129,5606.91,0.159319,0.00483979,0,-0.251287,0.00109544,0.224782,1027.77,0,40,0,-0.000213753,True
2025-05-07,295.214,5631.28,0.153481,0.00466983,0,-0.00765459,0.00151571,0.279675,1032.41,0,40,0,0.000287157,True
2025-05-08,295.357,5663.94,0.149053,0.00453671,0,0.0661509,0.00274644,0.345007,1037.33,0,40,0,0.000483001,True
2025-05-09,295.503,5659.91,0.148308,0.00451446,0,-0.059747,0.00114886,0.281269,1036.09,0,40,0,0.000496472,True
2025-05-12,294.442,5844.19,0.123735,0.00379178,0.966368,2.92326,0.0138812,3.40561,1058.24,0,40,0,-0.00359177,True
2025-05-13,295.111,5886.55,0.112622,0.00347006,2.2518,2.31056,0.0121032,2.89257,1052.84,0,40,0,0.00227156,True
2025-05-14,295.73,5892.58,0.112665,0.00347158,1.22354,0.170864,0.0058155,1.32429,1044.47,0,40,0,0.00209747,True
2025-05-15,296,5916.93,0.0941774,0.00294302,0.876782,0.337284,0.00578583,0.59991,1041.73,0,40,0,0.000914107,True
2025-05-16,295.982,5958.38,0.111337,0.00343101,0.740138,0.581763,0.00159646,0.565767,1042.75,0,40,0,-6.05466e-05,True
2025-05-19,295.911,5963.6,0.113392,0.00349134,0,-0.374878,0.0038032,0.367843,1040.31,0,40,0,-0.000239392,True
2025-05-20,295.944,5940.46,0.11375,0.00349947,0,-0.25511,0.00174369,0.188094,1035.16,0,40,0,0.000112016,True
2025-05-21,295.745,5844.61,0.132166,0.00403893,0,-0.354186,0.00131692,0.159801,1022.69,0,40,0,-0.000672704,True
2025-05-22,295.799,5842.01,0.131253,0.00400991,0,-0.0331866,0.000400869,0.199556,1027.2,0,40,0,0.000182252,True
2025-05-23,295.737,5802.82,0.14368,0.00437407,0,-0.19045,0.000530622,0.210447,1026.32,0,40,0,-0.000211515,True
2025-05-27,296.33,5921.54,0.116365,0.00357603,0,0.940536,0.00224224,0.667898,1046.57,0,40,0,0.0020073,True
2025-05-28,296.532,5888.55,0.12239,0.00375477,0,-0.331437,0.00156419,0.25135,1039.88,0,40,0,0.00068229,True
2025-05-29,296.394,5912.17,0.120704,0.00370607,0,-0.219979,0.00406714,0.282902,1041.52,0,40,0,-0.000467406,True
2025-05-30,296.418,5911.69,0.11725,0.00360329,0,-0.151203,0.00131724,0.219684,1039.31,0,40,0,8.21334e-05,True
2025-06-02,296.583,5935.94,0.1149,0.00353473,0,0.0853343,0.000699703,0.250363,1041.14,0,40,0,0.000557732,True
2025-06-03,296.892,5970.37,0.108014,0.00333412,0,0.24952,0.00129056,0.294382,1044.55,0,40,0,0.0010415,True
2025-06-04,297.078,5970.81,0.109134,0.00336908,0,0.00383369,0.0015802,0.216306,1042.27,0,40,0,0.000626807,True
2025-06-05,297.061,5939.3,0.115892,0.00356614,0,-0.173803,0.00249577,0.169568,1036.92,0,40,0,-5.8012e-05,True
2025-06-06,297.309,6000.36,0.100056,0.00310524,0,0.28299,0.00189396,0.29953,1045.49,0,40,0,0.000835129,True
2025-06-09,297.506,6005.88,0.100984,0.00313059,0,0.0428923,0.00155369,0.241523,1044.47,0,40,0,0.000663281,True
2025-06-10,297.738,6038.81,0.0978586,0.0030436,0,0.214951,0.00162513,0.318078,1047.43,0,40,0,0.000778421,True
2025-06-11,297.791,6022.24,0.101753,0.00315274,0,-0.182258,0.0027859,0.178458,1042.96,0,40,0,0.000178601,True
2025-06-12,297.93,6045.26,0.10156,0.003148,0,0.0961758,0.0011823,0.232929,1045.03,0,40,0,0.000466552,True
2025-06-13,297.658,5976.97,0.126436,0.00386856,0,-0.444158,0.00176664,0.182097,1035.26,0,40,0,-0.000914728,True
2025-06-16,297.88,6033.11,0.109961,0.00339007,0,0.200765,0.00195074,0.265206,1044.87,0,40,0,0.000746754,True
2025-06-17,297.758,5982.72,0.14468,0.00439861,0,-0.259044,0.00138349,0.266972,1038.01,0,40,0,-0.000409268,True
2025-06-18,297.971,5980.87,0.112764,0.00347329,0,-0.0164955,0.00121788,0.145259,1039.74,0,40,0,0.000716322,True
2025-06-20,297.988,5967.84,0.127423,0.00389863,0,-0.0340187,0.00103133,0.216754,1039.72,0,40,0,5.69828e-05,True
2025-06-23,298.23,6025.17,0.116261,0.00357158,0,0.257935,0.00177851,0.344265,1048.54,0,40,0,0.000809878,True
2025-06-24,298.504,6092.18,0.121102,0.00370933,0.0483362,0.843283,0.00381915,0.978226,1055.77,0,40,0,0.00092063,True
2025-06-25,299.109,6092.16,0.120532,0.00369577,0,-0.0202747,0.00256042,0.467703,1051.76,0,40,0,0.00202518,True
2025-06-26,299.969,6141.02,0.100315,0.00310914,0.0974938,0.825809,0.00375978,0.429177,1055.81,0,40,0,0.00287617,True
2025-06-27,299.979,6173.07,0.0972228,0.0030229,0.163911,0.0423499,0.00603158,0.385375,1056.46,0,40,0,3.47003e-05,True
2025-06-30,300.305,6204.95,0.0990584,0.00307693,0.0678748,0.311389,0.00402029,0.395662,1057.5,0,40,0,0.00108404,True
2025-07-01,300.447,6198.01,0.0998659,0.00309974,0,-0.13201,0.00130197,0.216444,1053.78,0,40,0,0.000475089,True
2025-07-02,300.687,6227.42,0.0995238,0.00309084,0,0.1964,0.000967913,0.268118,1055.97,0,40,0,0.000799444,True
2025-07-03,301.083,6279.35,0.0959279,0.00297815,0.00531229,0.604609,0.00218676,0.562463,1060.82,0,40,0,0.00131603,True
2025-07-07,300.939,6229.98,0.104558,0.00323247,0,-0.641975,0.0025056,0.163887,1051.65,0,40,0,-0.000480194,True
2025-07-08,301.04,6225.52,0.0935075,0.00291959,0,-0.0230485,0.00103569,0.12934,1051.39,0,40,0,0.000335784,True
2025-07-09,301.175,6263.26,0.0846445,0.00266282,0,0.128544,0.00114126,0.203032,1056.72,0,40,0,0.000450746,True
2025-07-10,301.339,6280.46,0.0834165,0.00263282,0,0.0939505,0.0013717,0.212411,1058.1,0,40,0,0.000544476,True
2025-07-11,301.321,6259.75,0.0853313,0.00268013,0,-0.175656,0.00104544,0.136256,1054.37,0,40,0,-5.93834e-05,True
2025-07-14,301.361,6268.56,0.0969844,0.00301621,0,0.0275014,0.000993697,0.217425,1055.19,0,40,0,0.000130447,True
2025-07-15,301.388,6243.76,0.100507,0.00311174,0,-0.1327,0.00207337,0.1526,1051.83,0,40,0,9.10769e-05,True
2025-07-16,301.516,6263.7,0.0905381,0.00283042,0,0.0490872,0.000783102,0.161199,1055.61,0,40,0,0.000422751,True
2025-07-17,301.774,6297.36,0.0790688,0.00250938,0,0.205069,0.000903346,0.183225,1060.06,0,40,0,0.000857995,True
2025-07-18,301.628,6296.79,0.103776,0.00320422,0,-0.0918328,0.00250902,0.335887,1058.37,0,40,0,-0.000485238,True
2025-07-21,301.859,6305.6,0.102855,0.00318187,0,0.0509957,0.00451227,0.251022,1058.41,0,40,0,0.000765919,True
2025-07-22,301.969,6309.62,0.101488,0.00313861,0,-0.0398193,0.001175,0.197832,1057.83,0,40,0,0.000366214,True
2025-07-23,302.272,6358.91,0.0951378,0.00295798,0,0.346705,0.0012488,0.333239,1063.4,0,40,0,0.00100086,True
2025-07-24,302.522,6363.35,0.0938728,0.00292259,0,0.0558255,0.0014727,0.227924,1061.94,0,40,0,0.000829113,True
2025-07-25,302.79,6388.64,0.089294,0.00279419,0,0.198341,0.000631267,0.244485,1063.62,0,40,0,0.000884724,True
2025-07-28,302.933,6389.77,0.088462,0.002769,0,-0.019496,0.00154815,0.165673,1061.94,0,40,0,0.000473795,True
2025-07-29,302.948,6370.86,0.0940494,0.00292946,0,-0.0968076,0.00143377,0.143481,1058.61,0,40,0,4.97496e-05,True
2025-07-30,302.937,6362.9,0.0956556,0.00297419,0,-0.0946325,0.00137564,0.151738,1058.17,0,40,0,-3.82363e-05,True
2025-07-31,302.453,6339.39,0.100796,0.0031217,0,-0.581157,0.00532607,0.146408,1055.76,0,40,0,-0.00159597,True
2025-08-01,302.228,6238.01,0.12589,0.00384898,0,-0.337422,0.000976802,0.155915,1044.85,0,40,0,-0.000746775,True
2025-08-04,302.512,6329.94,0.100762,0.00311937,0,0.392019,0.00139909,0.359804,1061.64,0,40,0,0.000940925,True
2025-08-05,302.528,6299.19,0.107665,0.00331967,0,-0.258648,0.00174999,0.187732,1057.72,0,40,0,5.29535e-05,True
2025-08-06,302.805,6345.06,0.095508,0.00297186,0,0.25803,0.00122965,0.259708,1064.36,0,40,0,0.000916805,True
2025-08-07,302.724,6340,0.100375,0.00310977,0,-0.237083,0.00344619,0.197441,1061.95,0,40,0,-0.000267486,True
2025-08-08,303.038,6389.45,0.0857466,0.00269242,0,0.321726,0.00245772,0.286313,1066.6,0,40,0,0.00103543,True
2025-08-11,303.037,6373.45,0.104557,0.00323014,0,-0.147656,0.00244355,0.238476,1062.17,0,40,0,-3.08718e-06,True
2025-08-12,303.703,6445.76,0.0783357,0.00248916,0.00181926,0.74379,0.00238363,0.387241,1070.26,0,40,0,0.00219996,True
2025-08-13,303.976,6466.58,0.0774575,0.00245556,0.0194409,0.179999,0.00353575,0.347041,1069.81,0,40,0,0.00089635,True
2025-08-14,304.08,6468.54,0.0720173,0.00230694,0,-0.144755,0.00309924,0.164233,1067.22,0,40,0,0.000344318,True
2025-08-15,304.011,6449.8,0.0959322,0.00297776,0,-0.122751,0.00182655,0.202228,1063.22,0,40,0,-0.000228947,True
2025-08-18,304.128,6449.15,0.0924942,0.00288507,0,-0.0169319,0.00061873,0.157309,1063.04,0,40,0,0.000384781,True
2025-08-19,304.13,6411.37,0.0971267,0.00301335,0,-0.117882,0.000971739,0.129798,1059.18,0,40,0,9.1097e-06,True
2025-08-20,304.071,6395.78,0.0981454,0.00304384,0,-0.139747,0.000983084,0.143858,1059.58,0,40,0,-0.000196257,True
2025-08-21,304.055,6370.17,0.108454,0.00333705,0,-0.104624,0.000918151,0.159379,1058.82,0,40,0,-5.24438e-05,True
2025-08-22,304.198,6466.91,0.0900531,0.00281083,0,0.500552,0.00556401,0.598676,1073.1,0,40,0,0.00047009,True
2025-08-25,304.383,6439.32,0.0908649,0.00283151,0,-0.312939,0.002105,0.186312,1067.25,0,40,0,0.000609319,True
2025-08-26,304.546,6465.94,0.0898345,0.00280562,0,0.135062,0.00111931,0.244254,1069.48,0,40,0,0.000535606,True
2025-08-27,304.726,6481.4,0.0927396,0.00289012,0,0.0962585,0.00160661,0.248529,1069.57,0,40,0,0.000591787,True
2025-08-28,304.905,6501.86,0.0879005,0.00274805,0,0.0751314,0.00162407,0.228753,1070.41,0,40,0,0.00058556,True
2025-08-29,304.841,6460.26,0.095804,0.00297987,0,-0.246481,0.00136454,0.137413,1064.09,0,40,0,-0.000208858,True
2025-09-02,304.684,6415.54,0.107527,0.00331035,0,-0.253414,0.000599057,0.145037,1059.43,0,40,0,-0.000516399,True
2025-09-03,304.789,6448.26,0.10112,0.0031288,0,0.0692851,0.00136469,0.205512,1066.23,0,40,0,0.000346048,True
2025-09-04,305.083,6502.08,0.0914182,0.00285164,0,0.377941,0.00122242,0.377027,1073.66,0,40,0,0.000963849,True
2025-09-05,304.637,6481.5,0.0870214,0.00272672,0,-0.750473,0.00424073,0.152256,1068.91,0,40,0,-0.00146074,True
2025-09-08,304.732,6495.15,0.0880143,0.00275084,0,0.0369326,0.00192396,0.177635,1069.21,0,40,0,0.000311494,True
2025-09-09,304.877,6512.61,0.0879057,0.0027519,0,0.0845727,0.000912224,0.201434,1069.76,0,40,0,0.000475879,True
2025-09-10,304.892,6532.04,0.0904654,0.00282133,0,-0.0179385,0.00395323,0.252725,1070.67,0,40,0,4.74333e-05,True
2025-09-11,305.359,6587.47,0.0823439,0.00259235,0,0.662186,0.00366551,0.523842,1076.07,0,40,0,0.0015322,True
2025-09-12,305.713,6584.29,0.0797667,0.00251813,0,-0.0190185,0.00177043,0.226589,1072.78,0,40,0,0.00115835,True
2025-09-15,305.808,6615.28,0.0945852,0.00293808,0,0.256772,0.00366306,0.476213,1074.77,0,40,0,0.000311179,True
2025-09-16,305.915,6606.76,0.110238,0.00338344,0,-0.147326,0.00238207,0.32602,1071.63,0,40,0,0.000351004,True
2025-09-17,306.114,6600.35,0.0992494,0.00306963,0,-0.0637402,0.00104787,0.158182,1070.3,0,40,0,0.00065126,True
2025-09-18,306.313,6631.96,0.0815777,0.00256753,0,0.109354,0.00204644,0.146022,1074.49,0,40,0,0.000648377,True
2025-09-19,306.257,6664.36,0.0984363,0.00304493,0,0.13327,0.00210373,0.427905,1077.2,0,40,0,-0.000180616,True
2025-09-22,306.669,6693.75,0.099763,0.00308418,0,0.391026,0.00196504,0.501889,1078.87,0,40,0,0.00134447,True
2025-09-23,306.803,6656.92,0.103928,0.00320299,0,-0.287084,0.00215994,0.179456,1072.15,0,40,0,0.000436671,True
2025-09-24,306.857,6637.97,0.103529,0.00319151,0,-0.0799469,0.00103855,0.14525,1070.05,0,40,0,0.000174571,True
2025-09-25,306.829,6604.72,0.105898,0.00325787,0,-0.132917,0.000669139,0.141908,1067.63,0,40,0,-8.99572e-05,True
2025-09-26,307.011,6643.7,0.094716,0.00293733,0,0.155445,0.000655895,0.206336,1075.2,0,40,0,0.000593617,True
2025-09-29,307.135,6661.21,0.0936997,0.00290576,0,0.0488113,0.00228427,0.219406,1077.77,0,40,0,0.000404712,True
2025-09-30,307.247,6688.46,0.0919122,0.00285807,0,0.0761569,0.00158556,0.271537,1080.12,0,40,0,0.000363015,True
2025-10-01,307.409,6711.2,0.0906914,0.00282372,0,0.0835845,0.00139598,0.279234,1080.8,0,40,0,0.000528432,True
2025-10-02,307.477,6715.35,0.0937536,0.0029064,0,-0.0841354,0.0024515,0.215612,1078.85,0,40,0,0.00022082,True
2025-10-03,307.603,6715.79,0.0908199,0.00282612,0,-0.0153287,0.0018772,0.160457,1077.49,0,40,0,0.000409601,True
2025-10-06,307.783,6740.28,0.0873753,0.00272855,0,0.13055,0.00111153,0.194792,1079.76,0,40,0,0.000584359,True
2025-10-07,307.787,6714.59,0.0950266,0.00294849,0,-0.129215,0.00116427,0.152804,1075.68,0,40,0,1.19765e-05,True
2025-10-08,308.03,6753.72,0.0834753,0.00261987,0,0.197969,0.000716586,0.187454,1080.9,0,40,0,0.000790996,True
2025-10-09,308.008,6735.11,0.0891858,0.00277695,0,-0.150391,0.00129288,0.144634,1077.64,0,40,0,-7.28972e-05,True
2025-10-10,307.61,6552.51,0.149723,0.00453966,0,-0.502929,0.0012425,0.183051,1056.4,0,40,0,-0.00129024,True
2025-10-13,308.003,6654.72,0.116339,0.00356309,0,0.440827,0.00138409,0.341904,1076.69,0,40,0,0.00127878,True
2025-10-14,307.921,6644.31,0.129902,0.00395632,0,-0.255685,0.00235413,0.29194,1077.08,0,40,0,-0.000266651,True
2025-10-15,307.847,6671.06,0.126314,0.0038525,0,-0.179091,0.00445068,0.305276,1081.45,0,40,0,-0.000241671,True
2025-10-16,307.81,6629.07,0.138216,0.00419973,0,-0.259479,0.00178317,0.215097,1075.35,0,40,0,-0.000120404,True
2025-10-17,307.861,6664.01,0.132308,0.004026,0,-0.00307905,0.00158681,0.287363,1079.48,0,40,0,0.000166825,True
2025-10-20,308.444,6735.13,0.112997,0.00346105,0,0.580197,0.00209435,0.392511,1087.59,0,40,0,0.00189206,True
2025-10-21,308.681,6735.35,0.112151,0.00344075,0,-0.0151303,0.00139451,0.247106,1084.59,0,40,0,0.000770289,True
2025-10-22,308.607,6699.4,0.118106,0.00361265,0,-0.262219,0.00144777,0.171846,1078.28,0,40,0,-0.00023945,True
2025-10-23,308.818,6738.44,0.110814,0.00339733,0,0.171323,0.000453164,0.239454,1082.98,0,40,0,0.000682674,True
2025-10-24,309.142,6791.69,0.104919,0.00323057,0,0.397597,0.00249386,0.412116,1088.45,0,40,0,0.00104958,True
2025-10-27,309.482,6875.16,0.101025,0.00311562,0.335417,1.50768,0.00443673,1.33831,1095.87,0,40,0,0.00109835,True
2025-10-28,309.825,6890.89,0.107702,0.0033059,0.253525,0.115489,0.0100869,0.95172,1092.53,0,40,0,0.00110787,True
2025-10-29,310.162,6890.59,0.113553,0.00347708,0.0730749,-0.223666,0.00415585,0.423972,1088.39,0,40,0,0.00108748,True
2025-10-30,310.14,6822.34,0.117975,0.0036056,0,-0.406951,0.0020136,0.151063,1078.49,0,40,0,-6.99189e-05,True
2025-10-31,310.089,6840.2,0.115585,0.00353502,0,-0.101641,0.00182565,0.210931,1082.72,0,40,0,-0.000165357,True
2025-11-03,309.955,6851.97,0.110295,0.00338194,0,-0.247779,0.00217419,0.201406,1085.44,0,40,0,-0.000430573,True
2025-11-04,309.754,6771.55,0.124328,0.00379461,0,-0.364709,0.00110157,0.157323,1076.43,0,40,0,-0.000649108,True
2025-11-05,309.899,6796.29,0.115383,0.00353003,0,0.0755064,0.000654528,0.198808,1082.66,0,40,0,0.000468826,True
2025-11-06,309.795,6720.32,0.133162,0.00405138,0,-0.255736,0.000941994,0.174946,1074.97,0,40,0,-0.000334641,True
2025-11-07,309.826,6728.8,0.12871,0.00392084,0,-0.0589127,0.000717241,0.209835,1080.14,0,40,0,9.77095e-05,True
2025-11-10,310.142,6832.43,0.11024,0.00338169,0,0.609324,0.00351865,0.606327,1094.88,0,40,0,0.00102048,True
2025-11-11,310.481,6846.61,0.10479,0.00322265,0.00185321,0.027928,0.00253579,0.391903,1093.57,0,40,0,0.00109476,True
2025-11-12,310.632,6850.92,0.109236,0.0033522,0,-0.0617091,0.00260348,0.283215,1091.24,0,40,0,0.000483956,True
2025-11-13,310.437,6737.49,0.138093,0.00419688,0,-0.433151,0.00144478,0.177097,1075.56,0,40,0,-0.000626407,True
2025-11-14,310.464,6734.11,0.13519,0.00411128,0,-0.0744894,0.00107233,0.205987,1078.87,0,40,0,8.57731e-05,True
2025-11-17,310.332,6672.41,0.169872,0.00513318,0,-0.238592,0.00133356,0.26202,1075.46,0,40,0,-0.000422657,True
2025-11-18,310.251,6617.32,0.188127,0.00567352,0,-0.247421,0.000949641,0.277542,1074.31,0,40,0,-0.000262424,True
2025-11-19,310.317,6642.16,0.189211,0.00570277,0,-0.0320555,0.00139769,0.361434,1083.07,0,40,0,0.000213255,True
2025-11-20,310.153,6538.76,0.179124,0.0054085,0,-0.481652,0.00284161,0.214949,1073.01,0,40,0,-0.000529436,True
2025-11-21,310.215,6602.99,0.156624,0.00474131,0,0.00385142,0.00188518,0.307128,1086.36,0,40,0,0.000198836,True
2025-11-24,310.924,6705.12,0.135652,0.00412657,0.00621407,0.885952,0.00236846,0.606705,1099.71,0,40,0,0.00228654,True
2025-11-25,311.51,6765.88,0.121881,0.00372087,0.161902,0.797044,0.0038655,0.769515,1103.16,0,40,0,0.00188672,True
2025-11-26,312.096,6812.61,0.11732,0.00358747,0.308345,0.838427,0.00541011,0.822271,1103.52,0,40,0,0.00188003,True
2025-11-28,312.985,6849.09,0.111344,0.00341481,0.36116,0.929812,0.00384052,0.606342,1102.52,0,40,0,0.00284742,True
2025-12-01,312.99,6812.63,0.11657,0.00356597,0,-0.523165,0.00209158,0.189309,1094.21,0,40,0,1.52725e-05,True
2025-12-02,313.117,6829.37,0.111297,0.00341234,0,0.030326,0.00115472,0.198772,1095.99,0,40,0,0.00040766,True
2025-12-03,313.303,6849.72,0.107737,0.00330847,0,0.0995319,0.000464424,0.216901,1098.34,0,40,0,0.000592007,True
2025-12-04,313.377,6857.12,0.105168,0.00323336,0,-0.0447833,0.00146071,0.197745,1098.68,0,40,0,0.000238897,True
2025-12-05,313.477,6870.4,0.101979,0.00314455,0,0.00313638,0.00182304,0.197808,1099.57,0,40,0,0.000319375,True
2025-12-08,313.417,6846.51,0.112392,0.00344324,0,-0.182014,0.00141076,0.183438,1095.54,0,40,0,-0.00019174,True
2025-12-09,313.512,6840.51,0.11471,0.00351287,0,-0.0140228,0.000790977,0.18516,1095.28,0,40,0,0.00030203,True
2025-12-10,313.683,6886.68,0.105241,0.00323672,0,0.148898,0.000931538,0.26454,1101.56,0,40,0,0.00054413,True
2025-12-11,313.792,6901,0.0938766,0.00290781,0,-0.0597811,0.00155499,0.185275,1102.03,0,40,0,0.000347158,True
2025-12-12,313.673,6827.41,0.0992141,0.00306456,0,-0.277071,0.00118391,0.122018,1091.96,0,40,0,-0.000378749,True
2025-12-15,313.522,6816.51,0.110868,0.00340205,0,-0.200702,0.00168094,0.177535,1092.51,0,40,0,-0.000479591,True
2025-12-16,313.542,6800.26,0.106761,0.00328273,0,-0.108105,0.000810677,0.152369,1092.69,0,40,0,6.29276e-05,True
2025-12-17,313.475,6721.43,0.134509,0.0040965,0,-0.172134,0.000885078,0.17718,1086.07,0,40,0,-0.000215023,True
2025-12-18,313.621,6774.76,0.0989019,0.00305837,0,0.0399101,0.00211594,0.163884,1097.49,0,40,0,0.000468728,True
2025-12-19,313.801,6834.5,0.0984298,0.00304372,0,0.366678,0.00198146,0.444255,1105.41,0,40,0,0.000573019,True
2025-12-22,314.399,6878.49,0.0880971,0.00275003,0.064889,0.686653,0.00380144,0.549251,1108.74,0,40,0,0.00190667,True
2025-12-23,314.848,6909.79,0.0874331,0.00273095,0.148848,0.558595,0.00332283,0.591659,1109.14,0,40,0,0.00142722,True
2025-12-24,315.28,6932.05,0.0854831,0.00267237,0.181403,0.385797,0.00262105,0.444791,1108.16,0,40,0,0.00137035,True
2025-12-26,315.537,6929.94,0.0849773,0.00265885,0.0345111,-0.05493,0.00237413,0.178106,1105.48,0,40,0,0.000815743,True
2025-12-29,315.5,6905.74,0.0873581,0.00272678,0,-0.175392,0.000685709,0.123544,1101.75,0,40,0,-0.000116893,True
2025-12-30,315.539,6896.24,0.0879115,0.00274405,0,-0.0355024,0.000749487,0.133263,1101.5,0,40,0,0.000124237,True
2025-12-31,315.523,6845.5,0.0957737,0.00297001,0,-0.118639,0.000810635,0.122488,1096.99,0,40,0,-5.02985e-05,True
2026-01-02,315.523,6858.47,0.0911642,0.00283809,0,-0.0542548,0.00141811,0.155376,1101.75,0,40,0,-7.45387e-07,True
2026-01-05,315.724,6902.05,0.0874766,0.00273129,0,0.257383,0.00272645,0.293664,1108.6,0,40,0,0.000637399,True
2026-01-06,315.971,6944.82,0.0847195,0.00265316,0.00554341,0.384711,0.00412388,0.503716,1112.78,0,40,0,0.000782514,True
2026-01-07,316.081,6920.93,0.0911868,0.00283529,0,-0.292687,0.00379033,0.186144,1107.36,0,40,0,0.00034638,True
2026-01-08,316.171,6921.46,0.0915452,0.00284475,0,-0.0170721,0.000922242,0.166853,1106.38,0,40,0,0.00028473,True
2026-01-09,316.457,6966.28,0.0763814,0.00241628,0,0.252043,0.00252388,0.203687,1111.44,0,40,0,0.000906629,True
2026-01-12,316.527,6977.27,0.0885289,0.00276213,0,0.0581377,0.00119601,0.276779,1111.22,0,40,0,0.000219987,True
2026-01-13,316.537,6963.74,0.0906637,0.00281642,0,-0.184943,0.00191333,0.168086,1108.28,0,40,0,3.05945e-05,True
2026-01-14,316.442,6926.6,0.0965203,0.00298748,0,-0.224153,0.000936388,0.130962,1103.4,0,40,0,-0.00029833,True
2026-01-15,316.549,6944.47,0.0805772,0.00253281,0,0.0207835,0.00172741,0.121196,1106.95,0,40,0,0.000337714,True
2026-01-16,316.462,6940.01,0.10657,0.00327494,0,-0.0438126,0.00154509,0.265691,1107.05,0,40,0,-0.000273442,True
2026-01-20,315.905,6796.86,0.132062,0.00402384,0,-0.793669,0.00089942,0.156409,1090.71,0,40,0,-0.00176087,True
2026-01-21,315.996,6875.62,0.11406,0.00349585,0,0.145227,0.00171042,0.319671,1105.95,0,40,0,0.000287484,True
2026-01-22,316.241,6913.35,0.105351,0.00323885,0.00389271,0.187713,0.00294686,0.357711,1111.38,0,40,0,0.000775156,True
2026-01-23,316.437,6915.61,0.104961,0.00322964,0,-0.00875279,0.00157953,0.252621,1110.72,0,40,0,0.000621328,True
2026-01-26,316.79,6950.23,0.101978,0.00314588,0,0.294969,0.00164667,0.292008,1113.74,0,40,0,0.00111481,True
2026-01-27,317.142,6978.6,0.10018,0.00308887,0,0.273536,0.00190199,0.309296,1114.52,0,40,0,0.00110937,True
2026-01-28,317.217,6978.03,0.103596,0.0031887,0,-0.107228,0.00278276,0.223897,1112.33,0,40,0,0.000238993,True
2026-01-29,317.046,6969.01,0.10577,0.00325417,0,-0.317554,0.00138075,0.179375,1109.94,0,40,0,-0.000541888,True
2026-01-30,317.031,6939.03,0.113132,0.00346817,0,-0.13661,0.000684393,0.166288,1106.05,0,40,0,-4.58741e-05,True
2026-02-02,317.197,6976.44,0.0994924,0.00306873,0,0.104476,0.00167258,0.199185,1111.82,0,40,0,0.000524648,True
2026-02-03,317.077,6917.81,0.114596,0.00350923,0,-0.270776,0.00128222,0.158837,1104.65,0,40,0,-0.000380278,True
2026-02-04,317.027,6882.72,0.131009,0.0039881,0,-0.139473,0.000862862,0.194788,1102.72,0,40,0,-0.000155376,True
2026-02-05,316.806,6798.4,0.15503,0.00469493,0,-0.357997,0.000917268,0.207507,1095.87,0,40,0,-0.000698038,True
2026-02-06,317.332,6932.3,0.110141,0.00337998,0,0.69435,0.00129348,0.481468,1117.54,0,40,0,0.00165987,True
2026-02-09,317.664,6964.82,0.102664,0.00316314,0.0748866,0.262653,0.00442584,0.432156,1120.13,0,40,0,0.0010467,True
2026-02-10,317.816,6941.81,0.107916,0.00331685,0,-0.180973,0.00184993,0.202384,1114.45,0,40,0,0.000477072,True
2026-02-11,317.708,6941.47,0.104461,0.00321518,0,-0.238877,0.00228626,0.170445,1112.71,0,40,0,-0.000339751,True
2026-02-12,317.396,6832.76,0.145564,0.00441618,0,-0.427276,0.00136159,0.195135,1098.77,0,40,0,-0.0009826,True
2026-02-13,317.519,6836.17,0.132968,0.00404723,0,-0.00306445,0.000898141,0.196799,1104.19,0,40,0,0.000388454,True
2026-02-17,317.527,6843.22,0.147825,0.00448282,0,-0.0289321,0.000978831,0.302517,1108.73,0,40,0,2.42912e-05,True
2026-02-18,317.883,6881.31,0.122882,0.00375152,0,0.166244,0.00192489,0.229814,1115.47,0,40,0,0.00112165,True
2026-02-19,317.936,6861.89,0.110613,0.00339334,0,-0.133021,0.000790726,0.149716,1112.78,0,40,0,0.00016832,True
2026-02-20,317.868,6909.51,0.12807,0.00390137,0,0.14503,0.00190966,0.484927,1117.95,0,40,0,-0.000213636,True
2026-02-23,317.724,6837.75,0.144155,0.00437583,0,-0.543093,0.0017624,0.224019,1107.17,0,40,0,-0.000453549,True
2026-02-24,318.02,6890.07,0.131005,0.00398774,0,0.235663,0.00124529,0.290041,1115.11,0,40,0,0.00092978,True
2026-02-25,318.471,6946.13,0.116434,0.00356223,0,0.411791,0.000718249,0.362275,1121.4,0,40,0,0.00142039,True
2026-02-26,318.226,6908.86,0.121199,0.00370261,0,-0.530811,0.00187064,0.192382,1114.14,0,40,0,-0.000770216,True
2026-02-27,318.161,6878.88,0.132442,0.0040316,0,-0.183789,0.000643293,0.201692,1110.22,0,40,0,-0.000205298,True
2026-03-02,318.196,6881.62,0.141771,0.00430413,0,-0.0417236,0.00108958,0.260547,1111.39,0,40,0,0.000112518,True
2026-03-03,317.873,6816.63,0.161676,0.00489138,0,-0.508355,0.000930439,0.231936,1104.66,0,40,0,-0.00101789,True
2026-03-04,318.143,6869.5,0.140921,0.00428115,0,0.177345,0.000922982,0.2742,1114.69,0,40,0,0.000851908,True
2026-03-05,318.054,6830.71,0.156478,0.00473712,0,-0.261341,0.00106998,0.253252,1110.22,0,40,0,-0.000282017,True
2026-03-06,317.819,6740.02,0.202959,0.0061105,0,-0.37219,0.000801333,0.311741,1100.84,0,40,0,-0.000737712,True
2026-03-09,317.976,6795.99,0.177842,0.0053691,0,0.0018619,0.00100388,0.328201,1112.38,0,40,0,0.000493587,True
2026-03-10,318.094,6781.48,0.181123,0.00546626,0,-0.0843337,0.00161652,0.29994,1111.64,0,40,0,0.000370993,True
2026-03-11,318.257,6775.8,0.171258,0.00517512,0,-0.0441423,0.000839775,0.258377,1112.5,0,40,0,0.000511372,True
2026-03-12,318.079,6672.62,0.209228,0.00629777,0,-0.348598,0.000785307,0.289918,1101.01,0,40,0,-0.000559278,True
2026-03-13,318.182,6632.19,0.204189,0.0061502,0,-0.101448,0.000930568,0.281849,1101.11,0,40,0,0.000326111,True
2026-03-16,318.542,6699.38,0.171711,0.00518946,0,0.231604,0.000997878,0.319149,1115.38,0,40,0,0.00113089,True
2026-03-17,318.848,6716.09,0.157889,0.004783,0,0.0982205,0.00079163,0.264012,1118.8,0,40,0,0.000959594,True
2026-03-18,318.756,6624.7,0.180068,0.00543722,0,-0.290803,0.000878072,0.238293,1107.39,0,40,0,-0.000286444,True
2026-03-19,318.838,6606.49,0.145197,0.00440925,0,-0.119442,0.000527194,0.17754,1108.27,0,40,0,0.000255907,True
2026-03-20,318.698,6506.48,0.192917,0.00581803,0,-0.231493,0.000898558,0.271997,1099.32,0,40,0,-0.000438308,True
2026-03-23,318.677,6581,0.177998,0.00537665,0,-0.0402268,0.0026714,0.423025,1115.69,0,40,0,-6.68475e-05,True
2026-03-24,318.756,6556.37,0.184559,0.00557135,0,-0.204319,0.00129952,0.317153,1114.19,0,40,0,0.000248656,True
2026-03-25,319.082,6591.9,0.175677,0.00530772,0,0.192422,0.00109003,0.353,1119.96,0,40,0,0.00102227,True
2026-03-26,318.921,6477.16,0.204212,0.00615337,0,-0.440858,0.00102556,0.27013,1104.79,0,40,0,-0.000504429,True
2026-03-27,318.805,6368.85,0.225008,0.00677106,0,-0.316553,0.000738477,0.287261,1095.55,0,40,0,-0.00036431,True
2026-03-30,318.925,6343.72,0.215657,0.00649335,0,-0.0790263,0.000847892,0.296665,1101.4,0,40,0,0.000376047,True
2026-03-31,319.451,6528.52,0.17848,0.00539288,0,1.15053,0.00230309,1.09134,1132.52,0,40,0,0.0016513,True
2026-04-01,319.984,6575.32,0.174331,0.00526956,0.234934,0.544368,0.00602494,1.03164,1135.18,0,40,0,0.00166587,True
2026-04-02,320.023,6582.69,0.166138,0.00502719,0.047849,-0.540511,0.00383558,0.561378,1129.81,0,40,0,0.000122441,True
2026-04-06,320.532,6611.83,0.16748,0.00506665,0.00858461,0.244962,0.00150572,0.44936,1128.18,0,40,0,0.00159146,True
2026-04-07,320.51,6616.85,0.191933,0.00578884,0,-0.190158,0.00155676,0.466079,1124.51,0,40,0,-6.95372e-05,True
2026-04-08,321.084,6782.81,0.139175,0.00423315,0.164314,1.4363,0.00785773,1.29086,1143.66,0,40,0,0.00179178,True
2026-04-09,321.849,6824.66,0.119165,0.00364493,0.436482,0.686674,0.00916279,0.882497,1141.24,0,40,0,0.0023823,True
2026-04-10,322.324,6816.89,0.118017,0.00361515,0.0213283,-0.193558,0.00315881,0.30418,1133.57,0,40,0,0.00147483,True
2026-04-13,322.648,6886.24,0.120148,0.00367458,0.192261,0.732099,0.00178317,0.63412,1138.21,0,40,0,0.00100703,True
2026-04-14,323.255,6967.38,0.112484,0.00345086,0.644069,1.8649,0.00962239,1.34768,1143.55,0,40,0,0.00188031,True
2026-04-15,323.941,7022.95,0.109705,0.00336595,1.01944,2.03521,0.00845466,1.77542,1145.42,0,40,0,0.00212191,True
2026-04-16,324.507,7041.28,0.094805,0.00293776,0.758814,0.260465,0.00932232,0.793226,1142.52,0,40,0,0.00174845,True
2026-04-17,323.613,7126.06,0.119798,0.00365984,1.82013,2.11897,0.0118635,2.09026,1147.35,0,40,0,-0.00275469,True
2026-04-20,324.359,7109.14,0.127066,0.00387055,0.204802,-0.638411,0.0032762,0.621185,1139.37,0,40,0,0.00230455,True
2026-04-21,324.214,7064.01,0.139603,0.00424117,0,-0.650938,0.0031577,0.247623,1131.36,0,40,0,-0.000447566,True
2026-04-22,324.598,7137.9,0.126529,0.00385596,0,0.434896,0.00234547,0.418613,1140.79,0,40,0,0.00118512,True
2026-04-23,324.571,7108.4,0.131851,0.00401195,0,-0.346418,0.00211901,0.225469,1135.4,0,40,0,-8.48855e-05,True
2026-04-24,324.793,7165.08,0.128638,0.00391492,0,0.280064,0.00154384,0.406383,1142.5,0,40,0,0.000684996,True
2026-04-27,325.067,7173.91,0.124494,0.00379693,0,0.0232417,0.000737267,0.275231,1141.38,0,40,0,0.0008447,True
2026-04-28,325.027,7138.8,0.125446,0.00382537,0,-0.257457,0.000946405,0.178689,1135.36,0,40,0,-0.000123791,True
2026-04-29,325.087,7135.95,0.128328,0.0039091,0,-0.0339286,0.000660796,0.208339,1135.7,0,40,0,0.000185152,True
2026-04-30,325.365,7209.01,0.1127,0.00345072,0,0.328233,0.00113873,0.36723,1144.99,0,40,0,0.000853472,True
2026-05-01,325.55,7230.12,0.110474,0.00338865,0,0.0462584,0.00461138,0.330891,1145.41,0,40,0,0.000568814,True
2026-05-04,325.52,7200.75,0.120078,0.00366804,0,-0.268758,0.00152809,0.206522,1139.49,0,40,0,-9.06381e-05,True
2026-05-05,325.864,7259.22,0.107966,0.00331313,0,0.33523,0.000956338,0.301783,1145.68,0,40,0,0.00105574,True
2026-05-06,326.146,7365.12,0.107281,0.00329247,0.472467,1.97901,0.0087424,1.62191,1155.41,0,40,0,0.000864348,True
2026-05-07,326.505,7337.11,0.107131,0.00328527,0.00238456,-0.951644,0.00557094,0.407051,1146.88,0,40,0,0.00110107,True
2026-05-08,326.988,7398.93,0.0997682,0.00307134,0.229246,0.922486,0.00465971,0.708863,1151.68,0,40,0,0.00148073,True
2026-05-11,327.28,7412.84,0.112354,0.00344132,0.12646,0.0889435,0.00466818,0.483886,1149.62,0,40,0,0.000892098,True
2026-05-12,327.305,7400.96,0.107899,0.00330767,0,-0.36162,0.00188844,0.19982,1145.99,0,40,0,7.68391e-05,True
2026-05-13,327.523,7444.25,0.108541,0.00332417,0,0.239513,0.0012219,0.325362,1150.57,0,40,0,0.000665943,True
2026-05-14,328.029,7501.24,0.0953611,0.00294687,0.0152559,0.531107,0.00496941,0.422859,1155.35,0,40,0,0.00154432,True
2026-05-15,327.593,7408.5,0.130581,0.00397016,0,-0.77592,0.00213192,0.20723,1141.63,0,40,0,-0.00132858,True
2026-05-18,327.634,7403.05,0.125649,0.0038255,0,-0.0986668,0.000950906,0.188307,1142.51,0,40,0,0.000125548,True
2026-05-19,327.597,7353.61,0.130431,0.00396806,0,-0.179991,0.000929957,0.171262,1138.6,0,40,0,-0.000114192,True
2026-05-20,327.822,7432.97,0.126246,0.00384342,0,0.367343,0.0011401,0.434173,1151.29,0,40,0,0.000688939,True
2026-05-21,327.993,7445.72,0.121779,0.00371286,0,-0.0559482,0.0017307,0.323856,1152.24,0,40,0,0.00052072,True
2026-05-22,328.219,7473.47,0.120962,0.00368618,0,0.147568,0.00337806,0.359451,1153.81,0,40,0,0.000688645,True
2026-05-26,328.543,7519.12,0.116253,0.0035489,0,0.270047,0.00392497,0.4143,1156.75,0,40,0,0.000987076,True
2026-05-27,328.809,7520.36,0.113943,0.00348381,0,-0.0251741,0.00124513,0.232483,1153.69,0,40,0,0.000809201,True
2026-05-28,329.129,7563.63,0.108264,0.00331574,0,0.29373,0.00102176,0.310365,1157.09,0,40,0,0.000972525,True
2026-05-29,329.428,7580.06,0.104673,0.00320969,0,0.143671,0.00100492,0.255496,1156.68,0,40,0,0.000908455,True
2026-06-01,329.637,7599.96,0.10601,0.00325033,0,0.114648,0.00149894,0.262022,1157.14,0,40,0,0.000635596,True
2026-06-02,329.809,7609.78,0.104405,0.00320321,0,0.0260129,0.00125605,0.216327,1156.67,0,40,0,0.000520738,True
2026-06-03,329.77,7553.68,0.107757,0.00330289,0,-0.218829,0.00095858,0.139954,1149.2,0,40,0,-0.000118128,True
2026-06-04,329.874,7584.31,0.101292,0.00311613,0,0.0579649,0.000634077,0.190866,1154.4,0,40,0,0.000317174,True
2026-06-05,329.613,7383.74,0.147503,0.00446711,0,-0.421475,0.00106768,0.172874,1132.61,0,40,0,-0.000792768,True
2026-06-08,329.789,7405.73,0.13704,0.00415988,0,0.0881292,0.000813058,0.217272,1143.87,0,40,0,0.000533347,True
2026-06-09,329.619,7386.65,0.157116,0.00475154,0,-0.258816,0.00137235,0.278818,1147.14,0,40,0,-0.000513572,True
2026-06-10,329.414,7266.99,0.18387,0.00554325,0,-0.422986,0.00127124,0.238271,1137.64,0,40,0,-0.000623093,True
2026-06-11,329.733,7394.3,0.154908,0.00468417,0,0.456137,0.00112685,0.524286,1159.57,0,40,0,0.000969052,True
2026-06-12,330.14,7431.46,0.129842,0.0039504,0.00165458,0.100266,0.0029207,0.339127,1162.74,0,40,0,0.00123355,True
2026-06-15,330.242,7554.29,0.117348,0.00358219,0.361535,1.35181,0.00812458,1.3329,1174,0,40,0,0.000309386,True
2026-06-16,330.656,7511.35,0.128705,0.00391391,0.0071964,-0.672473,0.00289039,0.361456,1161.9,0,40,0,0.00125265,True
2026-06-17,330.647,7420.1,0.152374,0.00461098,0,-0.307166,0.00181632,0.208716,1148.12,0,40,0,-2.5643e-05,True
2026-06-18,330.993,7500.58,0.119199,0.00363777,0,0.285437,0.00107753,0.262383,1160.13,0,40,0,0.0010472,True
2026-06-22,331.035,7472.79,0.121871,0.00371642,0,-0.152538,0.000893046,0.185198,1156.71,0,40,0,0.000126615,True
2026-06-23,330.703,7365.46,0.139278,0.00422708,0,-0.482307,0.00113956,0.169304,1145.94,0,40,0,-0.00100443,True
2026-06-24,330.677,7358.22,0.141267,0.00428648,0,-0.117003,0.00143204,0.213609,1149.87,0,40,0,-7.78924e-05,True
2026-06-25,330.73,7357.49,0.142912,0.00433316,0,-0.0582572,0.00151316,0.23909,1153.28,0,40,0,0.000161265,True
2026-06-26,330.797,7354.02,0.132422,0.00402503,0,-0.0986403,0.00125767,0.200553,1155.79,0,40,0,0.000202691,True
2026-06-29,331.176,7440.43,0.119631,0.00365264,0,0.502246,0.00120013,0.439269,1167.42,0,40,0,0.00114363,True
2026-06-30,331.797,7499.36,0.106751,0.00327441,0.0645943,0.727743,0.00267323,0.582108,1171.42,0,40,0,0.00187548,True
2026-07-01,331.949,7483.23,0.106309,0.0032624,0,-0.295043,0.00404256,0.234036,1165.26,0,40,0,0.000458211,True
2026-07-02,331.959,7483.24,0.101493,0.00312105,0,-0.144486,0.00186996,0.176247,1162.93,0,40,0,2.95354e-05,True
2026-07-06,332.339,7537.43,0.0913926,0.00283576,0,0.382033,0.00247498,0.264387,1168.09,0,40,0,0.00114465,True
2026-07-07,332.272,7503.85,0.0978555,0.00302323,0,-0.271794,0.00168939,0.152638,1162.23,0,40,0,-0.000201308,True
2026-07-08,332.191,7482.71,0.105961,0.00325307,0,-0.172821,0.00100116,0.161977,1159.93,0,40,0,-0.000242132,True
2026-07-09,332.504,7543.64,0.0912254,0.00282589,0,0.34448,0.00132366,0.280487,1167.9,0,40,0,0.00094237,True
2026-07-10,332.874,7575.39,0.0815953,0.00255416,0.000432962,0.28373,0.000853204,0.272052,1170.24,0,40,0,0.00111253,True
2026-07-13,332.661,7515.34,0.114563,0.00350138,0,-0.393855,0.00186731,0.201011,1161.37,0,40,0,-0.00064174,True
2026-07-14,332.884,7543.59,0.0978182,0.00301566,0,0.0997844,0.00123206,0.171406,1165.39,0,40,0,0.00067023,True
2026-07-15,332.989,7572.4,0.0883105,0.00274665,0,0.0307735,0.00193598,0.17986,1168.36,0,40,0,0.000318272,True
2026-07-16,332.94,7533.77,0.0954708,0.00295051,0,-0.182863,0.00133905,0.137225,1163.08,0,40,0,-0.000147294,True
2026-07-17,332.685,7457.69,0.129322,0.00393409,0,-0.330967,0.00113313,0.185661,1155.31,0,40,0,-0.000766347,True
2026-07-20,332.771,7443.28,0.127077,0.0038685,0,-0.0372191,0.000967289,0.185426,1157.3,0,40,0,0.000256269,True
2026-07-21,333.042,7509.2,0.116214,0.00355095,0,0.301373,0.00108084,0.327301,1168.49,0,40,0,0.000814616,True
2026-07-22,333.186,7498.96,0.117093,0.00357649,0,-0.0735522,0.00136545,0.221398,1167.35,0,40,0,0.000433882,True
2026-07-23,332.885,7408.3,0.133137,0.00404642,0,-0.481973,0.00103024,0.169063,1156.71,0,40,0,-0.000905133,True
2026-07-24,332.952,7411.98,0.130015,0.00395562,0,-0.0221398,0.00113802,0.204208,1160.22,0,40,0,0.000203184,True
2026-07-27,332.842,7413.18,0.128674,0.00391611,0,-0.224103,0.00174694,0.213073,1162.57,0,40,0,-0.00033025,True
2026-07-28,332.952,7428.78,0.126555,0.00385531,0,0.0135506,0.000946752,0.238308,1166.21,0,40,0,0.000330694,True
2026-07-29,332.788,7316.15,0.140179,0.0042552,0,-0.367937,0.000909381,0.169314,1153.58,0,40,0,-0.000492348,True
2026-07-30,332.921,7437.63,0.119079,0.00363343,0,0.427091,0.00229848,0.57704,1171.76,0,40,0,0.000398188,True
2026-07-31,333.074,7489.72,0.104763,0.00321673,0.225528,0.385231,0.0055084,0.67953,1175.77,0,40,0,0.000460321,True
2026-08-03,333.124,7600.5,0.0980394,0.00302419,1.11428,2.88954,0.0107413,2.48872,1184.32,0,40,0,0.00015114,True
2026-08-04,331.666,7736.52,0.107396,0.00328849,5.29303,9.18089,0.0180556,7.92108,1189.94,0,40,0,-0.00437808,True
2026-08-05,332.15,7723.55,0.1052,0.00322501,3.38716,-1.44183,0.010884,2.6993,1175.34,0,40,0,0.00145896,True
2026-08-06,332.668,7709.96,0.0998184,0.00306866,1.02024,-0.582438,0.00598395,0.669554,1166.83,0,40,0,0.00155902,True
2026-08-07,332.886,7757.64,0.0930437,0.00287423,0.79852,0.64412,0.00535364,0.381969,1169.14,0,40,0,0.000655314,True
2026-08-10,333.09,7753.11,0.0947407,0.00292738,0.00888645,-0.0731281,0.00157224,0.185479,1166.5,0,40,0,0.000614974,True
2026-08-11,333.126,7728.2,0.0906285,0.00280548,0,-0.11003,0.00126947,0.12678,1163.69,0,40,0,0.000105747,True
2026-08-12,333.222,7748.5,0.0843913,0.00263042,0,0.032367,0.00110722,0.143883,1166.73,0,40,0,0.000287933,True
2026-08-13,333.017,7798.99,0.080698,0.00252514,0,-0.0930899,0.00435213,0.32876,1171.75,0,40,0,-0.000612645,True
2026-08-14,333.142,7785.76,0.0732103,0.00231129,0,-0.143524,0.00157306,0.130213,1168.15,0,40,0,0.000373399,True
2026-08-17,333.074,7745.06,0.0833084,0.00259249,0,-0.161267,0.00127484,0.11589,1162.52,0,40,0,-0.000202625,True
2026-08-18,332.996,7691.76,0.0924131,0.00285634,0,-0.166725,0.000726382,0.116763,1157.54,0,40,0,-0.000236486,True
2026-08-19,333.099,7707.98,0.0880674,0.00273577,0,0.0481559,0.000828083,0.145853,1162.61,0,40,0,0.000311025,True
2026-08-20,333.03,7641.16,0.0981838,0.00302407,0,-0.185129,0.000765957,0.123794,1157.4,0,40,0,-0.000206172,True
2026-08-21,333.083,7674.37,0.106796,0.0032747,0,0.104413,0.00105891,0.278499,1164.94,0,40,0,0.000156654,True
2026-08-24,333.124,7652.86,0.106065,0.0032516,0,-0.162335,0.0010466,0.176845,1163.63,0,40,0,0.000123351,True
2026-08-25,333.257,7677.28,0.104618,0.00321035,0,0.0755064,0.00110096,0.218938,1167.61,0,40,0,0.000401411,True
2026-08-26,333.347,7675.7,0.10544,0.00323404,0,-0.0375368,0.000735827,0.193583,1167.34,0,40,0,0.000267925,True
2026-08-27,333.58,7730.99,0.0981086,0.00301946,0,0.26016,0.00189154,0.313886,1173.18,0,40,0,0.000699137,True
2026-08-28,333.226,7711.76,0.0952131,0.00293913,0,-0.595306,0.00373137,0.160953,1168.47,0,40,0,-0.00106071,True
2026-08-31,333.194,7686.14,0.0983242,0.00302917,0,-0.149133,0.000749148,0.138701,1164.37,0,40,0,-9.70367e-05,True
2026-09-01,333.098,7631.47,0.110834,0.00339199,0,-0.194481,0.000842646,0.146433,1158.75,0,40,0,-0.000286958,True
2026-09-02,333.228,7666.6,0.102256,0.00314011,0,0.0871363,0.00103646,0.201362,1165.47,0,40,0,0.000391136,True
2026-09-03,333.485,7747.71,0.0949874,0.00292793,0.0252397,0.616786,0.00397478,0.62403,1175.51,0,40,0,0.000771131,True
2026-09-04,333.579,7718.6,0.0932125,0.00287953,0,-0.42563,0.00237667,0.192358,1169.54,0,40,0,0.000281865,True
2026-09-08,333.464,7673.52,0.105701,0.00324345,0,-0.260678,0.00120862,0.14859,1163.32,0,40,0,-0.000346726,True
2026-09-09,333.446,7636.36,0.11339,0.00346612,0,-0.116357,0.000710432,0.158909,1160.15,0,40,0,-5.23668e-05,True
2026-09-10,333.384,7591.7,0.130179,0.00395726,0,-0.15736,0.000697713,0.188685,1158.06,0,40,0,-0.000184773,True
2026-09-11,333.678,7656.98,0.101866,0.00313288,0,0.228088,0.00131334,0.220949,1169.8,0,40,0,0.000879595,True
2026-09-14,333.552,7619.98,0.124936,0.0038044,0,-0.247471,0.00110649,0.218989,1165.75,0,40,0,-0.000376069,True
2026-09-15,333.558,7585.73,0.136503,0.00414231,0,-0.13356,0.000911745,0.210949,1162.92,0,40,0,1.77737e-05,True
2026-09-16,333.587,7551.81,0.0872767,0.00266438,0,-0.14331,0.000883432,0.122705,1077.65,0,30,0,8.59326e-05,True
2026-09-17,333.819,7637.76,0.0401338,0.00125578,0,0.238397,0.0010092,0.167117,922.216,0,20,0,0.000695033,True
2026-09-18,333.803,7650.5,0.0193404,0.000605058,0,-0.0835229,0.00138557,0.116209,671.543,0,10,0,-4.57293e-05,True
2026-09-21,334.011,7764.7,0,0,0.474528,1.23773,0.00678377,0.664866,340.645,0,0,0,0.000622411,True
2026-09-22,334.419,7764.27,0,0,0.21682,-0.0368827,0.00353634,0,0,0,0,0,0.0012204,True
