date,nav,spot,prem_mid,opt_cost,payoff,hedge_pnl,hedge_cost,liab,short_notional,net_delta_units,n_sold,n_skipped,atm_2d,atm_5d,stress_-10%,stress_-5%,stress_+3%,stress_+5%,stress_+8%,stress_+12%,ret,real_hourly
2011-01-03,99.9973,1271.87,0.0364769,0.00190062,0,0,0.000789555,0.0364769,95,0,36,4,0.111832,0.117309,-0.634379,-0.299719,-1.05927,-2.74001,-5.33757,-8.80498,-2.69018e-05,False
2011-01-04,100.01,1270.2,0.0346531,0.00189655,0,-0.00703051,0.00124328,0.0483327,190.887,0,36,4,0.112086,0.117576,-0.903492,-0.428904,-2.08093,-5.52234,-10.8572,-18.0026,0.000126273,False
2011-01-05,99.9912,1276.56,0.0387663,0.00192679,0,0.0229701,0.00335167,0.123541,274.286,0,37,3,0.120212,0.126191,-2.13305,-1.00695,-3.35305,-8.1888,-15.5652,-25.4802,-0.000187483,False
2011-01-06,100.003,1273.85,0.0402292,0.00196923,0,-0.0647255,0.00290649,0.0819033,342.647,0,37,3,0.126363,0.132777,-1.46974,-0.696456,-3.59926,-9.71245,-19.3742,-32.2214,0.000122667,False
2011-01-07,100.009,1271.5,0.0386571,0.00186118,0,-0.0497688,0.00241402,0.0611384,374.576,0,35,5,0.125679,0.132243,-1.09049,-0.516977,-3.34401,-10.0168,-20.7609,-35.0226,5.37783e-05,False
2011-01-10,100.025,1269.75,0.035813,0.00186285,0,-0.0292728,0.00167936,0.0481585,373.521,0,35,5,0.115429,0.12117,-0.89894,-0.427032,-2.98312,-9.689,-20.4152,-34.8044,0.000159764,False
2011-01-11,100.067,1274.48,0.0334878,0.00186481,0,0.0337654,0.00148448,0.0695057,373.871,0,36,4,0.109653,0.115107,-1.38401,-0.658869,-3.96937,-10.8963,-21.4054,-35.6659,0.000425461,False
2011-01-12,100.008,1285.96,0.0371346,0.00191761,0.0075626,0.156165,0.00722031,0.305315,377.086,0,37,3,0.117233,0.123183,-4.88281,-2.29128,-5.15157,-11.4822,-20.9783,-33.8597,-0.000591699,False
2011-01-13,100.118,1283.76,0.0401119,0.00194307,0,-0.0817433,0.00630215,0.146092,375.683,0,37,3,0.122715,0.129123,-2.71343,-1.28636,-4.6649,-11.2371,-21.4485,-35.1099,0.00109337,False
2011-01-14,100.252,1293.24,0.0357307,0.00187335,0.0339982,0.241129,0.00990153,0.242782,377.201,0,36,4,0.110539,0.116311,-4.67947,-2.22083,-5.17498,-11.521,-21.0876,-34.0632,0.00134238,False
2011-01-18,100.458,1295.02,0.0316394,0.00186102,0.000513952,0.030218,0.00749262,0.0891615,376.685,0,36,4,0.102435,0.107452,-2.18027,-1.04733,-5.30801,-12.2203,-22.529,-36.5576,0.00205094,False
2011-01-19,100.373,1281.92,0.0367961,0.00188268,0,-0.161838,0.00326605,0.0431901,373.207,0,36,4,0.11191,0.117475,-0.797058,-0.378403,-2.60303,-9.1926,-19.9109,-34.2815,-0.000838353,False
2011-01-20,100.363,1280.26,0.0413071,0.00196352,0,-0.0118739,0.00195785,0.0786438,373.484,0,37,3,0.135493,0.14237,-1.22211,-0.574634,-2.56017,-8.79257,-19.4805,-33.5044,-9.90495e-05,False
2011-01-21,100.414,1283.35,0.0430181,0.00196598,0,0.0248157,0.0023162,0.0911013,374.922,0,37,3,0.132482,0.139207,-1.5015,-0.708155,-3.17692,-9.66999,-20.2489,-34.2619,0.000509091,False
2011-01-24,100.536,1290.84,0.0379477,0.00190468,0,0.0968918,0.00240394,0.100105,377.229,0,36,4,0.116488,0.122193,-1.98517,-0.944867,-4.65158,-11.5241,-21.9087,-35.9505,0.00121026,False
2011-01-25,100.56,1291.18,0.0377544,0.00192776,0,-0.0302919,0.00405301,0.0780189,378.88,0,37,3,0.117758,0.123525,-1.55139,-0.738894,-4.55671,-11.4823,-22.0748,-36.3381,0.000234421,False
2011-01-26,100.581,1296.63,0.0376964,0.00184872,0,0.0353461,0.00377152,0.123657,377.851,0,36,4,0.122198,0.128275,-2.30477,-1.09334,-4.84591,-11.6166,-21.9448,-35.824,0.000216626,False
2011-01-27,100.668,1299.54,0.038052,0.00190522,0,0.0387712,0.00249104,0.109782,379.567,0,37,3,0.121021,0.127164,-2.13408,-1.01497,-4.79579,-11.6025,-22.0268,-36.0351,0.00085804,False
2011-01-28,100.297,1276.34,0.0545817,0.00212545,0,-0.456403,0.0074388,0.0690896,376.057,0,39,1,0.169391,0.177988,-0.851163,-0.396061,-1.21885,-5.94321,-16.5659,-30.7977,-0.00368235,False
2011-01-31,100.385,1286.12,0.0439203,0.0019882,0,0.0580775,0.0015068,0.0795582,381.036,0,37,3,0.139177,0.145993,-1.23173,-0.579105,-2.44653,-8.59002,-19.4797,-33.7752,0.000877736,False
2011-02-01,100.206,1307.59,0.0374136,0.00182127,0.0652422,0.264138,0.0107034,0.481965,383.399,0,35,5,0.119536,0.12539,-6.29909,-2.91185,-4.74885,-10.885,-20.0589,-32.5217,-0.00177937,False
2011-02-02,100.367,1304.03,0.0381212,0.00190158,0,-0.170429,0.00656403,0.18075,382.363,0,37,3,0.123732,0.129886,-3.23241,-1.5287,-4.45712,-10.9855,-21.2107,-34.8771,0.00160111,False
2011-02-03,100.431,1307.1,0.0393177,0.00188881,0,-0.00554602,0.00633392,0.142094,380.98,0,37,3,0.123449,0.129715,-2.77527,-1.31946,-4.55936,-11.1555,-21.4922,-35.2926,0.000639703,False
2011-02-04,100.522,1310.87,0.036045,0.00184613,0.00635952,0.0148027,0.00474798,0.0884919,378.808,0,36,4,0.111114,0.116754,-1.9023,-0.908924,-4.66179,-11.5803,-22.0374,-36.1995,0.000911034,False
2011-02-07,100.636,1319.05,0.0328159,0.00183288,0.0295047,0.139561,0.00198759,0.114204,378.22,0,36,4,0.102097,0.107097,-2.53733,-1.2136,-5.62741,-12.5251,-22.7297,-36.6515,0.00112751,False
2011-02-08,100.689,1324.57,0.028757,0.00177694,0,0.0447929,0.0062377,0.126385,377.32,0,34,6,0.0939696,0.0985717,-3.14613,-1.51178,-6.0643,-12.8256,-22.8437,-36.4958,0.000530169,False
2011-02-09,100.685,1320.88,0.0315435,0.00182496,0,-0.0989423,0.00597448,0.055519,373.042,0,35,5,0.0990941,0.104022,-1.3173,-0.632437,-5.10525,-12.1118,-22.5616,-36.7802,-4.30207e-05,False
2011-02-10,100.69,1321.87,0.0337088,0.00182864,0,-0.0118734,0.00219479,0.0679173,372.543,0,36,4,0.105286,0.11063,-1.43885,-0.68735,-4.83147,-11.8049,-22.181,-36.3021,5.37672e-05,False
2011-02-11,100.67,1329.15,0.0345546,0.00182606,0,0.045026,0.00420704,0.161427,374.796,0,36,4,0.11128,0.117091,-3.06131,-1.45255,-5.30727,-11.9885,-21.9173,-35.4243,-0.000198249,False
2011-02-14,100.821,1332.32,0.033806,0.00179421,0,0.0617083,0.00172853,0.102956,375.068,0,35,5,0.100267,0.105254,-2.41063,-1.15587,-5.64974,-12.472,-22.6245,-36.4505,0.0014946,False
2011-02-15,100.846,1328.01,0.0332403,0.00180801,0,-0.0568053,0.0026821,0.0500409,374.44,0,36,4,0.102072,0.107149,-1.11125,-0.532109,-4.58893,-11.6095,-22.1481,-36.4662,0.000246578,False
2011-02-16,100.897,1336.32,0.0356628,0.00183394,0,0.102264,0.00262361,0.131873,377.854,0,36,4,0.103441,0.108691,-2.68442,-1.27857,-5.4688,-12.305,-22.4173,-36.2084,0.000512044,False
2011-02-17,100.795,1340.43,0.0413271,0.00190772,0.00195969,0.00836494,0.00759327,0.272203,378.093,0,37,3,0.129279,0.136031,-4.14259,-1.93969,-4.89058,-11.2383,-20.9543,-33.9782,-0.00101191,False
2011-02-18,101.005,1343.01,0.0365836,0.00178144,0,0.0544058,0.00542025,0.145757,378.182,0,35,5,0.112868,0.118762,-2.93378,-1.39697,-5.02156,-11.6302,-21.7203,-35.3324,0.00208575,False
2011-02-22,100.639,1315.44,0.054169,0.00210398,0,-0.494282,0.00472008,0.0649503,375.743,0,39,1,0.168891,0.177163,-0.792696,-0.368622,-1.1155,-5.63065,-16.1321,-30.3532,-0.00362485,False
2011-02-23,100.626,1307.4,0.0573004,0.00215982,0,-0.0550644,0.00152471,0.0769087,380.202,0,39,1,0.179236,0.188149,-0.881248,-0.408004,-0.980463,-4.51116,-14.7021,-29.086,-0.000133218,False
2011-02-24,100.651,1306.1,0.0580576,0.00217342,0,-0.0170852,0.00174553,0.0889853,382.593,0,39,1,0.179103,0.188194,-1.03663,-0.480242,-1.28549,-5.19137,-15.5572,-29.8986,0.000248215,False
2011-02-25,100.731,1319.88,0.0485168,0.00196866,0,0.0793133,0.00331454,0.131158,388.458,0,37,3,0.149577,0.157169,-1.87224,-0.875435,-2.8609,-8.85822,-19.71,-33.9284,0.000798548,False
2011-02-28,100.88,1327.22,0.0425049,0.00196979,0,0.0962772,0.00219673,0.116801,391.359,0,38,2,0.13088,0.13729,-2.04507,-0.96745,-4.11538,-10.8993,-21.6949,-36.0976,0.0014789,False
2011-03-01,100.734,1306.33,0.0495734,0.00201502,0,-0.242896,0.00603109,0.0619342,384.944,0,38,2,0.16305,0.171035,-0.799802,-0.373308,-1.28242,-6.16576,-16.9995,-31.5434,-0.00145223,False
2011-03-02,100.754,1308.44,0.0538511,0.00211158,0,-0.00120763,0.00157737,0.0909413,385.869,0,38,2,0.165879,0.174128,-1.15303,-0.536565,-1.70075,-6.84768,-17.7133,-32.0946,0.000198021,False
2011-03-03,100.786,1330.97,0.0436547,0.00192373,0.0151915,0.284405,0.00540228,0.364379,393.829,0,39,1,0.138601,0.145636,-4.63132,-2.13944,-4.09397,-10.4276,-20.4431,-33.8057,0.000318641,False
2011-03-04,100.821,1321.15,0.0452611,0.00193263,0,-0.280247,0.00615824,0.0855624,390.782,0,38,2,0.141127,0.14829,-1.39348,-0.657556,-3.00698,-9.33752,-20.3617,-34.9171,0.000354612,False
2011-03-07,100.676,1310.13,0.0472791,0.00194662,0,-0.21029,0.00548941,0.0603127,386.2,0,37,3,0.152806,0.16029,-0.841455,-0.394156,-1.64592,-6.97048,-17.9458,-32.5133,-0.00144014,False
2011-03-08,100.657,1321.82,0.0418374,0.00188322,0,-0.00341785,0.0048033,0.111554,386.344,0,37,3,0.13579,0.142441,-1.74751,-0.821262,-3.06013,-9.41824,-20.2375,-34.5348,-0.000193769,False
2011-03-09,100.681,1320.02,0.0451895,0.00192771,0,-0.0373509,0.00209337,0.0915889,385.618,0,38,2,0.144399,0.151581,-1.42021,-0.668184,-2.86518,-9.10943,-20.029,-34.3749,0.000236272,False
2011-03-10,100.587,1295.11,0.0608875,0.00222699,0,-0.165261,0.00269626,0.0754289,381.022,0,39,1,0.190079,0.199727,-0.816375,-0.377059,-0.775259,-4.25061,-14.3121,-28.8302,-0.000925068,False
2011-03-11,100.65,1304.28,0.050068,0.00207532,0,0.02854,0.00221958,0.0871137,387.123,0,39,1,0.158804,0.166864,-1.1672,-0.544697,-1.70192,-6.78708,-17.7223,-32.1433,0.000622625,False
2011-03-14,100.659,1296.39,0.049362,0.00209604,0,-0.0615741,0.00132198,0.062981,388.555,0,39,1,0.154838,0.162421,-0.849428,-0.396907,-1.40382,-5.95343,-16.8717,-31.4953,8.44775e-05,False
2011-03-15,100.605,1281.87,0.060298,0.00223775,0,-0.0946888,0.0018155,0.0782716,386.639,0,39,1,0.185738,0.194835,-0.866076,-0.400418,-0.89172,-4.26476,-14.2577,-28.9223,-0.000533831,False
2011-03-16,100.486,1256.88,0.07636,0.00261552,0,-0.17287,0.00225293,0.0959534,383.414,0,40,0,0.238891,0.250771,-0.815936,-0.371998,-0.428753,-2.12794,-9.30489,-23.9249,-0.00118345,False
2011-03-17,100.51,1273.72,0.0763343,0.0026016,0,0.103871,0.0023759,0.246476,390.956,0,40,0,0.241265,0.253511,-2.00387,-0.900944,-1.23197,-4.65555,-14.0815,-28.5474,0.000245864,False
2011-03-18,100.732,1279.21,0.0650817,0.00232322,0,0.0799028,0.00323478,0.163912,392.905,0,39,1,0.211447,0.222179,-1.69195,-0.776676,-1.62229,-6.021,-16.3132,-30.856,0.00220863,False
2011-03-21,100.901,1298.38,0.0491778,0.00198222,0.0108094,0.182022,0.00662849,0.206792,394.526,0,37,3,0.157463,0.165174,-2.96842,-1.38666,-3.53986,-9.64876,-20.2266,-34.2217,0.00167672,False
2011-03-22,100.99,1293.77,0.047129,0.00198457,0,-0.0828944,0.00327167,0.0769457,391.027,0,38,2,0.153907,0.161445,-1.16564,-0.548644,-2.6039,-8.56983,-19.5947,-34.1833,0.000880308,False
2011-03-23,101.018,1297.54,0.049821,0.00207114,0,0.00497743,0.00353782,0.0980031,389.829,0,38,2,0.154959,0.162665,-1.37377,-0.642937,-2.70117,-8.79513,-19.7674,-34.1982,0.000278563,False
2011-03-24,101.042,1309.66,0.0478062,0.00194328,0,0.109079,0.00676546,0.222531,389.891,0,37,3,0.152102,0.159822,-3.0413,-1.41572,-3.93054,-10.2684,-20.7232,-34.4985,0.000234103,False
2011-03-25,101.234,1313.8,0.0473732,0.00203216,0,0.105784,0.00221472,0.179429,392.25,0,39,1,0.145983,0.153393,-2.76423,-1.29764,-4.04549,-10.5103,-21.1015,-35.0756,0.00190031,False
2011-03-28,101.31,1310.19,0.0470518,0.00195742,0,-0.059779,0.00531938,0.0838398,390.59,0,38,2,0.150097,0.157448,-1.31955,-0.622167,-3.11669,-9.4506,-20.4645,-34.9375,0.000746641,False
2011-03-29,101.346,1319.44,0.0439233,0.00194341,0,0.0206682,0.00335092,0.106637,392.179,0,38,2,0.133081,0.139599,-1.83814,-0.869369,-4.0188,-10.7738,-21.6565,-36.077,0.000360277,False
2011-03-30,101.355,1328.26,0.0453111,0.00197876,0,0.0826291,0.00536101,0.218629,394.38,0,38,2,0.138623,0.145517,-3.31984,-1.55602,-4.52656,-11.1295,-21.5574,-35.4307,8.49455e-05,False
2011-03-31,101.464,1325.83,0.042745,0.0019431,0,-0.0547689,0.0035455,0.0917681,391.146,0,37,3,0.134716,0.141554,-1.60416,-0.759863,-3.85746,-10.5413,-21.4688,-35.8987,0.00107887,False
2011-04-01,101.574,1332.41,0.0381624,0.00183754,0,0.0748009,0.00348758,0.0893807,388.516,0,36,4,0.119467,0.125531,-1.76718,-0.841829,-4.51627,-11.4311,-22.1375,-36.5163,0.00108438,False
2011-04-04,101.63,1332.87,0.035697,0.00184463,0,-0.00421519,0.00278221,0.0601081,386.044,0,37,3,0.112933,0.118464,-1.19772,-0.571026,-4.16912,-11.2018,-21.9829,-36.5464,0.000552578,False
2011-04-05,101.658,1332.63,0.0342874,0.00183132,0,-0.0107278,0.00221658,0.0519484,382.123,0,36,4,0.105906,0.111093,-1.06828,-0.510073,-4.01512,-11.0686,-21.7443,-36.2445,0.000272276,False
2011-04-06,101.69,1335.54,0.0340932,0.00183786,0,0.0203905,0.00252145,0.0697158,381.908,0,36,4,0.105773,0.111033,-1.44218,-0.688477,-4.58003,-11.6352,-22.1783,-36.5155,0.000318293,False
2011-04-07,101.675,1333.51,0.037166,0.00183064,0,-0.0493704,0.00262214,0.0685289,379.414,0,36,4,0.115291,0.121142,-1.30748,-0.621946,-4.06733,-11.0048,-21.55,-35.783,-0.000152131,False
2011-04-08,101.597,1328.17,0.0399298,0.00189945,0,-0.116885,0.00654582,0.061053,380.761,0,37,3,0.125683,0.132063,-1.05154,-0.497966,-3.09168,-9.7906,-20.5427,-34.8336,-0.000766412,False
2011-04-11,101.598,1324.46,0.0374425,0.00186299,0,-0.0450527,0.00268168,0.0480981,378.514,0,36,4,0.116827,0.122549,-0.866133,-0.411043,-2.68192,-9.32066,-20.0365,-34.3902,7.87459e-06,False
2011-04-12,101.581,1314.16,0.0422235,0.00191335,0,-0.0512065,0.00177244,0.0520991,378.643,0,37,3,0.128515,0.134907,-0.824468,-0.38867,-1.78213,-7.47504,-18.3153,-32.539,-0.000164078,False
2011-04-13,101.604,1314.41,0.039459,0.00193366,0,-0.00833093,0.00153252,0.0566567,379.971,0,37,3,0.118884,0.124918,-0.986188,-0.467031,-2.44771,-8.65472,-19.3944,-33.7259,0.000227447,False
2011-04-14,101.57,1314.52,0.0448734,0.0019711,0,-0.0289752,0.00294891,0.101847,380.906,0,37,3,0.14135,0.148731,-1.51146,-0.709128,-2.8347,-9.05322,-19.7308,-33.7372,-0.000336716,False
2011-04-15,101.648,1319.68,0.0414282,0.0019123,0,0.0318334,0.00293595,0.0924642,384.448,0,37,3,0.125256,0.131797,-1.6313,-0.772725,-3.90421,-10.7025,-21.3271,-35.541,0.000765934,False
2011-04-18,101.58,1305.14,0.0458484,0.00200798,0,-0.143703,0.0021946,0.0575279,384.69,0,38,2,0.143587,0.150728,-0.829635,-0.389411,-1.79032,-7.55712,-18.5234,-32.9185,-0.000660329,False
2011-04-19,101.635,1312.62,0.0382624,0.00185207,0,0.0307724,0.00188668,0.0679908,384.577,0,35,5,0.119671,0.125622,-1.19639,-0.566675,-3.07863,-9.72867,-20.5204,-34.94,0.0005398,False
2011-04-20,101.487,1330.36,0.0406647,0.0018386,0.0426992,0.269074,0.00954628,0.471513,385.9,0,35,5,0.121382,0.127543,-6.08641,-2.81416,-4.77007,-10.9049,-20.071,-32.5167,-0.00145488,False
2011-04-21,101.714,1337.38,0.0356538,0.00184721,0.126089,0.390109,0.0043325,0.538095,385.333,0,36,4,0.108315,0.113972,-7.45449,-3.46504,-4.9615,-10.7479,-19.4935,-31.3685,0.00223586,False
2011-04-25,101.892,1335.25,0.035635,0.00181195,0.0133111,-0.181463,0.00980781,0.19004,379.899,0,35,5,0.108954,0.11429,-3.79846,-1.80786,-4.80117,-11.2437,-21.0173,-34.2423,0.00174307,False
2011-04-26,101.752,1347.24,0.0355713,0.00185326,0.375118,0.418737,0.0164317,0.390635,381.125,0,37,3,0.110478,0.115888,-6.10438,-2.86231,-5.1982,-11.2729,-20.302,-32.6025,-0.00137097,False
2011-04-27,101.672,1355.66,0.0369797,0.0018271,0.376986,0.295418,0.0134482,0.410765,382.148,0,36,4,0.109834,0.115296,-6.82069,-3.21057,-5.35152,-11.261,-20.1399,-32.2009,-0.000786161,False
2011-04-28,101.699,1360.48,0.0338601,0.00180387,0.0777113,0.0454669,0.0194307,0.36425,382.788,0,36,4,0.103927,0.109202,-6.33411,-2.99003,-5.26135,-11.3196,-20.3609,-32.6733,0.000264537,False
2011-04-29,101.819,1363.61,0.034386,0.00179632,0.138374,0.110455,0.0102956,0.238662,383.086,0,36,4,0.107812,0.113284,-4.42423,-2.09687,-5.2407,-11.6807,-21.3176,-34.416,0.00117958,False
2011-05-02,101.868,1361.22,0.0352411,0.00180499,0.0173788,-0.139353,0.00704331,0.0588636,382.183,0,36,4,0.106584,0.111803,-1.2944,-0.619927,-4.74575,-11.7871,-22.3865,-36.7657,0.000485765,False
2011-05-03,101.867,1356.62,0.0351607,0.00180883,0,-0.0439044,0.00158532,0.0479809,379.846,0,36,4,0.108361,0.113668,-0.942172,-0.448923,-3.58657,-10.5343,-21.1907,-35.6018,-1.23211e-05,False
2011-05-04,101.849,1347.32,0.0419346,0.00192056,0,-0.0478152,0.00169974,0.0561744,379.991,0,37,3,0.127432,0.13377,-0.9103,-0.429722,-2.24014,-8.49208,-19.2872,-33.5283,-0.000173701,False
2011-05-05,101.805,1335.1,0.0514136,0.00206209,0,-0.0782158,0.00168279,0.0699168,380.221,0,38,2,0.15657,0.164517,-0.914606,-0.426854,-1.41919,-6.26403,-17.031,-31.1179,-0.000434853,False
2011-05-06,101.84,1340.2,0.0489448,0.00198835,0,0.013267,0.00225055,0.0924459,384.836,0,38,2,0.148411,0.155944,-1.3182,-0.617583,-2.30537,-8.16878,-19.0237,-33.1474,0.000348154,False
2011-05-09,101.934,1346.29,0.0369615,0.00188262,0,0.0274278,0.00188418,0.0594419,388.962,0,37,3,0.113695,0.119263,-1.15971,-0.552464,-3.59952,-10.5463,-21.3828,-36.0139,0.000919344,False
2011-05-10,101.987,1357.16,0.0330516,0.00178621,0,0.0876393,0.00284156,0.122924,388.991,0,35,5,0.0984564,0.103278,-2.70539,-1.29398,-5.55095,-12.5131,-22.8312,-36.9147,0.000515832,False
2011-05-11,101.902,1342.08,0.0387046,0.0018783,0,-0.189145,0.00355751,0.051436,384.695,0,37,3,0.122108,0.12818,-0.891665,-0.422554,-2.79897,-9.40625,-20.2978,-34.7776,-0.000827437,False
2011-05-12,101.905,1348.65,0.0385534,0.00184414,0,0.00344766,0.00264131,0.0859934,383.293,0,36,4,0.116262,0.122163,-1.55649,-0.738028,-3.96638,-10.841,-21.4053,-35.6442,2.90296e-05,False
2011-05-13,101.862,1337.77,0.0424168,0.001885,0,-0.108813,0.00229904,0.0582164,380.694,0,37,3,0.131122,0.137778,-0.934495,-0.441043,-2.32731,-8.55545,-19.3751,-33.5947,-0.000420035,False
2011-05-16,101.841,1329.47,0.0443377,0.00197719,0,-0.0650021,0.00220399,0.0549751,381.496,0,38,2,0.134605,0.141197,-0.836725,-0.393734,-1.74942,-7.35539,-18.2435,-32.4966,-0.000212092,False
2011-05-17,101.846,1328.98,0.0391377,0.0019018,0,-0.0305513,0.00179701,0.0545099,384.403,0,37,3,0.122838,0.128854,-0.929225,-0.439756,-2.24706,-8.33591,-19.2202,-33.6651,5.25599e-05,False
2011-05-18,101.88,1340.68,0.0350662,0.00183969,0,0.0677915,0.00353269,0.117983,387.098,0,36,4,0.105592,0.110843,-2.31343,-1.10054,-4.43656,-11.3682,-21.7366,-35.8868,0.000333959,False
2011-05-19,101.867,1343.6,0.0402515,0.0018855,0,0.0150516,0.0039094,0.181082,389.385,0,37,3,0.123158,0.129409,-3.08047,-1.45406,-4.76154,-11.4946,-21.7471,-35.554,-0.000133401,False
2011-05-20,101.808,1333.27,0.0464229,0.00193635,0,-0.196376,0.00319434,0.0847519,387.155,0,38,2,0.150243,0.15809,-1.28615,-0.605348,-2.93445,-9.22882,-20.088,-34.3605,-0.000576768,False
2011-05-23,101.776,1317.37,0.0498319,0.00209455,0,-0.105364,0.00203741,0.0569671,384.399,0,39,1,0.151258,0.158781,-0.753425,-0.351775,-1.12169,-5.79556,-16.5707,-30.9421,-0.000313133,False
2011-05-24,101.799,1316.28,0.047035,0.00194496,0,-0.010985,0.00139037,0.066349,387.229,0,37,3,0.145031,0.152244,-0.941088,-0.440986,-1.56378,-6.3264,-17.2081,-31.5863,0.000229256,False
2011-05-25,101.806,1320.47,0.0476252,0.00200835,0,-0.00353653,0.00292231,0.0983588,389.676,0,38,2,0.145886,0.15329,-1.42084,-0.665847,-2.4151,-8.0351,-18.9476,-33.2352,7.02186e-05,False
2011-05-26,101.905,1325.69,0.0434111,0.00195355,0,0.0612411,0.00210843,0.100345,390.987,0,37,3,0.134467,0.14149,-1.63541,-0.771628,-3.43957,-9.89976,-20.7527,-35.0954,0.000968539,False
2011-05-27,101.977,1331.1,0.0458343,0.00197373,0,0.0621185,0.00358339,0.130668,390.384,0,37,3,0.133938,0.140933,-2.16797,-1.02328,-4.16765,-10.8463,-21.4781,-35.5865,0.000707259,False
2011-05-31,102.198,1345.2,0.0348188,0.00180822,0.00462818,0.323063,0.0158591,0.245817,390.362,0,35,5,0.110054,0.115444,-4.82461,-2.29412,-5.54365,-12.0064,-21.6962,-34.8604,0.00216164,False
2011-06-01,101.534,1314.55,0.052925,0.0020853,0,-0.886763,0.00989917,0.0640324,381.672,0,38,2,0.165157,0.17337,-0.795768,-0.370658,-1.18292,-5.89437,-16.5236,-30.8378,-0.00649759,False
2011-06-02,101.563,1312.94,0.0508559,0.00204908,0,-0.00888832,0.00142923,0.0731129,385.22,0,39,1,0.161038,0.169211,-0.941855,-0.439112,-1.37229,-6.00433,-16.735,-31.0764,0.000289645,False
2011-06-03,101.557,1300.16,0.0499663,0.00209006,0,-0.0666985,0.00170552,0.0587529,385.781,0,39,1,0.155501,0.163394,-0.757889,-0.353314,-1.0198,-4.59587,-14.892,-29.3165,-6.0728e-05,False
2011-06-06,101.539,1286.17,0.045351,0.00201381,0,-0.0685611,0.00125502,0.0504077,387.095,0,39,1,0.145018,0.15212,-0.694476,-0.324863,-0.982922,-4.15759,-13.8933,-28.4202,-0.000178557,False
2011-06-07,101.562,1284.94,0.043766,0.0019995,0,-0.00817659,0.00158307,0.0594691,388.579,0,37,3,0.137145,0.143861,-0.893,-0.419636,-1.6313,-5.85076,-16.3538,-30.844,0.000225977,False
2011-06-08,101.559,1279.56,0.045262,0.00202231,0,-0.0392185,0.00148584,0.0642639,386.589,0,37,3,0.145121,0.152339,-0.921938,-0.432327,-1.73628,-6.45809,-17.0919,-31.4534,-2.22465e-05,False
2011-06-09,101.581,1289,0.0464119,0.00206295,0,0.0624471,0.00313353,0.146069,390.341,0,39,1,0.146566,0.154005,-2.04682,-0.955868,-3.14335,-9.2912,-20.0367,-34.1608,0.000215216,False
2011-06-10,101.552,1270.98,0.0490287,0.00212363,0,-0.158867,0.00262397,0.0606373,387.118,0,39,1,0.156376,0.164313,-0.801069,-0.374357,-1.26346,-6.05154,-16.9168,-31.3918,-0.000287006,False
2011-06-13,101.577,1271.83,0.0449064,0.00198101,0,-0.0147095,0.00160253,0.062703,386.658,0,37,3,0.142563,0.149545,-0.924594,-0.43424,-1.75328,-7.13994,-18.102,-32.524,0.000241725,False
2011-06-14,101.489,1287.87,0.0417074,0.00198596,0,0.0406957,0.00898187,0.222122,392.003,0,37,3,0.12978,0.136136,-3.26047,-1.52383,-3.87173,-10.4005,-20.7205,-34.5527,-0.000866184,False
2011-06-15,101.119,1265.42,0.0533784,0.00214461,0,-0.563983,0.0100195,0.0692758,385.148,0,38,2,0.164164,0.172328,-0.885406,-0.412886,-1.39122,-6.12514,-16.8795,-31.3217,-0.00364497,False
2011-06-16,101.068,1267.64,0.067401,0.00241278,0,-0.00588041,0.00354973,0.175532,387.816,0,40,0,0.207756,0.218301,-1.7251,-0.788336,-1.74688,-6.52095,-16.8752,-31.1561,-0.00050137,False
2011-06-17,101.184,1271.5,0.0619088,0.00229401,0,0.0309696,0.00215331,0.147514,392.102,0,40,0,0.197364,0.207381,-1.63699,-0.755496,-1.95042,-6.97886,-17.5677,-31.9999,0.00115218,False
2011-06-20,101.341,1278.36,0.0515106,0.00204471,0,0.0559754,0.00371527,0.0925449,391.427,0,37,3,0.160934,0.168815,-1.32909,-0.623428,-2.61093,-8.52397,-19.4666,-33.9497,0.00154861,False
2011-06-21,101.329,1295.52,0.049617,0.00207363,0.00470601,0.183135,0.00619433,0.324863,395.355,0,38,2,0.154838,0.162421,-4.35894,-2.02514,-4.19457,-10.3266,-20.459,-33.86,-0.000123742,False
2011-06-22,101.426,1287.14,0.0485266,0.00210537,0,-0.186044,0.00529515,0.0829685,391.64,0,39,1,0.151349,0.158875,-1.22639,-0.576151,-2.68979,-8.77497,-19.7476,-34.2946,0.000957049,False
2011-06-23,101.435,1283.5,0.0567926,0.00217911,0,-0.0250467,0.00138968,0.102121,390.836,0,39,1,0.176384,0.185337,-1.2537,-0.582701,-2.024,-7.40261,-18.2013,-32.678,8.89735e-05,False
2011-06-24,101.378,1268.45,0.0687825,0.00242671,0,-0.121858,0.00254271,0.100389,389.726,0,39,1,0.215995,0.227275,-0.974827,-0.448108,-0.820996,-4.15941,-13.933,-28.6936,-0.000555159,False
2011-06-27,101.482,1280.1,0.0583568,0.00224439,0,0.0665763,0.00290145,0.116022,394.68,0,40,0,0.186726,0.196013,-1.34433,-0.622423,-1.71439,-6.59524,-17.3847,-31.9465,0.00102738,False
2011-06-28,101.602,1296.67,0.0523835,0.00210586,0.00533902,0.215957,0.00410204,0.253267,399.23,0,39,1,0.168947,0.177349,-3.09214,-1.42873,-3.4176,-9.52337,-20.0796,-34.0816,0.00117803,False
2011-06-29,101.729,1307.41,0.0467334,0.00199863,0.0268423,0.154299,0.00905676,0.289869,397.516,0,37,3,0.14472,0.152066,-4.22156,-1.97262,-4.26661,-10.5008,-20.7106,-34.212,0.00124538,False
2011-06-30,101.711,1320.64,0.0429436,0.00195881,0.240785,0.458169,0.0175112,0.547869,396.022,0,37,3,0.133303,0.140264,-7.3088,-3.38885,-4.47732,-10.2645,-19.4215,-31.6064,-0.000168511,False
2011-07-01,101.152,1339.67,0.0441543,0.00196294,1.18907,1.51604,0.0346843,1.44128,394.357,0,37,3,0.133938,0.140933,-12.5719,-5.57939,-3.91486,-8.57533,-15.8573,-25.6407,-0.0054953,False
2011-07-05,101.645,1337.88,0.0362272,0.00186985,0.435387,-0.231086,0.0117022,0.304881,388.846,0,37,3,0.110308,0.115711,-5.36131,-2.53267,-4.63591,-10.8018,-20.3827,-33.2971,0.00486973,False
2011-07-06,101.735,1339.22,0.0358991,0.00182814,0.0769411,-0.0259312,0.0101497,0.135561,385.402,0,36,4,0.114707,0.120412,-2.77815,-1.32433,-4.54217,-11.1672,-21.4633,-35.3054,0.000889064,False
2011-07-07,101.533,1353.22,0.0392591,0.00192038,0.318673,0.391344,0.0172397,0.430378,388.724,0,38,2,0.121798,0.12798,-6.32684,-2.95447,-4.91361,-11.0084,-20.213,-32.6732,-0.00198601,False
2011-07-08,101.544,1343.8,0.0402665,0.00190425,0,-0.378398,0.00964089,0.0703763,385.201,0,37,3,0.119467,0.125531,-1.33239,-0.633731,-3.77799,-10.5478,-21.3,-35.7047,0.000101694,False
2011-07-11,101.335,1319.49,0.0473859,0.00203988,0,-0.268277,0.00381947,0.0527257,382.208,0,39,1,0.145018,0.15212,-0.722067,-0.337626,-1.05534,-5.43325,-16.1002,-30.4804,-0.00205921,False
2011-07-12,101.319,1313.64,0.0465148,0.00196045,0,-0.0475132,0.00190472,0.0633748,384.007,0,38,2,0.152045,0.159491,-0.858362,-0.401241,-1.32457,-5.31879,-15.8118,-30.1624,-0.000153084,False
2011-07-13,101.359,1317.72,0.0489599,0.00208,0,0.018919,0.00140628,0.0877982,389.3,0,39,1,0.146836,0.154139,-1.26014,-0.590351,-2.18696,-7.3615,-18.2521,-32.6231,0.000394489,False
2011-07-14,101.309,1308.87,0.0567696,0.00217513,0,-0.0924129,0.00216898,0.0975725,391.275,0,40,0,0.181726,0.19095,-1.15315,-0.535044,-1.61342,-6.3766,-17.146,-31.6659,-0.000490945,False
2011-07-15,101.391,1316.14,0.0511988,0.00205488,0,0.0381873,0.00200556,0.101319,394.241,0,38,2,0.161329,0.169518,-1.37912,-0.644546,-2.48542,-8.44873,-19.5042,-34.0317,0.000805246,False
2011-07-18,101.355,1305.44,0.0518591,0.00211129,0,-0.120099,0.00210057,0.0649175,391.081,0,39,1,0.160426,0.168282,-0.841113,-0.392486,-1.33886,-6.29371,-17.2592,-31.9113,-0.000355556,False
2011-07-19,101.354,1326.73,0.0425428,0.00192053,0,0.139592,0.00411183,0.241615,394.017,0,37,3,0.134266,0.140842,-3.21123,-1.49005,-3.93681,-10.4796,-20.9152,-34.8249,-5.87929e-06,False
2011-07-20,101.419,1325.84,0.0477404,0.00201194,0.00260878,-0.0335054,0.00461333,0.182131,392.815,0,38,2,0.149183,0.156602,-2.52472,-1.177,-3.53416,-9.90467,-20.5512,-34.6075,0.000636234,False
2011-07-21,101.149,1343.8,0.0488945,0.00197987,0.0919671,0.36071,0.0191212,0.748424,395.611,0,39,1,0.152879,0.160639,-7.93232,-3.60338,-4.21478,-9.7423,-18.6813,-30.5498,-0.00265983,False
2011-07-22,101.545,1345.02,0.0469837,0.00196031,0.127369,0.0826067,0.00620677,0.346854,393.876,0,38,2,0.145497,0.152882,-4.73164,-2.19932,-4.06775,-10.0699,-20.026,-33.1753,0.0039113,False
2011-07-25,101.631,1337.43,0.0534472,0.00209899,0,-0.212337,0.00508548,0.0948139,393.282,0,39,1,0.165505,0.173611,-1.35328,-0.634827,-2.68293,-8.5769,-19.5049,-34.0141,0.000846586,False
2011-07-26,101.656,1331.94,0.0504232,0.00204777,0,-0.0451507,0.00175023,0.070752,391.92,0,39,1,0.16432,0.172367,-0.918756,-0.429036,-1.63332,-6.83855,-17.8065,-32.4095,0.000251267,False
2011-07-27,101.489,1304.89,0.0701675,0.00242084,0,-0.21568,0.00238963,0.0874767,387.968,0,40,0,0.222014,0.233055,-0.799091,-0.366074,-0.499769,-2.57973,-11.0065,-25.8149,-0.00164326,False
2011-07-28,101.492,1300.67,0.076075,0.00258755,0,-0.0359109,0.00157602,0.120001,390.599,0,40,0,0.241459,0.253715,-1.02914,-0.4697,-0.644913,-2.93348,-11.2072,-26.0168,3.42569e-05,False
2011-07-29,101.491,1292.28,0.0845549,0.00279721,0,-0.0662157,0.00186524,0.135197,391.182,0,40,0,0.268461,0.282087,-1.06871,-0.48626,-0.528076,-2.60544,-10.2006,-24.8206,-1.49748e-05,False
2011-08-01,101.568,1286.94,0.0690139,0.00244731,0,-0.0400613,0.00182922,0.0824653,392.452,0,40,0,0.216638,0.227248,-0.770745,-0.353321,-0.528708,-2.70392,-10.981,-25.8117,0.000762706,False
2011-08-02,101.525,1254.05,0.0720289,0.00253838,0,-0.115075,0.00150478,0.0788495,386.86,0,40,0,0.228151,0.239325,-0.673519,-0.306639,-0.368374,-1.52117,-6.26064,-19.5583,-0.000428025,False
2011-08-03,101.55,1260.34,0.0704633,0.00249753,0,-0.00107885,0.00228416,0.118243,391.092,0,39,1,0.215787,0.226518,-1.10852,-0.506917,-0.896773,-3.24924,-10.37,-24.5787,0.000248304,False
2011-08-04,101.17,1200.07,0.113029,0.00359046,0,-0.471947,0.00222493,0.134034,379.019,0,40,0,0.353059,0.370979,-0.801851,-0.356567,-0.10224,-0.603743,-3.00189,-11.5227,-0.00374716,False
2011-08-05,101.209,1199.38,0.105157,0.00337561,0,-0.0454079,0.00167151,0.149185,385.577,0,40,0,0.329943,0.34669,-0.955394,-0.428324,-0.222841,-1.16542,-4.80126,-15.6197,0.000390938,False
2011-08-08,99.7494,1119.46,0.148333,0.00461046,0,-1.57857,0.00680803,0.16729,369.308,0,40,0,0.483562,0.507245,-0.864146,-0.36766,0.0165243,-0.169788,-0.998366,-4.07157,-0.0144232,False
2011-08-09,99.769,1172.53,0.0948748,0.0031181,0,0.0708361,0.00487728,0.305425,390.627,0,40,0,0.300533,0.315252,-1.96123,-0.860163,-0.64635,-2.16782,-6.71534,-18.0747,0.000196293,False
2011-08-10,99.1453,1120.76,0.134137,0.00419497,0,-0.878936,0.00441625,0.175683,378.684,0,40,0,0.433288,0.454837,-0.977652,-0.427004,-0.016418,-0.390306,-2.36119,-9.13572,-0.00625112,False
2011-08-11,98.4771,1172.64,0.116772,0.0036888,0,-0.139579,0.0112536,0.806184,394.82,0,40,0,0.385403,0.404964,-3.62007,-1.5193,-0.82037,-3.02063,-9.25615,-21.8103,-0.00674011,False
2011-08-12,99.0719,1178.81,0.0997685,0.00322486,0.0446586,0.149241,0.00434658,0.408121,393.702,0,40,0,0.323824,0.34026,-2.50697,-1.09222,-0.876723,-3.45378,-10.9146,-24.5465,0.00604041,False
2011-08-15,99.4836,1204.49,0.0667536,0.00243,0.144979,0.553663,0.00749094,0.461963,397.17,0,40,0,0.222141,0.23302,-3.676,-1.62114,-1.95201,-6.18762,-15.5668,-29.5838,0.00415532,False
2011-08-16,99.6294,1192.76,0.0690986,0.00247218,0,-0.273839,0.00477379,0.104139,389.668,0,39,1,0.221125,0.231954,-1.10233,-0.508832,-0.980731,-4.16453,-13.2697,-28.0815,0.00146595,False
2011-08-17,99.6902,1193.89,0.0580735,0.00228048,0,-0.0182573,0.00239727,0.0784339,387.079,0,39,1,0.187539,0.196865,-0.876764,-0.405469,-0.942427,-4.28192,-14.009,-28.7201,0.000610696,False
2011-08-18,99.1537,1140.65,0.130268,0.00408654,0,-0.539145,0.00480846,0.197188,374.183,0,40,0,0.42406,0.445583,-1.11056,-0.488538,-0.0314676,-0.506478,-3.04743,-12.5054,-0.00538193,False
2011-08-19,99.1602,1123.53,0.131754,0.00413324,0,-0.138379,0.00168631,0.178298,374.755,0,40,0,0.430664,0.452523,-1.00089,-0.437977,-0.0130364,-0.389218,-2.36137,-10.201,6.50001e-05,False
2011-08-22,99.2874,1123.82,0.111436,0.003575,0,-0.0117111,0.00150205,0.145688,380.068,0,40,0,0.366566,0.384519,-0.891682,-0.396989,-0.117344,-0.7737,-3.65846,-13.4155,0.00128336,False
2011-08-23,99.2235,1162.35,0.0914516,0.0030368,0,0.134013,0.00452531,0.427478,393.83,0,40,0,0.299179,0.313831,-2.68657,-1.17215,-0.999995,-3.55361,-11.1379,-25.0794,-0.000643461,False
2011-08-24,99.2054,1177.6,0.101641,0.00329129,0.080577,0.298272,0.00883619,0.752795,396.764,0,40,0,0.324628,0.340772,-4.1936,-1.79122,-1.45185,-4.72905,-12.7877,-26.1021,-0.000182494,False
2011-08-25,98.9937,1159.27,0.125844,0.00395133,0,-0.743018,0.0116884,0.331668,388.293,0,40,0,0.406771,0.427417,-2.01144,-0.889988,-0.512688,-2.34787,-8.35424,-20.8899,-0.00213382,False
2011-08-26,99.1244,1176.8,0.109328,0.00348762,0,-0.00893237,0.00729575,0.290656,390.61,0,40,0,0.356392,0.375003,-2.01465,-0.902797,-0.776524,-3.17805,-10.2391,-23.6847,0.00131952,False
2011-08-29,99.3969,1210.08,0.0869417,0.00291407,0.208214,0.533642,0.0067663,0.420773,396.689,0,40,0,0.280045,0.293972,-3.36907,-1.50819,-1.92902,-5.98363,-15.0332,-29.0898,0.00274981,False
2011-08-30,99.5711,1212.92,0.0911637,0.00300242,0,-0.0492544,0.00963159,0.275917,394.325,0,40,0,0.286994,0.301266,-2.25416,-1.01844,-1.46498,-5.14974,-14.0744,-28.4071,0.00175188,False
2011-08-31,99.6447,1218.89,0.0935277,0.00304271,0,-0.0153903,0.0056726,0.271741,393.124,0,40,0,0.301484,0.316787,-2.14081,-0.96768,-1.332,-4.78877,-13.4173,-27.6578,0.000739147,False
2011-09-01,99.6462,1204.42,0.0985839,0.0032056,0,-0.221837,0.00289707,0.140858,386.927,0,40,0,0.305569,0.321527,-1.00639,-0.455058,-0.316613,-2.0522,-8.88848,-22.8353,1.53327e-05,False
2011-09-02,99.5978,1173.97,0.0925907,0.00303584,0,-0.172431,0.00168329,0.104652,379.529,0,40,0,0.296146,0.311611,-0.717337,-0.322522,-0.183206,-0.867126,-3.99856,-15.1458,-0.000485254,False
2011-09-06,99.5447,1165.24,0.0857989,0.0028906,0,-0.131687,0.00168375,0.107353,380.522,0,40,0,0.283179,0.297047,-0.788432,-0.356305,-0.280473,-1.37361,-5.29207,-16.2841,-0.000533775,False
2011-09-07,99.387,1198.62,0.0785085,0.00267242,0,0.128883,0.00648928,0.463281,391.203,0,39,1,0.252157,0.264698,-3.18713,-1.39374,-1.40901,-4.4588,-12.3949,-26.14,-0.0015842,False
2011-09-08,99.4279,1185.9,0.0898884,0.00295735,0,-0.292281,0.00346829,0.213584,387.919,0,40,0,0.288275,0.302907,-1.62937,-0.734024,-0.83739,-3.49575,-11.2813,-25.4839,0.000411312,False
2011-09-09,99.1607,1154.23,0.107309,0.00344556,0,-0.442569,0.00422127,0.137811,380.595,0,40,0,0.343346,0.360774,-0.889804,-0.398487,-0.134875,-0.938988,-5.19373,-17.3914,-0.0026869,False
2011-09-12,99.2924,1162.27,0.0912217,0.00302004,0,0.0419866,0.00147377,0.134832,384.202,0,40,0,0.294777,0.309213,-0.989,-0.447149,-0.381891,-1.8222,-7.61775,-21.2035,0.00132808,False
2011-09-13,99.3964,1172.87,0.0846637,0.00286045,0,0.0534191,0.00216728,0.163869,388.13,0,40,0,0.267432,0.28053,-1.33091,-0.603885,-0.795384,-3.2156,-10.8635,-25.3545,0.00104759,False
2011-09-14,99.4782,1188.68,0.0807153,0.00275619,0,0.152265,0.00484239,0.307425,392.911,0,40,0,0.262446,0.275498,-2.4909,-1.1198,-1.61745,-5.43718,-14.7109,-29.0903,0.000823221,False
2011-09-15,99.4483,1209.11,0.0855527,0.00284599,0.0349444,0.476472,0.00824972,0.853389,396.411,0,40,0,0.276231,0.290252,-5.80095,-2.52609,-2.37592,-6.63889,-15.3377,-28.264,-0.000301365,False
2011-09-16,99.9004,1216.01,0.08596,0.0028696,0.027403,0.191784,0.00821939,0.6405,394.927,0,40,0,0.273997,0.287904,-4.75674,-2.09571,-2.09659,-6.12725,-14.7995,-28.0776,0.0045465,False
2011-09-19,99.8051,1204.09,0.0793447,0.00270027,0,-0.679797,0.00616462,0.126474,389.171,0,40,0,0.267178,0.280263,-1.15506,-0.53022,-0.892158,-3.85901,-12.3314,-26.8777,-0.00095387,False
2011-09-20,99.8654,1202.09,0.084834,0.00285247,0,-0.0168553,0.00149139,0.129829,387.88,0,40,0,0.272512,0.285858,-1.03108,-0.469004,-0.539922,-2.79496,-10.6582,-25.1815,0.000603979,False
2011-09-21,99.7714,1166.76,0.0976594,0.00319013,0,-0.201323,0.00236255,0.114636,379.604,0,40,0,0.313978,0.329593,-0.761373,-0.341735,-0.165742,-0.854751,-4.1851,-15.5179,-0.0009415,False
2011-09-22,99.5759,1129.56,0.125865,0.00397008,0,-0.270888,0.00173558,0.159365,373.962,0,40,0,0.408908,0.429662,-0.893613,-0.391944,-0.0367998,-0.41638,-2.20559,-8.77582,-0.00195905,False
2011-09-23,99.6668,1136.43,0.124322,0.00392137,0,0.029459,0.00151811,0.216825,381.521,0,40,0,0.400943,0.421294,-1.23711,-0.5466,-0.150015,-0.929745,-4.04736,-13.2906,0.000912677,False
2011-09-26,99.8776,1162.95,0.101992,0.00330709,0,0.167457,0.00266587,0.269525,392.456,0,40,0,0.329656,0.3458,-1.8141,-0.810471,-0.713667,-2.84094,-9.46287,-22.9993,0.0021148,False
2011-09-27,100.013,1175.38,0.101057,0.00328562,0,0.0969673,0.00429806,0.324416,396.306,0,40,0,0.323391,0.339229,-2.27783,-1.01855,-1.09619,-4.06167,-12.1408,-26.1772,0.00135716,False
2011-09-28,99.7287,1151.06,0.12494,0.00393981,0,-0.521055,0.00489927,0.20389,387.899,0,40,0,0.401972,0.421963,-1.22597,-0.545372,-0.133733,-1.18309,-6.03698,-18.1633,-0.00284391,False
2011-09-29,99.8629,1160.4,0.117063,0.00371794,0,0.0224407,0.0020789,0.203381,389.728,0,40,0,0.365977,0.384553,-1.26703,-0.566617,-0.257851,-1.60682,-7.20363,-20.1057,0.00134581,False
2011-09-30,99.774,1131.42,0.125258,0.00394904,0,-0.248099,0.00181996,0.163716,381.884,0,40,0,0.405897,0.426499,-0.94052,-0.414589,-0.0354772,-0.458002,-2.78629,-11.8989,-0.000890675,False
2011-10-03,99.6736,1099.23,0.121297,0.00385108,0,-0.240122,0.00213686,0.139306,376.438,0,40,0,0.403815,0.423592,-0.784363,-0.344043,-0.0482428,-0.384334,-1.87002,-7.45296,-0.00100631,False
2011-10-04,99.7422,1123.95,0.10307,0.0033587,0,0.048081,0.00253498,0.215948,387.714,0,40,0,0.333465,0.349796,-1.37944,-0.614119,-0.433454,-1.71953,-5.93775,-16.9419,0.00068841,False
2011-10-05,99.8586,1144.03,0.104125,0.0033603,0,0.25961,0.00604057,0.453828,394.656,0,40,0,0.331938,0.348446,-2.7346,-1.19571,-0.941524,-3.27168,-9.97231,-23.228,0.00116755,False
2011-10-06,99.8121,1164.97,0.0948105,0.00311846,0.0449301,0.211095,0.0149222,0.743262,399.295,0,40,0,0.30838,0.324033,-4.63355,-2.00476,-1.66138,-5.11389,-13.2711,-26.5467,-0.000465646,False
2011-10-07,100.033,1155.46,0.0938679,0.00308791,0,-0.412342,0.0100639,0.190634,393.225,0,40,0,0.298473,0.313623,-1.5709,-0.714509,-0.938518,-3.77203,-11.7245,-25.8516,0.00221418,False
2011-10-10,100.129,1194.89,0.0736348,0.00260879,0.486069,1.09135,0.0196886,0.751356,400.74,0,40,0,0.234331,0.245808,-5.79498,-2.55132,-2.63787,-7.24306,-16.4161,-29.4867,0.000958602,False
2011-10-11,100.565,1195.54,0.0673803,0.00247414,0.0930591,-0.0243724,0.00870645,0.253664,396.976,0,40,0,0.216045,0.226626,-2.52681,-1.15113,-2.17379,-6.94835,-16.9756,-31.3848,0.00435898,False
2011-10-12,100.567,1207.25,0.0729167,0.00256402,0.0328993,0.15574,0.0111241,0.434647,397.492,0,40,0,0.229324,0.240729,-3.8782,-1.7441,-2.47048,-7.2609,-16.9609,-30.7979,1.0802e-05,False
2011-10-13,100.768,1203.66,0.0719176,0.00254028,0,-0.136952,0.00496902,0.160837,394.192,0,40,0,0.228542,0.240141,-1.68302,-0.775917,-1.65871,-5.97968,-15.908,-30.6343,0.00200132,False
2011-10-14,100.872,1224.58,0.0642448,0.00239095,0.11442,0.329915,0.00950386,0.324499,397.383,0,39,1,0.199889,0.210034,-3.45025,-1.57847,-2.95634,-8.39911,-18.6275,-32.5133,0.00103389,False
2011-10-17,100.627,1200.86,0.076763,0.00266129,0,-0.529207,0.00441003,0.110323,389.65,0,40,0,0.249993,0.262236,-0.967306,-0.442837,-0.645568,-3.5217,-12.5077,-27.2859,-0.00243219,False
2011-10-18,100.472,1225.38,0.072854,0.00253894,0,0.00850599,0.00642172,0.337369,396.502,0,40,0,0.231707,0.243055,-2.89422,-1.30151,-2.15346,-6.9395,-16.9784,-31.1855,-0.00153684,False
2011-10-19,100.477,1209.88,0.0738832,0.00255664,0,-0.285638,0.00407367,0.114054,391.08,0,40,0,0.239161,0.251055,-1.046,-0.479434,-0.794425,-3.90094,-13.1554,-27.9862,4.90571e-05,False
2011-10-20,100.356,1215.39,0.0988839,0.00319259,0,0.0189939,0.00401448,0.345413,392.341,0,40,0,0.31887,0.335055,-2.24766,-0.997558,-1.02636,-4.03099,-12.32,-26.3947,-0.00120115,False
2011-10-21,100.518,1238.25,0.0899275,0.00294432,0,0.318263,0.0114783,0.577877,397.571,0,40,0,0.288372,0.303009,-3.97196,-1.74643,-1.89475,-5.87403,-14.7542,-28.3317,0.00160731,False
2011-10-24,101.132,1254.19,0.0723765,0.00251268,0.0525273,0.517229,0.0134798,0.484439,399.132,0,39,1,0.238395,0.25007,-4.12563,-1.84464,-2.40024,-6.96458,-16.296,-29.9804,0.00611359,False
2011-10-25,101.065,1229.05,0.0882327,0.00293176,0,-0.511963,0.00501236,0.11946,391.014,0,40,0,0.277591,0.291186,-0.953042,-0.43446,-0.53163,-2.79986,-10.4953,-24.8019,-0.000659487,False
2011-10-26,101.075,1242,0.0861548,0.00285231,0,0.0077342,0.00247677,0.198211,394.82,0,40,0,0.271471,0.284972,-1.51359,-0.682943,-0.85057,-3.73241,-12.3469,-26.9435,9.70615e-05,False
2011-10-27,99.8393,1284.59,0.0710107,0.00244149,0.2033,-0.0240249,0.0209683,1.25437,403.199,0,40,0,0.22893,0.24055,-7.59874,-3.21925,-2.84745,-7.55851,-16.4338,-28.656,-0.0122274,False
2011-10-28,100.343,1285.09,0.0659223,0.00233382,0.14108,-0.0396177,0.00925654,0.62444,398.627,0,39,1,0.208242,0.218811,-5.19822,-2.30449,-2.5793,-7.31036,-16.6974,-29.9976,0.00504379,False
2011-10-31,99.7267,1253.3,0.0727697,0.00251353,0,-1.20951,0.0137952,0.0875732,387.138,0,40,0,0.23831,0.249981,-0.790251,-0.36195,-0.595033,-2.99401,-11.0137,-25.6708,-0.00614079,False
2011-11-01,99.5984,1218.28,0.0922226,0.00300977,0,-0.193247,0.00204782,0.109785,378.396,0,40,0,0.303158,0.318005,-0.756172,-0.340439,-0.193018,-0.978433,-4.51261,-15.8823,-0.00128645,False
2011-11-02,99.6817,1237.9,0.0847107,0.00281817,0,0.0964177,0.00257229,0.202253,385.963,0,40,0,0.272825,0.286393,-1.52349,-0.684541,-0.748514,-2.83864,-9.36158,-23.3092,0.000836058,False
2011-11-03,99.5832,1261.15,0.0801986,0.00268313,0.0257532,0.139534,0.00564069,0.486372,393.505,0,40,0,0.256514,0.269534,-3.55646,-1.56888,-1.71537,-5.49152,-14.5539,-28.4302,-0.000987774,False
2011-11-04,99.6328,1253.23,0.0768146,0.00260129,0,-0.340793,0.00669705,0.163568,391.008,0,40,0,0.250007,0.262696,-1.54021,-0.705316,-1.23687,-4.80384,-14.1044,-28.7992,0.000497347,False
2011-11-07,99.7887,1261.12,0.0634654,0.00229781,0,0.0394108,0.00320309,0.10502,391.131,0,39,1,0.208003,0.21819,-1.17172,-0.542558,-1.54127,-5.91108,-16.0825,-30.9897,0.00156498,False
2011-11-08,99.8167,1275.92,0.0558068,0.00216917,0,0.021648,0.00351571,0.14877,391.992,0,39,1,0.178627,0.187375,-1.85227,-0.858983,-2.48203,-7.97826,-18.7526,-33.2411,0.000280789,False
2011-11-09,98.9792,1229.1,0.0885856,0.00291624,0,-0.954282,0.00796089,0.109743,379.46,0,40,0,0.287626,0.30193,-0.80893,-0.365888,-0.236043,-1.32082,-6.94106,-20.763,-0.00839085,False
2011-11-10,99.0415,1239.7,0.0802367,0.00269214,0,0.0205539,0.00219217,0.143316,384.483,0,40,0,0.260011,0.273208,-1.17524,-0.533553,-0.64714,-2.79329,-10.6514,-25.3274,0.000629763,False
2011-11-11,99.07,1263.85,0.0679827,0.00240426,0,0.125532,0.00699302,0.298926,390.777,0,40,0,0.21844,0.229527,-2.78242,-1.25805,-1.8702,-6.28185,-16.3542,-30.5592,0.000287831,False
2011-11-14,99.0299,1251.78,0.0718903,0.00252104,0,-0.288387,0.00363728,0.116363,387.01,0,40,0,0.232754,0.244329,-1.14168,-0.524812,-1.07191,-4.6011,-14.1794,-29.0824,-0.000404678,False
2011-11-15,99.0833,1257.81,0.0731948,0.00253229,0,0.0194342,0.0036938,0.149372,388.203,0,40,0,0.233566,0.245182,-1.42044,-0.650363,-1.36289,-5.45736,-15.3878,-30.2302,0.000539172,False
2011-11-16,98.9571,1236.91,0.0776714,0.00263176,0,-0.247948,0.00218599,0.100471,382.039,0,40,0,0.254377,0.267289,-0.838041,-0.381887,-0.386323,-2.21982,-9.86019,-24.5021,-0.0012736,False
2011-11-17,98.9414,1216.13,0.0993531,0.00319813,0,-0.0693788,0.00164321,0.141348,378.391,0,40,0,0.322192,0.339018,-0.950573,-0.427509,-0.21293,-1.22631,-5.98911,-18.9517,-0.000159099,False
2011-11-18,99.0095,1215.65,0.0932644,0.0030422,0,-0.0232951,0.00161137,0.138475,381.287,0,40,0,0.301122,0.316848,-0.991368,-0.447916,-0.314709,-1.66299,-7.18863,-20.7386,0.000689173,False
2011-11-21,98.9451,1192.98,0.0904561,0.0029912,0,-0.183156,0.00208039,0.105108,378.323,0,40,0,0.290423,0.304866,-0.747038,-0.336565,-0.211208,-1.04715,-4.99062,-16.9981,-0.000650481,False
2011-11-22,99.0123,1188.04,0.0791427,0.0027134,0,-0.0129106,0.00123,0.100222,380.734,0,40,0,0.258114,0.27095,-0.799344,-0.362965,-0.36806,-1.70931,-6.64499,-19.5952,0.000678907,False
2011-11-23,98.9236,1161.79,0.0997097,0.00323124,0,-0.156659,0.00175019,0.127004,376.985,0,40,0,0.315762,0.331789,-0.845135,-0.379367,-0.179873,-1.01006,-4.63515,-15.1945,-0.000895979,False
2011-11-25,98.9801,1158.67,0.0953481,0.00313068,0,-0.0195911,0.00125097,0.141845,380.031,0,40,0,0.3145,0.330462,-0.978356,-0.440769,-0.271106,-1.41266,-5.99687,-18.0461,0.000571499,False
2011-11-28,99.0397,1192.55,0.0765914,0.00263734,0,0.230901,0.0118601,0.375287,390.686,0,39,1,0.255919,0.268453,-2.86973,-1.27444,-1.48579,-5.04713,-14.1282,-28.2736,0.000601663,False
2011-11-29,99.2382,1195.19,0.0786614,0.00269907,0.000648919,0.0092632,0.00665608,0.254735,390.651,0,40,0,0.252871,0.265256,-2.25759,-1.0224,-1.616,-5.61873,-15.1261,-29.5476,0.00200397,False
2011-11-30,97.5783,1246.96,0.0701981,0.00246595,1.27051,3.01051,0.0338109,3.68852,400.154,0,39,1,0.23149,0.243003,-14.8136,-5.63403,-2.43785,-5.69335,-11.8245,-20.4499,-0.016726,False
2011-12-01,98.0358,1244.58,0.0722579,0.00251673,1.18312,-0.483748,0.0183654,1.61558,392.125,0,40,0,0.241168,0.253409,-8.8337,-3.63764,-2.21247,-5.90214,-13.6298,-25.1835,0.00468801,False
2011-12-02,98.5394,1244.28,0.0772207,0.00262916,0.530971,-0.0521527,0.00890929,0.59449,387.832,0,40,0,0.245733,0.258206,-4.50313,-1.97287,-1.8144,-5.61838,-14.2839,-27.8015,0.00513735,False
2011-12-05,98.8748,1257.08,0.0664338,0.00236707,0.440455,0.511285,0.0164376,0.377566,388.02,0,40,0,0.214606,0.225117,-3.21016,-1.42683,-1.92994,-6.41473,-16.2702,-30.2637,0.00340354,False
2011-12-06,98.8989,1258.47,0.0801878,0.0026821,0.164102,-0.0270804,0.00596691,0.233826,386.485,0,40,0,0.260744,0.273514,-1.99074,-0.902046,-1.52647,-5.6028,-15.2485,-29.7282,0.000243706,False
2011-12-07,99.0406,1261.01,0.0769169,0.00260519,0,-0.00378266,0.00266015,0.159983,387.14,0,40,0,0.246562,0.258824,-1.50776,-0.690983,-1.40434,-5.47234,-15.2119,-29.939,0.00143289,False
2011-12-08,99.0218,1234.35,0.0871942,0.00288798,0,-0.153092,0.00172335,0.108259,380.614,0,40,0,0.276814,0.290864,-0.822799,-0.372837,-0.273352,-1.66129,-8.30522,-22.4332,-0.000189674,False
2011-12-09,99.1623,1255.19,0.0673376,0.00237465,0,0.113611,0.00261489,0.143701,386.526,0,39,1,0.213195,0.224016,-1.41906,-0.648856,-1.10703,-4.47387,-14.0579,-28.7259,0.00141906,False
2011-12-12,99.1249,1236.47,0.0621678,0.00230692,0,-0.168004,0.00210921,0.0709077,381.646,0,39,1,0.196574,0.206201,-0.738009,-0.339506,-0.595597,-2.8576,-10.9479,-25.5839,-0.000377758,False
2011-12-13,99.0885,1225.73,0.0585659,0.00221936,0,-0.090577,0.00254504,0.0704505,379.976,0,38,2,0.190394,0.199719,-0.75912,-0.349909,-0.699603,-3.0001,-11.0052,-25.4915,-0.00036639,False
2011-12-14,99.0642,1211.82,0.0610187,0.00229376,0,-0.0757195,0.00186652,0.0759774,378.444,0,39,1,0.203964,0.214108,-0.771891,-0.354995,-0.615412,-2.79893,-10.2037,-24.6196,-0.000246124,False
2011-12-15,99.0907,1215.75,0.06599,0.00239981,0,0.013772,0.00213938,0.124641,381.643,0,39,1,0.211836,0.222588,-1.24444,-0.570555,-1.09656,-4.31802,-13.3611,-27.8895,0.000268099,False
2011-12-16,99.1347,1219.66,0.0673187,0.00240203,0,0.015417,0.00285736,0.158149,385.057,0,39,1,0.219701,0.231174,-1.57839,-0.72344,-1.461,-5.49779,-15.5371,-30.1013,0.000443717,False
2011-12-19,99.111,1205.35,0.0614947,0.00234276,0,-0.165696,0.00273861,0.072549,382.945,0,40,0,0.197827,0.207665,-0.764767,-0.352447,-0.651296,-3.60744,-13.1906,-28.0355,-0.000238887,False
2011-12-20,98.6961,1241.3,0.0562607,0.00216105,0,0.258141,0.00985358,0.789863,391.393,0,38,2,0.183929,0.193076,-5.84996,-2.5444,-3.38833,-8.89267,-18.4899,-31.3098,-0.0041865,False
2011-12-21,98.9399,1243.72,0.0575879,0.0022153,0.126607,0.123244,0.00403032,0.594011,388.043,0,38,2,0.187068,0.196563,-4.75452,-2.09094,-3.02255,-8.37163,-18.0633,-31.3067,0.00247053,False
2011-12-22,99.0403,1254,0.0626072,0.00230791,0.162607,0.434475,0.00597744,0.819829,388.426,0,39,1,0.196619,0.206887,-6.13057,-2.66829,-3.01114,-7.995,-17.2286,-29.8126,0.00101447,False
2011-12-23,99.2596,1265.33,0.0620056,0.00227686,0.521022,0.617552,0.00650198,0.750266,389.358,0,39,1,0.187515,0.197733,-5.78641,-2.52817,-3.17072,-8.35186,-17.8181,-30.5259,0.00221446,False
2011-12-27,99.5621,1265.43,0.0528443,0.00212915,0.363695,-0.0150784,0.00768968,0.112039,387.241,0,38,2,0.167774,0.176118,-1.64082,-0.769324,-2.93028,-8.80779,-19.6226,-34.1138,0.00304736,False
2011-12-28,99.5362,1249.64,0.0646186,0.00235231,0,-0.110241,0.00317446,0.0868108,382.855,0,39,1,0.201346,0.211565,-0.90511,-0.416989,-0.939444,-4.7413,-14.786,-29.5559,-0.00026035,False
2011-12-29,99.5743,1263.02,0.0575608,0.00221038,0,0.0623519,0.00237683,0.164006,387.427,0,40,0,0.188996,0.198865,-1.78969,-0.821954,-1.92755,-6.95978,-17.5943,-31.9822,0.000383081,False
2011-12-30,99.6376,1257.6,0.0584701,0.00221683,0,-0.0620333,0.00207529,0.0927941,386.988,0,39,1,0.182431,0.191958,-1.10663,-0.513371,-1.4541,-6.0247,-16.7042,-31.3652,0.000636272,False
2012-01-03,99.7616,1277.06,0.0499874,0.00210356,0,0.209398,0.00598142,0.220147,391.398,0,39,1,0.155769,0.163398,-3.00032,-1.39529,-3.64738,-9.90532,-20.5419,-34.5734,0.00124398,False
2012-01-04,99.8451,1277.3,0.0489002,0.00209956,0,-0.0524125,0.00447868,0.126579,390.258,0,39,1,0.152432,0.160012,-1.90458,-0.893301,-3.36304,-9.69072,-20.6397,-35.0838,0.000836767,False
2012-01-05,99.8505,1281.06,0.0511445,0.00207679,0,-0.0178384,0.00431541,0.148035,389.213,0,38,2,0.161135,0.169314,-2.12121,-0.991758,-3.33144,-9.54505,-20.4028,-34.6765,5.46663e-05,False
2012-01-06,99.9249,1277.81,0.0512508,0.00206578,0,-0.0293451,0.00255143,0.0909096,387.501,0,39,1,0.164537,0.17313,-1.26743,-0.593249,-2.47796,-8.36506,-19.3758,-33.9183,0.000745251,False
2012-01-09,100.006,1280.7,0.043053,0.0020361,0,0.0135064,0.00149084,0.0629728,387.111,0,38,2,0.138262,0.145138,-1.00052,-0.471529,-2.58135,-8.93398,-20.0878,-34.7869,0.000810302,False
2012-01-10,100.017,1292.08,0.0431054,0.0019465,0,0.073692,0.00449629,0.162074,387.89,0,37,3,0.135826,0.142581,-2.489,-1.16699,-4.10104,-10.7891,-21.456,-35.6319,0.000112526,False
2012-01-11,100.11,1292.48,0.0458614,0.00194768,0,0.0143859,0.00266586,0.125336,384.703,0,37,3,0.139864,0.146963,-2.00441,-0.943189,-3.81552,-10.408,-21.1622,-35.3554,0.000923562,False
2012-01-12,100.164,1295.5,0.0433842,0.00195941,0,0.00279733,0.00310122,0.111673,383.006,0,37,3,0.13775,0.144943,-1.90149,-0.898403,-3.94905,-10.5377,-21.2979,-35.4633,0.000547234,False
2012-01-13,100.16,1289.09,0.0443916,0.00197863,0,-0.0892305,0.0025544,0.0669077,379.053,0,37,3,0.143573,0.151071,-1.02271,-0.481311,-2.50598,-8.66922,-19.5853,-33.8869,-4.59862e-05,False
2012-01-17,100.223,1293.67,0.0439194,0.00199092,0,0.0410051,0.00227564,0.084177,381.934,0,38,2,0.141124,0.148035,-1.30978,-0.61612,-2.9771,-9.44006,-20.3306,-34.6698,0.000632875,False
2012-01-18,99.936,1308.04,0.05314,0.00208855,0,0.0407894,0.0130435,0.450025,384.825,0,38,2,0.167064,0.175372,-5.0046,-2.28647,-4.01825,-9.92584,-19.6406,-32.5039,-0.00286412,False
2012-01-19,100.224,1314.5,0.047742,0.00203224,0.0139453,0.163012,0.00654152,0.35004,389.486,0,39,1,0.145303,0.152678,-4.8277,-2.2436,-4.26768,-10.3332,-20.2699,-33.418,0.00288405,False
2012-01-20,100.404,1315.38,0.0424862,0.00188756,0.00255548,-0.06128,0.00540448,0.142141,388.467,0,37,3,0.12918,0.135737,-2.63907,-1.25147,-4.06623,-10.5654,-21.2019,-35.2833,0.00178856,False
2012-01-23,100.427,1316,0.040169,0.00190834,0,-0.0726065,0.00713367,0.0771061,385.715,0,37,3,0.129949,0.136313,-1.43149,-0.679763,-3.57582,-10.2509,-21.1834,-35.6717,0.000234607,False
2012-01-24,100.457,1314.65,0.044238,0.00194329,0,-0.0157372,0.00184545,0.0715174,384.132,0,38,2,0.133166,0.139688,-1.17455,-0.55428,-2.98632,-9.56665,-20.5253,-35.0168,0.000301719,False
2012-01-25,100.496,1326.06,0.041662,0.00192275,0,0.128608,0.00435261,0.196834,385.004,0,37,3,0.13384,0.140496,-3.05049,-1.43087,-4.49835,-11.1216,-21.4442,-35.2218,0.000385025,False
2012-01-26,100.452,1318.43,0.0459988,0.00198779,0,-0.199445,0.00491391,0.0809924,382.637,0,37,3,0.142486,0.149718,-1.28187,-0.604003,-3.08914,-9.52048,-20.4114,-34.746,-0.000442866,False
2012-01-27,100.455,1316.33,0.0455375,0.00193721,0,-0.048593,0.00204677,0.0700477,383.86,0,38,2,0.141612,0.1488,-1.08018,-0.508397,-2.60917,-8.86771,-19.8742,-34.3043,3.88765e-05,False
2012-01-30,100.45,1313.01,0.0429606,0.0018627,0,-0.0548808,0.00221849,0.059638,381.456,0,37,3,0.137991,0.144749,-0.932558,-0.439139,-2.14792,-8.16295,-19.1493,-33.5667,-5.5663e-05,False
2012-01-31,100.443,1312.41,0.0470745,0.00197316,0,-0.0338473,0.00315523,0.074882,383.525,0,38,2,0.142732,0.149722,-1.13263,-0.532151,-2.32993,-8.33167,-19.3283,-33.7278,-7.1133e-05,False
2012-02-01,100.319,1324.09,0.0423008,0.00190224,0,-0.059784,0.0112536,0.168004,386.499,0,37,3,0.135284,0.142012,-2.61817,-1.2288,-4.058,-10.7183,-21.2555,-35.2853,-0.00123216,False
2012-02-02,100.396,1325.54,0.0444974,0.00193943,0,0.00174397,0.00429166,0.131187,384.395,0,37,3,0.137339,0.144309,-2.17909,-1.0276,-4.08235,-10.7144,-21.3668,-35.4548,0.000765834,False
2012-02-03,100.283,1344.9,0.0405984,0.0018311,0.135296,0.57273,0.0222454,0.697714,385.915,0,37,3,0.126946,0.133389,-9.07603,-4.19387,-4.66907,-10.1423,-18.5344,-29.8385,-0.00112127,False
2012-02-06,100.679,1344.33,0.0385108,0.00187744,0.0463957,-0.0705882,0.00985015,0.211479,383.932,0,37,3,0.11742,0.12317,-4.05606,-1.9253,-4.88495,-11.3364,-21.2926,-34.6891,0.00394916,False
2012-02-07,100.756,1347.05,0.0376012,0.00184242,0.0292875,-0.018849,0.00970243,0.112681,381.537,0,37,3,0.112933,0.118464,-2.43347,-1.16271,-4.88442,-11.657,-22.0382,-36.0396,0.000762007,False
2012-02-08,100.822,1349.96,0.0372631,0.00184562,0,0.0257948,0.00507462,0.102449,383.149,0,37,3,0.116422,0.122212,-2.08169,-0.992,-4.69443,-11.5833,-22.101,-36.2821,0.000658718,False
2012-02-09,100.831,1351.95,0.038044,0.00184391,0,-0.0290791,0.00438325,0.0964531,383.071,0,37,3,0.121507,0.127674,-1.81195,-0.86062,-4.48075,-11.3951,-22.0004,-36.2474,8.662e-05,False
2012-02-10,100.716,1342.64,0.0504362,0.00200536,0,-0.168768,0.00409414,0.0870293,383.317,0,39,1,0.155432,0.163549,-1.23854,-0.580492,-2.64327,-8.80527,-19.6991,-33.9732,-0.00114059,False
2012-02-13,100.821,1351.77,0.0384638,0.00180042,0,0.0510716,0.00222506,0.0674498,384.906,0,36,4,0.119129,0.125054,-1.27285,-0.604965,-3.94718,-10.9046,-21.7491,-36.305,0.00104342,False
2012-02-14,100.814,1350.5,0.0472637,0.00197944,0,-0.00914289,0.00175703,0.109267,386.165,0,38,2,0.147868,0.155222,-1.6232,-0.761566,-3.30496,-9.79768,-20.6375,-34.9059,-7.37265e-05,False
2012-02-15,100.776,1343.23,0.0473932,0.00199415,0,-0.124814,0.00460916,0.0633923,385.281,0,38,2,0.141127,0.14829,-0.945426,-0.444122,-2.19123,-8.28234,-19.3117,-33.8207,-0.00037841,False
2012-02-16,100.653,1358.04,0.0462863,0.00186209,0,0.0262934,0.00742019,0.24943,386.927,0,37,3,0.148338,0.156084,-3.19247,-1.47763,-3.93238,-10.2725,-20.6366,-34.2925,-0.00121796,False
2012-02-17,100.836,1361.23,0.0436238,0.00186258,0.00369129,0.0720379,0.00325223,0.17312,388.63,0,38,2,0.137644,0.144832,-2.60704,-1.22124,-3.97326,-10.5043,-21.061,-35.0546,0.00181977,False
2012-02-21,100.925,1362.21,0.0385789,0.00189051,0,-0.0369735,0.00330089,0.0801712,387.453,0,38,2,0.123007,0.129031,-1.5637,-0.744441,-3.92074,-10.693,-21.5494,-36.0211,0.000886218,False
2012-02-22,100.941,1357.66,0.0431157,0.00189393,0,-0.0379031,0.00232053,0.0650589,387.576,0,38,2,0.133028,0.139644,-1.0656,-0.503047,-2.90203,-9.40058,-20.4765,-35.0464,0.000159627,False
2012-02-23,100.997,1363.46,0.0398499,0.00182162,0,0.0376322,0.00213354,0.0832344,386.987,0,36,4,0.123449,0.129715,-1.45632,-0.68925,-3.58687,-10.4248,-21.2673,-35.7615,0.000548353,False
2012-02-24,101.069,1365.74,0.0390699,0.00178615,0,0.0303683,0.00121243,0.0779924,383.163,0,35,5,0.11801,0.124,-1.46617,-0.696579,-4.02794,-10.9768,-21.6449,-36.0301,0.000709741,False
2012-02-27,101.092,1367.59,0.0384972,0.00185673,0,-0.00564528,0.00354346,0.0819787,381.643,0,37,3,0.121822,0.127788,-1.5239,-0.7236,-4.25378,-11.1749,-21.8015,-36.0854,0.000232172,False
2012-02-28,101.152,1372.18,0.0380942,0.0018474,0,0.0435974,0.00299206,0.0984032,381.307,0,37,3,0.120044,0.125923,-1.86659,-0.886891,-4.68913,-11.5802,-22.0744,-36.2041,0.00059775,False
2012-02-29,101.12,1365.68,0.042977,0.00189567,0,-0.099023,0.00424039,0.068607,379.372,0,37,3,0.132938,0.139549,-1.13557,-0.536425,-3.22244,-9.82139,-20.5981,-34.8167,-0.000320169,False
2012-03-01,101.177,1374.09,0.0409387,0.00181379,0,0.0605825,0.0031375,0.107989,382.277,0,36,4,0.124323,0.130634,-1.88817,-0.893278,-4.3274,-11.1308,-21.674,-35.7827,0.000565543,False
2012-03-02,101.203,1369.63,0.0360063,0.00182247,0,-0.0613008,0.00245293,0.0525704,382.747,0,37,3,0.115291,0.121142,-0.998373,-0.475044,-3.40313,-10.2658,-21.0857,-35.6171,0.000255482,False
2012-03-05,101.219,1364.33,0.035423,0.00175823,0,-0.0260873,0.00122448,0.0432101,379.968,0,35,5,0.108531,0.113846,-0.824681,-0.392278,-2.74637,-9.4316,-20.2059,-34.7442,0.000155263,False
2012-03-06,101.142,1343.36,0.0445229,0.00192915,0,-0.109146,0.00279133,0.0509492,376.01,0,37,3,0.138499,0.145282,-0.738744,-0.346559,-1.17649,-5.4857,-16.1415,-30.2748,-0.000761543,False
2012-03-07,101.176,1352.63,0.0401762,0.00183158,0,0.0418952,0.00171052,0.0948702,378.763,0,36,4,0.126349,0.132633,-1.55442,-0.732642,-2.6456,-8.61038,-19.1867,-33.2433,0.000342176,False
2012-03-08,101.125,1365.91,0.0414035,0.00188717,0.0232803,0.168672,0.00791624,0.323326,382.466,0,37,3,0.127334,0.133797,-4.5463,-2.11653,-4.28456,-10.5986,-20.2445,-33.2337,-0.000508658,False
2012-03-09,101.313,1370.87,0.0376154,0.00181995,0.0294266,0.135199,0.00916431,0.267684,383.287,0,37,3,0.114805,0.120632,-4.58375,-2.16213,-4.93915,-11.3066,-20.9743,-34.0393,0.00185953,False
2012-03-12,101.484,1371.09,0.033258,0.00178392,0.0076597,-0.0265855,0.00716818,0.0866566,383.548,0,36,4,0.101927,0.106919,-2.15587,-1.03664,-5.11426,-12.0374,-22.4599,-36.6147,0.00168871,False
2012-03-13,100.891,1395.95,0.0346402,0.00174355,0.870344,1.50284,0.0162438,1.32884,385.417,0,36,4,0.106668,0.111892,-14.1505,-6.4196,-4.29476,-8.68608,-15.2939,-24.3321,-0.00584361,False
2012-03-14,101.033,1394.28,0.0379939,0.00182351,0.345754,-0.311608,0.0167739,0.548756,383.287,0,37,3,0.113444,0.119086,-7.71913,-3.59037,-4.75843,-10.429,-19.1443,-30.8985,0.00140862,False
2012-03-15,101.153,1402.6,0.0350067,0.00170717,0.346269,0.578528,0.0149549,0.679226,380.867,0,35,5,0.110434,0.116039,-8.1997,-3.76634,-4.61482,-10.2135,-18.6124,-30.0318,0.00118905,False
2012-03-16,101.341,1404.17,0.0326909,0.00173799,0.324553,0.0902991,0.00802373,0.280555,380.56,0,36,4,0.103344,0.108589,-4.03271,-1.87967,-4.96907,-11.4905,-21.2028,-34.4289,0.00185211,False
2012-03-19,101.298,1409.75,0.0327505,0.0017301,0.289938,0.0564132,0.0156743,0.10508,380.637,0,36,4,0.102012,0.107008,-2.45484,-1.17726,-5.68621,-12.575,-22.8162,-36.7663,-0.000421392,False
2012-03-20,101.278,1405.52,0.0343914,0.00173836,0,-0.0972367,0.00341436,0.0572681,379.927,0,36,4,0.108615,0.113935,-1.21633,-0.581545,-4.53761,-11.5782,-22.2032,-36.5979,-0.000199278,False
2012-03-21,101.287,1402.89,0.0384295,0.00181537,0,-0.0208501,0.00181797,0.0615493,379.951,0,37,3,0.117415,0.123254,-1.13841,-0.540703,-3.73174,-10.6321,-21.3231,-35.6801,9.54297e-05,False
2012-03-22,101.269,1392.78,0.0433973,0.00187024,0,-0.0600897,0.00132373,0.0598166,379.805,0,37,3,0.135299,0.142166,-0.928045,-0.43701,-2.19044,-8.35574,-19.2341,-33.4749,-0.00017923,False
2012-03-23,101.314,1397.11,0.0396473,0.00183807,0,0.0180792,0.00164938,0.0692279,381.614,0,37,3,0.123158,0.129409,-1.20669,-0.571365,-3.05322,-9.71704,-20.4529,-34.7795,0.00044266,False
2012-03-26,101.245,1416.51,0.0350018,0.00175998,0.0277177,0.216404,0.00722994,0.353239,386.057,0,37,3,0.109123,0.114468,-5.59573,-2.6256,-5.40715,-11.7165,-21.1055,-33.9043,-0.000684136,False
2012-03-27,101.315,1412.52,0.040499,0.00177657,0,-0.151042,0.00536457,0.165385,386.008,0,37,3,0.125447,0.131686,-2.94047,-1.39131,-4.71224,-11.3568,-21.6666,-35.4572,0.00069307,False
2012-03-28,101.289,1405.54,0.0422133,0.00183303,0,-0.159359,0.00444018,0.0680354,386.292,0,39,1,0.133356,0.140125,-1.17774,-0.557945,-3.37051,-9.9541,-20.9263,-35.3533,-0.000257306,False
2012-03-29,101.29,1403.28,0.0434635,0.00188164,0,-0.0413817,0.00233042,0.0651028,383.705,0,37,3,0.134256,0.141267,-1.03248,-0.486688,-2.6627,-9.01907,-19.9702,-34.33,7.92158e-06,False
2012-03-30,101.355,1408.47,0.041022,0.00175455,0,0.0418638,0.00176432,0.079365,387.65,0,38,2,0.124091,0.130571,-1.37778,-0.652066,-3.3532,-10.1439,-20.9878,-35.47,0.000642759,False
2012-04-02,101.348,1419.04,0.0347193,0.00176125,0,0.0224454,0.00689634,0.134533,389.336,0,37,3,0.112722,0.118328,-2.60806,-1.23965,-5.01616,-11.9571,-22.3969,-36.552,-6.57236e-05,False
2012-04-03,101.242,1413.38,0.0360005,0.0017779,0,-0.215225,0.00498976,0.0549663,385.573,0,37,3,0.111278,0.116812,-1.10319,-0.526217,-4.06677,-11.0962,-21.9538,-36.5835,-0.0010501,False
2012-04-04,101.239,1398.96,0.0418999,0.00181469,0,-0.0456703,0.00195362,0.0504691,381.389,0,37,3,0.126557,0.132981,-0.805946,-0.380101,-1.90223,-7.90321,-18.8387,-33.2227,-3.00433e-05,False
2012-04-05,101.248,1398.08,0.0443268,0.00189943,0,-0.00856581,0.00141196,0.0732202,381.835,0,37,3,0.135209,0.142269,-1.12266,-0.527905,-2.18075,-8.05188,-18.9372,-33.1598,9.57985e-05,False
2012-04-09,101.198,1382.2,0.0402961,0.0018443,0,-0.114787,0.00211379,0.0448331,379.408,0,37,3,0.127833,0.134093,-0.705064,-0.332236,-1.32983,-5.97254,-16.7495,-31.0756,-0.000494449,False
2012-04-10,101.142,1358.59,0.0439071,0.0018857,0,-0.0920108,0.0018634,0.0486649,378.204,0,38,2,0.146457,0.15363,-0.664285,-0.310588,-0.899822,-3.79243,-13.3876,-27.654,-0.000550253,False
2012-04-11,101.153,1368.71,0.045489,0.00195652,0,0.0317433,0.00176258,0.111435,384.03,0,39,1,0.141331,0.14836,-1.59056,-0.743469,-2.16675,-7.06481,-17.7055,-31.792,0.000106216,False
2012-04-12,100.825,1387.57,0.0464522,0.00193075,0.0616182,0.149484,0.0151129,0.557327,392.637,0,38,2,0.145206,0.152576,-5.96845,-2.71403,-3.72649,-9.56564,-19.0649,-31.7501,-0.00324871,False
2012-04-13,100.671,1370.26,0.0476491,0.00198738,0,-0.667043,0.01102,0.0784046,390.599,0,39,1,0.149577,0.157169,-1.20163,-0.565471,-2.47842,-8.36336,-19.3738,-34.0066,-0.00152224,False
2012-04-16,100.676,1369.57,0.0420562,0.0018779,0,-0.0520278,0.00325003,0.0587134,387.66,0,37,3,0.136806,0.143506,-0.930405,-0.438573,-2.42171,-8.42387,-19.5145,-34.1498,4.56102e-05,False
2012-04-17,100.674,1390.78,0.0392736,0.00176866,0.00500221,0.233999,0.0113595,0.315997,389.137,0,36,4,0.120467,0.126367,-4.58858,-2.14002,-4.55361,-11.0144,-20.8742,-34.227,-2.12668e-05,False
2012-04-18,100.766,1385.14,0.0404164,0.00180442,0,-0.148961,0.00505863,0.107788,384.221,0,37,3,0.124093,0.130265,-1.93,-0.913915,-3.91738,-10.6085,-21.2347,-35.4502,0.000921798,False
2012-04-19,100.732,1376.92,0.047906,0.00194434,0,-0.0943914,0.00493539,0.0884115,383.615,0,39,1,0.157541,0.165537,-1.27489,-0.597992,-2.65642,-8.69491,-19.564,-33.838,-0.000337297,False
2012-04-20,100.8,1378.53,0.0448487,0.00185621,0,0.0109206,0.00176145,0.0731489,385.699,0,38,2,0.144915,0.15227,-1.12085,-0.527511,-2.60084,-8.80726,-19.8266,-34.2498,0.000669242,False
2012-04-23,100.731,1366.94,0.0488143,0.00197013,0,-0.125781,0.00229606,0.0611697,385.186,0,38,2,0.154076,0.161622,-0.826865,-0.386473,-1.37261,-6.37843,-17.3632,-31.8682,-0.000687038,False
2012-04-24,100.777,1371.97,0.0475065,0.00196325,0,0.0274253,0.0013839,0.0860385,389.328,0,39,1,0.14705,0.154251,-1.24465,-0.583141,-2.22607,-8.12351,-19.2133,-33.7119,0.00046377,False
2012-04-25,100.764,1390.69,0.039492,0.00183256,0.0124533,0.183758,0.0091318,0.298794,392.017,0,37,3,0.128425,0.134812,-4.3093,-2.00964,-4.46331,-10.9783,-21.0358,-34.5482,-0.000128232,False
2012-04-26,100.751,1399.98,0.0414923,0.00188255,0.0879477,0.234532,0.0127796,0.485946,392.845,0,38,2,0.127723,0.134206,-6.62585,-3.07509,-4.76785,-10.8133,-20.1756,-32.7222,-0.000136333,False
2012-04-27,100.988,1403.36,0.0405693,0.00178269,0.0954417,0.144895,0.0102248,0.32678,389.441,0,37,3,0.123352,0.129613,-5.23419,-2.45806,-4.69746,-10.9287,-20.6451,-33.6499,0.00235414,False
2012-04-30,101.003,1397.91,0.0406062,0.00179105,0,-0.271371,0.00756134,0.0713423,384.886,0,37,3,0.125885,0.132051,-1.39391,-0.663887,-3.73492,-10.4405,-21.2956,-35.7038,0.000151711,False
2012-05-01,101.026,1405.82,0.0370405,0.00173106,0.00562116,0.0190601,0.00493433,0.0920166,385.204,0,36,4,0.117081,0.122815,-1.74735,-0.830147,-4.44864,-11.4124,-22.067,-36.4338,0.000229099,False
2012-05-02,101.018,1402.31,0.0429317,0.00184128,0,-0.0564238,0.00253209,0.0826978,384.043,0,38,2,0.133118,0.139738,-1.38802,-0.655798,-3.48322,-10.1802,-21.0033,-35.3283,-8.45984e-05,False
2012-05-03,100.993,1391.57,0.0472849,0.00193369,0,-0.0859871,0.00259273,0.0643868,384.403,0,38,2,0.146566,0.154005,-0.928355,-0.435655,-1.99167,-7.88036,-18.8931,-33.2993,-0.000246666,False
2012-05-04,100.921,1369.1,0.0517221,0.00203055,0,-0.126204,0.00165567,0.0580576,382.91,0,39,1,0.15793,0.165946,-0.726679,-0.337924,-0.831112,-4.13617,-14.4259,-28.8899,-0.000711332,False
2012-05-07,100.959,1369.58,0.0428233,0.00188804,0,-0.00298275,0.00140079,0.0565601,385.139,0,37,3,0.137229,0.14395,-0.85469,-0.401663,-1.56135,-5.80289,-16.511,-30.9818,0.00037702,False
2012-05-08,100.923,1363.72,0.0462235,0.00196076,0,-0.0722921,0.00219902,0.0619604,385.035,0,38,2,0.141208,0.148124,-0.908344,-0.426226,-1.72607,-6.37967,-17.0865,-31.5108,-0.000352903,False
2012-05-09,100.91,1354.58,0.0517595,0.00199791,0,-0.0517362,0.00159785,0.0718453,384.832,0,38,2,0.159561,0.167497,-0.935909,-0.436494,-1.43268,-6.00686,-16.6643,-31.051,-0.000133342,False
2012-05-10,100.936,1357.99,0.0524834,0.00205853,0,0.00672886,0.00202964,0.101162,387.863,0,39,1,0.161718,0.169926,-1.328,-0.619005,-2.07668,-7.59137,-18.548,-32.8863,0.000255742,False
2012-05-11,100.897,1353.39,0.0534354,0.00207239,0,-0.103515,0.00295115,0.0848817,389.961,0,39,1,0.166477,0.174927,-1.09784,-0.511933,-1.79243,-7.09832,-18.1075,-32.6464,-0.000384628,False
2012-05-14,100.872,1338.35,0.0539078,0.00207083,0,-0.0970169,0.00150928,0.0631792,386.661,0,38,2,0.166352,0.174499,-0.771501,-0.3585,-0.924699,-4.77777,-15.3239,-29.9252,-0.000247647,False
2012-05-15,100.876,1330.66,0.0500809,0.00203281,0,-0.0447701,0.00135909,0.0613096,387.167,0,39,1,0.157378,0.165085,-0.7916,-0.368909,-1.09035,-4.6732,-15.0408,-29.6249,3.7558e-05,False
2012-05-16,100.838,1324.8,0.0488618,0.00198947,0,-0.0804924,0.0030764,0.0624464,386.737,0,38,2,0.151619,0.15916,-0.844686,-0.394636,-1.30779,-5.2299,-15.6008,-30.1055,-0.000375048,False
2012-05-17,100.759,1304.86,0.069412,0.00239661,0,-0.103663,0.00201797,0.102739,385.573,0,40,0,0.223588,0.234937,-0.956635,-0.438485,-0.686128,-3.26841,-11.9111,-26.6365,-0.000783019,False
2012-05-18,100.74,1295.22,0.0813586,0.00272431,0,-0.0701621,0.0024329,0.127444,386.725,0,40,0,0.25697,0.27039,-1.04655,-0.476835,-0.561683,-2.81134,-10.878,-25.5783,-0.000185253,False
2012-05-21,100.872,1315.99,0.0606889,0.00222287,0,0.0786812,0.00245225,0.130322,393.893,0,39,1,0.190607,0.200086,-1.50009,-0.693626,-1.79848,-6.67354,-17.3812,-31.9516,0.00130849,False
2012-05-22,100.899,1316.63,0.0596752,0.0022076,0,-0.0423549,0.00602371,0.112064,393.606,0,39,1,0.189434,0.198855,-1.31622,-0.610288,-1.84109,-6.90682,-17.6472,-32.3151,0.000271106,False
2012-05-23,100.904,1318.86,0.0664426,0.00233279,0,-0.0187709,0.00248039,0.150445,393.849,0,39,1,0.207659,0.218199,-1.58892,-0.731773,-1.90897,-6.83607,-17.347,-31.9643,4.43733e-05,False
2012-05-24,101.033,1320.68,0.0594687,0.00219719,0,0.0304242,0.00204612,0.107169,394.173,0,40,0,0.190901,0.200871,-1.24092,-0.575358,-1.81092,-6.86215,-17.5769,-32.2982,0.00127771,False
2012-05-25,101.086,1317.82,0.0596378,0.00221928,0,-0.0206793,0.00140631,0.0890623,393.66,0,40,0,0.184443,0.194075,-1.02307,-0.474241,-1.37562,-6.0143,-16.73,-31.493,0.000528931,False
2012-05-29,101.215,1332.42,0.0496055,0.00204264,0,0.107159,0.00193194,0.113487,396.411,0,39,1,0.150859,0.158248,-1.62296,-0.759699,-2.91592,-9.17592,-20.2419,-34.816,0.00126985,False
2012-05-30,101.107,1313.32,0.0636958,0.00230088,0,-0.186399,0.00319797,0.092697,390.502,0,39,1,0.200354,0.210318,-0.975515,-0.449997,-1.01495,-4.93602,-15.2447,-29.9819,-0.00106123,False
2012-05-31,101.122,1310.33,0.0638841,0.00229158,0,-0.0420981,0.00173336,0.0961222,390.543,0,39,1,0.200666,0.210851,-1.0039,-0.462797,-1.01485,-4.81477,-15.0297,-29.7649,0.000141789,False
2012-06-01,100.829,1278.04,0.0731099,0.00251819,0,-0.373342,0.00240997,0.0832412,384.633,0,40,0,0.229124,0.240754,-0.718698,-0.327734,-0.375647,-1.73762,-8.22528,-22.6984,-0.00289038,False
2012-06-04,100.883,1278.18,0.0605584,0.00227997,0,-0.0101916,0.00129535,0.0765674,388.443,0,40,0,0.192087,0.201495,-0.812764,-0.374634,-0.792778,-3.14449,-11.0898,-25.7368,0.000530256,False
2012-06-05,100.942,1285.5,0.0561263,0.0021785,0,0.0366432,0.00142001,0.106832,391.943,0,39,1,0.178966,0.18773,-1.26178,-0.584379,-1.56392,-5.43165,-15.317,-29.8439,0.000583913,False
2012-06-06,100.695,1315.13,0.0486576,0.0020007,0.0994703,0.479441,0.0131336,0.766533,398.071,0,38,2,0.152161,0.159728,-7.45305,-3.35416,-3.7116,-9.19857,-18.3285,-30.5618,-0.0024391,False
2012-06-07,100.604,1314.99,0.0527956,0.00209328,0.0628156,-0.334898,0.0231259,0.487652,395.017,0,38,2,0.164729,0.17309,-5.46107,-2.49554,-3.71106,-9.39632,-19.1446,-32.1256,-0.000906258,False
2012-06-08,100.669,1325.66,0.0524939,0.00207536,0.242543,0.426191,0.0152203,0.641802,394.833,0,39,1,0.163369,0.171661,-6.65477,-3.01599,-3.67902,-9.13734,-18.5456,-30.9389,0.000643076,False
2012-06-11,99.8815,1308.93,0.0629552,0.00228121,0,-1.36653,0.0179265,0.105356,389.053,0,40,0,0.201654,0.21153,-1.25726,-0.584295,-1.67678,-6.43285,-16.9404,-31.7034,-0.00782108,False
2012-06-12,99.893,1324.18,0.0602538,0.00219725,0,0.0611316,0.00432766,0.208781,392.085,0,39,1,0.196998,0.206645,-2.27496,-1.04434,-2.58882,-8.13448,-18.7706,-33.1061,0.000114497,False
2012-06-13,99.917,1314.88,0.0662564,0.00235087,0,-0.129075,0.00380836,0.115717,388.773,0,40,0,0.21317,0.223771,-1.21017,-0.557725,-1.34227,-5.69198,-16.0106,-30.8019,0.000241107,False
2012-06-14,99.9333,1329.1,0.0698118,0.00240778,0,0.0965651,0.00479932,0.258645,392.492,0,40,0,0.220577,0.231773,-2.51886,-1.14775,-2.29669,-7.32419,-17.5957,-31.9055,0.000162561,False
2012-06-15,100.206,1342.84,0.0631418,0.00223012,0.00431632,0.299998,0.00259538,0.340296,393.945,0,39,1,0.205231,0.215648,-3.54544,-1.61812,-2.93378,-8.31228,-18.4363,-32.261,0.00272528,False
2012-06-18,100.511,1344.78,0.0460577,0.00191641,0,0.00171282,0.00409076,0.0769707,391.596,0,38,2,0.146203,0.153363,-1.26058,-0.595227,-2.84123,-8.89821,-19.9221,-34.6032,0.00304463,False
2012-06-19,100.496,1357.98,0.0467464,0.00198995,0.0105679,0.0835844,0.00612344,0.203428,393.455,0,39,1,0.145865,0.153008,-3.00088,-1.40366,-3.86435,-10.1769,-20.8107,-34.8459,-0.000147325,False
2012-06-20,100.528,1355.69,0.0445228,0.00190641,0,-0.117091,0.00435109,0.0920645,390.465,0,38,2,0.141331,0.14836,-1.45592,-0.685405,-3.09767,-9.49078,-20.5165,-35.0749,0.000323772,False
2012-06-21,100.407,1325.51,0.0612562,0.00225284,0,-0.198827,0.0022583,0.0718828,384.582,0,40,0,0.188913,0.198502,-0.765534,-0.353115,-0.664517,-3.63896,-13.3771,-28.0909,-0.00121259,False
2012-06-22,100.472,1335.02,0.0510123,0.00203799,0,0.0339988,0.00147704,0.0878483,387.589,0,38,2,0.157056,0.165027,-1.17119,-0.545963,-1.61074,-6.29371,-17.1207,-31.5922,0.000652653,False
2012-06-25,100.381,1313.72,0.0541066,0.0021003,0,-0.166158,0.00236961,0.0627183,383.83,0,39,1,0.172918,0.181518,-0.739828,-0.343121,-0.803695,-3.77437,-13.245,-27.8488,-0.000909613,False
2012-06-26,100.424,1319.99,0.0513118,0.00206388,0,0.022265,0.00183968,0.0887827,387.731,0,39,1,0.1592,0.167118,-1.17703,-0.548619,-1.66891,-6.28749,-16.9891,-31.4595,0.000434434,False
2012-06-27,100.422,1331.85,0.0504861,0.00201516,0,0.0703706,0.00304187,0.207238,392.221,0,39,1,0.158707,0.166762,-2.67371,-1.23956,-2.97565,-8.94266,-19.641,-33.7081,-2.64452e-05,False
2012-06-28,100.488,1329.04,0.0575656,0.0021717,0,-0.039513,0.00169994,0.154802,391.996,0,40,0,0.179255,0.188616,-1.94628,-0.903648,-2.67409,-8.37253,-19.1452,-33.5143,0.00066337,False
2012-06-29,99.3877,1362.16,0.0450399,0.00190971,0.435177,0.493641,0.0302154,1.32676,395.443,0,37,3,0.141138,0.148508,-12.4035,-5.54166,-3.96384,-8.75245,-16.3515,-26.5297,-0.0109523,False
2012-07-02,99.6997,1365.51,0.0396766,0.00178346,0.575806,0.180633,0.0241355,0.633342,388.324,0,36,4,0.122739,0.128844,-8.11702,-3.74373,-4.28433,-9.93037,-18.8195,-30.703,0.00313925,False
2012-07-03,99.8048,1374.02,0.0378474,0.00175903,0.595834,0.613121,0.0146487,0.567001,382.846,0,36,4,0.120934,0.126949,-7.18923,-3.31326,-4.45051,-10.2797,-19.2736,-31.3434,0.00105385,False
2012-07-05,99.9273,1367.58,0.0441058,0.00190406,0.0363893,-0.3185,0.00611155,0.12561,377.748,0,37,3,0.140447,0.147575,-2.14044,-1.01069,-3.51959,-9.85826,-20.4371,-34.3056,0.00122831,False
2012-07-06,99.9059,1354.68,0.0421305,0.00188355,0,-0.136076,0.00308939,0.0481758,375.756,0,38,2,0.12918,0.135737,-0.759434,-0.357687,-1.60879,-7.23747,-18.1511,-32.5102,-0.000214997,False
2012-07-09,99.9211,1352.46,0.040365,0.00187585,0,-0.0155148,0.000899528,0.0550219,376.355,0,37,3,0.126986,0.133205,-0.9135,-0.431163,-1.94084,-7.58006,-18.4582,-32.8196,0.000152431,False
2012-07-10,99.9026,1341.47,0.0414003,0.00189258,0,-0.0608873,0.0021584,0.0499561,375.203,0,37,3,0.131219,0.137645,-0.786394,-0.370392,-1.60557,-6.4343,-17.2262,-31.5282,-0.000184867,False
2012-07-11,99.9273,1341.45,0.0411043,0.0018686,0,0.00260459,0.00124823,0.0658283,378.665,0,37,3,0.133118,0.139738,-1.05437,-0.496697,-2.21244,-7.88919,-18.7655,-33.1199,0.000247439,False
2012-07-12,99.9003,1334.76,0.0473779,0.00192707,0,-0.0659444,0.00206311,0.0703447,376.624,0,37,3,0.148217,0.15574,-1.01144,-0.474005,-1.90117,-7.37226,-18.2731,-32.4762,-0.000270927,False
2012-07-13,99.7523,1356.78,0.0397896,0.00188859,0,0.0742404,0.00997035,0.320513,382.187,0,38,2,0.124032,0.130328,-4.63037,-2.15776,-4.71482,-11.1625,-20.8958,-34.0658,-0.00148145,False
2012-07-16,99.7989,1353.64,0.038381,0.00181818,0,-0.18615,0.00518084,0.119095,382.281,0,37,3,0.124954,0.131074,-2.16836,-1.027,-4.37844,-11.1528,-21.7722,-35.9611,0.000467657,False
2012-07-17,99.5798,1363.67,0.0376776,0.00183252,0.0164813,-0.108286,0.0199103,0.229433,383.306,0,37,3,0.119028,0.124858,-4.21685,-1.99569,-5.06985,-11.6037,-21.5989,-35.068,-0.00219612,False
2012-07-18,99.4356,1372.78,0.0377217,0.00181324,0.14638,0.117037,0.0205399,0.359562,383.312,0,37,3,0.119761,0.125717,-5.85969,-2.75163,-5.10022,-11.3391,-20.8057,-33.5901,-0.00144711,False
2012-07-19,99.4713,1376.51,0.0390701,0.00181999,0.127873,0.0192563,0.0129264,0.239634,380.327,0,37,3,0.124518,0.130838,-4.27089,-2.01781,-5.01687,-11.4425,-21.3671,-34.6606,0.000358371,False
2012-07-20,99.4309,1362.66,0.0415941,0.00181204,0,-0.258837,0.00588738,0.0550451,375.967,0,38,2,0.133065,0.139819,-0.926063,-0.437846,-2.66666,-8.96681,-19.9026,-34.2838,-0.000405685,False
2012-07-23,99.3731,1350.52,0.0449719,0.00188034,0,-0.0994819,0.00269202,0.0537526,376.755,0,38,2,0.142648,0.149634,-0.784472,-0.367808,-1.35193,-6.31828,-17.2538,-31.6608,-0.000581206,False
2012-07-24,99.3436,1338.31,0.0489251,0.00199924,0,-0.0671828,0.0014272,0.0615918,377.813,0,39,1,0.158902,0.166684,-0.808001,-0.376615,-1.12477,-4.8945,-15.381,-29.8037,-0.000297096,False
2012-07-25,99.3619,1337.89,0.0505145,0.00202884,0,-0.0108746,0.00180295,0.0790876,380.616,0,39,1,0.161276,0.169297,-1.04846,-0.488915,-1.57986,-6.12644,-16.8889,-31.2925,0.000184333,False
2012-07-26,99.2156,1360.02,0.050989,0.00196982,0.000118772,0.168799,0.00919505,0.433941,388.582,0,38,2,0.157444,0.165435,-4.83359,-2.20569,-3.70094,-9.74128,-19.7098,-32.9263,-0.00147289,False
2012-07-27,98.8345,1385.97,0.0446354,0.00190869,0.512018,1.62173,0.0310411,1.93645,392.906,0,39,1,0.144235,0.151556,-14.0419,-6.05203,-3.61082,-7.88031,-14.7974,-24.0562,-0.00384129,False
2012-07-30,99.2042,1385.3,0.0458834,0.001911,0.462007,-0.139778,0.0151368,0.993771,388.938,0,38,2,0.147304,0.154518,-8.92531,-3.96696,-3.53167,-8.62959,-17.2747,-28.6678,0.0037409,False
2012-07-31,99.4496,1379.32,0.0479257,0.00195908,0.171746,-0.398181,0.0105153,0.213917,385.922,0,39,1,0.15306,0.160556,-2.94757,-1.37034,-3.02274,-8.80971,-19.3556,-33.2212,0.00247347,False
2012-08-01,99.5061,1375.32,0.0524257,0.00200706,0.00332625,-0.115523,0.00294389,0.0859674,383.202,0,38,2,0.168135,0.176497,-1.14082,-0.532542,-2.03798,-7.50692,-18.4388,-32.9279,0.000568881,False
2012-08-02,99.4885,1365,0.0463435,0.00192961,0,-0.0913659,0.00234331,0.054338,382.19,0,39,1,0.147537,0.155025,-0.758614,-0.354871,-1.16835,-5.64542,-16.5615,-31.1611,-0.000177537,False
2012-08-03,99.4083,1390.99,0.038578,0.00176342,0,0.167278,0.00628598,0.332344,386.673,0,37,3,0.12005,0.126143,-4.15867,-1.91498,-4.12964,-10.689,-20.7252,-34.329,-0.000806119,False
2012-08-06,99.551,1394.23,0.0347105,0.00173311,0.0588638,0.0864565,0.00468756,0.24552,383.158,0,36,4,0.111748,0.11722,-3.78636,-1.77189,-4.70352,-11.3546,-21.4432,-35.1215,0.00143557,False
2012-08-07,99.6417,1401.35,0.035375,0.00176779,0.0781443,0.21965,0.00374074,0.326193,381.075,0,37,3,0.109039,0.114379,-5.17492,-2.42581,-5.13879,-11.5107,-21.0924,-34.1018,0.000911073,False
2012-08-08,99.7232,1402.22,0.0335473,0.00171389,0.0887767,-0.0440311,0.00624741,0.137488,376.222,0,36,4,0.102885,0.108001,-2.93952,-1.40249,-5.20083,-11.9942,-22.1322,-35.9255,0.000817763,False
2012-08-09,99.7967,1402.8,0.0337494,0.00175098,0.0285718,0.00333686,0.00407464,0.0666138,375.324,0,37,3,0.105384,0.110732,-1.45425,-0.695417,-4.92851,-11.9902,-22.5508,-36.9044,0.000737673,False
2012-08-10,99.8155,1405.87,0.0322008,0.00171433,0,-0.008964,0.0031569,0.0662127,374.934,0,36,4,0.0992645,0.104303,-1.526,-0.731403,-5.17093,-12.2722,-22.7721,-37.1069,0.000188049,False
2012-08-13,99.8338,1404.11,0.0300084,0.00170688,0,-0.0275414,0.00180806,0.0468583,374.311,0,36,4,0.0978638,0.102657,-1.0886,-0.522094,-4.67864,-11.8407,-22.4703,-36.9656,0.000183403,False
2012-08-14,99.8519,1403.93,0.0319715,0.00171639,0,-0.00392632,0.00146869,0.0535754,373.296,0,36,4,0.100827,0.105765,-1.18142,-0.565234,-4.59127,-11.7075,-22.2739,-36.6762,0.000181733,False
2012-08-15,99.878,1405.53,0.0324572,0.00168885,0,0.00951949,0.00208543,0.0657395,372.913,0,35,5,0.103336,0.108475,-1.42352,-0.680454,-4.75219,-11.8137,-22.2897,-36.5633,0.00026077,False
2012-08-16,99.7963,1415.51,0.0341317,0.00170381,0,0.0398097,0.0119395,0.207709,373.019,0,36,4,0.106743,0.112161,-4.02411,-1.90999,-5.62492,-12.1629,-21.829,-35.0195,-0.000817713,False
2012-08-17,99.9724,1418.16,0.0308429,0.00168636,0,0.0690504,0.00309412,0.126752,371.945,0,36,4,0.0968363,0.101751,-3.06403,-1.47021,-5.79752,-12.4968,-22.4487,-36.0145,0.00176429,False
2012-08-20,100.038,1418.13,0.0298279,0.00166745,0,-0.0307308,0.00294767,0.0559897,370.552,0,35,5,0.090414,0.094842,-1.53235,-0.739235,-5.62494,-12.6562,-23.0301,-37.1879,0.000652623,False
2012-08-21,100.018,1413.17,0.0320737,0.00171698,0,-0.0575406,0.00203248,0.0467329,369.07,0,36,4,0.100488,0.10541,-1.01703,-0.486413,-4.26798,-11.3045,-21.7826,-36.0583,-0.000199521,False
2012-08-22,100.026,1413.49,0.0325056,0.00170355,0,-0.00770557,0.00228358,0.0594858,370.986,0,36,4,0.105502,0.110749,-1.23843,-0.591071,-4.20804,-11.2206,-21.6866,-35.9211,8.05865e-05,False
2012-08-23,99.9876,1402.08,0.0381758,0.00179667,0,-0.0832574,0.00192276,0.0488151,370.763,0,37,3,0.118787,0.124816,-0.863252,-0.409088,-2.52032,-9.0373,-19.7215,-33.973,-0.000381207,False
2012-08-24,99.9845,1411.13,0.0378191,0.00181444,0,0.0383916,0.00360976,0.122707,377.754,0,38,2,0.121021,0.127341,-2.07361,-0.977827,-4.06419,-10.8815,-21.3207,-35.3741,-3.10564e-05,False
2012-08-27,100.01,1410.44,0.0374623,0.00171017,0,-0.0493115,0.00569763,0.0778895,378.749,0,36,4,0.11949,0.125433,-1.47756,-0.701908,-4.00272,-10.917,-21.5953,-35.9463,0.000255644,False
2012-08-28,100.038,1409.3,0.0399594,0.00172791,0,-0.0164531,0.00191279,0.0694812,379.604,0,36,4,0.123371,0.129507,-1.28522,-0.610154,-3.75086,-10.6079,-21.4013,-35.8185,0.000282711,False
2012-08-29,100.051,1410.49,0.0416083,0.00179548,0,-0.00441982,0.0026192,0.0890898,382.353,0,38,2,0.133551,0.140329,-1.49409,-0.705378,-3.69,-10.4181,-21.2768,-35.635,0.000131602,False
2012-08-30,99.9994,1399.48,0.0510843,0.00197948,0,-0.110601,0.00235385,0.0773644,381.429,0,39,1,0.15882,0.167114,-1.04522,-0.488474,-1.96036,-7.66024,-18.6183,-32.9912,-0.000520979,False
2012-08-31,100.068,1406.58,0.0459322,0.00192016,0,0.0370789,0.00189241,0.0880704,386.192,0,39,1,0.14135,0.148731,-1.3505,-0.634852,-2.88802,-9.32397,-20.3524,-34.8301,0.00068493,False
2012-09-04,100.086,1404.94,0.043138,0.00186748,0,-0.0468539,0.00144108,0.0633956,387.792,0,38,2,0.133081,0.139599,-1.03519,-0.488449,-2.6737,-9.19899,-20.3513,-35.084,0.000176384,False
2012-09-05,100.097,1403.44,0.0453316,0.00189713,0,-0.0177744,0.00144512,0.075744,386.993,0,38,2,0.14088,0.147886,-1.15547,-0.543022,-2.60629,-8.92728,-20.0531,-34.6429,0.000118563,False
2012-09-06,99.7959,1432.12,0.0385765,0.00174808,0.0660948,0.422805,0.0104895,0.760314,390.265,0,37,3,0.122478,0.128695,-9.08483,-4.16541,-4.89101,-10.5372,-19.0446,-30.6047,-0.00301227,False
2012-09-07,100.117,1437.92,0.0339409,0.00171212,0.204754,0.389615,0.0115109,0.644938,386.984,0,36,4,0.104121,0.109406,-8.64627,-4.00333,-4.90538,-10.5574,-19.1558,-30.8298,0.00321612,False
2012-09-10,100.157,1429.08,0.0366403,0.00174777,0,-0.503601,0.0140434,0.121594,381.577,0,37,3,0.115134,0.120773,-2.50961,-1.19603,-4.24503,-10.8745,-21.3462,-35.3725,0.00040545,False
2012-09-11,100.246,1433.56,0.0354117,0.00173402,0.0118498,0.0578426,0.00550663,0.107387,380.521,0,37,3,0.115134,0.120773,-2.18233,-1.03945,-4.27882,-11.1119,-21.5873,-35.7165,0.000882322,False
2012-09-12,100.312,1436.56,0.0379195,0.00176483,0.0103856,0.0325147,0.00343364,0.0960926,380.621,0,37,3,0.119761,0.125717,-1.78568,-0.847098,-4.3475,-11.2884,-21.8766,-36.1368,0.000659823,False
2012-09-13,99.8909,1459.99,0.0375642,0.00165121,0.147707,0.555703,0.0130785,0.947964,382.435,0,35,5,0.113057,0.118795,-11.7982,-5.42752,-4.68037,-9.63556,-17.0555,-27.1848,-0.00419732,False
2012-09-14,99.9508,1465.77,0.035352,0.00165452,0.401719,0.382864,0.0214965,0.881416,377.288,0,35,5,0.111017,0.116652,-10.6206,-4.8718,-4.41544,-9.4639,-17.1337,-27.5397,0.000599605,False
2012-09-17,100.178,1461.19,0.0318472,0.00163708,0.0798918,-0.435698,0.00813375,0.160592,372.678,0,35,5,0.0974405,0.102213,-3.60017,-1.72107,-4.78055,-11.2993,-21.099,-34.4253,0.00227423,False
2012-09-18,100.272,1459.32,0.0307499,0.00165886,0,-0.0420022,0.00304879,0.0504646,370.201,0,36,4,0.0925304,0.0970621,-1.30229,-0.627047,-4.40888,-11.4068,-21.7988,-35.9922,0.00094,False
2012-09-19,100.27,1461.05,0.030674,0.00163291,0,-0.0140517,0.00453224,0.0632323,370.264,0,35,5,0.0980111,0.102885,-1.39957,-0.669689,-4.47367,-11.488,-21.8335,-35.975,-2.3043e-05,False
2012-09-20,100.273,1460.26,0.0328505,0.00168082,0,-0.0305991,0.00256185,0.0579058,372.185,0,37,3,0.0992645,0.104303,-1.29405,-0.619642,-4.59243,-11.6646,-22.0941,-36.3485,3.32625e-05,False
2012-09-21,100.302,1460.15,0.0317978,0.00166036,0,-0.00286864,0.00172135,0.0547746,374.228,0,36,4,0.0984875,0.103486,-1.24374,-0.595966,-4.7577,-11.8806,-22.393,-36.7464,0.000286004,False
2012-09-24,100.313,1456.89,0.0286573,0.00162241,0,-0.031897,0.0016196,0.0371962,372.938,0,35,5,0.0903293,0.0947532,-0.891204,-0.427989,-4.32177,-11.4951,-22.0862,-36.558,0.000110633,False
2012-09-25,100.278,1441.59,0.0338766,0.00171026,0,-0.0638522,0.00165141,0.0388741,372.734,0,37,3,0.10633,0.111537,-0.749886,-0.356757,-2.20451,-8.64598,-19.3402,-33.7638,-0.000349059,False
2012-09-26,100.259,1433.32,0.0398656,0.00171085,0,-0.0406199,0.00158936,0.0541424,372.335,0,36,4,0.125447,0.131686,-0.904141,-0.427056,-1.99292,-7.74563,-18.5019,-32.6746,-0.000192692,False
2012-09-27,100.244,1447.15,0.0360004,0.00172953,0,0.0562572,0.00468421,0.155017,378.276,0,37,3,0.115291,0.121142,-2.6836,-1.26664,-4.12798,-10.8668,-21.0522,-34.8847,-0.000149921,False
2012-09-28,100.207,1440.67,0.0381367,0.00179433,0,-0.154158,0.00327037,0.0702794,379.782,0,38,2,0.122672,0.128899,-1.30241,-0.618436,-3.55258,-10.3494,-21.1081,-35.4963,-0.000362599,False
2012-10-01,100.22,1444.49,0.0346831,0.00170806,0,-0.0194691,0.0065479,0.0643271,382.615,0,37,3,0.11361,0.119174,-1.30993,-0.624632,-4.30501,-11.362,-22.1718,-36.7586,0.000128836,False
2012-10-02,100.264,1445.75,0.0341028,0.00171973,0,0.00562803,0.00177779,0.0572772,380.759,0,37,3,0.107091,0.112336,-1.20337,-0.574729,-4.31407,-11.4208,-22.1773,-36.7678,0.00043188,False
2012-10-03,100.235,1450.99,0.0357064,0.00170608,0,-0.0204979,0.00428118,0.0946119,383.224,0,37,3,0.109473,0.114917,-1.92218,-0.915677,-4.92887,-12.0069,-22.6045,-36.9957,-0.000280395,False
2012-10-04,100.034,1461.4,0.0357505,0.00167905,0.00582559,-0.0516758,0.015471,0.257406,382.857,0,37,3,0.111891,0.11757,-4.73507,-2.24121,-5.58234,-12.0939,-21.8085,-35.0243,-0.00201221,False
2012-10-05,100.135,1460.93,0.0329237,0.00167975,0,-0.0929306,0.00763242,0.0863123,379.754,0,37,3,0.0970306,0.101956,-2.14118,-1.02896,-5.55816,-12.5523,-23.0025,-37.2318,0.0010174,False
2012-10-08,100.129,1455.88,0.0325736,0.0016446,0,-0.0763994,0.00254945,0.0448185,377.122,0,35,5,0.099303,0.104166,-1.00479,-0.481193,-4.39276,-11.5169,-22.2388,-36.8255,-6.5173e-05,False
2012-10-09,100.094,1441.48,0.0331306,0.00164919,0,-0.0712777,0.00154825,0.038673,370.5,0,36,4,0.110393,0.1158,-0.729522,-0.346692,-2.13288,-8.41833,-19.099,-33.4351,-0.000351538,False
2012-10-10,100.092,1432.56,0.0373051,0.00178799,0,-0.0293455,0.00131217,0.0453149,373.995,0,38,2,0.116151,0.121928,-0.801465,-0.379624,-1.92595,-7.57603,-18.369,-32.7482,-1.78066e-05,False
2012-10-11,100.11,1432.84,0.0376068,0.0017562,0,-0.00152693,0.00268778,0.0585981,375.722,0,37,3,0.114999,0.120836,-1.0766,-0.510763,-2.71612,-9.01707,-19.7339,-34.1193,0.000183359,False
2012-10-12,100.088,1428.59,0.0403768,0.00173785,0,-0.0556653,0.00359018,0.059893,376.143,0,37,3,0.121021,0.127164,-1.05803,-0.501141,-2.76995,-9.18168,-19.9468,-34.3114,-0.000218873,False
2012-10-15,100.128,1440.13,0.0341122,0.00169375,0,0.0612062,0.0038831,0.109928,379.445,0,36,4,0.105652,0.110827,-2.24734,-1.07051,-4.95233,-11.9604,-22.3283,-36.4764,0.000396717,False
2012-10-16,100.032,1454.92,0.0331407,0.00164268,0.064969,0.316066,0.0116036,0.477485,379.442,0,35,5,0.101419,0.106386,-7.99627,-3.76149,-5.56463,-11.3406,-19.9418,-31.6822,-0.000964427,False
2012-10-17,100.111,1460.91,0.0326462,0.00165023,0.148057,0.294727,0.0170505,0.559082,377.391,0,36,4,0.102794,0.107906,-8.82267,-4.13422,-5.1095,-10.6456,-18.9132,-30.186,0.000789937,False
2012-10-18,100.183,1457.34,0.0345246,0.00169312,0.0306033,-0.306328,0.015763,0.167091,375.846,0,37,3,0.111114,0.116754,-3.49653,-1.66688,-4.94814,-11.4916,-21.429,-34.8559,0.000720489,False
2012-10-19,99.873,1433.19,0.0456178,0.00183953,0,-0.459563,0.00670623,0.0543082,372.428,0,39,1,0.145585,0.153188,-0.778164,-0.364745,-1.48169,-6.76278,-17.5541,-31.7151,-0.00309144,False
2012-10-22,99.8755,1433.82,0.0443749,0.00176102,0,-0.0269191,0.00165973,0.0658047,375.247,0,37,3,0.142001,0.149208,-0.990989,-0.465462,-1.81355,-7.26871,-18.1471,-32.3419,2.54175e-05,False
2012-10-23,99.7824,1413.11,0.0546672,0.00202266,0,-0.142653,0.00177688,0.0672014,376.481,0,39,1,0.17279,0.18156,-0.794728,-0.368638,-0.919687,-4.3402,-14.5007,-28.8588,-0.000932977,False
2012-10-24,99.7849,1408.75,0.0585767,0.00211104,0,-0.0321823,0.00147471,0.0874992,381.347,0,39,1,0.183596,0.193183,-0.985614,-0.455874,-1.09865,-4.79286,-14.9773,-29.5007,2.51623e-05,False
2012-10-25,99.8018,1412.97,0.0631213,0.00220979,0,0.0100433,0.00193588,0.139634,385.589,0,40,0,0.195744,0.206411,-1.48996,-0.685233,-1.58765,-6.07986,-16.5861,-31.0346,0.000169202,False
2012-10-26,99.8897,1411.94,0.057943,0.00208757,0,-0.0120723,0.00155043,0.0938785,388.103,0,39,1,0.17858,0.188311,-1.12861,-0.523913,-1.58735,-6.37824,-17.1809,-31.8132,0.000881634,False
2012-10-31,99.9515,1412.16,0.0499269,0.00194647,0,-0.00915879,0.00147963,0.0694258,387.321,0,38,2,0.158569,0.166454,-0.934156,-0.436504,-1.66821,-6.97223,-17.9775,-32.6574,0.00061863,False
2012-11-01,99.9731,1427.59,0.0479163,0.00190756,0,0.0937154,0.00257236,0.185054,390.585,0,39,1,0.151908,0.159618,-2.47275,-1.14891,-3.32191,-9.60046,-20.3676,-34.5464,0.000215339,False
2012-11-02,99.8016,1414.2,0.0521022,0.00196536,0,-0.324862,0.00507225,0.0766943,386.682,0,39,1,0.162009,0.170232,-1.03231,-0.482282,-1.79039,-7.11924,-18.1101,-32.7342,-0.00171484,False
2012-11-05,99.8562,1417.26,0.0496565,0.00194764,0,0.0150543,0.000985713,0.0838995,388.058,0,39,1,0.156955,0.164641,-1.1765,-0.550553,-2.25047,-8.09196,-19.1869,-33.8052,0.000546807,False
2012-11-06,99.904,1428.39,0.0449425,0.00184221,0,0.064082,0.00226135,0.140998,389.388,0,38,2,0.147388,0.154607,-2.09872,-0.982994,-3.48301,-9.95758,-20.8312,-35.1734,0.000478913,False
2012-11-07,99.7745,1394.53,0.0501275,0.00195081,0,-0.261597,0.00314959,0.0539223,380.946,0,38,2,0.153515,0.161149,-0.697367,-0.324693,-0.787001,-3.95779,-14.122,-28.6917,-0.00129618,False
2012-11-08,99.7546,1377.51,0.0481456,0.00191358,0,-0.0644536,0.00174726,0.0538927,378.48,0,38,2,0.151811,0.159516,-0.706019,-0.32878,-0.910637,-3.55519,-12.4741,-26.9107,-0.000199843,False
2012-11-09,99.7499,1379.85,0.0503584,0.0019496,0,-0.0178535,0.00223874,0.0868809,381.447,0,38,2,0.155696,0.163598,-1.1617,-0.541358,-1.63982,-5.59558,-15.346,-29.6567,-4.68301e-05,False
2012-11-12,99.8245,1380.03,0.0410487,0.00184553,0,0.00849185,0.00137218,0.058625,381.952,0,37,3,0.13384,0.140496,-0.952914,-0.449511,-2.19374,-7.56973,-18.1184,-32.6391,0.000747656,False
2012-11-13,99.82,1374.53,0.0408671,0.00185289,0,-0.0449671,0.00199026,0.0551517,380.593,0,37,3,0.134382,0.141065,-0.87582,-0.412711,-2.05029,-7.78278,-18.7767,-33.2902,-4.47778e-05,False
2012-11-14,99.6392,1355.49,0.0503612,0.00197434,0,-0.2223,0.00301595,0.0590169,377.231,0,38,2,0.155987,0.163904,-0.768127,-0.357777,-1.00144,-4.88728,-15.4362,-29.8273,-0.0018112,False
2012-11-15,99.6237,1353.33,0.0528743,0.00201496,0,-0.032977,0.00176212,0.0907101,378.262,0,38,2,0.175125,0.184271,-1.09348,-0.507253,-1.35306,-5.48722,-15.9517,-30.2439,-0.000156293,False
2012-11-16,99.6171,1359.88,0.0505107,0.00200295,0,-0.0444352,0.00343672,0.0978902,382.785,0,38,2,0.157337,0.165554,-1.3664,-0.638748,-2.2086,-7.70199,-18.6277,-32.9645,-6.56906e-05,False
2012-11-19,99.6559,1386.89,0.0391,0.00181969,0.0831532,0.578331,0.0144875,0.577087,389.129,0,37,3,0.124093,0.130265,-7.72114,-3.57447,-4.71868,-10.6189,-19.6047,-31.7351,0.00038923,False
2012-11-20,99.7399,1387.81,0.0415397,0.00178733,0.0655436,-0.116345,0.016692,0.334227,385.863,0,37,3,0.127793,0.134149,-5.31568,-2.49333,-4.69252,-10.8865,-20.6294,-33.6137,0.000843216,False
2012-11-21,99.9342,1391.03,0.0430727,0.00182028,0.0325532,0.113262,0.00505472,0.256838,384.802,0,38,2,0.136853,0.143799,-4.07972,-1.91487,-4.33532,-10.5997,-20.7228,-34.0924,0.00194803,False
2012-11-23,99.9324,1409.15,0.0407523,0.00183219,0.52999,0.94757,0.0156132,0.699496,385.206,0,37,3,0.130248,0.136859,-8.46813,-3.88808,-4.59962,-10.1749,-18.7703,-30.3174,-1.7715e-05,False
2012-11-26,100.197,1406.29,0.037871,0.00179622,0.129019,-0.208663,0.0114946,0.121741,381.144,0,37,3,0.121483,0.127433,-2.4965,-1.18987,-4.67833,-11.3263,-21.7683,-35.7445,0.00264831,False
2012-11-27,100.207,1398.94,0.0395186,0.00177748,0,-0.0933669,0.00337127,0.0528649,380.789,0,37,3,0.122753,0.128765,-0.949523,-0.450304,-3.1224,-9.71276,-20.6708,-35.219,9.86002e-05,False
2012-11-28,100.231,1409.93,0.041764,0.00184673,0,0.0960553,0.00387439,0.161086,381.271,0,37,3,0.127793,0.134149,-2.54769,-1.19624,-4.17775,-10.8369,-21.2429,-35.1557,0.000238275,False
2012-11-29,100.277,1415.95,0.0425373,0.00181728,0.00408304,0.0816732,0.00422475,0.229022,383.849,0,38,2,0.13423,0.141044,-3.4278,-1.60323,-4.39486,-10.9049,-21.0965,-34.6887,0.000460429,False
2012-11-30,100.415,1416.18,0.0440714,0.00179956,0,0.0134401,0.00355049,0.143462,383.557,0,37,3,0.136173,0.143085,-2.47929,-1.17147,-4.16932,-10.7147,-21.24,-35.1673,0.00137342,False
2012-12-03,100.419,1409.46,0.040873,0.00186871,0,-0.119663,0.00407609,0.0542875,383.429,0,38,2,0.129695,0.136047,-0.926497,-0.438484,-2.86637,-9.35885,-20.3985,-34.9703,4.42166e-05,False
2012-12-04,100.435,1407.05,0.0424198,0.00183786,0,-0.0164523,0.00128917,0.0611666,385.504,0,39,1,0.131303,0.137734,-0.991682,-0.467784,-2.39163,-8.6969,-19.7706,-34.3722,0.000158948,False
2012-12-05,100.462,1409.28,0.0400597,0.00174156,0,-0.00324319,0.00169546,0.06753,384.015,0,36,4,0.124183,0.130359,-1.1796,-0.558347,-2.95993,-9.5535,-20.4666,-35.0171,0.00026899,False
2012-12-06,100.494,1413.94,0.0436256,0.00187145,0,0.0413122,0.00227907,0.116177,385.394,0,37,3,0.132482,0.139207,-1.89403,-0.892318,-3.76474,-10.4878,-21.2173,-35.4856,0.000319919,False
2012-12-07,100.557,1418.07,0.0406425,0.00175852,0,0.01535,0.00499791,0.102334,384.426,0,37,3,0.123546,0.129817,-1.8936,-0.898475,-4.4044,-11.3048,-21.9584,-36.2486,0.00062769,False
2012-12-10,100.656,1418.55,0.0355611,0.00168906,0,0.0184762,0.00135851,0.0548837,379.834,0,35,5,0.108107,0.113402,-1.15695,-0.552794,-4.40301,-11.4516,-22.1612,-36.6708,0.000978949,False
2012-12-11,100.66,1427.84,0.0335623,0.00166814,0,0.0580443,0.00891294,0.132084,378.788,0,35,5,0.107938,0.113224,-2.64395,-1.25812,-5.38094,-12.2246,-22.4073,-36.2724,3.79974e-05,False
2012-12-12,100.68,1428.48,0.0354665,0.00174959,0,-0.0310585,0.0114888,0.103231,378.848,0,37,3,0.111729,0.117285,-2.09136,-0.996279,-5.00275,-11.8971,-22.2835,-36.3478,0.000198923,False
2012-12-13,100.644,1419.45,0.0398498,0.00175146,0,-0.117581,0.00285682,0.0567286,377.187,0,37,3,0.122769,0.129001,-1.01233,-0.480151,-3.2845,-9.98964,-20.7653,-35.0923,-0.000355956,False
2012-12-14,100.646,1413.58,0.0413181,0.00183809,0,-0.0352282,0.00157621,0.0569365,377.931,0,38,2,0.128597,0.135124,-0.934121,-0.441046,-2.4115,-8.74255,-19.5945,-33.9015,2.45193e-05,False
2012-12-17,100.633,1430.36,0.0379282,0.00178,0,0.138016,0.00633022,0.238106,383.689,0,37,3,0.12662,0.132917,-3.52207,-1.64569,-4.48248,-11.102,-21.164,-34.7255,-0.000132499,False
2012-12-18,100.56,1446.79,0.0405487,0.00176056,0.145475,0.625845,0.0108264,0.819322,390.033,0,38,2,0.12644,0.132728,-9.45394,-4.32343,-4.715,-10.1257,-18.4719,-29.7043,-0.000724266,False
2012-12-19,100.524,1435.81,0.0484947,0.00190151,0.00230721,-0.686989,0.0125052,0.200476,388.612,0,39,1,0.151616,0.159312,-3.06731,-1.43823,-3.76616,-9.89652,-20.3491,-34.1497,-0.0003616,False
2012-12-20,100.638,1443.69,0.0517414,0.00196771,0.0367816,0.14449,0.00800916,0.236014,390.051,0,39,1,0.158184,0.166445,-3.38192,-1.57933,-3.73691,-9.79842,-20.2378,-33.8886,0.00113341,False
2012-12-21,100.682,1430.15,0.0500491,0.00192708,0,-0.169858,0.00509031,0.0649065,388.791,0,39,1,0.154267,0.162323,-0.877957,-0.410657,-1.66575,-7.06131,-18.1145,-32.7542,0.000440007,False
2012-12-24,100.699,1426.66,0.0521322,0.00200529,0,-0.0203059,0.00119557,0.0765257,389.55,0,40,0,0.161523,0.169722,-0.98365,-0.458382,-1.50306,-6.47096,-17.4584,-32.062,0.00016891,False
2012-12-26,100.687,1419.83,0.0571013,0.00209388,0,-0.0551012,0.00183404,0.0861687,389.195,0,39,1,0.178326,0.187378,-1.01096,-0.468741,-1.29761,-5.64702,-16.3239,-30.9556,-0.000114905,False
2012-12-27,100.656,1418.1,0.0645285,0.00224361,0,-0.0522114,0.00201388,0.125924,390.039,0,40,0,0.203713,0.214351,-1.30764,-0.601619,-1.3922,-5.65475,-16.0629,-30.6767,-0.000314795,False
2012-12-28,100.554,1402.43,0.0795223,0.00262124,0,-0.175083,0.0025574,0.126947,388.491,0,40,0,0.248712,0.2617,-1.08246,-0.494385,-0.660715,-3.47225,-12.4953,-27.2877,-0.00101099,False
2012-12-31,100.688,1426.19,0.0546534,0.00203403,0,0.065427,0.0023655,0.108922,394.277,0,39,1,0.167323,0.175644,-1.42604,-0.664501,-2.22679,-7.83233,-18.8203,-33.4517,0.00132969,False
2013-01-02,100.183,1462.42,0.0331882,0.00167002,0.256153,0.431921,0.0175412,0.803094,395.747,0,36,4,0.100538,0.105538,-10.1812,-4.69191,-5.05601,-10.585,-18.9062,-30.2684,-0.00500982,False
2013-01-03,100.29,1459.37,0.0368035,0.00166858,0.118218,-0.253752,0.0100187,0.349577,387.344,0,36,4,0.114416,0.120224,-5.48264,-2.56933,-4.83544,-11.1156,-20.7323,-33.7223,0.00106469,False
2013-01-04,100.485,1466.47,0.0330834,0.00166314,0.192499,0.30535,0.00645818,0.29218,381.612,0,36,4,0.0983904,0.103384,-5.2089,-2.46076,-5.2586,-11.6527,-21.1295,-34.0762,0.00194645,False
2013-01-07,100.586,1461.89,0.0288567,0.00164644,0.0125511,-0.154156,0.0046662,0.0470113,373.824,0,35,5,0.0861811,0.0904018,-1.28577,-0.620286,-4.82701,-11.9347,-22.4157,-36.7303,0.00100518,False
2013-01-08,100.587,1457.15,0.0282102,0.001659,0,-0.0358297,0.00192533,0.0351262,370.473,0,36,4,0.084488,0.0886258,-0.864768,-0.415698,-4.00337,-11.1113,-21.6105,-35.9669,6.7729e-06,False
2013-01-09,100.591,1461.02,0.0280409,0.00167875,0,0.0106899,0.0026124,0.0654105,373.522,0,37,3,0.0867299,0.0910431,-1.59512,-0.766183,-5.03638,-12.1103,-22.4723,-36.6451,4.13121e-05,False
2013-01-10,100.557,1472.12,0.0277409,0.00160952,0.0175616,0.178171,0.00716167,0.278957,375.8,0,35,5,0.0886776,0.0931786,-5.59657,-2.66121,-5.98353,-12.179,-21.416,-33.9986,-0.000337681,False
2013-01-11,100.65,1472.05,0.0313481,0.00164474,0.00283028,-0.0100067,0.00303569,0.19922,375.261,0,36,4,0.0979389,0.103053,-4.30485,-2.05521,-5.74486,-12.1895,-21.7781,-34.8488,0.000930495,False
2013-01-14,100.779,1470.68,0.0302237,0.00161466,0,-0.0300169,0.0026982,0.0668164,374.504,0,35,5,0.0945816,0.0992853,-1.80118,-0.868617,-5.53193,-12.5106,-22.8369,-36.9196,0.00127468,False
2013-01-15,100.817,1472.34,0.0295634,0.00162825,0,0.00337667,0.00255124,0.0571459,374.526,0,36,4,0.0940401,0.0987169,-1.41148,-0.678621,-5.34282,-12.4203,-22.8513,-37.0906,0.000381341,False
2013-01-16,100.839,1472.63,0.0339032,0.00169064,0,0.00158498,0.00234102,0.0671062,375.257,0,37,3,0.101207,0.106344,-1.45995,-0.698336,-4.94864,-11.9916,-22.4254,-36.6395,0.00021322,False
2013-01-17,100.809,1480.94,0.0371448,0.00172195,0,0.090615,0.00572724,0.21756,378.692,0,37,3,0.115833,0.121882,-3.83439,-1.81187,-5.35171,-11.8915,-21.6857,-34.9664,-0.000298921,False
2013-01-18,100.919,1485.98,0.0329047,0.00167565,0.00134215,0.0294576,0.00774122,0.158904,380.981,0,37,3,0.10048,0.105727,-3.50298,-1.67461,-5.6822,-12.3422,-22.3191,-35.8936,0.00109375,False
2013-01-22,100.942,1492.56,0.0249591,0.00159357,0.00701232,-0.0203149,0.0116843,0.11968,380.775,0,35,5,0.0822022,0.0862281,-3.48099,-1.68204,-6.24883,-13.017,-23.0344,-36.6732,0.00023363,False
2013-01-23,100.99,1494.81,0.0277614,0.00162332,0,-0.00318958,0.0041244,0.0905209,380.256,0,36,4,0.0877226,0.0920852,-2.48011,-1.19643,-6.13046,-13.1105,-23.3833,-37.3998,0.000475353,False
2013-01-24,100.96,1494.82,0.0310389,0.00159749,0,-0.0711095,0.00954611,0.0699528,375.101,0,35,5,0.0946995,0.0995061,-1.68401,-0.808767,-5.64206,-12.6606,-23.0021,-37.1293,-0.000303456,False
2013-01-25,101.002,1502.96,0.0309067,0.00161954,0,0.0998026,0.00519496,0.152091,376.948,0,36,4,0.0936311,0.0983835,-3.60093,-1.72679,-6.14249,-12.7891,-22.6048,-36.0062,0.000413599,False
2013-01-28,101.029,1500.18,0.0324629,0.00163291,0,-0.0840163,0.00441893,0.0665377,375.723,0,36,4,0.0979485,0.102745,-1.61354,-0.775228,-5.53688,-12.5384,-22.9285,-37.0899,0.000276709,False
2013-01-29,101.02,1507.84,0.0304313,0.00161345,0,0.0289193,0.00960543,0.12397,376.88,0,36,4,0.096594,0.101325,-2.9913,-1.43582,-5.99906,-12.7705,-22.7668,-36.4091,-9.20574e-05,False
2013-01-30,100.959,1501.96,0.0344051,0.00167255,0,-0.149496,0.00473457,0.063845,377.58,0,37,3,0.110195,0.115675,-1.32909,-0.634676,-4.61737,-11.6168,-22.1775,-36.4698,-0.000607535,False
2013-01-31,100.968,1498.11,0.0385027,0.00169092,0,-0.0288876,0.00235022,0.060417,379.259,0,38,2,0.118399,0.124408,-1.11613,-0.530136,-3.67185,-10.5518,-21.2799,-35.65,8.91646e-05,False
2013-02-01,101.046,1513.17,0.0288696,0.00160141,0,0.100613,0.00268531,0.107038,380.648,0,36,4,0.0868322,0.0912395,-2.60282,-1.24967,-6.02152,-12.9524,-23.1891,-37.158,0.000778216,False
2013-02-04,100.939,1495.71,0.0338232,0.00167568,0,-0.20278,0.00327802,0.0400317,378.412,0,37,3,0.103959,0.109051,-0.804881,-0.383797,-3.02524,-9.94368,-20.6889,-35.2487,-0.00105797,False
2013-02-05,100.963,1511.29,0.0290796,0.00157414,0,0.117566,0.00474805,0.156678,380.408,0,35,5,0.0888902,0.0932435,-3.15404,-1.50074,-5.60303,-12.4094,-22.4685,-36.1984,0.000234567,False
2013-02-06,101.021,1512.12,0.0276819,0.00157418,0.00858439,-0.0104049,0.00329914,0.102772,377.437,0,35,5,0.0860981,0.0903799,-2.49731,-1.19894,-5.72139,-12.6081,-22.7967,-36.687,0.000571748,False
2013-02-07,101.008,1509.39,0.0303749,0.001615,0,-0.0801191,0.00480063,0.0596374,375.466,0,36,4,0.0918828,0.0965465,-1.50453,-0.723933,-5.28853,-12.3589,-22.7654,-36.9804,-0.000128935,False
2013-02-08,100.964,1517.93,0.0339344,0.00160314,0,0.0693036,0.00417783,0.20113,377.602,0,36,4,0.104192,0.109634,-4.02565,-1.91505,-5.69454,-12.2523,-21.9186,-35.1311,-0.000435958,False
2013-02-11,101.104,1517.01,0.0306656,0.00160562,0,-0.0221898,0.00251014,0.0654109,374.984,0,36,4,0.0926354,0.0972424,-1.63956,-0.788634,-5.5858,-12.5693,-22.9368,-37.0616,0.00138741,False
2013-02-12,101.156,1519.43,0.0282478,0.00158119,0,0.0156659,0.00281567,0.0526705,375.287,0,36,4,0.0843834,0.0885799,-1.44518,-0.697498,-5.83967,-12.9231,-23.352,-37.5798,0.000516867,False
2013-02-13,101.151,1520.33,0.0281815,0.00156951,0,-0.0186271,0.00219371,0.0640486,374.394,0,35,5,0.0919799,0.0966485,-1.56536,-0.752341,-5.51188,-12.5489,-22.8868,-37.0133,-5.52307e-05,False
2013-02-14,101.162,1521.38,0.0306605,0.00159878,0,-0.0144237,0.00267727,0.0640527,374.376,0,36,4,0.0932801,0.0981514,-1.53029,-0.734873,-5.39767,-12.4367,-22.7794,-36.9132,0.000118206,False
2013-02-15,101.183,1519.79,0.029532,0.00157323,0,-0.021553,0.0017892,0.0478662,373.991,0,35,5,0.0913743,0.0961461,-1.15819,-0.556604,-5.07137,-12.1718,-22.6156,-36.8874,0.000205641,False
2013-02-19,101.21,1530.94,0.0252055,0.00154534,0,0.0632104,0.00796283,0.0999809,374.53,0,34,6,0.0778001,0.0816103,-2.77476,-1.3387,-6.61898,-13.3575,-23.4248,-37.0726,0.000264797,False
2013-02-20,100.97,1511.95,0.0365427,0.00167308,0,-0.318354,0.00670004,0.0496394,372.742,0,37,3,0.116422,0.122212,-0.919577,-0.437013,-3.14433,-9.89392,-20.4895,-34.6915,-0.00236976,False
2013-02-21,100.946,1502.42,0.0418396,0.0016911,0,-0.0535134,0.00149936,0.0592019,374.686,0,37,3,0.137241,0.144207,-0.912254,-0.429443,-2.08529,-8.1045,-18.8902,-32.9648,-0.000241921,False
2013-02-22,100.992,1515.6,0.038963,0.00169445,0,0.0732651,0.00222297,0.121086,382.448,0,39,1,0.123449,0.129715,-2.05475,-0.969866,-3.92788,-10.7187,-21.2009,-35.2781,0.000459913,False
2013-02-25,100.623,1487.85,0.052205,0.00194602,0,-0.470333,0.00455299,0.0660478,382.023,0,40,0,0.17033,0.178672,-0.819105,-0.381471,-1.11467,-5.55521,-16.2885,-30.7116,-0.00365957,False
2013-02-26,100.69,1496.94,0.0414318,0.00178127,0,0.0253209,0.00134171,0.062021,388.846,0,38,2,0.130711,0.137112,-1.01725,-0.480124,-2.28257,-8.43343,-19.5624,-34.2422,0.000672379,False
2013-02-27,100.708,1515.99,0.0357348,0.00168284,0.00669547,0.180343,0.00546423,0.246348,391.397,0,37,3,0.11561,0.121359,-3.9353,-1.84762,-4.55611,-11.2575,-21.3939,-35.1421,0.000177854,False
2013-02-28,100.787,1514.68,0.0398948,0.00168541,0,-0.0416294,0.00256999,0.161459,389.504,0,38,2,0.127917,0.13441,-2.75947,-1.30251,-4.32412,-11.0416,-21.5603,-35.6151,0.000783447,False
2013-03-01,100.875,1518.2,0.0367732,0.0016683,0,-0.0060611,0.00602036,0.0962009,387.738,0,37,3,0.112474,0.118183,-2.06285,-0.985722,-4.78904,-11.7427,-22.3951,-36.7751,0.000875917,False
2013-03-04,101.001,1525.2,0.0273815,0.00157465,0.00125562,0.0719675,0.00392951,0.0631612,384.567,0,36,4,0.0900754,0.0944868,-1.73857,-0.839127,-5.62451,-12.8098,-23.422,-37.9081,0.00124539,False
2013-03-05,100.913,1539.79,0.0265237,0.00156139,0.141363,0.259867,0.0131133,0.281359,382.882,0,36,4,0.0835568,0.0876489,-6.28837,-3.00602,-6.30884,-12.4742,-21.7019,-34.2425,-0.000869741,False
2013-03-06,101.012,1541.46,0.0274544,0.00154408,0.0193631,0.0119404,0.00470443,0.196761,379.412,0,35,5,0.0855566,0.0898115,-4.75461,-2.28113,-6.21413,-12.6601,-22.2267,-35.2581,0.000974913,False
2013-03-07,101.095,1544.26,0.0300632,0.00156928,0.00564218,0.0450817,0.00506267,0.176511,376.308,0,35,5,0.090523,0.0951177,-4.31198,-2.07006,-5.95928,-12.4624,-22.0336,-35.1067,0.000822884,False
2013-03-08,101.141,1551.18,0.0277655,0.00154766,0.118909,0.153977,0.0147652,0.177099,374.128,0,34,6,0.0831413,0.0873613,-4.45194,-2.13949,-6.26635,-12.6768,-22.1755,-35.1111,0.000454339,False
2013-03-11,101.202,1556.22,0.025701,0.00155592,0.101295,0.0952888,0.0121481,0.121508,375.024,0,36,4,0.0791546,0.0830311,-3.6349,-1.75811,-6.67207,-13.2462,-23.0593,-36.3744,0.000608868,False
2013-03-12,101.193,1552.48,0.029271,0.00155791,0,-0.0957272,0.00439742,0.0580486,374.451,0,36,4,0.0900754,0.0944868,-1.54046,-0.742684,-5.85681,-12.8794,-23.2476,-37.3879,-8.84542e-05,False
2013-03-13,101.233,1554.52,0.029087,0.00157817,0,0.0164631,0.00233201,0.0599175,375.317,0,36,4,0.0901594,0.0946431,-1.51887,-0.731043,-5.77394,-12.8309,-23.2112,-37.3876,0.00039302,False
2013-03-14,101.267,1563.23,0.028095,0.00154827,0,0.0846027,0.00291636,0.134207,376.697,0,36,4,0.0875121,0.0919539,-3.29308,-1.58163,-6.36046,-13.0555,-22.9576,-36.4515,0.000335303,False
2013-03-15,101.298,1560.7,0.0279283,0.00154014,0,-0.0695888,0.00550872,0.0544803,374.237,0,34,6,0.0842097,0.0884839,-1.50019,-0.724068,-5.90807,-12.9211,-23.2986,-37.4412,0.000306293,False
2013-03-18,101.246,1552.1,0.0325507,0.00161186,0,-0.0897628,0.00388831,0.0438084,374.199,0,37,3,0.0992184,0.104078,-0.945447,-0.45227,-4.174,-11.227,-21.7472,-36.0791,-0.000513737,False
2013-03-19,101.2,1548.34,0.0373757,0.00163445,0,-0.0620518,0.00271473,0.0603923,376.261,0,37,3,0.114617,0.120317,-1.12578,-0.534777,-3.48611,-10.3497,-20.9251,-35.1794,-0.00045048,False
2013-03-20,101.215,1558.71,0.036101,0.00160837,0,0.053634,0.00260849,0.131736,381.235,0,37,3,0.110046,0.115631,-2.51148,-1.19253,-4.97881,-11.8632,-22.0927,-36.0086,0.000140061,False
2013-03-21,101.132,1545.8,0.0460421,0.00178979,0,-0.173782,0.00431415,0.0801434,383.03,0,39,1,0.142938,0.150402,-1.23889,-0.583335,-2.96608,-9.41502,-20.2782,-34.5291,-0.000812637,False
2013-03-22,101.219,1556.89,0.0428118,0.00173357,0,0.097109,0.00253518,0.129017,389.204,0,38,2,0.133514,0.140487,-2.13441,-1.00679,-4.23564,-10.9833,-21.673,-35.8743,0.000858067,False
2013-03-25,101.234,1551.69,0.0366019,0.00166184,0,-0.0985335,0.00287181,0.0475019,387.875,0,37,3,0.112541,0.118138,-0.899016,-0.427629,-3.29023,-10.1985,-21.2004,-35.983,0.000148688,False
2013-03-26,101.286,1563.77,0.0292899,0.00156029,0,0.058509,0.00230707,0.0792512,387.747,0,36,4,0.0897984,0.0942642,-1.86031,-0.892289,-5.25682,-12.4119,-23.0434,-37.5554,0.000515462,False
2013-03-27,101.284,1562.85,0.0325071,0.00160063,0,-0.0295924,0.00269363,0.0806393,385.195,0,37,3,0.10179,0.106956,-1.73412,-0.828969,-4.88996,-11.9782,-22.5565,-36.978,-2.73256e-05,False
2013-03-28,101.328,1569.19,0.0326755,0.0016051,0,0.053434,0.00411518,0.116255,384.083,0,37,3,0.0989977,0.104168,-2.64342,-1.26608,-5.55038,-12.4858,-22.7423,-36.7508,0.000442064,False
2013-04-01,101.281,1562.17,0.0310346,0.00159413,0,-0.146666,0.00464931,0.0414531,382.075,0,37,3,0.0964247,0.101147,-0.945762,-0.453524,-4.4981,-11.6899,-22.4452,-37.09,-0.000464565,False
2013-04-02,101.309,1570.25,0.0286069,0.00154345,0,0.0319695,0.00260977,0.0700018,380.912,0,35,5,0.0857578,0.0899578,-1.75708,-0.845046,-5.71703,-12.8189,-23.293,-37.5878,0.000275218,False
2013-04-03,101.196,1553.69,0.037011,0.00161442,0,-0.167054,0.00249398,0.0485759,380.223,0,37,3,0.114346,0.120033,-0.900508,-0.42799,-2.87864,-9.65251,-20.4385,-34.9188,-0.00111269,False
2013-04-04,101.203,1559.98,0.037566,0.00168058,0,0.0135471,0.0024163,0.088909,382.044,0,37,3,0.115388,0.121244,-1.63652,-0.776312,-4.01708,-10.9434,-21.5034,-35.7717,6.60408e-05,False
2013-04-05,101.19,1553.28,0.0368225,0.00163655,0,-0.0832077,0.0022664,0.0521391,383.287,0,38,2,0.113834,0.119611,-0.983647,-0.467856,-3.22564,-10.1265,-20.9504,-35.5251,-0.000133576,False
2013-04-08,101.251,1563.07,0.0300117,0.00156712,0,0.0526714,0.00226783,0.0692476,385.705,0,37,3,0.0955781,0.100259,-1.59723,-0.765745,-5.07818,-12.2752,-22.9188,-37.452,0.00061014,False
2013-04-09,101.297,1568.61,0.0285772,0.00155781,0,0.0329486,0.00231394,0.081464,384.832,0,36,4,0.0881282,0.0924443,-2.07006,-0.99601,-5.94663,-13.0469,-23.5498,-37.8682,0.000448761,False
2013-04-10,100.49,1587.73,0.0277362,0.00150479,0.196433,0.113406,0.0281651,0.80332,384.374,0,36,4,0.0865494,0.0908536,-12.454,-5.82904,-5.16026,-10.0359,-17.3623,-27.349,-0.00796488,False
2013-04-11,100.593,1593.37,0.0290274,0.00152691,0.396508,0.501348,0.00731252,0.825485,381.24,0,36,4,0.0878035,0.09226,-11.7895,-5.48607,-4.90258,-9.87776,-17.2571,-27.3574,0.00102362,False
2013-04-12,100.683,1588.85,0.0280075,0.00152599,0.123492,-0.439543,0.0163395,0.182669,375.656,0,35,5,0.0873178,0.0917498,-4.28155,-2.05105,-5.47512,-11.9889,-21.5921,-34.712,0.000893937,False
2013-04-15,100.094,1552.36,0.0432481,0.0017484,0,-0.753333,0.0108402,0.0482909,369.878,0,39,1,0.141547,0.148479,-0.699963,-0.328351,-1.16935,-5.87896,-16.551,-30.6253,-0.00584307,False
2013-04-16,100.12,1574.57,0.0325242,0.00157746,0,0.0894988,0.00318479,0.139537,376.707,0,37,3,0.102012,0.107008,-2.55028,-1.20689,-3.60006,-10.3415,-20.5326,-34.4413,0.000259901,False
2013-04-17,99.8155,1552.01,0.045502,0.00177628,0,-0.420534,0.00561203,0.0620057,376.849,0,38,2,0.143497,0.150633,-0.923361,-0.433516,-1.80094,-7.07035,-18.0019,-32.2888,-0.00304522,False
2013-04-18,99.7905,1541.61,0.0492782,0.00185846,0,-0.0645315,0.0017541,0.0681397,380.392,0,40,0,0.160164,0.168293,-0.898968,-0.419572,-1.41967,-6.18848,-17.0668,-31.4716,-0.000250459,False
2013-04-19,99.8447,1555.25,0.0404041,0.00165761,0,0.0332177,0.00212917,0.0837621,384.144,0,37,3,0.126072,0.132471,-1.44814,-0.684496,-3.08405,-9.68086,-20.5866,-35.105,0.000543263,False
2013-04-22,99.9255,1562.5,0.0349868,0.00162419,0,0.0466741,0.00343915,0.0796075,384.824,0,37,3,0.10997,0.115356,-1.65119,-0.787531,-4.38949,-11.4716,-22.2257,-36.8349,0.000808777,False
2013-04-23,99.8687,1578.78,0.0303442,0.00150999,0.0341358,0.178852,0.00957569,0.300361,382.514,0,35,5,0.0962553,0.100969,-6.03264,-2.86767,-5.86168,-12.1532,-21.5042,-34.2602,-0.000568215,False
2013-04-24,99.9824,1578.79,0.034257,0.00158499,0,-0.0296622,0.00608433,0.183552,379.111,0,37,3,0.105863,0.111128,-3.93117,-1.87572,-5.56222,-12.172,-22.0692,-35.5168,0.00113884,False
2013-04-25,100.064,1585.16,0.0358463,0.00165011,0.0188111,0.126329,0.00377525,0.239825,381.471,0,38,2,0.11296,0.118693,-4.69116,-2.22804,-5.35665,-11.8036,-21.521,-34.6859,0.000816811,False
2013-04-26,100.226,1582.24,0.0334148,0.00159346,0,-0.0385066,0.00312196,0.067773,378.228,0,37,3,0.107326,0.112774,-1.55951,-0.74766,-4.77122,-11.7599,-22.3425,-36.6833,0.00162141,False
2013-04-29,100.308,1593.61,0.0320707,0.00157019,0.0215481,0.131159,0.00455057,0.121736,381.873,0,37,3,0.0997263,0.10461,-2.77124,-1.32654,-5.8387,-12.7756,-23.0564,-37.0814,0.000814136,False
2013-04-30,100.416,1597.57,0.0309952,0.00149279,0,0.0720709,0.00344516,0.112183,379.66,0,35,5,0.0976945,0.102479,-2.65813,-1.27477,-5.84583,-12.7616,-23.0128,-36.988,0.00107351,False
2013-05-01,100.322,1582.7,0.0375717,0.00163736,0,-0.184244,0.00517778,0.0518357,376.411,0,37,3,0.120664,0.126665,-0.942857,-0.447542,-3.19249,-9.94181,-20.7389,-35.1302,-0.000927549,False
2013-05-02,100.322,1597.59,0.0364032,0.00157323,0,0.0680546,0.00454733,0.150382,379.165,0,38,2,0.11228,0.117979,-2.7358,-1.29499,-5.04352,-11.8745,-22.0718,-35.9274,-2.08079e-06,False
2013-05-03,99.9765,1614.42,0.0322547,0.00155196,0.114667,0.0728409,0.0243082,0.460697,383.053,0,37,3,0.0971277,0.102058,-7.56964,-3.55643,-5.70734,-11.6358,-20.4858,-32.5628,-0.00344636,False
2013-05-06,100.224,1617.5,0.0284482,0.00147452,0.0676576,0.113232,0.0079822,0.278178,379.722,0,35,5,0.0828795,0.0869385,-5.75217,-2.73815,-5.97672,-12.2776,-21.6243,-34.3572,0.00247142,False
2013-05-07,100.265,1625.96,0.0254847,0.00145535,0.25433,0.372578,0.0127571,0.365813,378.297,0,35,5,0.0817789,0.085784,-7.12076,-3.37895,-5.96119,-11.9372,-20.8202,-32.9097,0.000417925,False
2013-05-08,100.253,1632.69,0.0265499,0.00146001,0.385568,0.263592,0.0102658,0.270898,375.975,0,35,5,0.0819467,0.086022,-6.31849,-3.02522,-6.23929,-12.3357,-21.4196,-33.7768,-0.000122043,False
2013-05-09,100.234,1626.67,0.030267,0.0015179,0.00489404,-0.233017,0.0125783,0.0683837,373.661,0,37,3,0.0946024,0.0994041,-1.77148,-0.85297,-5.62962,-12.6299,-22.9966,-37.1347,-0.000191767,False
2013-05-10,100.26,1633.7,0.0267813,0.00147554,0,0.0189784,0.0057544,0.0805544,373.56,0,35,5,0.0850839,0.0894024,-2.29129,-1.10654,-6.1971,-13.1343,-23.353,-37.2946,0.000262974,False
2013-05-13,100.265,1633.77,0.0295448,0.00145884,0,-0.0306128,0.00500255,0.0687329,372.274,0,35,5,0.0943082,0.0989269,-1.68843,-0.811264,-5.71643,-12.7304,-23.0722,-37.1918,4.28099e-05,False
2013-05-14,100.121,1650.34,0.0301518,0.00149225,0.0232088,0.267583,0.0180451,0.467069,376.459,0,37,3,0.0967633,0.101502,-8.49798,-4.01759,-5.61241,-11.2228,-19.5948,-31.0175,-0.0014297,False
2013-05-15,100.187,1658.78,0.0339872,0.00149987,0.263159,0.553296,0.0159977,0.708437,379.98,0,37,3,0.104329,0.109517,-10.417,-4.8572,-4.8826,-10.0903,-17.9121,-28.5724,0.000651794,False
2013-05-16,100.221,1650.47,0.0356442,0.00155483,0.00135154,-0.565348,0.0123509,0.129,377.065,0,37,3,0.110726,0.116346,-2.83958,-1.35744,-4.80184,-11.4308,-21.6202,-35.3574,0.000344122,False
2013-05-17,100.108,1667.47,0.036607,0.00156377,0.307648,0.479231,0.00495154,0.443233,380.985,0,37,3,0.114986,0.12099,-6.72641,-3.14443,-5.07343,-11.0861,-20.0897,-32.33,-0.0011231,False
2013-05-20,100.31,1666.29,0.0326581,0.00155154,0.0794473,-0.0816337,0.00883946,0.102653,381.38,0,38,2,0.105953,0.111222,-2.23694,-1.06907,-5.19853,-12.1145,-22.5771,-36.7608,0.00201547,False
2013-05-21,100.329,1669.16,0.0348233,0.00156645,0,-0.0152086,0.00493863,0.0967864,384.946,0,38,2,0.108661,0.114064,-2.12232,-1.01469,-5.0582,-12.0563,-22.6611,-37.0175,0.000189175,False
2013-05-22,100.093,1655.35,0.0403454,0.00161132,0,-0.311593,0.00555658,0.0548432,383.574,0,38,2,0.126849,0.133287,-0.929535,-0.439553,-2.77073,-9.35874,-20.4454,-35.0782,-0.00235696,False
2013-05-23,100.084,1650.51,0.0430879,0.00165543,0,-0.0404846,0.00162861,0.0627421,385.464,0,39,1,0.133409,0.140375,-0.990508,-0.466518,-2.26655,-8.49937,-19.6539,-34.267,-8.57171e-05,False
2013-05-24,100.11,1649.6,0.0411914,0.00166829,0,-0.0142652,0.00123463,0.0613617,386.847,0,39,1,0.126209,0.1328,-1.02857,-0.485967,-2.52383,-8.95282,-20.0847,-34.8046,0.000253824,False
2013-05-28,100.168,1660.06,0.037614,0.00156001,0,0.0625458,0.00378,0.0974741,389.415,0,38,2,0.117758,0.123525,-1.79982,-0.853353,-4.14722,-11.1977,-22.0326,-36.6677,0.000586431,False
2013-05-29,100.157,1648.36,0.0412044,0.00165866,0,-0.0861985,0.00214175,0.0597173,387.266,0,39,1,0.131223,0.137749,-0.995512,-0.470327,-2.71383,-9.29387,-20.4459,-35.1697,-0.000110191,False
2013-05-30,100.189,1654.41,0.0434621,0.00166881,0,0.0245877,0.00173111,0.0927531,387.963,0,38,2,0.131317,0.137982,-1.53326,-0.723184,-3.5583,-10.339,-21.3212,-35.8752,0.000315645,False
2013-05-31,100.117,1630.74,0.0469513,0.00174888,0,-0.152036,0.0018612,0.0555755,384.39,0,39,1,0.145983,0.153393,-0.780728,-0.365436,-1.26852,-6.2016,-17.2546,-31.8317,-0.000713819,False
2013-06-03,100.169,1640.42,0.041732,0.00165541,0,0.0375069,0.00113089,0.0802522,386.743,0,38,2,0.130965,0.137379,-1.31086,-0.617815,-2.55757,-8.80096,-19.8166,-34.3971,0.000517152,False
2013-06-04,100.173,1631.38,0.041485,0.0016421,0,-0.0591018,0.00156871,0.0560156,385.784,0,38,2,0.132319,0.1388,-0.90627,-0.427562,-2.1139,-7.97755,-19.1113,-33.7785,3.40307e-05,False
2013-06-05,100.141,1608.9,0.0493021,0.00182175,0,-0.075347,0.00117702,0.0582298,383.476,0,40,0,0.154868,0.16257,-0.764042,-0.356249,-1.04177,-5.08437,-15.7554,-30.2964,-0.00031204,False
2013-06-06,100.152,1622.56,0.0490545,0.00179573,0,0.0515538,0.00186918,0.144551,388.561,0,39,1,0.153753,0.161557,-1.88085,-0.873142,-2.37052,-8.14192,-19.0831,-33.342,0.000106075,False
2013-06-07,100.206,1643.38,0.0377061,0.00162151,0.0517213,0.242967,0.00717178,0.310864,392.843,0,39,1,0.119467,0.125531,-4.56027,-2.12764,-4.56218,-11.1501,-21.1779,-34.7543,0.000537641,False
2013-06-10,100.385,1642.81,0.0361234,0.0015459,0.00699642,-0.0219237,0.00532147,0.132448,391.383,0,38,2,0.112425,0.117931,-2.74099,-1.30652,-4.79845,-11.7045,-22.3145,-36.634,0.00178385,False
2013-06-11,100.342,1626.13,0.0419421,0.00166664,0,-0.160157,0.00263199,0.0520003,386.688,0,38,2,0.129187,0.135514,-0.856086,-0.404353,-2.45527,-8.792,-19.9673,-34.686,-0.000419056,False
2013-06-12,100.191,1612.52,0.0469648,0.00174455,0,-0.183729,0.0044585,0.060754,383.385,0,38,2,0.148461,0.155844,-0.848146,-0.396838,-1.39586,-6.30807,-17.3196,-31.8057,-0.00151203,False
2013-06-13,100.124,1636.36,0.0421199,0.0016486,0,0.0873306,0.00394666,0.251249,389.515,0,39,1,0.132191,0.1389,-3.4234,-1.58981,-3.74869,-10.2901,-20.6439,-34.4848,-0.000665129,False
2013-06-14,100.094,1626.73,0.043962,0.00171163,0,-0.230731,0.00312782,0.0897668,388.351,0,39,1,0.139475,0.146555,-1.44045,-0.678611,-2.97743,-9.40679,-20.4421,-34.9972,-0.000300887,False
2013-06-17,100.133,1639.04,0.0412525,0.00165732,0,0.0660543,0.00671491,0.149766,391.416,0,39,1,0.132235,0.138711,-2.59928,-1.22789,-4.40369,-11.1701,-21.9002,-36.1807,0.000388988,False
2013-06-18,100.197,1651.81,0.0424214,0.00166842,0.0276771,0.237635,0.00904326,0.32778,391.912,0,39,1,0.136383,0.143062,-4.93891,-2.30978,-4.73315,-11.0843,-21.0414,-34.3274,0.000635697,False
2013-06-19,100.153,1628.93,0.0456541,0.00173532,0,-0.350914,0.0054533,0.0585043,387.114,0,39,1,0.146746,0.154044,-0.865453,-0.406663,-1.96887,-7.77273,-18.866,-33.5711,-0.000430886,False
2013-06-20,99.9949,1588.19,0.0673128,0.00221836,0,-0.200947,0.00246887,0.0786429,380.93,0,40,0,0.21135,0.222077,-0.749186,-0.343392,-0.483685,-2.38421,-10.6049,-25.3094,-0.00158217,False
2013-06-21,100.054,1592.43,0.0592429,0.0020431,0,0.00913607,0.0013031,0.0845829,385.216,0,40,0,0.183766,0.193093,-0.953531,-0.440799,-1.03199,-4.02247,-13.3451,-27.9907,0.000590958,False
2013-06-24,100.046,1573.09,0.0598315,0.00205612,0,-0.0777148,0.00109398,0.0715283,384.184,0,40,0,0.190066,0.199518,-0.771408,-0.355958,-0.705837,-3.32532,-11.8172,-26.4752,-7.97449e-05,False
2013-06-25,100.118,1588.03,0.0504682,0.00185968,0,0.0587084,0.00190147,0.10476,389.347,0,39,1,0.160554,0.168539,-1.38344,-0.644157,-1.8476,-6.64591,-17.3702,-31.8629,0.000721507,False
2013-06-26,100.182,1603.26,0.0479702,0.00178673,0.00414672,0.145476,0.00309167,0.224889,393.027,0,40,0,0.154239,0.162067,-2.97726,-1.38182,-3.27333,-9.40797,-20.0335,-34.07,0.000642163,False
2013-06-27,100.274,1613.2,0.0525183,0.00187439,0.0081408,0.168044,0.00618787,0.337286,394.079,0,39,1,0.158502,0.166779,-4.38831,-2.03217,-3.91168,-9.99785,-20.1854,-33.6531,0.000917945,False
2013-06-28,100.341,1606.28,0.0505425,0.00184595,0,-0.213763,0.00631074,0.0997612,391.404,0,40,0,0.157232,0.165443,-1.53676,-0.723181,-3.0278,-9.14001,-20.1348,-34.6879,0.000659666,False
2013-07-01,100.474,1614.96,0.0431766,0.00169819,0,0.0767756,0.00313285,0.0811568,392.214,0,39,1,0.135194,0.141917,-1.38736,-0.65616,-3.50495,-10.1499,-21.2975,-35.9982,0.00133272,False
2013-07-02,100.504,1614.08,0.0406442,0.00168234,0,-0.0227754,0.00183194,0.0654631,390.661,0,39,1,0.13005,0.136517,-1.10231,-0.521013,-2.98945,-9.61456,-20.7891,-35.5572,0.000299064,False
2013-07-03,100.48,1615.41,0.0456874,0.00172318,0,-0.0320784,0.00235281,0.0991377,390.024,0,39,1,0.145012,0.152372,-1.49051,-0.699863,-3.0354,-9.46526,-20.5281,-35.0236,-0.000240204,False
2013-07-05,100.57,1631.89,0.0373539,0.00157934,0,0.107805,0.00388285,0.148911,392.936,0,38,2,0.115873,0.121755,-2.84233,-1.34943,-5.07364,-12.0377,-22.5993,-36.8916,0.000894934,False
2013-07-08,100.648,1640.46,0.0334049,0.00155801,0.00343481,0.0802119,0.0102268,0.169027,390.926,0,37,3,0.10743,0.112691,-3.62522,-1.7306,-5.64853,-12.4842,-22.7427,-36.6818,0.000778377,False
2013-07-09,100.771,1652.32,0.0318671,0.00150564,0.104951,0.366903,0.014682,0.323653,389.335,0,37,3,0.0981178,0.102923,-6.60224,-3.14228,-5.74,-11.9897,-21.2565,-33.9015,0.00122214,False
2013-07-10,100.809,1652.62,0.033794,0.00154957,0.0380508,-0.123611,0.0168967,0.139532,385.985,0,37,3,0.103155,0.108285,-3.2845,-1.57483,-5.66302,-12.503,-22.7082,-36.5896,0.000375164,False
2013-07-11,100.278,1675.02,0.0337985,0.00152924,0.615948,0.972725,0.0300159,1.02937,386.443,0,37,3,0.108297,0.113794,-12.866,-5.92245,-4.52645,-9.31278,-16.4678,-26.2551,-0.00526548,False
2013-07-12,100.509,1680.19,0.0333165,0.00147787,0.545802,0.425448,0.0135433,0.697052,383.352,0,37,3,0.101498,0.10665,-9.74342,-4.52718,-4.79506,-10.171,-18.2622,-29.287,0.00229622,False
2013-07-15,100.747,1682.5,0.0313969,0.00150749,0.289481,0.134237,0.00866705,0.324417,383.934,0,37,3,0.0985411,0.103367,-5.87476,-2.77798,-5.17755,-11.4484,-20.7691,-33.4867,0.00237406,False
2013-07-16,100.795,1676.26,0.0333905,0.00152802,0.00358699,-0.229147,0.00738306,0.0689454,379.868,0,37,3,0.105822,0.111004,-1.59376,-0.764128,-4.39703,-11.3745,-21.932,-36.2491,0.000468659,False
2013-07-17,100.852,1680.91,0.0325289,0.00151626,0.00518121,0.0347292,0.00120984,0.0711558,382.267,0,37,3,0.105682,0.110938,-1.47726,-0.705008,-4.70691,-11.8245,-22.4569,-36.9164,0.000566899,False
2013-07-18,100.866,1689.37,0.0358311,0.00156239,0,0.0600216,0.00374274,0.147764,383.884,0,37,3,0.109269,0.114815,-2.87208,-1.36478,-5.38628,-12.2607,-22.4956,-36.4211,0.000138214,False
2013-07-19,100.936,1692.09,0.0330452,0.00151596,0,-0.00921139,0.00333258,0.0960273,384.072,0,37,3,0.100819,0.105936,-2.24592,-1.0771,-5.55096,-12.5559,-23.0015,-37.2263,0.000701154,False
2013-07-22,101.007,1695.53,0.0287514,0.00146706,0,0.010903,0.00363682,0.0599838,384.219,0,37,3,0.090668,0.0951084,-1.63469,-0.788777,-5.84341,-13.0396,-23.6782,-38.1912,0.000699392,False
2013-07-23,101,1692.39,0.0314204,0.00150555,0,-0.0433668,0.00226753,0.0510978,383.06,0,37,3,0.0979485,0.102745,-1.16238,-0.557166,-4.88417,-12.114,-22.8461,-37.4821,-6.76543e-05,False
2013-07-24,100.96,1685.94,0.0346616,0.00152188,0,-0.0693292,0.00288351,0.0520327,384.286,0,39,1,0.110014,0.115485,-1.0252,-0.488484,-3.68214,-10.7701,-21.6233,-36.2945,-0.000396117,False
2013-07-25,100.975,1690.25,0.0350484,0.00151953,0,0.00749502,0.00184845,0.0767661,386.152,0,39,1,0.111891,0.11757,-1.50412,-0.715903,-4.35672,-11.4703,-22.2084,-36.7505,0.000143046,False
2013-07-26,100.993,1691.65,0.0335899,0.00150086,0,-0.0252838,0.00247483,0.0624178,388.3,0,37,3,0.105578,0.110937,-1.33311,-0.63738,-4.59305,-11.8321,-22.6663,-37.3994,0.000184985,False
2013-07-29,101.008,1685.33,0.0335261,0.00150445,0,-0.0356597,0.00109522,0.0433776,386.507,0,37,3,0.103028,0.108074,-0.900415,-0.429999,-3.6943,-10.8793,-21.8065,-36.6522,0.000141662,False
2013-07-30,101.022,1685.96,0.032516,0.00152669,0,-0.0044063,0.00140829,0.0543036,384.386,0,37,3,0.104128,0.109228,-1.12823,-0.538682,-3.95243,-11.1005,-21.883,-36.5506,0.000141065,False
2013-07-31,101.023,1685.73,0.0356933,0.00151465,0,-0.0180082,0.00231845,0.0669991,384.525,0,38,2,0.111368,0.116907,-1.32219,-0.629684,-4.01488,-11.0863,-21.8315,-36.3817,1.14483e-05,False
2013-08-01,100.898,1706.87,0.0342791,0.00150676,0.0156883,0.241819,0.00662437,0.443703,390.77,0,39,1,0.107132,0.11257,-7.15717,-3.36114,-5.50623,-11.6046,-20.6783,-33.0589,-0.00123166,False
2013-08-02,101.16,1709.67,0.0271517,0.00142319,0.0335837,0.0317221,0.00762272,0.198383,389.532,0,36,4,0.0845011,0.0887901,-4.75295,-2.27944,-6.05614,-12.6577,-22.5024,-35.9096,0.00259236,False
2013-08-05,101.249,1707.14,0.0229597,0.00138637,0,-0.0842433,0.0036633,0.0434186,383.051,0,34,6,0.0744138,0.0780582,-1.47621,-0.717018,-5.95913,-13.1554,-23.8466,-38.3677,0.000876144,False
2013-08-06,101.234,1697.37,0.0264058,0.00141897,0,-0.05001,0.001543,0.0311673,378.243,0,35,5,0.0801705,0.0840968,-0.807903,-0.389136,-4.1931,-11.3906,-22.0767,-36.676,-0.000141384,False
2013-08-07,101.235,1690.91,0.0270058,0.00142345,0,-0.0204987,0.00111286,0.0345101,373.97,0,35,5,0.0849249,0.0891483,-0.84752,-0.40753,-3.62314,-10.668,-21.1825,-35.5891,6.20383e-06,False
2013-08-08,101.238,1697.48,0.0282317,0.0014671,0,0.0253055,0.00300511,0.0805757,377.595,0,37,3,0.0876092,0.0920559,-1.91355,-0.918208,-5.16041,-12.195,-22.5075,-36.6118,2.96269e-05,False
2013-08-09,101.229,1691.42,0.0297834,0.00141845,0,-0.0663259,0.00256522,0.048912,375.226,0,35,5,0.0946995,0.0995061,-1.15197,-0.553099,-4.62654,-11.7343,-22.2024,-36.5099,-8.75402e-05,False
2013-08-12,101.244,1689.47,0.0309062,0.00150233,0,-0.0175008,0.00152681,0.0439667,377.155,0,37,3,0.0932077,0.0977725,-1.02541,-0.492103,-4.62483,-11.7829,-22.359,-36.7988,0.000151355,False
2013-08-13,101.276,1694.16,0.0296399,0.00143096,0,0.0233497,0.00149588,0.0625587,378.246,0,35,5,0.0899907,0.094398,-1.51278,-0.726672,-5.4046,-12.5238,-22.9773,-37.2656,0.000310839,False
2013-08-14,101.256,1685.39,0.0327233,0.00149565,0,-0.0634442,0.00232859,0.0475167,378.515,0,37,3,0.102072,0.107149,-1.0037,-0.47981,-3.98253,-11.0899,-21.7099,-36.1714,-0.000192575,False
2013-08-15,101.191,1661.32,0.0439858,0.00169283,0,-0.100725,0.00139865,0.0531326,378.209,0,39,1,0.137339,0.144309,-0.788947,-0.370751,-1.48555,-6.93499,-17.8367,-32.0387,-0.000646339,False
2013-08-16,101.196,1655.83,0.0418266,0.00164319,0,-0.0323336,0.00131031,0.0544145,383.172,0,39,1,0.131997,0.138696,-0.848388,-0.399642,-1.69292,-7.06782,-18.0839,-32.4675,5.19564e-05,False
2013-08-19,101.212,1646.06,0.0387906,0.00158167,0,-0.0300298,0.00102826,0.0449326,382.459,0,37,3,0.120213,0.126101,-0.763177,-0.360994,-1.70241,-6.81642,-17.7165,-32.2219,0.000154481,False
2013-08-20,101.246,1652.35,0.0355868,0.00157442,0,0.0227515,0.00152773,0.0661889,389.824,0,39,1,0.110816,0.116244,-1.27108,-0.604377,-3.07588,-9.59168,-20.4873,-35.2198,0.000335729,False
2013-08-21,101.214,1642.8,0.0381186,0.00155382,0,-0.0766455,0.00238035,0.0554966,386.475,0,37,3,0.124815,0.131022,-0.953677,-0.451518,-2.53754,-8.82487,-19.8214,-34.4241,-0.000313778,False
2013-08-22,101.228,1656.96,0.0367486,0.00157019,0,0.0548837,0.00261117,0.129254,389.764,0,38,2,0.114125,0.119918,-2.3698,-1.12317,-4.6697,-11.6436,-22.1641,-36.4406,0.000135291,False
2013-08-23,101.339,1663.5,0.0353028,0.00156203,0,0.105882,0.00207712,0.155466,389.861,0,37,3,0.111386,0.117202,-2.98949,-1.42014,-5.29411,-12.176,-22.5104,-36.533,0.00109983,False
2013-08-26,101.344,1656.78,0.0357743,0.00151879,0,-0.122701,0.00567625,0.0563956,387.955,0,38,2,0.112812,0.118422,-1.15865,-0.553262,-4.17167,-11.2207,-22.1199,-36.8041,4.88307e-05,False
2013-08-27,101.28,1630.48,0.0423531,0.0016798,0,-0.112868,0.00153444,0.0469222,384.84,0,38,2,0.13032,0.136801,-0.713896,-0.335729,-1.26898,-6.35687,-17.3474,-31.8649,-0.00063404,False
2013-08-28,101.288,1634.96,0.0443432,0.00171384,0,0.00613926,0.00172294,0.0859717,387.766,0,39,1,0.13491,0.141758,-1.30027,-0.610482,-2.17163,-7.85852,-18.8237,-33.2084,7.8951e-05,False
2013-08-29,101.285,1638.17,0.0481854,0.00178898,0,-0.00168708,0.0022105,0.131501,392.063,0,39,1,0.149079,0.156864,-1.8488,-0.863885,-2.78982,-8.80898,-19.7391,-34.02,-2.99155e-05,False
2013-08-30,101.324,1632.97,0.0502001,0.0018155,0,-0.0507919,0.00162042,0.0878033,392.735,0,39,1,0.153738,0.161766,-1.25776,-0.589883,-2.49429,-8.47303,-19.5463,-34.0852,0.000391664,False
2013-09-03,101.421,1639.77,0.0394572,0.00162587,0,0.0338738,0.00139114,0.0612484,393.828,0,38,2,0.124277,0.130363,-1.09004,-0.516976,-3.4089,-10.2382,-21.3789,-36.2041,0.000956027,False
2013-09-04,101.411,1653.08,0.0387638,0.00163181,0,0.0473379,0.00288034,0.153505,395.184,0,38,2,0.120212,0.126191,-2.66512,-1.25926,-4.74468,-11.6631,-22.2706,-36.5643,-0.000105175,False
2013-09-05,101.485,1655.08,0.0414054,0.00165642,0,0.0235105,0.00209339,0.140275,393.93,0,38,2,0.12714,0.133593,-2.43904,-1.15326,-4.54405,-11.3863,-22.0587,-36.3254,0.000733615,False
2013-09-06,101.449,1655.17,0.0412574,0.00167984,0,-0.116584,0.00995613,0.08936,393.818,0,39,1,0.125392,0.131756,-1.68513,-0.801137,-4.25121,-11.1764,-22.1096,-36.6888,-0.000355202,False
2013-09-09,101.564,1671.71,0.0338068,0.00150517,0.0148074,0.216344,0.0108608,0.196992,394.303,0,37,3,0.108615,0.113935,-4.04886,-1.92939,-5.63933,-12.4062,-22.5103,-36.2602,0.00113698,False
2013-09-10,101.747,1683.99,0.0310937,0.00150984,0.17032,0.446687,0.0112555,0.309231,393.609,0,37,3,0.0942236,0.0988381,-6.36389,-3.03167,-5.95454,-12.2532,-21.6266,-34.4034,0.00179645,False
2013-09-11,101.756,1689.13,0.0301768,0.00146661,0.0848567,0.0356193,0.011719,0.267301,388.807,0,36,4,0.0925961,0.0972011,-5.72003,-2.73024,-5.90148,-12.2725,-21.6988,-34.5632,9.51772e-05,False
2013-09-12,101.739,1683.42,0.0333952,0.00147314,0,-0.233889,0.00619906,0.0766162,384.615,0,37,3,0.105384,0.110732,-1.80932,-0.868703,-5.08822,-12.0999,-22.6219,-36.9058,-0.000171792,False
2013-09-13,101.822,1687.99,0.0329614,0.00148415,0,0.0484641,0.00206565,0.0718511,383.054,0,36,4,0.101304,0.106446,-1.63165,-0.782145,-5.2355,-12.3219,-22.8126,-37.1217,0.000812283,False
2013-09-16,101.899,1697.6,0.0325412,0.00148437,0,0.126568,0.00269716,0.149829,384.425,0,37,3,0.10379,0.108873,-3.17614,-1.51635,-5.80566,-12.5865,-22.6361,-36.3392,0.000755733,False
2013-09-17,101.963,1704.76,0.0340515,0.0015263,0,0.11571,0.00386688,0.229288,385.163,0,37,3,0.108954,0.11429,-4.55409,-2.16665,-5.66268,-12.1025,-21.7569,-34.8709,0.000636998,False
2013-09-18,101.174,1725.52,0.03447,0.0015107,0.543432,0.603261,0.027534,1.08406,388.911,0,37,3,0.106765,0.112075,-13.225,-6.07927,-4.4254,-9.10394,-16.1231,-25.7142,-0.0077431,False
2013-09-19,101.481,1722.34,0.0319489,0.00147441,0.205538,-0.29473,0.0118326,0.295497,385.993,0,37,3,0.100916,0.106038,-5.6434,-2.6779,-5.13123,-11.3827,-20.7824,-33.558,0.00303372,False
2013-09-20,101.275,1709.91,0.031747,0.00146255,0,-0.481665,0.0111011,0.0392424,383.148,0,36,4,0.098099,0.103078,-0.866957,-0.415143,-3.78552,-10.7596,-21.6001,-36.2929,-0.00203217,False
2013-09-23,101.25,1701.84,0.0319114,0.00148276,0,-0.0536782,0.00176531,0.038826,379.419,0,36,4,0.0999803,0.104877,-0.797699,-0.380771,-2.71842,-9.34819,-20.0853,-34.6605,-0.000242889,False
2013-09-24,101.245,1697.42,0.033192,0.00150081,0,-0.0281522,0.00152569,0.0456672,379.937,0,37,3,0.103451,0.108518,-0.922433,-0.439962,-2.86862,-9.40206,-20.0979,-34.6334,-4.76832e-05,False
2013-09-25,101.247,1692.77,0.0352108,0.00152127,0,-0.0251323,0.00167778,0.0506211,382.083,0,38,2,0.108841,0.114254,-0.985657,-0.469401,-3.06602,-9.76146,-20.5242,-35.0849,1.90186e-05,False
2013-09-26,101.243,1698.67,0.0372773,0.00153022,0,0.0171617,0.00300872,0.104939,385.816,0,38,2,0.118302,0.124306,-1.88248,-0.891631,-4.17888,-11.1231,-21.7052,-35.9943,-4.36319e-05,False
2013-09-27,101.229,1691.75,0.0421169,0.00163713,0,-0.0831584,0.00163933,0.0742807,386.621,0,38,2,0.131705,0.13839,-1.25826,-0.595154,-3.31031,-10.0392,-20.9473,-35.3899,-0.000134923,False
2013-09-30,101.234,1681.55,0.0394418,0.00159204,0,-0.0554372,0.001208,0.0502038,389.538,0,39,1,0.131219,0.137645,-0.81925,-0.387084,-2.18791,-8.49444,-19.6525,-34.3569,5.21746e-05,False
2013-10-01,101.275,1695,0.0333954,0.00152543,0,0.0392419,0.00164198,0.0786484,390.921,0,37,3,0.107938,0.113224,-1.57694,-0.751178,-4.09341,-11.1864,-21.9999,-36.6778,0.00040525,False
2013-10-02,101.262,1693.87,0.0383828,0.00158166,0,-0.0433777,0.0022452,0.08336,390.634,0,38,2,0.120393,0.12638,-1.53741,-0.729683,-3.90217,-10.8794,-21.7381,-36.3356,-0.000133629,False
2013-10-03,101.211,1678.66,0.0453345,0.00171906,0,-0.111786,0.00202131,0.0637486,388.713,0,40,0,0.143846,0.151147,-0.944813,-0.444136,-2.16419,-8.23079,-19.3491,-33.8993,-0.000499504,False
2013-10-04,101.282,1690.5,0.0418185,0.00162506,0,0.0701892,0.0010808,0.10243,392.157,0,39,1,0.130831,0.137472,-1.66681,-0.785642,-3.61586,-10.419,-21.3387,-35.8391,0.000697748,False
2013-10-07,101.241,1676.12,0.045011,0.00171167,0,-0.125443,0.00159144,0.0591816,392.009,0,40,0,0.140785,0.14768,-0.892714,-0.419844,-1.97127,-7.95397,-19.1657,-33.8861,-0.000399736,False
2013-10-08,101.198,1655.45,0.0495257,0.00181243,0,-0.0910183,0.00154142,0.0576483,389.251,0,39,1,0.152722,0.160201,-0.758216,-0.35378,-1.03936,-5.13585,-15.951,-30.5743,-0.00042782,False
2013-10-09,101.223,1656.4,0.0492974,0.00180045,0,-0.00445063,0.00145695,0.0744272,390.433,0,39,1,0.148009,0.15537,-1.0388,-0.485941,-1.67633,-6.4946,-17.4778,-32.0048,0.000245166,False
2013-10-10,100.916,1692.56,0.0428415,0.00163304,0.0761465,0.443347,0.00758303,0.782341,397.07,0,38,2,0.132968,0.139717,-7.67098,-3.45336,-4.13739,-10.0089,-18.9957,-31.1491,-0.00303378,False
2013-10-11,101.042,1703.2,0.0391815,0.00158078,0.261314,0.513544,0.00717606,0.939099,396.921,0,38,2,0.121992,0.128184,-9.32126,-4.19945,-4.42499,-9.88483,-18.4067,-29.8493,0.00124755,False
2013-10-14,100.893,1710.14,0.0415617,0.00161893,0.387213,0.118604,0.0133821,0.845528,394.969,0,38,2,0.125716,0.131873,-8.44295,-3.80561,-4.2753,-9.89759,-18.6831,-30.4358,-0.00146946,False
2013-10-15,100.918,1698.06,0.0491046,0.00176861,0.0578974,-0.628207,0.00818077,0.173681,391.666,0,40,0,0.160002,0.167838,-2.45488,-1.14627,-3.07041,-9.09117,-19.7965,-33.8715,0.000246774,False
2013-10-16,101.007,1721.54,0.0376144,0.00158624,0.359394,0.40823,0.00701825,0.163184,395.558,0,39,1,0.116242,0.122022,-3.19686,-1.51991,-5.27654,-12.1639,-22.669,-36.8484,0.000875392,False
2013-10-17,101.059,1733.15,0.0327146,0.00145236,0.0578252,0.153164,0.00892249,0.228815,395.594,0,38,2,0.10383,0.1091,-4.68558,-2.23156,-5.73777,-12.4428,-22.4481,-36.0729,0.000515291,False
2013-10-18,101.171,1744.5,0.0301538,0.00142891,0.160828,0.387913,0.0184909,0.353714,393.69,0,37,3,0.094311,0.0990979,-6.85057,-3.25227,-5.77753,-12.0237,-21.2892,-33.9436,0.00111243,False
2013-10-21,101.359,1744.66,0.027701,0.00140642,0.0387741,-0.0411633,0.00827613,0.103946,388.864,0,36,4,0.0855885,0.0897802,-2.92966,-1.41442,-6.09805,-13.1122,-23.4702,-37.5888,0.00185675,False
2013-10-22,101.361,1754.67,0.0285454,0.00140462,0.131939,0.189627,0.00332243,0.183397,385.774,0,36,4,0.0876203,0.0919115,-4.58638,-2.20399,-6.34946,-12.9491,-22.7109,-36.0132,2.02815e-05,False
2013-10-23,101.377,1746.38,0.0306135,0.00141649,0,-0.144556,0.00469257,0.0472924,380.626,0,36,4,0.0912424,0.09578,-1.15647,-0.555994,-5.21821,-12.4055,-23.0445,-37.553,0.00015837,False
2013-10-24,101.387,1752.07,0.0321527,0.00147155,0,0.0270725,0.00208929,0.0932147,379.708,0,37,3,0.0975162,0.102466,-2.07496,-0.993024,-5.55656,-12.5473,-22.8491,-36.9222,9.60974e-05,False
2013-10-25,101.476,1759.77,0.0304749,0.00144128,0,0.100907,0.00335819,0.130738,380.793,0,37,3,0.0920771,0.0967506,-3.08054,-1.4774,-6.04001,-12.8298,-22.8704,-36.5715,0.000878411,False
2013-10-28,101.568,1762.11,0.0290385,0.00140028,0,0.0210204,0.00448051,0.082471,380.798,0,36,4,0.087705,0.0920003,-2.23404,-1.07749,-6.15939,-13.1359,-23.4445,-37.4989,0.000911011,False
2013-10-29,101.581,1771.95,0.0286293,0.00135872,0.0158479,0.130405,0.00528152,0.205797,381.258,0,35,5,0.0896521,0.0940428,-4.9719,-2.38606,-6.22709,-12.6342,-22.1166,-35.0418,0.000130161,False
2013-10-30,101.528,1763.31,0.0326188,0.00144124,0,-0.2254,0.00887702,0.0565201,379.668,0,38,2,0.0996356,0.104591,-1.30553,-0.626384,-5.06983,-12.1398,-22.695,-37.0506,-0.000529845,False
2013-10-31,101.541,1756.54,0.0329962,0.00144201,0,-0.0282115,0.00150607,0.0451642,379.942,0,38,2,0.103441,0.108691,-0.935186,-0.44671,-3.8418,-10.8809,-21.5616,-36.0487,0.000129939,False
2013-11-01,101.573,1761.64,0.0311443,0.00145181,0,0.0184062,0.00166162,0.0597221,382.932,0,37,3,0.0971277,0.102058,-1.33275,-0.638354,-4.61232,-11.7933,-22.379,-36.8565,0.000313954,False
2013-11-04,101.639,1767.93,0.026234,0.00138645,0,0.0373534,0.00133315,0.0545489,383.441,0,36,4,0.0827102,0.0867609,-1.49645,-0.72219,-5.76698,-12.9498,-23.5691,-38.0295,0.000650185,False
2013-11-05,101.644,1762.97,0.0269462,0.00138712,0,-0.0333725,0.00154786,0.0397008,382.815,0,36,4,0.0863504,0.0905794,-1.01433,-0.488533,-5.14402,-12.4099,-23.1248,-37.7509,5.39832e-05,False
2013-11-06,101.657,1770.49,0.0273807,0.00138368,0,0.0313264,0.00214236,0.0822784,382.261,0,36,4,0.0861884,0.0904747,-2.06309,-0.99225,-6.10205,-13.1452,-23.5367,-37.7065,0.000123996,False
2013-11-07,101.513,1747.15,0.0339841,0.00145977,0,-0.21624,0.00240247,0.0396767,378.693,0,38,2,0.106258,0.111651,-0.769955,-0.366729,-2.64785,-9.40223,-20.1353,-34.606,-0.00141177,False
2013-11-08,101.445,1770.61,0.0287863,0.00135568,0,0.129469,0.00480378,0.259888,382.565,0,35,5,0.0930483,0.0977712,-4.238,-1.99246,-5.56216,-12.135,-21.8375,-35.099,-0.000670999,False
2013-11-11,101.553,1771.89,0.0277681,0.00137974,0.0306089,0.017598,0.00149496,0.164196,381.538,0,36,4,0.0895674,0.093954,-3.3647,-1.60284,-5.68188,-12.397,-22.375,-35.9722,0.00106041,False
2013-11-12,101.567,1767.69,0.0301377,0.00144355,0,-0.106663,0.00396477,0.0677183,382.957,0,37,3,0.0938849,0.0984829,-1.73712,-0.836393,-5.19409,-12.2835,-22.7919,-37.1164,0.00014322,False
2013-11-13,101.34,1782,0.0305702,0.00143896,0.0732103,0.00709774,0.00727869,0.250508,385.512,0,37,3,0.0943109,0.0990011,-5.17287,-2.46452,-5.94377,-12.4047,-21.9362,-34.9554,-0.00223546,False
2013-11-14,101.401,1790.62,0.02844,0.00133997,0.181252,0.262265,0.00883146,0.289391,383.137,0,35,5,0.0919799,0.0966485,-5.80755,-2.76277,-6.04539,-12.2909,-21.569,-34.2214,0.000595996,False
2013-11-15,101.589,1798.18,0.0261093,0.00135952,0.0775439,0.29776,0.00813919,0.337372,382.659,0,36,4,0.0837241,0.0879736,-6.8858,-3.27799,-5.89565,-11.9187,-20.84,-33.008,0.00186238,False
2013-11-18,101.583,1791.53,0.026318,0.00139209,0.00410257,-0.298776,0.00836115,0.0576475,382.943,0,37,3,0.0852859,0.0895273,-1.70593,-0.825365,-5.61636,-12.7482,-23.2746,-37.6316,-6.48627e-05,False
2013-11-19,101.604,1787.87,0.0270108,0.0013447,0,-0.0228721,0.0018194,0.0370851,380.097,0,35,5,0.0861884,0.0904747,-0.922404,-0.443832,-4.78871,-12.021,-22.681,-37.2428,0.000212015,False
2013-11-20,101.581,1781.37,0.0299599,0.00141066,0,-0.0457948,0.00233172,0.0408327,379.26,0,37,3,0.093534,0.0982814,-0.91589,-0.438997,-3.86688,-11.0185,-21.6392,-36.1523,-0.000229567,False
2013-11-21,101.537,1795.85,0.029113,0.00136578,0,0.0544281,0.00498292,0.162036,383.981,0,36,4,0.0912684,0.0960347,-3.36143,-1.60249,-5.78087,-12.5772,-22.6097,-36.3041,-0.000433256,False
2013-11-22,101.635,1804.76,0.0273071,0.00139035,0.0325728,0.209748,0.00462323,0.26294,385.225,0,37,3,0.0860803,0.0905756,-5.49573,-2.61995,-6.18864,-12.5089,-21.9405,-34.7832,0.000960876,False
2013-11-25,101.723,1802.48,0.0274711,0.00138902,0.00282845,-0.101837,0.00795261,0.0879279,384.921,0,37,3,0.0826687,0.0867799,-2.50668,-1.21092,-6.15178,-13.132,-23.477,-37.5625,0.000870532,False
2013-11-26,101.778,1802.75,0.0281215,0.00134839,0,0.00184959,0.00211517,0.0599084,383.666,0,35,5,0.0861884,0.0904747,-1.67428,-0.808784,-5.80775,-12.9656,-23.4852,-37.8534,0.000536033,False
2013-11-27,101.802,1807.23,0.028744,0.0013974,0,0.0221039,0.00317579,0.0815569,384.032,0,37,3,0.0901345,0.0947094,-1.97089,-0.946773,-5.86748,-12.9496,-23.3785,-37.6237,0.000241961,False
2013-11-29,101.81,1805.81,0.0335718,0.00143523,0,-0.0209444,0.00360264,0.0811068,386.943,0,39,1,0.103635,0.108895,-1.7818,-0.852852,-5.25089,-12.3649,-22.9293,-37.3161,7.89727e-05,False
2013-12-02,101.846,1800.9,0.0292995,0.00140835,0,-0.0322067,0.00136764,0.039385,386.193,0,37,3,0.0951548,0.099815,-0.90501,-0.434243,-4.52854,-11.7845,-22.6069,-37.352,0.000353978,False
2013-12-03,101.844,1795.15,0.0315294,0.00144225,0,-0.0291745,0.000977091,0.041204,387.287,0,38,2,0.0967633,0.101502,-0.890515,-0.426183,-3.71702,-10.9203,-21.7654,-36.5486,-1.84938e-05,False
2013-12-04,101.831,1792.81,0.0346329,0.00148165,0,-0.0282956,0.00189887,0.0571603,388.462,0,37,3,0.107036,0.112359,-1.13507,-0.541052,-3.61769,-10.6975,-21.5168,-36.1995,-0.00012764,False
2013-12-05,101.813,1785.03,0.0393818,0.00155972,0,-0.0521881,0.00154913,0.0597665,387.829,0,38,2,0.121604,0.127776,-1.04247,-0.493962,-2.9623,-9.68982,-20.6122,-35.1845,-0.000181883,False
2013-12-06,101.853,1805.09,0.031881,0.00144429,0,0.11652,0.00382302,0.162944,391.965,0,37,3,0.0985846,0.103588,-3.24839,-1.54593,-5.66106,-12.5971,-22.8314,-36.8181,0.000392445,False
2013-12-09,102.005,1808.37,0.0289642,0.00140315,0.00384438,0.0651938,0.0024035,0.0974488,390.331,0,37,3,0.0883822,0.0927107,-2.45498,-1.18089,-6.1176,-13.18,-23.6511,-37.9182,0.00149237,False
2013-12-10,102.012,1802.62,0.0312311,0.00143603,0,-0.0677391,0.00221276,0.0499219,388.802,0,37,3,0.0945622,0.0991934,-1.20248,-0.577945,-5.09213,-12.3548,-23.1426,-37.8488,7.22535e-05,False
2013-12-11,101.961,1782.22,0.038097,0.0015234,0,-0.0889117,0.00216127,0.046655,385.934,0,39,1,0.120754,0.126759,-0.797117,-0.377474,-2.2297,-8.64518,-19.6088,-34.1568,-0.000502219,False
2013-12-12,101.962,1775.5,0.0441885,0.00163552,0,-0.0233971,0.00122151,0.0636065,386.578,0,39,1,0.134522,0.14135,-0.974182,-0.458466,-2.01475,-7.91157,-18.9214,-33.2889,9.63975e-06,False
2013-12-13,101.989,1775.32,0.0452722,0.00166498,0,-0.00214354,0.000926987,0.0769204,392.369,0,39,1,0.137824,0.14482,-1.18118,-0.555803,-2.44641,-8.61513,-19.6998,-34.2126,0.00026699,False
2013-12-16,102.039,1786.54,0.0424091,0.00162722,0,0.0545788,0.00276155,0.119356,396.28,0,40,0,0.131674,0.138223,-1.97289,-0.930882,-3.9328,-10.7935,-21.6187,-36.0671,0.000491855,False
2013-12-17,102.082,1781,0.0436187,0.00163627,0,-0.0459443,0.00147274,0.0709291,398.038,0,40,0,0.132847,0.139454,-1.18126,-0.558549,-3.29701,-10.0829,-21.2637,-36.0528,0.000421326,False
2013-12-18,102.037,1810.65,0.0354601,0.00145591,0.0209357,0.345925,0.0126799,0.462941,399.622,0,37,3,0.109657,0.115223,-7.29454,-3.42281,-5.45143,-11.5821,-20.7479,-33.2301,-0.000447662,False
2013-12-19,102.249,1809.6,0.0335283,0.00143072,0.0210932,-0.0670223,0.00564933,0.188827,396.286,0,38,2,0.106621,0.112189,-3.66675,-1.74305,-5.32596,-12.081,-22.3164,-36.1833,0.00208206,False
2013-12-20,102.366,1818.32,0.0337298,0.00146333,0.0482941,0.17814,0.00899222,0.225563,395.883,0,38,2,0.100162,0.105393,-4.39031,-2.08683,-5.50662,-12.1789,-22.1343,-35.6984,0.00113824,False
2013-12-23,102.535,1827.99,0.0276386,0.00138667,0.157547,0.286346,0.00702091,0.204075,394.58,0,37,3,0.0868322,0.0912395,-4.3958,-2.09961,-6.0917,-12.8089,-22.7372,-36.2744,0.00165601,False
2013-12-24,102.65,1833.32,0.0276288,0.0013517,0.146902,0.151048,0.00390801,0.115158,392.65,0,36,4,0.0849867,0.0893004,-3.11306,-1.5016,-6.47464,-13.4177,-23.6898,-37.6862,0.00112577,False
2013-12-26,102.687,1842.02,0.0307734,0.00141678,0.0258551,0.171586,0.00685661,0.247199,391.6,0,37,3,0.0922213,0.0970373,-5.59461,-2.67861,-6.12054,-12.514,-21.9622,-34.8568,0.000352561,False
2013-12-27,102.858,1841.4,0.0293854,0.00140433,0.00369165,-0.00194406,0.00417533,0.0939435,388.873,0,37,3,0.0910567,0.0958118,-2.47492,-1.19313,-6.02013,-12.9804,-23.2989,-37.3655,0.0016694,False
2013-12-30,102.917,1841.07,0.0289227,0.00139593,0,-0.0066278,0.00176922,0.0543369,388.446,0,37,3,0.0917839,0.0963484,-1.38315,-0.666366,-5.61833,-12.8003,-23.4243,-37.9163,0.000571042,False
2013-12-31,102.94,1848.36,0.033076,0.00144723,0,0.0634539,0.00179199,0.124101,389.484,0,37,3,0.101441,0.106485,-2.63562,-1.25928,-5.7166,-12.6357,-22.8782,-36.8528,0.000228597,False
2014-01-02,102.908,1831.98,0.0371329,0.00150437,0,-0.14122,0.00293461,0.0480964,388.37,0,38,2,0.111017,0.116652,-0.902709,-0.429615,-3.28212,-10.1915,-21.0166,-35.5816,-0.000315924,False
2014-01-03,102.938,1831.37,0.0320028,0.00143447,0,-0.00505819,0.000996285,0.0427939,390.751,0,37,3,0.0970306,0.101956,-0.908116,-0.434441,-3.52959,-10.6248,-21.4459,-36.1868,0.000289739,False
2014-01-06,102.943,1826.77,0.0266451,0.0013647,0,-0.0289394,0.000929776,0.0327326,390.578,0,37,3,0.0866891,0.0909346,-0.784158,-0.376964,-3.48902,-10.6161,-21.4575,-36.2838,5.31629e-05,False
2014-01-07,102.955,1837.88,0.026924,0.00135354,0,0.0446022,0.00266611,0.0883116,391.336,0,36,4,0.0803398,0.0842744,-2.20681,-1.06138,-5.54171,-12.5852,-23.0842,-37.3642,0.000115866,False
2014-01-08,102.97,1837.49,0.0264296,0.00134858,0,-0.0276291,0.00213046,0.0686413,388.687,0,36,4,0.0844736,0.0886747,-1.80992,-0.872628,-5.86573,-12.9764,-23.4981,-37.8338,0.000145614,False
2014-01-09,102.952,1838.13,0.0300459,0.00139905,0,-0.0403484,0.00262756,0.0726102,388.502,0,37,3,0.0922713,0.0969547,-1.8102,-0.871171,-5.81391,-12.9275,-23.4141,-37.7287,-0.000177702,False
2014-01-10,103.009,1842.37,0.0283845,0.00138096,0,0.0304273,0.00279646,0.0697738,387.833,0,37,3,0.088092,0.0926924,-1.84957,-0.892106,-6.10957,-13.2027,-23.66,-37.9338,0.00055823,False
2014-01-13,102.975,1819.2,0.0333109,0.00146798,0,-0.0955699,0.00244571,0.0374847,385.566,0,37,3,0.102614,0.107717,-0.735075,-0.35037,-2.62778,-9.44234,-20.2165,-34.7834,-0.000328937,False
2014-01-14,103.017,1838.88,0.0291286,0.0014052,0,0.142025,0.00285705,0.162514,389.761,0,37,3,0.0864591,0.0907589,-3.16442,-1.50457,-5.32891,-12.1657,-22.2703,-36.0593,0.000406524,False
2014-01-15,103.033,1848.38,0.0290952,0.00138546,0.0654533,0.210418,0.00256597,0.317167,391.148,0,37,3,0.089746,0.0943012,-5.41273,-2.55411,-5.81335,-12.1612,-21.6041,-34.4808,0.000150023,False
2014-01-16,103.133,1845.89,0.0309695,0.00141323,0.0106985,-0.0718786,0.00242475,0.161873,392.084,0,37,3,0.0957154,0.100714,-3.47347,-1.65987,-5.51842,-12.2946,-22.3517,-36.0638,0.00096909,False
2014-01-17,103.188,1838.7,0.0322626,0.00139304,0,-0.0845305,0.00366974,0.0485587,390.52,0,37,3,0.096033,0.101048,-1.14699,-0.551138,-4.63945,-11.8036,-22.5263,-37.1322,0.000542837,False
2014-01-21,103.248,1843.8,0.0291713,0.00140601,0,0.0360542,0.00118674,0.0512865,391.297,0,37,3,0.0879589,0.0922667,-1.25227,-0.602369,-5.15965,-12.4275,-23.1283,-37.7467,0.000580539,False
2014-01-22,103.261,1844.86,0.0326294,0.00140032,0,-0.00100737,0.00135096,0.0672116,389.82,0,37,3,0.0944011,0.0990958,-1.53775,-0.737737,-5.17199,-12.3473,-22.9019,-37.3268,0.000125384,False
2014-01-23,103.204,1828.46,0.0371047,0.00151355,0,-0.108931,0.00195529,0.049564,391.715,0,39,1,0.115485,0.121346,-0.898614,-0.427107,-2.98734,-9.83431,-20.7431,-35.3632,-0.000558266,False
2014-01-24,103.144,1790.29,0.0526331,0.00181778,0,-0.0990699,0.0014567,0.0599055,387.169,0,39,1,0.160746,0.168905,-0.726594,-0.337814,-0.819067,-4.21859,-14.5565,-28.8581,-0.000581886,False
2014-01-27,103.171,1781.56,0.0441587,0.0016426,0,-0.023501,0.000971168,0.0503891,392.724,0,39,1,0.135452,0.142085,-0.736696,-0.345998,-1.24871,-4.85644,-15.3245,-29.8116,0.000267204,False
2014-01-28,103.221,1792.5,0.0411728,0.00159691,0,0.051289,0.00153134,0.0900882,399.199,0,39,1,0.124531,0.13063,-1.48437,-0.700819,-2.64267,-8.17677,-19.0612,-33.6307,0.000481088,False
2014-01-29,103.178,1774.2,0.0482725,0.00173313,0,-0.111411,0.00132556,0.0667623,398.521,0,40,0,0.150266,0.157739,-0.92295,-0.432567,-1.70377,-6.74071,-17.7215,-32.3041,-0.000415339,False
2014-01-30,103.159,1794.19,0.0471207,0.00170516,0,0.0698261,0.00519335,0.195311,404.24,0,40,0,0.142486,0.149718,-2.69563,-1.25747,-3.73898,-10.2912,-21.0282,-35.2233,-0.000179303,False
2014-01-31,103.158,1782.59,0.0521052,0.00182156,0,-0.147616,0.00247135,0.0967986,401.761,0,40,0,0.159872,0.167987,-1.31903,-0.617258,-2.47311,-8.49186,-19.5753,-34.1702,-1.25196e-05,False
2014-02-03,103.067,1741.89,0.0560303,0.00191803,0,-0.179084,0.00164835,0.0609746,395.025,0,40,0,0.174055,0.18258,-0.681651,-0.315419,-0.637276,-3.11038,-12.6094,-27.3159,-0.000880168,False
2014-02-04,103.135,1755.2,0.048328,0.00174815,0,0.045127,0.000961775,0.0844297,398.93,0,39,1,0.143494,0.150522,-1.20258,-0.563389,-1.7771,-6.20172,-16.9413,-31.469,0.000652873,False
2014-02-05,103.146,1751.64,0.0527923,0.00183985,0,-0.0184301,0.00121149,0.104015,398.84,0,39,1,0.165428,0.173655,-1.32536,-0.61741,-1.98178,-6.64352,-17.3085,-31.7354,0.000113696,False
2014-02-06,103.167,1773.43,0.0523809,0.00183687,0,0.189932,0.0060595,0.318177,404.771,0,40,0,0.159387,0.167476,-3.95127,-1.82801,-3.6892,-9.66684,-19.9888,-33.6068,0.00019636,False
2014-02-07,103.309,1797.02,0.0448365,0.00166411,0.253007,0.830984,0.00671599,0.790177,408.159,0,39,1,0.133303,0.140264,-9.19666,-4.22025,-4.46414,-9.96185,-18.6344,-30.2169,0.00138061,False
2014-02-10,103.72,1799.84,0.0332873,0.00147118,0.166868,0.0549743,0.00996667,0.289221,405.85,0,39,1,0.107126,0.112454,-5.09361,-2.40929,-4.85211,-11.3103,-21.219,-34.6207,0.0039775,False
2014-02-11,103.575,1819.75,0.0326486,0.00144071,0.71185,0.856872,0.0202465,0.589952,406.649,0,38,2,0.0953938,0.100138,-8.39248,-3.91315,-5.42536,-11.398,-20.2383,-32.3236,-0.00139555,False
2014-02-12,103.716,1819.26,0.0313043,0.00142736,0.248904,-0.0708984,0.00979682,0.149584,401.724,0,37,3,0.0977105,0.10267,-3.35292,-1.60598,-5.72639,-12.6496,-22.966,-37.0121,0.0013579,False
2014-02-13,103.636,1829.83,0.032684,0.00146133,0.101868,0.111072,0.0120599,0.257705,400.374,0,37,3,0.0984683,0.10361,-5.16778,-2.46147,-5.84647,-12.4076,-22.1011,-35.3418,-0.000768962,False
2014-02-14,103.788,1838.63,0.0303181,0.00141517,0.130379,0.285368,0.00898311,0.280914,397.999,0,37,3,0.0901037,0.0948092,-5.72481,-2.72863,-5.97411,-12.3628,-21.8281,-34.745,0.00146377,False
2014-02-18,103.869,1840.76,0.0295839,0.00137633,0.0803647,-0.034323,0.00721722,0.105632,393.526,0,36,4,0.0888902,0.0932435,-2.85169,-1.37615,-6.21614,-13.1405,-23.3786,-37.3324,0.000786069,False
2014-02-19,103.817,1828.75,0.0346689,0.00150087,0,-0.13862,0.00369888,0.0487918,391.602,0,39,1,0.105773,0.111033,-0.983713,-0.469832,-4.1475,-11.2449,-22.0047,-36.5845,-0.000503613,False
2014-02-20,103.809,1839.78,0.0342539,0.00146926,0,0.0249003,0.00378059,0.110776,397.879,0,39,1,0.103927,0.109202,-2.15836,-1.02758,-5.24149,-12.3639,-22.8848,-37.2417,-7.78323e-05,False
2014-02-21,103.846,1836.25,0.0330402,0.00143783,0,-0.0453165,0.00170895,0.0584387,397.883,0,39,1,0.100333,0.105425,-1.27213,-0.609437,-4.68029,-11.9401,-22.7493,-37.4779,0.000355602,False
2014-02-24,103.893,1847.61,0.0314726,0.00139327,0,0.0806186,0.00262223,0.119737,400.928,0,37,3,0.096086,0.100792,-2.72909,-1.30844,-5.96736,-13.0415,-23.4907,-37.7543,0.000450447,False
2014-02-25,103.922,1845.12,0.0312742,0.00143134,0,-0.0582596,0.00352048,0.0580695,400.986,0,38,2,0.0942236,0.0988381,-1.39824,-0.672463,-5.48107,-12.8045,-23.6718,-38.4865,0.000286167,False
2014-02-26,103.929,1845.16,0.0336241,0.00146276,0,-0.0130501,0.00308317,0.0670925,400.606,0,39,1,0.102253,0.107338,-1.44202,-0.69034,-5.0776,-12.3429,-23.1832,-37.931,6.74071e-05,False
2014-02-27,103.924,1854.29,0.0343221,0.00144931,0,0.0319998,0.00289301,0.134088,401.89,0,38,2,0.104412,0.109712,-2.74561,-1.31015,-5.71196,-12.7623,-23.2083,-37.4576,-4.8261e-05,False
2014-02-28,103.837,1859.45,0.0366589,0.00147331,0,-0.0825082,0.0113252,0.163341,403.871,0,38,2,0.109754,0.115325,-3.22659,-1.53674,-5.60557,-12.533,-22.921,-37.0275,-0.00084582,False
2014-03-03,103.747,1845.73,0.0385924,0.00154748,0,-0.233659,0.00406288,0.0520777,400.815,0,39,1,0.116319,0.122016,-0.963085,-0.458248,-3.59126,-10.6021,-21.6961,-36.562,-0.000861101,False
2014-03-04,103.586,1873.91,0.0322055,0.00139824,0,0.134577,0.013685,0.364741,403.395,0,37,3,0.096594,0.101325,-6.13386,-2.89259,-5.90817,-12.3062,-21.7912,-34.7409,-0.00155151,False
2014-03-05,103.717,1873.81,0.032174,0.00142368,0.0369421,-0.0260974,0.00341816,0.197834,399.312,0,37,3,0.0987331,0.103643,-3.67904,-1.74586,-5.66918,-12.4549,-22.5983,-36.4019,0.00126657,False
2014-03-06,103.808,1877.03,0.0360258,0.00148326,0.0170317,0.0723856,0.00207275,0.194954,399.7,0,39,1,0.107618,0.11308,-3.66611,-1.74118,-5.35675,-12.1119,-22.2569,-36.0284,0.000874526,False
2014-03-07,103.894,1878.04,0.034209,0.0014681,0.00797436,-0.0283459,0.00552905,0.100277,399.769,0,39,1,0.104121,0.109406,-2.20919,-1.05809,-5.13956,-12.2156,-22.7953,-37.1847,0.000824305,False
2014-03-10,103.951,1877.17,0.0290341,0.00139425,0,-0.0280008,0.00199415,0.041021,397.307,0,37,3,0.0914299,0.0959076,-0.969264,-0.465918,-4.84863,-12.1847,-23.0692,-37.923,0.00054768,False
2014-03-11,103.945,1867.63,0.0321564,0.00138438,0,-0.0352245,0.00169979,0.0400518,396.939,0,37,3,0.09634,0.101058,-0.846936,-0.405292,-3.53561,-10.7322,-21.642,-36.5089,-4.98603e-05,False
2014-03-12,103.967,1868.2,0.032061,0.00139737,0,0.00300111,0.000750271,0.0518024,396.868,0,38,2,0.0968378,0.101654,-1.11923,-0.536018,-4.00158,-11.2288,-22.0252,-36.7775,0.000203605,False
2014-03-13,103.93,1846.34,0.0450038,0.00166016,0,-0.0723574,0.00143401,0.0583406,394.674,0,39,1,0.132871,0.139615,-0.88078,-0.414757,-1.94237,-7.8765,-18.9221,-33.3673,-0.000355748,False
2014-03-14,103.913,1841.13,0.0512304,0.00179491,0,-0.0314602,0.00112325,0.0916884,396.939,0,40,0,0.159678,0.167783,-1.18308,-0.552247,-1.93594,-7.48955,-18.4689,-32.7764,-0.000158721,False
2014-03-17,104.025,1858.83,0.0351931,0.00145224,0,0.0628669,0.00253639,0.0738976,404.943,0,38,2,0.112002,0.117487,-1.47237,-0.702446,-4.14072,-11.2976,-22.253,-37.0817,0.0010765,False
2014-03-18,103.983,1872.25,0.0335716,0.00142166,0.00507971,0.00523605,0.00710134,0.141455,405.694,0,38,2,0.100404,0.105321,-3.08137,-1.47436,-5.70207,-12.7317,-23.2034,-37.4691,-0.000407137,False
2014-03-19,103.956,1860.77,0.0374133,0.00152589,0,-0.145172,0.0034063,0.055013,402.887,0,39,1,0.110014,0.115485,-1.08042,-0.515473,-4.09845,-11.2502,-22.3019,-37.22,-0.000252435,False
2014-03-20,103.992,1872.01,0.0371692,0.00149182,0,0.0679762,0.0019266,0.120669,404.148,0,38,2,0.10888,0.114407,-2.30091,-1.09432,-5.16721,-12.28,-22.9309,-37.4134,0.00034698,False
2014-03-21,103.956,1866.52,0.0349637,0.00149517,0,-0.126827,0.00660743,0.0571854,403.077,0,39,1,0.106063,0.111447,-1.17096,-0.559645,-4.24739,-11.4934,-22.4912,-37.4073,-0.000350814,False
2014-03-24,103.963,1857.44,0.0364735,0.00151954,0,-0.0387269,0.000943583,0.0457778,401.542,0,39,1,0.107853,0.113135,-0.868077,-0.413383,-3.13575,-10.1562,-21.231,-36.192,6.43652e-05,False
2014-03-25,103.965,1865.62,0.033511,0.00142634,0,0.00432643,0.00225432,0.0771932,404.176,0,39,1,0.102351,0.107363,-1.56116,-0.744954,-4.45472,-11.7218,-22.596,-37.4242,2.6369e-05,False
2014-03-26,103.966,1852.56,0.0401634,0.0015422,0,-0.0543475,0.00183856,0.0586489,401.258,0,38,2,0.121927,0.127991,-1.00626,-0.476958,-2.89986,-9.66336,-20.7436,-35.5257,9.42117e-06,False
2014-03-27,103.981,1849.04,0.041667,0.0015927,0,-0.0168369,0.00118023,0.0659287,402.275,0,40,0,0.129277,0.135839,-1.06708,-0.504285,-2.83134,-9.48661,-20.6266,-35.3476,0.000142135,False
2014-03-28,103.986,1857.62,0.0411061,0.00157389,0,0.00201334,0.00460308,0.0980138,404.362,0,39,1,0.124421,0.130736,-1.66598,-0.788335,-3.92046,-10.9053,-21.8312,-36.4603,4.67143e-05,False
2014-03-31,104.122,1872.34,0.0336486,0.00142383,0,0.136954,0.00443361,0.126936,406.161,0,38,2,0.100658,0.105587,-2.77586,-1.32868,-5.69045,-12.7848,-23.3463,-37.7366,0.00130616,False
2014-04-01,104.191,1885.52,0.0310927,0.00137334,0.0377927,0.231553,0.00809801,0.272834,405.068,0,37,3,0.0904987,0.0949308,-5.99528,-2.86823,-6.16016,-12.5964,-22.1494,-35.1759,0.000667339,False
2014-04-02,104.299,1890.9,0.032328,0.0014147,0.0695283,0.147207,0.00505839,0.269007,401.912,0,37,3,0.0959353,0.100706,-5.69888,-2.72221,-5.908,-12.3357,-21.8616,-34.8569,0.00103042,False
2014-04-03,104.325,1888.77,0.0354817,0.00143632,0,-0.151576,0.00615874,0.119093,400.198,0,38,2,0.108977,0.114509,-2.62015,-1.25496,-5.41657,-12.3449,-22.7871,-36.9371,0.000251441,False
2014-04-04,103.996,1865.09,0.0380485,0.00150664,0,-0.43353,0.00723966,0.0433714,395.428,0,38,2,0.115291,0.121142,-0.745047,-0.353146,-2.21727,-8.64897,-19.6458,-34.3071,-0.00314888,False
2014-04-07,103.95,1845.04,0.0396097,0.00155086,0,-0.0812753,0.00122143,0.0454098,395.512,0,39,1,0.126563,0.132761,-0.71127,-0.335534,-1.37074,-6.08462,-17.0619,-31.6111,-0.000446903,False
2014-04-08,103.973,1851.96,0.0401114,0.00153263,0,0.0166754,0.00114053,0.0768042,400.335,0,38,2,0.12301,0.129128,-1.2795,-0.604945,-2.57483,-8.45308,-19.4114,-34.0205,0.000218559,False
2014-04-09,104.067,1872.18,0.0369706,0.00149321,0.012283,0.261878,0.00363215,0.263318,404.969,0,38,2,0.109851,0.115427,-4.32218,-2.03669,-4.71071,-11.372,-21.3664,-35.0107,0.000912993,False
2014-04-10,103.777,1833.08,0.0548348,0.00187287,0,-0.528511,0.00439297,0.0739346,398.922,0,40,0,0.169725,0.178589,-0.901868,-0.420212,-1.40338,-6.32845,-17.2022,-31.7937,-0.00279202,False
2014-04-11,103.753,1815.69,0.0563464,0.00190832,0,-0.0835484,0.000966284,0.0673966,398.745,0,40,0,0.168455,0.177252,-0.779509,-0.361759,-0.887946,-4.5156,-14.9215,-29.5873,-0.00022682,False
2014-04-14,103.836,1830.61,0.0433736,0.00163068,0,0.0477801,0.00113566,0.0736215,403.742,0,40,0,0.13005,0.136517,-1.16698,-0.550434,-2.23098,-7.81705,-18.9265,-33.6399,0.000791902,False
2014-04-15,103.84,1842.98,0.0406888,0.0015758,0,0.0306347,0.00241922,0.136327,406.793,0,40,0,0.123371,0.129507,-2.27551,-1.07456,-3.7496,-10.3571,-21.1612,-35.6571,4.45171e-05,False
2014-04-16,103.785,1862.31,0.0382998,0.00151756,0.0697401,0.310068,0.00964623,0.458983,409.126,0,39,1,0.116748,0.122673,-6.72547,-3.1444,-5.03304,-11.2589,-20.6778,-33.4446,-0.000531499,False
2014-04-17,104,1864.85,0.0360578,0.00149991,0.0294399,0.0159922,0.00939589,0.2558,407.029,0,39,1,0.109162,0.114863,-4.73016,-2.24431,-5.19759,-11.7707,-21.784,-35.3362,0.0020706,False
2014-04-21,104.228,1871.89,0.0316255,0.0013844,0.0820691,0.183511,0.00945493,0.150394,404.123,0,37,3,0.0978638,0.102657,-3.45245,-1.65552,-5.61049,-12.5336,-22.8212,-36.8459,0.00218879,False
2014-04-22,104.334,1879.55,0.0318388,0.00144867,0.0866111,0.149757,0.00473063,0.132464,403.518,0,38,2,0.0964247,0.101147,-3.09133,-1.48374,-5.91654,-12.9224,-23.2918,-37.4355,0.00102407,False
2014-04-23,104.377,1875.39,0.0350357,0.00141908,0,-0.0538766,0.00256137,0.067009,399.477,0,37,3,0.105502,0.110749,-1.4223,-0.68076,-4.9699,-12.1472,-22.9269,-37.5559,0.000408626,False
2014-04-24,104.407,1878.61,0.0390461,0.00152516,0,0.0259383,0.00282614,0.0971755,399.926,0,38,2,0.115485,0.121346,-1.83861,-0.874882,-4.87684,-11.9217,-22.5871,-36.9963,0.000291889,False
2014-04-25,104.364,1863.4,0.0416421,0.00157514,0,-0.123547,0.00195448,0.0555012,399.879,0,39,1,0.125975,0.132369,-0.907688,-0.429467,-2.68678,-9.32865,-20.3872,-35.0391,-0.000419125,False
2014-04-28,104.404,1869.43,0.0353144,0.00142665,0,0.0085345,0.00124939,0.0562589,399.799,0,37,3,0.109293,0.114645,-1.08633,-0.517734,-3.59507,-10.6445,-21.5427,-36.2881,0.000387253,False
2014-04-29,104.462,1878.33,0.0330402,0.00144842,0,0.0552422,0.00117075,0.0834295,401.649,0,37,3,0.100911,0.105854,-1.76676,-0.845035,-4.89106,-12.0894,-22.7731,-37.3571,0.000560253,False
2014-04-30,104.461,1883.95,0.0337161,0.00146182,0,-0.0065861,0.00326081,0.106891,402.365,0,39,1,0.10126,0.106296,-2.31323,-1.10719,-5.50908,-12.6066,-23.1616,-37.5442,-1.00935e-05,False
2014-05-01,104.504,1883.68,0.0339763,0.00140723,0,-0.01426,0.00234675,0.0800555,401.759,0,38,2,0.105966,0.111345,-1.73205,-0.829549,-5.25667,-12.3969,-23.1279,-37.6939,0.000409703,False
2014-05-02,104.545,1881.14,0.0311266,0.00141191,0,-0.0232795,0.00147489,0.043874,400.786,0,37,3,0.0945053,0.099302,-0.990221,-0.475278,-4.68634,-11.9995,-22.9097,-37.7851,0.000393685,False
2014-05-05,104.547,1884.66,0.0290167,0.00134208,0,-0.0163045,0.00186288,0.0514035,400.42,0,37,3,0.0908373,0.095286,-1.21257,-0.582845,-5.0711,-12.4046,-23.2313,-38.0202,1.89174e-05,False
2014-05-06,104.509,1867.72,0.0359167,0.0015102,0,-0.0799256,0.00150657,0.0428816,397.603,0,38,2,0.104467,0.109583,-0.817627,-0.38955,-2.8455,-9.76952,-20.675,-35.4446,-0.00036829,False
2014-05-07,104.514,1878.21,0.035282,0.00141864,0,0.0461889,0.00184294,0.116324,398.311,0,37,3,0.108931,0.114349,-2.07606,-0.984122,-4.41389,-11.4307,-21.9169,-36.1919,4.56133e-05,False
2014-05-08,104.512,1875.63,0.0379438,0.00152241,0,-0.0686107,0.00216082,0.0832612,399.848,0,38,2,0.114125,0.119918,-1.55268,-0.738467,-4.19065,-11.2335,-21.9786,-36.4858,-1.23178e-05,False
2014-05-09,104.586,1878.48,0.0310673,0.00138649,0,0.012041,0.000783632,0.0505748,402.411,0,38,2,0.0948938,0.0997103,-1.17823,-0.566166,-4.83843,-12.1461,-23.0396,-37.8937,0.000704459,False
2014-05-12,104.673,1896.65,0.0280116,0.00136191,0.0104561,0.221023,0.00694781,0.194084,403.507,0,37,3,0.0820329,0.0860505,-4.58902,-2.20283,-6.52361,-13.1858,-23.1244,-36.626,0.000829551,False
2014-05-13,104.772,1897.45,0.0276306,0.00139138,0.00545631,-0.00399252,0.0046573,0.106898,404.49,0,38,2,0.0807631,0.0847184,-2.83252,-1.36602,-6.5372,-13.5904,-24.0818,-38.3418,0.000948855,False
2014-05-14,104.747,1888.53,0.0280701,0.00139785,0,-0.114613,0.00313597,0.0406953,402.317,0,38,2,0.0873616,0.0917063,-1.02221,-0.492605,-5.2363,-12.6225,-23.5555,-38.4712,-0.000237417,False
2014-05-15,104.698,1870.85,0.0378561,0.00151596,0,-0.0775227,0.00195235,0.0466146,399.302,0,38,2,0.110628,0.116244,-0.837941,-0.398162,-2.68337,-9.47696,-20.456,-35.1994,-0.00046831,False
2014-05-16,104.716,1877.86,0.0332244,0.0014344,0,0.00452574,0.00133938,0.0641805,401.441,0,37,3,0.100268,0.105504,-1.32198,-0.631795,-3.90559,-11.0983,-21.8706,-36.5877,0.000166292,False
2014-05-19,104.796,1885.08,0.0284124,0.00137248,0,0.053812,0.00137546,0.0629271,401.599,0,37,3,0.0861884,0.0904747,-1.60605,-0.774015,-5.43741,-12.7195,-23.453,-38.0998,0.000770945,False
2014-05-20,104.778,1872.83,0.0303473,0.00138254,0,-0.0707983,0.00164225,0.0379663,397.993,0,37,3,0.0927766,0.0973905,-0.838994,-0.402379,-3.99768,-11.2537,-22.1086,-36.9117,-0.000176676,False
2014-05-21,104.783,1888.03,0.0284064,0.00138434,0,0.0770682,0.00265405,0.134215,399.008,0,37,3,0.0857638,0.0901168,-2.88759,-1.38102,-6.0187,-12.9633,-23.2424,-37.2531,4.95102e-05,False
2014-05-22,104.815,1892.49,0.0304297,0.00136946,0.0111447,0.0568264,0.00241441,0.174849,399.121,0,37,3,0.0926449,0.097483,-3.55702,-1.69676,-5.99062,-12.7735,-22.828,-36.5405,0.000302468,False
2014-05-23,104.937,1900.53,0.0272836,0.00130454,0.0261595,0.176679,0.00405296,0.224545,395.466,0,35,5,0.0855509,0.0900186,-4.91574,-2.35214,-6.1492,-12.5834,-22.1182,-35.1254,0.00117111,False
2014-05-27,105.076,1911.91,0.0256257,0.00133514,0.186107,0.4316,0.0123895,0.343203,396.542,0,36,4,0.0778001,0.0816103,-7.34396,-3.50938,-6.18479,-12.1065,-20.9625,-32.9848,0.00132208,False
2014-05-28,105.182,1909.78,0.0270954,0.00135611,0.0754541,-0.100783,0.00590791,0.0813875,395.919,0,37,3,0.0823077,0.0864009,-2.42877,-1.17651,-6.42617,-13.4025,-23.7186,-37.762,0.00100318,False
2014-05-29,105.18,1920.03,0.0300841,0.00132213,0.0396923,0.135506,0.0107245,0.196692,394.38,0,35,5,0.0860552,0.090423,-4.83177,-2.32367,-6.36463,-12.8039,-22.3256,-35.3034,-1.38153e-05,False
2014-05-30,105.34,1923.57,0.0261841,0.00131265,0.00922694,0.0674134,0.00661546,0.113603,392.415,0,36,4,0.0796447,0.0836872,-3.19875,-1.5462,-6.57115,-13.288,-23.2718,-36.8432,0.00151675,False
2014-06-02,105.403,1924.97,0.024771,0.00129597,0,-0.0108617,0.00444279,0.0581354,392.182,0,35,5,0.0759376,0.0796566,-1.82539,-0.885575,-6.61907,-13.6151,-24.0359,-38.1628,0.000604125,False
2014-06-03,105.411,1924.24,0.0273782,0.00133562,0,-0.0226896,0.00214046,0.0512109,391.735,0,36,4,0.081271,0.0852512,-1.41287,-0.682892,-6.12671,-13.2255,-23.7116,-37.9837,7.71995e-05,False
2014-06-04,105.419,1927.88,0.0311855,0.00136826,0,0.0213585,0.00218627,0.0922561,393.687,0,38,2,0.0921449,0.0967274,-2.12413,-1.01975,-5.99861,-12.9602,-23.2393,-37.2666,7.53633e-05,False
2014-06-05,105.275,1940.46,0.0307312,0.00138787,0.00251996,0.00940543,0.0118014,0.260599,397.144,0,37,3,0.0913,0.0959341,-5.54324,-2.64955,-6.20195,-12.507,-21.8567,-34.608,-0.00136517,False
2014-06-06,105.533,1949.44,0.0251375,0.00130793,0.0664361,0.335948,0.00527941,0.290601,398.898,0,36,4,0.0757596,0.0796049,-6.87102,-3.29841,-6.2688,-12.3117,-21.3405,-33.5971,0.00245129,False
2014-06-09,105.714,1951.27,0.02347,0.00127857,0.0461639,0.0403144,0.00539493,0.121015,396.752,0,35,5,0.0707735,0.0742396,-3.7685,-1.82725,-6.69017,-13.3209,-23.2863,-36.7436,0.00171067,False
2014-06-10,105.749,1950.79,0.0238752,0.00128113,0.00605887,-0.0546797,0.00301664,0.0444075,395.982,0,35,5,0.0700116,0.0734404,-1.46689,-0.712666,-6.6722,-13.7593,-24.4105,-38.7834,0.000335302,False
2014-06-11,105.738,1943.89,0.0275639,0.00135075,0,-0.0407533,0.00161237,0.0399912,393.555,0,37,3,0.0813149,0.0853588,-1.02008,-0.49183,-5.37228,-12.5688,-23.1668,-37.6215,-0.000110981,False
2014-06-12,105.723,1930.11,0.0333219,0.00139226,0,-0.0416478,0.00127173,0.0435576,394.488,0,38,2,0.100139,0.105221,-0.874976,-0.41815,-3.47344,-10.5424,-21.1891,-35.6769,-0.000137664,False
2014-06-13,105.771,1936.16,0.0303932,0.00139005,0,0.0322102,0.000828142,0.0563966,398.364,0,37,3,0.0906202,0.0952197,-1.28563,-0.617357,-4.73197,-11.9654,-22.5559,-37.0588,0.000449723,False
2014-06-16,105.813,1937.78,0.0287274,0.00137575,0,0.00870041,0.00119167,0.0489737,401.091,0,37,3,0.0849959,0.0891586,-1.22726,-0.591361,-5.33685,-12.6254,-23.3526,-37.9914,0.000399764,False
2014-06-17,105.832,1941.99,0.0282679,0.00135565,0,0.0110818,0.00166845,0.0658798,403.953,0,37,3,0.0849959,0.0891586,-1.66641,-0.803115,-6.03161,-13.2647,-23.9538,-38.5164,0.000183526,False
2014-06-18,105.871,1956.98,0.025325,0.0013009,0.010812,0.191417,0.00875004,0.222689,402.413,0,36,4,0.0740949,0.0777798,-5.70446,-2.74764,-6.80444,-13.1029,-22.5934,-35.4285,0.000369166,False
2014-06-19,105.955,1959.48,0.0248571,0.0012786,0,0.00315387,0.00592395,0.159721,397.294,0,35,5,0.0732343,0.0769514,-4.51932,-2.18469,-6.7533,-13.2195,-22.9212,-36.049,0.000791306,False
2014-06-20,106.084,1962.87,0.0238756,0.00129437,0.0177553,0.081359,0.00184388,0.115139,397.094,0,36,4,0.0710004,0.0746041,-3.62583,-1.75893,-6.8439,-13.4749,-23.4535,-36.9306,0.00121677,False
2014-06-23,106.151,1962.61,0.0227443,0.00127704,0,-0.0257923,0.00364511,0.04019,394.559,0,35,5,0.06671,0.0699771,-1.4081,-0.685238,-6.88825,-13.9055,-24.5256,-38.8142,0.000631375,False
2014-06-24,106.125,1949.98,0.0291632,0.00135165,0,-0.053671,0.00194846,0.0381874,392.383,0,37,3,0.0859176,0.0901905,-0.900203,-0.432958,-4.70579,-11.8826,-22.4178,-36.8149,-0.0002431,False
2014-06-25,106.166,1959.53,0.0279254,0.00135034,0,0.062779,0.00131991,0.0856702,397.141,0,37,3,0.0828499,0.0870551,-2.05718,-0.989242,-5.99042,-12.9806,-23.3333,-37.431,0.000382109,False
2014-06-26,106.158,1957.22,0.0308861,0.00135742,0,-0.0499138,0.00233736,0.0712534,399.552,0,38,2,0.0922213,0.0970373,-1.65066,-0.793138,-5.5509,-12.6777,-23.1798,-37.5182,-7.82343e-05,False
2014-06-27,106.188,1960.96,0.0288399,0.00132279,0,-0.0078335,0.00189863,0.0590358,402.2,0,37,3,0.0836451,0.0880132,-1.56262,-0.754433,-6.06616,-13.2564,-23.8868,-38.376,0.000282623,False
2014-06-30,106.217,1960.23,0.0245491,0.00128969,0,-0.0160798,0.00123227,0.0356169,401.15,0,35,5,0.0750877,0.0788219,-1.00911,-0.488215,-5.93188,-13.2147,-24.0322,-38.7172,0.000276551,False
2014-07-01,106.223,1973.32,0.0238069,0.0013061,0,0.0761691,0.00569983,0.122141,400.31,0,37,3,0.0682287,0.0716218,-3.42171,-1.65361,-7.05479,-13.7392,-23.8834,-37.5417,6.06851e-05,False
2014-07-02,106.285,1974.62,0.0239533,0.00127231,0,0.0176937,0.00246145,0.0980334,399.883,0,35,5,0.0712917,0.0749103,-2.83709,-1.37275,-6.95002,-13.7734,-24.0454,-37.9208,0.000583874,False
2014-07-03,106.294,1985.44,0.0227573,0.00126149,0.0361806,0.207578,0.00826833,0.274126,398.257,0,35,5,0.0685043,0.0720817,-6.92914,-3.33588,-6.60876,-12.5254,-21.5117,-33.6226,8.02758e-05,False
2014-07-07,106.377,1977.65,0.0242576,0.00131611,0,-0.169338,0.00464066,0.0404192,396.962,0,37,3,0.069673,0.0730852,-1.36364,-0.663009,-6.56397,-13.6505,-24.2879,-38.652,0.000777744,False
2014-07-08,106.361,1963.71,0.0274811,0.00136674,0,-0.0474994,0.000906804,0.0334859,399.147,0,38,2,0.0838954,0.0880041,-0.799435,-0.384712,-4.33972,-11.6143,-22.3475,-37.0093,-0.000144379,False
2014-07-09,106.395,1972.83,0.0249302,0.00129775,0,0.045076,0.0011923,0.0671144,400.491,0,36,4,0.0775244,0.0813798,-1.73973,-0.838986,-5.74834,-12.852,-23.3957,-37.7259,0.000318609,False
2014-07-10,106.36,1964.68,0.0331719,0.00142967,0,-0.0751743,0.00184044,0.057306,404.039,0,39,1,0.0959622,0.100833,-1.24854,-0.598716,-4.69319,-11.9658,-22.6661,-37.2972,-0.000333324,False
2014-07-11,106.41,1967.57,0.0286222,0.00135499,0,0.0137121,0.000756549,0.0476118,407.858,0,37,3,0.0843069,0.088586,-1.19599,-0.576511,-5.52357,-12.8992,-23.7522,-38.5726,0.000469322,False
2014-07-14,106.496,1977.1,0.0250999,0.00128372,0,0.0775677,0.00288572,0.0598202,405.058,0,35,5,0.0692497,0.0726412,-1.85257,-0.898409,-6.91315,-14.0081,-24.7329,-39.1822,0.000810921,False
2014-07-15,106.501,1973.28,0.0249539,0.00133079,0,-0.0340326,0.00208674,0.0422159,401.43,0,37,3,0.0745831,0.0782358,-1.21187,-0.586525,-6.22437,-13.4321,-24.1847,-38.7572,4.79654e-05,False
2014-07-16,106.533,1981.57,0.0248751,0.00128677,0,0.0587036,0.00181502,0.0902455,401.564,0,36,4,0.0729217,0.0765482,-2.58389,-1.25002,-6.97686,-13.8654,-24.2324,-38.2399,0.000304667,False
2014-07-17,106.392,1958.12,0.040397,0.00153622,0,-0.203716,0.0028913,0.0639124,400.802,0,40,0,0.124323,0.130634,-1.07369,-0.509053,-3.37776,-10.1945,-21.0008,-35.3788,-0.0013274,False
2014-07-18,106.504,1978.22,0.0292782,0.00132589,0,0.111219,0.00319226,0.0878331,402.85,0,36,4,0.0861523,0.0905251,-2.13524,-1.02751,-6.02917,-13.0887,-23.515,-37.7425,0.00105326,False
2014-07-21,106.518,1973.63,0.0289378,0.00135675,0,-0.0546496,0.00179015,0.0447195,404.865,0,38,2,0.0865198,0.090757,-1.11434,-0.537062,-5.36402,-12.6746,-23.4638,-38.1868,0.000133844,False
2014-07-22,106.55,1983.53,0.026894,0.00131188,0,0.0476755,0.00268906,0.0838998,403.808,0,36,4,0.0797472,0.0836528,-2.23735,-1.0801,-6.4605,-13.5012,-23.9764,-38.2028,0.000294674,False
2014-07-23,106.587,1987.01,0.0270292,0.00127999,0,0.0163484,0.00214637,0.0866651,401.142,0,35,5,0.0806832,0.0846957,-2.32026,-1.12031,-6.54125,-13.5196,-23.8852,-37.9711,0.000349001,False
2014-07-24,106.633,1987.98,0.0291719,0.00131904,0,0.0131617,0.00302714,0.078839,398.739,0,36,4,0.0860552,0.090423,-2.0427,-0.985489,-6.25667,-13.2671,-23.605,-37.7014,0.000429823,False
2014-07-25,106.616,1978.34,0.0314555,0.00134627,0,-0.0804606,0.00212946,0.0428636,397.702,0,37,3,0.0916886,0.0963424,-0.967583,-0.464746,-4.74708,-11.9311,-22.5402,-37.0258,-0.000154788,False
2014-07-28,106.631,1978.91,0.0275738,0.00134946,0,-0.014301,0.00140055,0.0382452,398.003,0,37,3,0.0817789,0.085784,-0.958774,-0.46211,-4.92579,-12.1617,-22.7984,-37.3199,0.000142016,False
2014-07-29,106.63,1969.95,0.0316418,0.00142856,0,-0.0264519,0.00118462,0.0417744,400.725,0,38,2,0.0917685,0.0962628,-0.908646,-0.435798,-3.90306,-11.1196,-21.8133,-36.4325,-8.93347e-06,False
2014-07-30,106.629,1970.07,0.0329353,0.0013767,0,-0.0136319,0.00154105,0.0593511,405.25,0,38,2,0.0983721,0.103264,-1.23541,-0.591285,-4.34304,-11.576,-22.2872,-36.9199,-1.11699e-05,False
2014-07-31,106.54,1930.67,0.0543473,0.00184208,0,-0.133181,0.00161397,0.0664467,403.119,0,40,0,0.158804,0.166864,-0.807631,-0.376477,-1.10202,-5.60079,-16.4334,-30.7806,-0.000838285,False
2014-08-01,106.568,1925.15,0.0506035,0.00174509,0,-0.0184377,0.00101718,0.0675905,409.849,0,40,0,0.151422,0.159108,-0.875998,-0.409645,-1.36221,-5.99221,-17.0198,-31.5507,0.00026525,False
2014-08-04,106.642,1938.99,0.0374975,0.00151222,0,0.031578,0.0019898,0.0589898,414.331,0,39,1,0.110478,0.115888,-1.10492,-0.52636,-3.01352,-9.65961,-20.7163,-35.6566,0.000696026,False
2014-08-05,106.611,1920.21,0.0454095,0.00164379,0,-0.0758708,0.00148384,0.0571423,411.537,0,39,1,0.131473,0.137912,-0.852574,-0.401819,-1.91587,-7.57934,-18.7387,-33.4547,-0.000297643,False
2014-08-06,106.617,1920.24,0.0452821,0.00164723,0,-0.0176804,0.00115811,0.0758198,413.702,0,40,0,0.136187,0.142959,-1.12155,-0.527932,-2.3975,-8.58722,-19.762,-34.4411,5.73934e-05,False
2014-08-07,106.622,1909.57,0.0496855,0.00172383,0,-0.0445168,0.00151989,0.0721193,413.286,0,40,0,0.148605,0.156148,-0.975528,-0.457445,-1.86348,-7.50128,-18.7094,-33.3473,5.2764e-05,False
2014-08-08,106.686,1931.59,0.0451344,0.00162729,0,0.137725,0.00191113,0.187305,417.159,0,39,1,0.133259,0.140023,-2.69674,-1.26406,-4.06937,-10.8235,-21.4914,-35.7173,0.000601511,False
2014-08-11,106.88,1936.92,0.0355544,0.00144422,0,0.0700285,0.00358253,0.0945863,416.31,0,38,2,0.110054,0.115444,-1.87254,-0.89387,-4.82645,-11.945,-22.794,-37.4774,0.00181162,False
2014-08-12,106.88,1933.75,0.0359085,0.00145389,0,-0.0696744,0.00192122,0.0570116,414.334,0,38,2,0.108192,0.113491,-1.14427,-0.546988,-4.2654,-11.4326,-22.4629,-37.3761,4.05836e-06,False
2014-08-13,106.915,1946.72,0.0339744,0.00142229,0,0.0616164,0.00234261,0.114277,413.243,0,37,3,0.0998161,0.10478,-2.38778,-1.14209,-5.50842,-12.6334,-23.1915,-37.6031,0.000323362,False
2014-08-14,107.016,1955.18,0.0325445,0.00138555,0.00126564,0.123451,0.00376747,0.162802,413.67,0,38,2,0.0979047,0.102874,-3.33708,-1.59426,-5.88638,-12.8121,-23.0953,-37.1168,0.000945158,False
2014-08-15,106.969,1955.06,0.0371853,0.00148104,0,-0.112958,0.00754931,0.124351,412.757,0,38,2,0.108006,0.113488,-2.59758,-1.24263,-5.44211,-12.4268,-22.9335,-37.1877,-0.000433123,False
2014-08-18,107.16,1971.74,0.0275746,0.00132082,0.0739218,0.312507,0.00959772,0.189081,411.049,0,36,4,0.0794932,0.0833864,-5.00004,-2.41253,-6.55372,-13.1044,-22.874,-36.1405,0.00178099,False
2014-08-19,107.262,1981.6,0.0254501,0.0013041,0.229784,0.365343,0.0113189,0.234868,409.581,0,36,4,0.0736518,0.0772589,-6.21473,-2.99837,-6.68676,-12.9238,-22.3126,-35.0105,0.000957452,False
2014-08-20,107.292,1986.51,0.0262374,0.00128705,0.0924691,0.107189,0.0108114,0.2347,405.411,0,36,4,0.0803222,0.0843167,-5.76886,-2.77598,-6.44954,-12.7219,-22.0793,-34.7918,0.000270607,False
2014-08-21,107.392,1992.37,0.0292597,0.00132183,0.0979297,0.197327,0.00743687,0.254293,401.509,0,36,4,0.0868322,0.0912395,-5.78895,-2.77744,-6.1372,-12.3494,-21.5359,-34.0661,0.000934884,False
2014-08-22,107.485,1988.4,0.0299828,0.00131877,0,-0.113269,0.00622191,0.0698808,400.049,0,37,3,0.0893626,0.0940293,-1.84811,-0.892688,-5.87315,-12.8667,-23.1995,-37.2979,0.000871436,False
2014-08-25,107.624,1997.92,0.0253915,0.00130334,0.00740603,0.12517,0.00496069,0.068077,403.305,0,37,3,0.0753584,0.0791061,-2.09774,-1.01774,-6.73775,-13.7216,-24.1462,-38.2671,0.00129037,False
2014-08-26,107.677,2000.02,0.025902,0.00128747,0,0.0162541,0.00159523,0.0546964,402.531,0,35,5,0.0732827,0.0769272,-1.63172,-0.790863,-6.69839,-13.7455,-24.2989,-38.5762,0.00048924,False
2014-08-27,107.704,2000.12,0.0275263,0.00132227,0,0.00107189,0.00184638,0.053354,402.342,0,36,4,0.0761481,0.0800131,-1.48941,-0.72049,-6.44119,-13.5392,-24.0928,-38.4153,0.000248633,False
2014-08-28,107.702,1996.74,0.0294647,0.00136597,0,-0.0271685,0.00119116,0.0543747,404.349,0,37,3,0.0866097,0.0911327,-1.30541,-0.628557,-5.69153,-12.8925,-23.4759,-37.9331,-1.18995e-05,False
2014-08-29,107.731,2003.37,0.028977,0.00134885,0,0.0274865,0.00202926,0.0787037,405.394,0,37,3,0.0834333,0.0877904,-1.96899,-0.949008,-6.26173,-13.3155,-23.7521,-37.9751,0.000266998,False
2014-09-02,107.778,2002.28,0.0246485,0.00129245,0,-0.0185416,0.00142148,0.0355753,403.213,0,36,4,0.0715354,0.0750388,-1.0484,-0.507957,-6.20763,-13.388,-24.1275,-38.6572,0.00043183,False
2014-09-03,107.769,2000.72,0.0282279,0.00133147,0,-0.0206483,0.00203061,0.048669,404.818,0,37,3,0.0805027,0.0845062,-1.24205,-0.599179,-5.81871,-13.0335,-23.6784,-38.1809,-8.23568e-05,False
2014-09-04,107.752,1997.65,0.0330489,0.00139769,0,-0.0342291,0.00169556,0.0609628,406.222,0,38,2,0.093534,0.0982814,-1.34199,-0.644037,-5.14915,-12.3684,-22.9611,-37.4482,-0.000153729,False
2014-09-05,107.819,2007.71,0.0252061,0.00130529,0,0.0446447,0.00214377,0.0604342,406.09,0,36,4,0.0721659,0.0758288,-1.79204,-0.868328,-6.67857,-13.725,-24.3214,-38.6452,0.000621151,False
2014-09-08,107.791,2001.54,0.0262559,0.00133704,0,-0.0739887,0.00245867,0.0367888,406.771,0,37,3,0.0758529,0.0795678,-1.00284,-0.484775,-5.86251,-13.132,-23.942,-38.6171,-0.00025861,False
2014-09-09,107.775,1988.44,0.0297976,0.00133993,0,-0.0437137,0.00138103,0.036184,404.805,0,37,3,0.0866044,0.0908458,-0.820295,-0.394184,-4.00934,-11.2675,-21.9895,-36.6499,-0.000148735,False
2014-09-10,107.795,1995.69,0.0294147,0.00133174,0,0.0271981,0.00218793,0.0691913,406.565,0,37,3,0.0842029,0.0883904,-1.63584,-0.786871,-5.2862,-12.4591,-22.9994,-37.393,0.000186368,False
2014-09-11,107.818,1997.45,0.0313263,0.00136137,0,0.00373257,0.00208818,0.0777301,407.106,0,37,3,0.088192,0.0926683,-1.8309,-0.880656,-5.64813,-12.7752,-23.2673,-37.5899,0.000214022,False
2014-09-12,107.822,1985.54,0.0365136,0.00147712,0,-0.0531634,0.00158566,0.0538574,410.87,0,39,1,0.104898,0.110222,-1.05567,-0.504387,-4.12489,-11.322,-22.1465,-36.8542,3.85845e-05,False
2014-09-15,107.854,1984.13,0.0335837,0.0013748,0,-0.00330325,0.00066664,0.0502851,410.434,0,37,3,0.103197,0.108251,-1.00305,-0.479597,-4.05637,-11.2617,-22.086,-36.8114,0.000295034,False
2014-09-16,107.887,1998.98,0.0306634,0.00135948,0,0.0699287,0.00301527,0.113276,413.22,0,37,3,0.090668,0.0951084,-2.4946,-1.19615,-5.85096,-12.9256,-23.376,-37.6343,0.000308071,False
2014-09-17,107.916,2001.57,0.0294453,0.00136981,0,-0.0257361,0.00386427,0.083526,412.593,0,37,3,0.0866396,0.0909484,-2.0909,-1.00788,-6.12914,-13.2729,-23.8496,-38.259,0.000261614,False
2014-09-18,108.012,2011.36,0.0270962,0.00127366,0.00443571,0.134544,0.00366303,0.139236,409.135,0,35,5,0.0801304,0.0841975,-3.72292,-1.79787,-6.64808,-13.3805,-23.392,-36.9958,0.000894753,False
2014-09-19,108.069,2010.4,0.0270103,0.00131198,0,-0.0496857,0.00413504,0.0547178,406.15,0,36,4,0.0749826,0.0787884,-1.667,-0.808618,-6.5338,-13.6398,-24.2134,-38.5555,0.000522126,False
2014-09-22,108.022,1994.29,0.0312854,0.00136514,0,-0.0913533,0.0018974,0.0375876,402.013,0,37,3,0.0900754,0.0944868,-0.823036,-0.394992,-4.02923,-11.2079,-21.8371,-36.352,-0.000427508,False
2014-09-23,108.004,1982.77,0.0361481,0.00143162,0,-0.0413928,0.00112844,0.0479699,402.717,0,38,2,0.107261,0.112514,-0.883482,-0.420902,-2.88255,-9.6979,-20.3659,-34.7985,-0.000168365,False
2014-09-24,108.06,1998.3,0.0324859,0.00140562,0,0.0928701,0.00178011,0.114346,408.184,0,37,3,0.0945816,0.0992853,-2.33583,-1.11653,-5.07374,-12.1039,-22.4075,-36.5071,0.000516589,False
2014-09-25,107.9,1965.99,0.0472298,0.00167933,0,-0.257259,0.00307175,0.0596369,408.806,0,40,0,0.136756,0.143697,-0.847685,-0.398791,-1.86311,-7.75281,-18.7664,-33.1781,-0.00148131,False
2014-09-26,107.951,1982.85,0.0419453,0.00156774,0,0.0658904,0.00205687,0.11275,415.752,0,39,1,0.11869,0.124714,-1.83386,-0.866904,-3.86487,-10.8013,-21.5395,-35.993,0.000473567,False
2014-09-29,107.98,1977.8,0.0399761,0.00153658,0,-0.057774,0.00185944,0.0625679,417.013,0,39,1,0.115642,0.121305,-1.12059,-0.533165,-3.45336,-10.4477,-21.4505,-36.2629,0.000268534,False
2014-09-30,107.987,1972.29,0.0427697,0.00160006,0,-0.0317171,0.0016662,0.0629103,418.428,0,39,1,0.122076,0.128054,-1.03753,-0.4917,-3.06508,-9.85826,-20.9769,-35.81,6.89376e-05,False
2014-10-01,107.954,1946.16,0.0477471,0.00168764,0,-0.0852339,0.00142658,0.0560673,413.979,0,39,1,0.140609,0.147602,-0.75627,-0.354741,-1.28432,-6.25992,-17.3422,-31.9259,-0.00031261,False
2014-10-02,107.951,1946.17,0.0486476,0.00172966,0,-0.0287738,0.0011998,0.0762143,417.138,0,40,0,0.142292,0.149514,-1.04375,-0.489614,-1.85196,-7.22037,-18.3663,-32.9357,-2.96666e-05,False
2014-10-03,107.982,1967.9,0.0406722,0.0015318,0,0.103388,0.00413651,0.183224,421.339,0,38,2,0.121895,0.128082,-2.83132,-1.33336,-4.03333,-10.8243,-21.3673,-35.5905,0.000290716,False
2014-10-06,108.013,1964.82,0.037905,0.0014797,0,-0.107643,0.00384168,0.0766803,419.989,0,39,1,0.116996,0.122726,-1.44325,-0.688118,-4.11364,-11.1595,-22.1355,-36.9164,0.000291566,False
2014-10-07,107.951,1935.1,0.0470501,0.00168304,0,-0.12936,0.00161931,0.0537607,415.703,0,40,0,0.137822,0.144572,-0.744784,-0.349932,-1.39843,-6.73759,-17.8611,-32.5493,-0.000580418,False
2014-10-08,107.925,1968.89,0.0405524,0.00154501,0,0.250156,0.00394351,0.364732,422.811,0,39,1,0.121656,0.127707,-4.16027,-1.914,-4.21695,-10.8418,-20.9867,-34.6908,-0.000238548,False
2014-10-09,107.856,1928.21,0.0623911,0.00205392,0,-0.396723,0.0038796,0.0934153,415.431,0,40,0,0.182891,0.192174,-1.02114,-0.473529,-1.25315,-5.54261,-16.1577,-30.7575,-0.000638867,False
2014-10-10,107.857,1906.13,0.0644694,0.0021062,0,-0.0743009,0.00144591,0.0787933,414.41,0,40,0,0.189399,0.199012,-0.792925,-0.366133,-0.746076,-3.77478,-13.4881,-28.237,1.14811e-05,False
2014-10-13,107.788,1874.74,0.0669869,0.00218552,0,-0.135517,0.00102918,0.0761074,411.554,0,40,0,0.199537,0.20931,-0.711681,-0.32693,-0.540895,-2.41568,-9.90706,-24.5502,-0.000640278,False
2014-10-14,107.783,1877.7,0.06105,0.00201333,0,-0.0506256,0.00177087,0.087685,415.608,0,40,0,0.180828,0.189684,-0.942416,-0.436295,-1.08434,-4.13152,-13.0777,-27.6912,-4.58064e-05,False
2014-10-15,107.67,1862.49,0.0758223,0.002415,0,-0.151379,0.00193428,0.121244,415.846,0,40,0,0.224631,0.235803,-1.06085,-0.486171,-0.850592,-3.69267,-12.3958,-27.1604,-0.00105271,False
2014-10-16,107.663,1862.76,0.0858653,0.00270231,0,-0.0344294,0.0019144,0.174852,418.106,0,40,0,0.250298,0.263002,-1.39068,-0.633232,-0.978703,-4.20824,-13.4105,-28.1534,-6.30461e-05,False
2014-10-17,107.859,1886.76,0.0683232,0.00220627,0,0.132416,0.00197485,0.174935,423.412,0,40,0,0.199403,0.209524,-1.82051,-0.839985,-2.16381,-7.34108,-17.9864,-32.5232,0.0018249,False
2014-10-20,108.135,1904.01,0.0515897,0.00180655,0,0.165515,0.00114695,0.113856,425.832,0,40,0,0.150182,0.157537,-1.68801,-0.795326,-3.44031,-9.83211,-20.9132,-35.5748,0.00255175,False
2014-10-21,107.93,1941.28,0.0423651,0.00159113,0.363781,0.891719,0.011833,0.87543,429.534,0,39,1,0.1236,0.129653,-10.1373,-4.66661,-4.57596,-10.0603,-18.477,-29.8549,-0.00189297,False
2014-10-22,107.781,1927.11,0.0521499,0.00180665,0,-0.87637,0.00846488,0.190169,423.261,0,40,0,0.152612,0.160202,-2.70987,-1.27118,-3.76871,-10.0475,-20.7919,-34.9831,-0.00138266,False
2014-10-23,107.735,1950.82,0.0485331,0.00170475,0.176271,0.427599,0.00778024,0.526418,425.632,0,40,0,0.142292,0.149514,-6.4682,-2.99445,-4.40094,-10.3506,-19.9612,-32.6858,-0.000425606,False
2014-10-24,107.989,1964.58,0.0442587,0.00162933,0.401,0.618445,0.0107479,0.521477,425.403,0,40,0,0.132385,0.139104,-6.31254,-2.91852,-4.58701,-10.6864,-20.274,-33.0633,0.00236012,False
2014-10-27,108.167,1961.63,0.0429972,0.00159235,0.0878605,-0.180614,0.00767723,0.109087,422.25,0,39,1,0.124362,0.130452,-2.01674,-0.960376,-4.32199,-11.1519,-22.0627,-36.5996,0.00164502,False
2014-10-28,108.223,1985.05,0.0372536,0.00146353,0.184012,0.463841,0.00482633,0.363662,423.593,0,38,2,0.108361,0.113668,-5.87059,-2.7693,-5.38244,-11.8207,-21.4354,-34.5256,0.000519731,False
2014-10-29,108.277,1982.3,0.0398823,0.00151734,0.037063,-0.180029,0.00665975,0.12414,421.43,0,39,1,0.114888,0.120601,-2.28974,-1.0896,-4.96044,-11.9717,-22.6969,-37.1596,0.000500214,False
2014-10-30,108.266,1994.65,0.0398146,0.00152988,0.00512834,0.0910624,0.00566983,0.253613,423.398,0,40,0,0.118107,0.124102,-4.28122,-2.02609,-5.26304,-11.9298,-22.0701,-35.7581,-0.000100889,False
2014-10-31,108.16,2018.05,0.0396665,0.00149565,0.466162,1.03029,0.0144889,0.947465,425.743,0,38,2,0.118496,0.12451,-10.7868,-4.9586,-4.71513,-10.0416,-18.106,-29.0557,-0.000979498,False
2014-11-03,108.507,2017.81,0.0383681,0.00147685,0.208192,-0.108102,0.00479143,0.316211,422.165,0,38,2,0.112086,0.117576,-5.39096,-2.55201,-5.0574,-11.4232,-21.1784,-34.3488,0.00320876,False
2014-11-04,108.567,2012.1,0.0375408,0.00147961,0,-0.21055,0.00670618,0.0751533,420.112,0,39,1,0.11124,0.116688,-1.60316,-0.768574,-4.41428,-11.4039,-22.3064,-36.9776,0.000551686,False
2014-11-05,108.629,2023.57,0.0356246,0.0014548,0.0181998,0.0816889,0.00354288,0.107053,422.231,0,39,1,0.106043,0.111317,-2.12945,-1.01718,-5.08955,-12.2465,-22.9583,-37.5315,0.000573072,False
2014-11-06,108.656,2031.21,0.035794,0.00143388,0,0.0397665,0.00275992,0.151557,423.792,0,39,1,0.109463,0.115019,-2.78543,-1.32496,-5.33845,-12.3926,-22.938,-37.2715,0.00024728,False
2014-11-07,108.787,2031.92,0.0307076,0.00133691,0,0.00667761,0.00154288,0.0554692,421.657,0,38,2,0.088969,0.0934847,-1.3841,-0.667566,-5.57394,-12.9304,-23.8579,-38.7608,0.0012019,False
2014-11-10,108.837,2038.26,0.0264467,0.0012926,0,0.0212163,0.00128257,0.0507879,417.562,0,36,4,0.078054,0.0818767,-1.42612,-0.690307,-6.25134,-13.5688,-24.4268,-39.1784,0.000457492,False
2014-11-11,108.871,2039.68,0.0268103,0.00132153,0,0.0120087,0.0016593,0.0520587,414.416,0,37,3,0.078308,0.0821431,-1.39491,-0.67415,-6.12436,-13.3759,-24.1568,-38.7993,0.000317608,False
2014-11-12,108.873,2038.25,0.0286815,0.0013188,0,-0.0230077,0.00155077,0.0533126,411.124,0,37,3,0.0844736,0.0886747,-1.32941,-0.641184,-5.76035,-12.9876,-23.6498,-38.1892,1.42396e-05,False
2014-11-13,108.871,2039.33,0.0330143,0.00136194,0,-0.00499773,0.00181035,0.0797757,413.066,0,38,2,0.0968363,0.101751,-1.72051,-0.825194,-5.61979,-12.7731,-23.3305,-37.7463,-1.48693e-05,False
2014-11-14,108.916,2039.82,0.0311142,0.00136453,0,-0.0134637,0.00150865,0.0500459,414.967,0,38,2,0.0855695,0.0899127,-1.21819,-0.587053,-5.62846,-12.9273,-23.7109,-38.4272,0.000408806,False
2014-11-17,108.945,2041.32,0.0284907,0.00129764,0,-0.000641912,0.000947342,0.0461141,416.321,0,36,4,0.0810442,0.0850746,-1.17968,-0.56936,-5.79566,-13.1335,-23.9918,-38.7791,0.000271179,False
2014-11-18,108.928,2051.8,0.0266894,0.001291,0,0.0308237,0.00453888,0.114827,417.037,0,36,4,0.0795099,0.0834641,-2.86128,-1.37879,-6.65867,-13.6299,-24.0377,-38.1586,-0.000156312,False
2014-11-19,108.948,2048.72,0.030203,0.00132715,0,-0.0499154,0.00334398,0.0707421,415.977,0,37,3,0.0871236,0.0915456,-1.75845,-0.847915,-6.06399,-13.2669,-23.9245,-38.4488,0.000180863,False
2014-11-20,108.968,2052.75,0.0302271,0.00131578,0,0.00230591,0.00279761,0.0793044,417.087,0,38,2,0.088092,0.0926924,-1.98278,-0.956225,-6.21833,-13.4086,-24.0133,-38.4806,0.000182265,False
2014-11-21,109.037,2063.5,0.0287769,0.00130693,0,0.113158,0.00692771,0.143512,419.159,0,37,3,0.081951,0.0862307,-3.70421,-1.78733,-6.6798,-13.5212,-23.6916,-37.5234,0.000637737,False
2014-11-24,109.204,2069.41,0.0275303,0.00132193,0,0.115145,0.00518521,0.112578,419.494,0,37,3,0.0755389,0.0792956,-3.30866,-1.60333,-6.98319,-13.8869,-24.2183,-38.2145,0.00153252,False
2014-11-25,109.22,2067.03,0.026213,0.00125745,0,-0.0681952,0.00321763,0.0499524,413.87,0,35,5,0.0767122,0.0805272,-1.45894,-0.707139,-6.50015,-13.7278,-24.4388,-38.9886,0.00014806,False
2014-11-26,109.247,2072.83,0.0284233,0.00129366,0,0.0429646,0.00270262,0.0909597,410.529,0,36,4,0.08217,0.0863407,-2.30257,-1.11065,-6.47611,-13.464,-23.7965,-37.864,0.000241571,False
2014-11-28,109.243,2067.56,0.0327726,0.00134892,0,-0.0517293,0.00259091,0.0721533,412.053,0,38,2,0.0995559,0.104609,-1.54878,-0.742966,-5.30817,-12.4398,-22.9877,-37.3752,-3.74403e-05,False
2014-12-01,109.216,2053.44,0.0350837,0.00138038,0,-0.0890749,0.00149978,0.0420044,410.014,0,37,3,0.100827,0.105765,-0.81037,-0.387071,-3.45025,-10.5085,-21.2582,-35.858,-0.000244616,False
2014-12-02,109.212,2066.55,0.0303078,0.00133341,0,0.0107246,0.0034678,0.0826871,412.738,0,37,3,0.0875356,0.0918227,-1.82886,-0.877714,-5.26264,-12.3923,-22.885,-37.2219,-4.07587e-05,False
2014-12-03,109.238,2074.33,0.0308382,0.00135772,0,0.0656587,0.00263014,0.149063,416.665,0,38,2,0.0909716,0.0954958,-3.10957,-1.48809,-5.85235,-12.7575,-22.9719,-36.9072,0.000239286,False
2014-12-04,109.248,2071.92,0.0337102,0.00142972,0,-0.0826553,0.00362941,0.0847839,418.679,0,39,1,0.0957679,0.100629,-1.92472,-0.925044,-5.59081,-12.7606,-23.3831,-37.8697,9.40627e-05,False
2014-12-05,109.327,2075.37,0.0289419,0.0012737,0,0.016713,0.0011407,0.0490509,416.132,0,35,5,0.0791591,0.0831769,-1.34307,-0.649721,-6.0807,-13.3632,-24.1313,-38.7936,0.000722883,False
2014-12-08,109.234,2060.31,0.0335821,0.00137345,0,-0.128813,0.00223464,0.0432311,412.483,0,37,3,0.0984564,0.103278,-0.867403,-0.41507,-3.73724,-10.9149,-21.6904,-36.3752,-0.000850833,False
2014-12-09,109.219,2059.82,0.0353391,0.00144551,0,-0.0336429,0.00144775,0.056586,415.678,0,39,1,0.101927,0.106919,-1.10962,-0.530304,-3.91769,-11.1099,-21.8877,-36.5776,-0.000133219,False
2014-12-10,109.124,2026.14,0.0551099,0.00183651,0,-0.13096,0.00174549,0.0724235,412.752,0,40,0,0.160374,0.168349,-0.867133,-0.404526,-1.29824,-6.13406,-17.0139,-31.3291,-0.000872279,False
2014-12-11,109.124,2035.33,0.0599232,0.00196776,0,0.0256924,0.00173513,0.15471,419.782,0,40,0,0.176967,0.185949,-1.67167,-0.772234,-2.14005,-7.66655,-18.4986,-32.705,-3.42773e-06,False
2014-12-12,109.069,2002.33,0.0637007,0.00207611,0,-0.191723,0.00154671,0.078008,419.573,0,40,0,0.188234,0.197788,-0.787109,-0.363935,-0.745583,-3.97161,-14.0719,-28.7946,-0.000503492,False
2014-12-15,109.105,1989.63,0.0547545,0.00184374,0,-0.0311773,0.00108348,0.0627859,420.098,0,40,0,0.161276,0.169297,-0.728468,-0.338942,-0.896445,-3.9476,-13.8927,-28.5767,0.000328894,False
2014-12-16,109.049,1972.74,0.0617618,0.00203537,0,-0.097057,0.00155566,0.0791822,419.8,0,40,0,0.178694,0.187581,-0.834769,-0.386335,-0.92597,-3.8687,-13.0307,-27.6847,-0.000506692,False
2014-12-17,109.069,2012.89,0.0525535,0.00179885,0,0.280014,0.00394707,0.38614,428.693,0,40,0,0.149285,0.156862,-3.97394,-1.81589,-3.12111,-8.79179,-19.0377,-32.6737,0.000182154,False
2014-12-18,108.294,2061.23,0.0453371,0.00160192,0.586372,2.07827,0.02144,2.67575,435.262,0,40,0,0.13182,0.138704,-15.428,-6.48917,-3.60037,-7.68811,-14.1739,-22.9092,-0.0071094,False
2014-12-19,108.525,2070.65,0.0417198,0.00152909,1.05428,0.889498,0.0124109,2.3071,431.75,0,39,1,0.117844,0.123998,-12.8558,-5.36923,-3.58678,-8.20657,-15.4891,-25.253,0.00213908,False
2014-12-22,108.75,2078.54,0.0332813,0.00134166,1.46031,0.640489,0.00775435,1.28715,425.233,0,37,3,0.0974191,0.102364,-8.20334,-3.51163,-4.46079,-10.2723,-18.9431,-30.778,0.00206687,False
2014-12-23,108.867,2082.17,0.0306796,0.00132628,1.05821,0.171369,0.00656292,0.306158,421.479,0,38,2,0.0892604,0.0937909,-3.70357,-1.71235,-5.27988,-12.158,-22.3032,-36.1687,0.00107537,False
2014-12-24,108.912,2081.88,0.0341251,0.00141947,0.219958,-0.00573289,0.00212772,0.0653071,419.861,0,39,1,0.0957154,0.100714,-1.40214,-0.672516,-5.20239,-12.523,-23.3508,-38.1402,0.000420129,False
2014-12-26,108.949,2088.77,0.0369855,0.00142503,0,0.0586079,0.00150536,0.121103,420.7,0,38,2,0.103656,0.10907,-2.37139,-1.13194,-5.53741,-12.6471,-23.1969,-37.5771,0.000338506,False
2014-12-29,109.049,2090.57,0.0324873,0.00132508,0,0.0153664,0.0023611,0.065541,420.685,0,37,3,0.0937694,0.0984327,-1.5257,-0.73409,-5.68453,-12.9692,-23.8034,-38.5623,0.00091537,False
2014-12-30,109.044,2080.35,0.0361654,0.00144336,0,-0.0559076,0.00120715,0.0477064,418.898,0,39,1,0.0994551,0.104401,-0.94287,-0.450828,-4.10613,-11.3603,-22.3227,-37.222,-4.17989e-05,False
2014-12-31,109.005,2058.9,0.0502712,0.00173068,0,-0.0595971,0.00169049,0.0747054,417.599,0,40,0,0.147731,0.15523,-0.980599,-0.459541,-1.88762,-7.68289,-18.8002,-33.2491,-0.000364493,False
2015-01-02,109.048,2058.2,0.045584,0.0016136,0,-0.0097273,0.00119132,0.0642158,419.755,0,39,1,0.132774,0.139513,-0.948287,-0.447153,-2.14997,-8.24584,-19.4013,-34.0332,0.000399444,False
2015-01-05,108.979,2020.58,0.0521471,0.00177233,0,-0.124567,0.00129429,0.0575908,417.197,0,40,0,0.152298,0.159757,-0.701916,-0.327492,-0.869275,-4.19737,-14.6508,-29.233,-0.000631476,False
2015-01-06,108.958,2002.61,0.0564699,0.00189263,0,-0.0622839,0.00106116,0.0698921,418.121,0,40,0,0.16542,0.173522,-0.792221,-0.368068,-0.99301,-4.03753,-13.801,-28.4102,-0.000193331,False
2015-01-07,108.98,2025.9,0.0553281,0.00184825,0,0.105276,0.00188286,0.205119,424.767,0,40,0,0.159381,0.167307,-2.32054,-1.07195,-2.43639,-7.66489,-18.3991,-32.5238,0.000198664,False
2015-01-08,108.621,2062.14,0.0511729,0.00173386,0.171782,0.587123,0.0121225,1.01687,430.209,0,39,1,0.146371,0.153801,-8.86444,-3.97177,-4.01296,-9.51465,-18.1957,-29.8522,-0.00329505,False
2015-01-09,108.698,2044.81,0.0492355,0.00170887,0,-0.797511,0.00674952,0.18265,425.585,0,40,0,0.147067,0.154747,-2.60207,-1.22071,-3.45795,-9.59628,-20.3004,-34.4959,0.000713375,False
2015-01-12,108.642,2028.26,0.0505216,0.00172802,0,-0.221969,0.00270623,0.0636161,422.28,0,40,0,0.149905,0.15736,-0.852384,-0.400131,-1.88349,-7.25837,-18.3205,-33.097,-0.000522992,False
2015-01-13,108.627,2023.03,0.0544383,0.00183418,0,-0.0472834,0.00168336,0.0817357,421.089,0,40,0,0.161005,0.169012,-0.986605,-0.459985,-1.53694,-6.31466,-17.2339,-31.8772,-0.000133303,False
2015-01-14,108.587,2011.27,0.065429,0.00211268,0,-0.076759,0.00150478,0.106817,420.084,0,40,0,0.192216,0.201972,-1.0865,-0.501976,-1.2377,-5.24161,-15.6403,-30.2943,-0.000368502,False
2015-01-15,108.553,1992.67,0.0810802,0.00254359,0,-0.0850705,0.00168511,0.132341,418.882,0,40,0,0.23823,0.250671,-1.08766,-0.497415,-0.7451,-3.71923,-13.0017,-27.8187,-0.000310743,False
2015-01-16,108.718,2019.42,0.074091,0.00234699,0,0.177856,0.00140294,0.215869,425.174,0,40,0,0.212395,0.223487,-1.98171,-0.906359,-1.90104,-6.71726,-17.1483,-31.5891,0.00151695,False
2015-01-20,108.865,2022.55,0.0578418,0.00191235,0,-0.0308811,0.00127189,0.0920873,425.864,0,40,0,0.173124,0.181603,-1.10359,-0.514819,-1.92484,-7.31137,-18.2591,-33.0435,0.00135726,False
2015-01-21,108.915,2032.12,0.0587246,0.00192295,0,0.0272554,0.00208514,0.12419,427.189,0,40,0,0.16985,0.178297,-1.49263,-0.695214,-2.50104,-8.28437,-19.2715,-33.9054,0.00045808,False
2015-01-22,109.052,2063.15,0.0472846,0.00164553,0.0189466,0.320116,0.00414889,0.330021,431.121,0,40,0,0.136853,0.143799,-4.43836,-2.0719,-4.50833,-10.9161,-21.1636,-34.8077,0.00125628,False
2015-01-23,109.141,2051.82,0.048236,0.00167166,0,-0.191125,0.00328053,0.0936543,427.049,0,40,0,0.140835,0.147983,-1.44341,-0.682093,-3.27012,-9.76821,-20.8926,-35.5713,0.000811775,False
2015-01-26,109.235,2057.09,0.0407176,0.00152224,0,0.0211399,0.00135275,0.0587203,426.198,0,39,1,0.114118,0.119707,-1.05692,-0.503192,-3.74726,-10.7381,-21.9013,-36.9004,0.000860509,False
2015-01-27,109.166,2029.55,0.0488051,0.00169802,0,-0.114836,0.00133401,0.0586957,421.065,0,40,0,0.142563,0.149545,-0.778023,-0.364826,-1.3704,-6.43322,-17.5618,-32.2169,-0.000632015,False
2015-01-28,109.064,2002.16,0.0636253,0.00207241,0,-0.139032,0.00260249,0.0798877,418.724,0,40,0,0.180048,0.189002,-0.828708,-0.383256,-0.85249,-3.96746,-13.9259,-28.5779,-0.000927706,False
2015-01-29,109.042,2021.25,0.068443,0.00219611,0,0.0729413,0.00170271,0.239259,424.329,0,40,0,0.195518,0.205442,-2.19992,-1.00208,-1.89442,-6.6773,-17.228,-31.3998,-0.000200665,False
2015-01-30,109.043,1994.99,0.0661263,0.00212972,0,-0.210831,0.00159573,0.0899398,421.244,0,40,0,0.197558,0.207585,-0.89374,-0.412877,-0.899263,-4.3613,-14.3945,-29.1601,8.15107e-06,False
2015-02-02,109.156,2020.85,0.0497832,0.00173713,0,0.0839125,0.00276566,0.106924,427.391,0,40,0,0.147981,0.155228,-1.46757,-0.688512,-2.5826,-8.58816,-19.6772,-34.3125,0.00102903,False
2015-02-03,109.101,2050.03,0.0436507,0.00157939,0.0712667,0.244603,0.00656303,0.369914,430.769,0,39,1,0.123346,0.129387,-5.00517,-2.33586,-4.64637,-11.1001,-21.0951,-34.5745,-0.000496043,False
2015-02-04,109.101,2041.51,0.0483915,0.0016832,0,-0.269177,0.00597556,0.142048,427.331,0,40,0,0.139436,0.14637,-2.20446,-1.04055,-3.79098,-10.3708,-21.2631,-35.6647,-5.29921e-06,False
2015-02-05,108.988,2062.52,0.0467352,0.00163701,0.059387,0.15664,0.00760141,0.389551,429.148,0,39,1,0.13491,0.141758,-5.50878,-2.5795,-4.73999,-10.9979,-20.8746,-34.0192,-0.00103348,False
2015-02-06,109.054,2055.47,0.0534878,0.00180226,0,-0.221545,0.0049834,0.148533,425.669,0,40,0,0.152573,0.160541,-2.1369,-1.00486,-3.60421,-10.0144,-20.8893,-35.2124,0.000607175,False
2015-02-09,109.094,2046.74,0.0515231,0.00175463,0,-0.0852413,0.00155219,0.0712385,424.318,0,40,0,0.147197,0.154517,-0.977396,-0.459362,-2.35423,-8.4964,-19.6965,-34.4333,0.000369262,False
2015-02-10,109.166,2068.59,0.042871,0.00154721,0,0.117751,0.00302462,0.155526,427.932,0,40,0,0.128967,0.13538,-2.33996,-1.10156,-4.17052,-11.0008,-21.8359,-36.2787,0.000657804,False
2015-02-11,109.221,2068.53,0.0485021,0.00168016,0,-0.0158016,0.00211968,0.130045,426.372,0,39,1,0.137921,0.144922,-1.92207,-0.904916,-3.71853,-10.4308,-21.3766,-35.8539,0.000498158,False
2015-02-12,109.353,2088.48,0.0430733,0.00156032,0.0111296,0.246442,0.00402888,0.270264,428.378,0,39,1,0.121021,0.127341,-4.35188,-2.05517,-5.08399,-11.6961,-21.8427,-35.4961,0.00121386,False
2015-02-13,109.511,2096.99,0.0399427,0.00149445,0.0488777,0.14441,0.00618792,0.239838,429.197,0,40,0,0.115303,0.121325,-4.17175,-1.97885,-5.20977,-11.894,-22.0956,-35.8692,0.00144686,False
2015-02-17,109.703,2100.34,0.0332136,0.00136399,0.0149752,0.00888712,0.00428583,0.0698004,427.656,0,38,2,0.0954934,0.10017,-1.69859,-0.818721,-5.53345,-12.8185,-23.7224,-38.5649,0.0017488,False
2015-02-18,109.739,2099.68,0.0341177,0.00137629,0,-0.00837812,0.00111219,0.0566264,425.09,0,38,2,0.0967476,0.101559,-1.22518,-0.588107,-4.99844,-12.337,-23.2925,-38.2269,0.000332033,False
2015-02-19,109.746,2097.45,0.0337613,0.00135991,0,-0.0259084,0.0016311,0.0549863,423.497,0,38,2,0.0993616,0.104405,-1.1198,-0.536261,-4.45658,-11.7712,-22.7053,-37.6115,5.92499e-05,False
2015-02-20,109.771,2110.3,0.0358357,0.00143845,0,0.0785132,0.00260678,0.139684,426.369,0,39,1,0.0987789,0.103793,-2.7557,-1.31596,-5.72212,-12.8289,-23.3214,-37.6585,0.000233316,False
2015-02-23,109.872,2109.66,0.0311105,0.0013642,0,-0.00909261,0.00149283,0.0578828,423.972,0,37,3,0.087705,0.0920003,-1.40995,-0.679603,-5.80534,-13.1411,-24.0243,-38.8539,0.000919751,False
2015-02-24,109.924,2115.48,0.0265559,0.0012584,0,0.0267465,0.00143275,0.0573021,422.668,0,37,3,0.0786466,0.0824983,-1.56395,-0.756554,-6.3816,-13.6813,-24.5216,-39.2486,0.000465922,False
2015-02-25,109.933,2113.86,0.0302591,0.00135396,0,-0.0167167,0.00173958,0.0582453,421.067,0,38,2,0.0870909,0.0914221,-1.40276,-0.675995,-5.77174,-13.0823,-23.8706,-38.5902,8.64744e-05,False
2015-02-26,109.926,2110.74,0.0332067,0.00137545,0,-0.0378514,0.00163578,0.0572458,420.347,0,38,2,0.0945053,0.099302,-1.24536,-0.597952,-5.10739,-12.4147,-23.206,-37.943,-6.05497e-05,False
2015-02-27,109.927,2104.5,0.0318749,0.00135952,0,-0.0434822,0.0015959,0.0426586,422.27,0,39,1,0.0914943,0.0961382,-0.917768,-0.44055,-4.39445,-11.783,-22.7215,-37.6686,2.22334e-07,False
2015-03-02,109.994,2117.39,0.026656,0.00129329,0,0.0759557,0.00142151,0.0746517,424.692,0,37,3,0.0778847,0.0816991,-1.90097,-0.917205,-6.22803,-13.469,-24.2663,-38.9174,0.00061772,False
2015-03-03,109.976,2107.78,0.0296093,0.0012974,0,-0.0769272,0.00199645,0.0423923,421.135,0,37,3,0.0849959,0.0891586,-1.00342,-0.483273,-5.02855,-12.4213,-23.3288,-38.2129,-0.000166848,False
2015-03-04,109.968,2098.53,0.0343064,0.00139257,0,-0.0347338,0.001101,0.0479881,419.179,0,38,2,0.0983721,0.103264,-0.956605,-0.457743,-3.9733,-11.2276,-22.0779,-36.8661,-7.74413e-05,False
2015-03-05,109.985,2101.04,0.0362003,0.00141331,0,0.00818543,0.00105467,0.0724566,420.957,0,39,1,0.104024,0.109304,-1.38041,-0.658929,-4.45285,-11.6698,-22.4287,-37.0819,0.000158677,False
2015-03-06,109.811,2071.26,0.0450343,0.00160203,0,-0.23383,0.00216119,0.0534421,419.469,0,39,1,0.128888,0.13543,-0.777381,-0.366574,-1.68777,-7.49754,-18.6181,-33.2084,-0.00157789,False
2015-03-09,109.873,2079.43,0.0387607,0.00149135,0,0.0336369,0.000743839,0.0615953,425.251,0,39,1,0.110224,0.115622,-1.09146,-0.51919,-3.0184,-9.90313,-20.9204,-35.8118,0.000564688,False
2015-03-10,109.811,2044.16,0.0478992,0.0016791,0,-0.114916,0.00125978,0.0544717,420.709,0,39,1,0.13833,0.145105,-0.730893,-0.34312,-1.19165,-5.55894,-16.5278,-31.1024,-0.00057186,False
2015-03-11,109.825,2040.24,0.048865,0.00168816,0,-0.0133033,0.000874284,0.0731772,422.517,0,39,1,0.145843,0.153096,-0.966393,-0.453007,-1.6432,-6.49398,-17.5005,-32.0127,0.000130167,False
2015-03-12,109.853,2065.95,0.0457463,0.00162402,0,0.156115,0.00237394,0.242536,429.32,0,40,0,0.131511,0.138186,-3.27286,-1.52935,-3.77542,-10.3622,-20.817,-34.8024,0.000259541,False
2015-03-13,109.869,2053.4,0.0488193,0.00170362,0,-0.18194,0.00297974,0.0892961,428.207,0,40,0,0.139961,0.147065,-1.32461,-0.624911,-2.98319,-9.41067,-20.5413,-35.2132,0.000140515,False
2015-03-16,109.887,2081.19,0.0405751,0.00151634,0.00384317,0.222372,0.0103604,0.318859,432.867,0,40,0,0.122753,0.128765,-4.89626,-2.30589,-5.12975,-11.6758,-21.7048,-35.2187,0.00016077,False
2015-03-17,109.98,2074.28,0.0451005,0.00160866,0,-0.1503,0.00474638,0.113814,430.137,0,40,0,0.131303,0.137734,-1.87762,-0.889803,-4.09337,-10.9201,-21.9067,-36.4792,0.000850796,False
2015-03-18,109.483,2099.5,0.0379582,0.00144774,0.105118,-0.157854,0.0160763,0.368778,431.099,0,38,2,0.11218,0.117759,-5.79128,-2.72952,-5.37981,-11.8294,-21.5551,-34.7478,-0.00452357,False
2015-03-19,109.561,2089.27,0.0388652,0.00148579,0,-0.247743,0.00424154,0.0757322,427.386,0,40,0,0.114028,0.119816,-1.48845,-0.711586,-4.38592,-11.4626,-22.4831,-37.3021,0.000716468,False
2015-03-20,109.684,2108.1,0.0321159,0.00136675,0.0434486,0.198566,0.0032273,0.135508,426.49,0,37,3,0.0907173,0.0953218,-3.05397,-1.46658,-5.97391,-13.0343,-23.4729,-37.7299,0.00112142,False
2015-03-23,109.73,2104.42,0.0308638,0.00138084,0,-0.0642306,0.00236324,0.0519776,423.696,0,38,2,0.0878743,0.0921779,-1.26399,-0.609267,-5.46017,-12.835,-23.7574,-38.6564,0.000423211,False
2015-03-24,109.726,2091.5,0.0350904,0.00142314,0,-0.0436478,0.00142399,0.045052,421.054,0,39,1,0.0996356,0.104591,-0.878892,-0.420101,-3.67296,-10.8901,-21.8506,-36.7622,-4.08188e-05,False
2015-03-25,109.685,2061.05,0.0467868,0.00164176,0,-0.0727734,0.00174057,0.0561261,418.569,0,40,0,0.13695,0.143901,-0.770086,-0.361919,-1.38847,-6.59388,-17.6998,-32.2103,-0.000368582,False
2015-03-26,109.666,2056.15,0.0540394,0.00181336,0,-0.0384638,0.00161519,0.0872892,423.282,0,40,0,0.155855,0.163994,-1.07615,-0.502426,-1.67416,-6.72513,-17.8196,-32.318,-0.000173368,False
2015-03-27,109.733,2061.02,0.048783,0.00169812,0,0.0188364,0.000787402,0.0857368,426.2,0,40,0,0.14315,0.150625,-1.19716,-0.562906,-2.38405,-8.38616,-19.5618,-34.1839,0.000608084,False
2015-03-30,109.868,2086.24,0.0396665,0.00148839,0,0.198519,0.00446954,0.182858,430.734,0,39,1,0.115159,0.120886,-3.14113,-1.4896,-4.99786,-11.9326,-22.4408,-36.667,0.00123123,False
2015-03-31,109.845,2067.89,0.0457264,0.00163556,0,-0.181009,0.00284858,0.0658608,427.244,0,40,0,0.13005,0.136517,-1.01358,-0.479204,-3.00002,-9.66199,-20.8817,-35.6894,-0.000207242,False
2015-04-01,109.84,2059.69,0.0467581,0.00164717,0,-0.0511942,0.0012129,0.0640822,426.67,0,40,0,0.132968,0.139717,-0.921913,-0.434351,-2.2407,-8.467,-19.7267,-34.4883,-5.02295e-05,False
2015-04-02,109.865,2066.96,0.0487239,0.00168118,0,0.0288959,0.00177868,0.112916,428.141,0,40,0,0.138703,0.145946,-1.5688,-0.736412,-2.96459,-9.44352,-20.5187,-35.0755,0.000230571,False
2015-04-06,110.035,2080.62,0.0401426,0.00150986,0,0.12784,0.00158089,0.107531,430.662,0,40,0,0.114965,0.120595,-1.95569,-0.930962,-4.55458,-11.6842,-22.5429,-37.2429,0.00154987,False
2015-04-07,110.098,2076.33,0.0391941,0.00147215,0,-0.0189212,0.00202887,0.0621166,428.183,0,38,2,0.11234,0.117842,-1.15263,-0.549845,-4.14748,-11.3169,-22.3844,-37.3177,0.00056515,False
2015-04-08,110.121,2081.9,0.0392498,0.0015009,0,0.0088124,0.00136165,0.0843848,428.773,0,40,0,0.112812,0.118422,-1.5259,-0.726455,-4.57711,-11.7569,-22.7093,-37.5118,0.000208283,False
2015-04-09,110.188,2091.18,0.0354737,0.00142812,0,0.0468537,0.00187576,0.0960084,428.893,0,38,2,0.101304,0.106446,-1.95271,-0.934518,-5.36928,-12.6149,-23.3908,-38.0816,0.000612056,False
2015-04-10,110.287,2102.06,0.0318891,0.00134057,0,0.107288,0.0019057,0.132399,427.252,0,37,3,0.0908144,0.0954238,-3.05871,-1.47077,-6.19693,-13.2239,-23.6329,-37.8322,0.000903367,False
2015-04-13,110.251,2092.43,0.0331177,0.00141694,0,-0.14796,0.0053103,0.0475471,424.842,0,39,1,0.0950701,0.0997262,-1.03441,-0.496774,-4.91173,-12.2594,-23.2239,-38.163,-0.000332927,False
2015-04-14,110.283,2095.84,0.0318918,0.00134962,0,0.0115008,0.00155465,0.055802,425.887,0,39,1,0.0908373,0.095286,-1.24115,-0.596437,-5.20088,-12.5827,-23.4982,-38.4004,0.000292365,False
2015-04-15,110.317,2106.63,0.0299229,0.00131913,0,0.0596076,0.00226698,0.107719,425.393,0,37,3,0.0853761,0.089622,-2.49781,-1.20127,-6.23353,-13.3597,-23.907,-38.2793,0.000308545,False
2015-04-16,110.321,2104.99,0.0325087,0.00132785,0,-0.0480812,0.00271027,0.0839639,423.835,0,37,3,0.0946024,0.0994041,-1.88731,-0.907072,-5.75889,-12.9737,-23.6341,-38.1799,3.75706e-05,False
2015-04-17,110.217,2081.18,0.0414387,0.00154309,0,-0.175111,0.00282076,0.0502237,419.876,0,39,1,0.114708,0.12053,-0.832276,-0.394983,-2.7395,-9.51552,-20.4929,-35.1839,-0.000945385,False
2015-04-20,110.282,2100.4,0.0306122,0.00134072,0,0.0892836,0.00258338,0.100834,424.431,0,39,1,0.0912606,0.09573,-2.06948,-0.9903,-5.12974,-12.3284,-22.9399,-37.4434,0.000593026,False
2015-04-21,110.289,2097.29,0.0327267,0.00139691,0,-0.0568037,0.0029274,0.0658862,426.63,0,39,1,0.0953241,0.0999926,-1.43258,-0.687756,-4.86186,-12.2009,-23.0637,-37.8983,5.936e-05,False
2015-04-22,110.315,2107.96,0.0329514,0.00139107,0,0.0664584,0.00288448,0.135008,429.574,0,38,2,0.0946719,0.09938,-2.92496,-1.40288,-5.94337,-13.0466,-23.5416,-37.8647,0.00023586,False
2015-04-23,110.287,2112.93,0.0343744,0.00138402,0,-0.0361257,0.00668438,0.153441,429.65,0,39,1,0.100624,0.105732,-3.19303,-1.52877,-5.96714,-12.9805,-23.3921,-37.5866,-0.000256113,False
2015-04-24,110.418,2117.69,0.0327137,0.00138001,0,0.0568881,0.00225264,0.108333,429.542,0,39,1,0.0939225,0.0986897,-2.54138,-1.2231,-6.0609,-13.2123,-23.8186,-38.2878,0.00118852,False
2015-04-27,110.443,2108.92,0.0336534,0.00137893,0,-0.0643833,0.0027375,0.0481875,427.566,0,38,2,0.0994723,0.104344,-1.00562,-0.482238,-4.64445,-11.988,-23.0189,-38.0224,0.000229122,False
2015-04-28,110.481,2114.76,0.0312284,0.00133165,0,0.0195452,0.00175485,0.0576137,428.475,0,39,1,0.0915145,0.0959964,-1.28178,-0.616004,-5.20545,-12.6132,-23.562,-38.5117,0.000346432,False
2015-04-29,110.466,2106.85,0.0355514,0.00142387,0,-0.0498623,0.00155258,0.0557101,427.23,0,39,1,0.10496,0.11018,-1.06754,-0.510143,-4.05031,-11.3255,-22.3229,-37.255,-0.000139243,False
2015-04-30,110.433,2085.51,0.0476191,0.00165321,0,-0.0690753,0.00137925,0.0638674,425.26,0,39,1,0.137241,0.144207,-0.89311,-0.420263,-2.01298,-8.12846,-19.3244,-33.9528,-0.000295531,False
2015-05-01,110.528,2108.29,0.0358879,0.00144121,0,0.105513,0.00143942,0.107978,430.212,0,39,1,0.102373,0.107569,-2.0075,-0.956519,-4.67166,-11.9044,-22.6393,-37.298,0.000854906,False
2015-05-04,110.645,2114.49,0.0317872,0.00135085,0,0.063927,0.00113149,0.0836219,428.52,0,37,3,0.0903293,0.0947532,-1.91498,-0.92093,-5.62373,-12.8916,-23.6482,-38.32,0.00106388,False
2015-05-05,110.566,2089.46,0.0434642,0.0015699,0,-0.14707,0.00246232,0.0553126,424.429,0,39,1,0.122414,0.12841,-0.872254,-0.413089,-2.63924,-9.31588,-20.399,-35.1355,-0.000716966,False
2015-05-06,110.524,2080.15,0.0519542,0.00177205,0,-0.0652829,0.00207791,0.0801916,424.468,0,40,0,0.146475,0.15376,-1.05261,-0.493338,-2.07075,-8.02621,-19.1433,-33.6253,-0.000380387,False
2015-05-07,110.539,2088,0.0537473,0.00180273,0,0.0312736,0.00215837,0.146234,428.285,0,40,0,0.159095,0.16717,-1.7805,-0.829418,-2.7585,-8.91326,-19.8632,-34.167,0.000135873,False
2015-05-08,110.811,2116.1,0.0352071,0.00142593,0.0217854,0.294676,0.00483454,0.175343,434.723,0,39,1,0.0971277,0.102058,-3.53832,-1.69174,-5.7155,-12.6758,-23.0734,-37.2395,0.00246726,False
2015-05-11,110.841,2105.33,0.0325282,0.00133636,0,-0.128478,0.00378581,0.0443142,428.701,0,37,3,0.0951548,0.099815,-0.968446,-0.465256,-4.6131,-11.8966,-22.9387,-37.956,0.000270342,False
2015-05-12,110.823,2099.12,0.0368657,0.00146156,0,-0.0456882,0.00119918,0.0510488,427.182,0,39,1,0.102774,0.107807,-0.962357,-0.459453,-3.6934,-10.823,-21.8234,-36.7543,-0.00016436,False
2015-05-13,110.841,2098.48,0.0384417,0.00148407,0,-0.00369079,0.000913988,0.0656346,427.759,0,40,0,0.108119,0.113496,-1.1917,-0.567926,-3.72327,-10.837,-21.7685,-36.5981,0.000160318,False
2015-05-14,110.829,2121.1,0.035326,0.00141818,0.00348485,0.180975,0.00537807,0.283645,431.489,0,38,2,0.0974191,0.102364,-4.89218,-2.31996,-5.84609,-12.5112,-22.3799,-35.8548,-0.000108181,False
2015-05-15,110.977,2122.73,0.0326901,0.00133918,0.00865201,0.0249892,0.00391172,0.179303,431.439,0,38,2,0.0966683,0.101717,-3.63973,-1.74078,-5.9213,-12.7997,-23.0686,-37.054,0.00133646,False
2015-05-18,111.138,2129.2,0.0298492,0.00131044,0.00443693,0.0817116,0.00304568,0.121652,428.977,0,37,3,0.0842029,0.0883904,-3.15009,-1.5212,-6.28418,-13.2952,-23.6602,-37.783,0.00144551,False
2015-05-19,111.17,2127.83,0.0311475,0.00133114,0,-0.0560345,0.00276256,0.0602692,427.853,0,38,2,0.0863689,0.0906642,-1.54326,-0.745545,-5.83764,-13.157,-23.9637,-38.7007,0.000291553,False
2015-05-20,111.192,2125.85,0.0304449,0.00132299,0,-0.0151831,0.00278968,0.0491631,427.151,0,38,2,0.0879006,0.0923621,-1.12461,-0.541306,-5.27975,-12.6675,-23.5619,-38.4373,0.00020019,False
2015-05-21,111.219,2130.82,0.0324183,0.00135984,0,0.0233135,0.0016549,0.0753335,428.029,0,38,2,0.089892,0.0945863,-1.67208,-0.803487,-5.73344,-13.0299,-23.7692,-38.4417,0.000238747,False
2015-05-22,111.242,2126.06,0.032234,0.00134369,0,-0.032965,0.0010404,0.0487103,427.227,0,38,2,0.0883038,0.0929152,-1.09171,-0.525013,-5.07963,-12.4672,-23.3573,-38.2379,0.000211368,False
2015-05-26,111.146,2104.2,0.0363037,0.00144138,0,-0.136453,0.00178655,0.0417061,426.816,0,39,1,0.102774,0.107807,-0.756077,-0.36041,-2.58595,-9.48795,-20.5327,-35.4696,-0.000866332,False
2015-05-27,111.157,2123.48,0.0332094,0.00139513,0,0.0898754,0.00315001,0.149202,431.72,0,39,1,0.0922351,0.0968221,-2.72025,-1.29444,-5.05002,-12.1881,-22.6872,-37.0529,9.93637e-05,False
2015-05-28,111.172,2120.79,0.0378764,0.00145175,0,-0.0519316,0.0022805,0.116308,432.167,0,39,1,0.105286,0.11063,-2.1495,-1.02431,-4.83436,-12.0146,-22.7076,-37.275,0.000135901,False
2015-05-29,111.132,2107.39,0.0387128,0.00147446,0,-0.134131,0.00207915,0.0569602,431.061,0,40,0,0.116068,0.121959,-0.99798,-0.475264,-3.46055,-10.4995,-21.6058,-36.5152,-0.000356423,False
2015-06-01,111.191,2111.73,0.035984,0.00140436,0,0.0228962,0.00089462,0.0549257,432.238,0,39,1,0.103705,0.108784,-1.06104,-0.507242,-4.11738,-11.4159,-22.4702,-37.4936,0.000527441,False
2015-06-02,111.19,2109.6,0.0367834,0.0014331,0,-0.0318838,0.00177346,0.0575063,430.397,0,38,2,0.105398,0.11056,-1.08394,-0.51763,-3.85879,-11.0923,-22.0883,-37.0256,-7.98264e-06,False
2015-06-03,111.225,2114.07,0.0373889,0.001423,0,0.0181978,0.00187231,0.0750601,430.761,0,38,2,0.104419,0.109612,-1.44359,-0.689755,-4.62306,-11.8899,-22.7706,-37.5786,0.000312417,False
2015-06-04,111.155,2095.84,0.0489604,0.00168597,0,-0.115425,0.00196683,0.0751642,428.772,0,40,0,0.139573,0.146657,-1.05659,-0.497516,-2.57238,-9.02951,-20.1697,-34.7715,-0.000631345,False
2015-06-05,111.186,2092.83,0.0421136,0.00153773,0,-0.0271678,0.00120609,0.0555588,429.904,0,39,1,0.121215,0.127368,-0.878557,-0.416233,-2.51039,-9.13308,-20.2827,-35.1226,0.000286154,False
2015-06-08,111.166,2079.28,0.0432614,0.00156865,0,-0.0645148,0.00118178,0.0518378,428.646,0,39,1,0.12216,0.128143,-0.794782,-0.375821,-1.86838,-7.80738,-18.9735,-33.7779,-0.000182423,False
2015-06-09,111.192,2080.15,0.0408547,0.00152707,0,-0.00374082,0.00129531,0.0605939,431.044,0,40,0,0.115727,0.121394,-1.00834,-0.47855,-2.63936,-9.09764,-20.1918,-35.0868,0.000229705,False
2015-06-10,111.188,2105.2,0.03722,0.00144292,0.000855436,0.186705,0.00379162,0.28211,435.098,0,38,2,0.102794,0.107906,-4.45418,-2.1021,-5.16949,-11.93,-21.9613,-35.6729,-3.31051e-05,False
2015-06-11,111.321,2108.86,0.0377547,0.00145081,0.0165072,0.0710252,0.00250659,0.237595,433.324,0,38,2,0.104412,0.109712,-4.14944,-1.97007,-5.49444,-12.2422,-22.3588,-36.1106,0.00119464,False
2015-06-12,111.286,2094.11,0.0434221,0.00157358,0,-0.235989,0.0040975,0.0737246,430.904,0,40,0,0.122381,0.128593,-1.27925,-0.608817,-3.8485,-10.7623,-21.8076,-36.5207,-0.000308723,False
2015-06-15,111.268,2084.43,0.0440759,0.00158651,0,-0.0750104,0.00140233,0.0577919,430.811,0,40,0,0.125885,0.132051,-0.890361,-0.421271,-2.57725,-9.14598,-20.3434,-35.1683,-0.00016166,False
2015-06-16,111.29,2096.29,0.0421785,0.00154252,0,0.0372637,0.0015324,0.11303,434.103,0,40,0,0.124192,0.130275,-1.75799,-0.830575,-3.7183,-10.6738,-21.6047,-36.2527,0.000189892,False
2015-06-17,111.322,2100.44,0.0407067,0.00150364,0,-0.0117513,0.00215912,0.105824,434.253,0,39,1,0.122288,0.12837,-1.77796,-0.843772,-4.19659,-11.2326,-22.154,-36.8085,0.000292022,False
2015-06-18,111.344,2121.24,0.0404204,0.0014952,0.0119503,0.212229,0.00477287,0.318159,436.542,0,39,1,0.111114,0.116754,-5.32354,-2.52128,-5.5247,-12.0759,-21.8874,-35.2264,0.00019848,False
2015-06-19,111.45,2109.99,0.042566,0.00154908,0,-0.172015,0.00391796,0.0774883,433.435,0,39,1,0.117525,0.12349,-1.42138,-0.678008,-4.3323,-11.391,-22.3984,-37.1726,0.000949801,False
2015-06-22,111.566,2122.85,0.0346484,0.00142044,0,0.0816972,0.00148108,0.0750777,434.943,0,39,1,0.0948162,0.0994598,-1.67117,-0.803216,-5.55974,-12.8891,-23.7843,-38.6453,0.00103952,False
2015-06-23,111.612,2124.2,0.0336584,0.00134893,0,0.00769264,0.00195983,0.0670361,431.617,0,37,3,0.0945816,0.0992853,-1.45937,-0.70096,-5.33692,-12.67,-23.5282,-38.3518,0.000413065,False
2015-06-24,111.575,2108.58,0.0434414,0.00157889,0,-0.0806763,0.00157369,0.0630827,428.832,0,39,1,0.120633,0.126756,-1.01624,-0.481854,-3.19434,-10.099,-21.1237,-35.8543,-0.000326436,False
2015-06-25,111.57,2102.31,0.0513079,0.00174497,0,-0.02578,0.0015957,0.0910959,429.324,0,40,0,0.145055,0.152631,-1.21632,-0.571033,-2.64202,-9.02729,-20.098,-34.5661,-5.22161e-05,False
2015-06-26,111.603,2101.49,0.0543977,0.00182239,0,-0.0103813,0.00118648,0.0989822,431.674,0,40,0,0.151196,0.159092,-1.28556,-0.602724,-2.57374,-8.80939,-19.8991,-34.4013,0.000296866,False
2015-06-29,111.442,2057.64,0.0619528,0.00201187,0,-0.24606,0.00201229,0.0714618,427.601,0,40,0,0.183207,0.192318,-0.714366,-0.330552,-0.644664,-3.5229,-13.4623,-28.1953,-0.00143913,False
2015-06-30,111.495,2063.11,0.0573621,0.00190815,0,0.0136793,0.000869736,0.0870374,431.224,0,40,0,0.167052,0.17536,-0.98106,-0.456211,-1.28807,-5.25561,-15.8623,-30.4951,0.000472782,False
2015-07-01,111.555,2077.42,0.055075,0.00183967,0,0.065152,0.00119631,0.144151,435.283,0,40,0,0.160455,0.168599,-1.72145,-0.801384,-2.32606,-7.71775,-18.6703,-33.0773,0.00053884,False
2015-07-02,111.59,2076.78,0.0637418,0.00206359,0,-0.0019996,0.00169297,0.167241,435.856,0,40,0,0.183596,0.193183,-1.81759,-0.842283,-2.37013,-7.75275,-18.5517,-32.9568,0.000312805,False
2015-07-06,111.652,2068.76,0.0504834,0.00173331,0,-0.0914239,0.00166032,0.0608589,434.722,0,40,0,0.144595,0.151676,-0.801789,-0.376505,-1.76556,-7.42903,-18.5932,-33.4275,0.000556039,False
2015-07-07,111.645,2081.34,0.0473584,0.00165177,0,-0.00390295,0.00188577,0.107808,436.648,0,40,0,0.137991,0.144749,-1.48913,-0.699318,-2.86652,-9.24428,-20.3416,-35.0027,-6.29772e-05,False
2015-07-08,111.582,2046.68,0.0622881,0.00202515,0,-0.148975,0.00148442,0.0800348,430.715,0,40,0,0.179506,0.188434,-0.836516,-0.387911,-0.965794,-4.68593,-15.1031,-29.8057,-0.00055912,False
2015-07-09,111.609,2051.31,0.0696032,0.0022246,0,0.0179469,0.00128472,0.137532,433.057,0,40,0,0.194255,0.204115,-1.33458,-0.61458,-1.47166,-5.88234,-16.4183,-30.9934,0.000237884,False
2015-07-10,111.739,2076.62,0.0523173,0.00177435,0,0.111467,0.00266205,0.167044,438.168,0,40,0,0.149285,0.156862,-2.19146,-1.02543,-3.26062,-9.63106,-20.5404,-34.9071,0.00116331,False
2015-07-13,112.019,2099.6,0.0363408,0.00145188,0.0405122,0.317826,0.00476132,0.194169,440.81,0,39,1,0.102351,0.107363,-3.78402,-1.80713,-5.41834,-12.299,-22.6585,-36.7504,0.00250868,False
2015-07-14,112.18,2108.95,0.0311613,0.00136718,0.0612071,0.177591,0.00527499,0.174641,437.238,0,37,3,0.0897367,0.0941316,-3.97945,-1.91315,-6.03358,-12.9104,-23.1153,-37.0287,0.00143218,False
2015-07-15,112.226,2107.4,0.0362476,0.00144901,0.00610598,-0.0626833,0.00454308,0.0893118,434.925,0,39,1,0.101441,0.106485,-1.93235,-0.928073,-5.52041,-12.7154,-23.4678,-38.1026,0.000417149,False
2015-07-16,112.347,2124.29,0.0305858,0.00137885,0.0452541,0.242145,0.00753497,0.187117,435.512,0,38,2,0.0855695,0.0899127,-4.37981,-2.10789,-6.51021,-13.2815,-23.3207,-36.9937,0.00107602,False
2015-07-17,112.469,2126.64,0.0273726,0.00127371,0,-0.000925706,0.0048376,0.0858572,430.818,0,36,4,0.0764395,0.0803193,-2.44682,-1.18577,-6.74575,-13.8221,-24.3642,-38.6722,0.00108231,False
2015-07-20,112.504,2128.28,0.028773,0.00134441,0,-0.00844289,0.00282975,0.0663693,429.574,0,37,3,0.0792392,0.0831199,-1.8239,-0.883078,-6.57238,-13.77,-24.4564,-38.9701,0.000316923,False
2015-07-21,112.499,2119.21,0.0281885,0.00128703,0,-0.0603584,0.00224893,0.0357416,423.722,0,36,4,0.0790699,0.0829423,-0.874278,-0.421799,-5.18287,-12.4851,-23.2721,-37.9674,-4.51371e-05,False
2015-07-22,112.496,2114.15,0.029932,0.00137182,0,-0.0234987,0.00110416,0.0427597,423.121,0,38,2,0.0857371,0.090001,-0.959961,-0.461886,-4.566,-11.8479,-22.5469,-37.1744,-2.7208e-05,False
2015-07-23,112.477,2102.15,0.0362676,0.00145102,0,-0.0441472,0.00161885,0.050664,424.739,0,39,1,0.104315,0.10961,-0.92939,-0.443617,-3.34409,-10.3998,-21.1698,-35.7918,-0.000167593,False
2015-07-24,112.45,2079.65,0.0414468,0.00156016,0,-0.0688011,0.00122783,0.0475554,426.097,0,40,0,0.114708,0.12053,-0.751644,-0.356155,-1.84593,-7.85005,-18.8263,-33.4368,-0.000240349,False
2015-07-27,112.419,2067.64,0.0462896,0.00163267,0,-0.0615275,0.0014078,0.0607156,430.931,0,39,1,0.130288,0.136668,-0.87119,-0.410719,-1.78828,-7.28605,-18.4122,-33.0152,-0.000279577,False
2015-07-28,112.503,2093.25,0.0358502,0.00143545,0,0.157101,0.00403088,0.164163,437.375,0,38,2,0.0997263,0.10461,-2.86949,-1.36343,-4.57897,-11.6007,-22.0501,-36.344,0.000747539,False
2015-07-29,112.632,2108.57,0.0333812,0.00141687,0.0805768,0.385746,0.00579042,0.36664,440.167,0,39,1,0.0921449,0.0967274,-6.08504,-2.88149,-5.81031,-12.2385,-21.8007,-34.8429,0.00114545,False
2015-07-30,112.753,2108.63,0.0332888,0.0014132,0.0306107,-0.0483651,0.00429499,0.193533,439.346,0,39,1,0.0919799,0.0966485,-3.99116,-1.91121,-5.95794,-12.8328,-23.0153,-36.9063,0.00108062,False
2015-07-31,112.778,2103.84,0.033294,0.00141891,0,-0.135436,0.0040304,0.061392,438.302,0,39,1,0.0918828,0.0965465,-1.44348,-0.695669,-5.33749,-12.7097,-23.6348,-38.5472,0.000217728,False
2015-08-03,112.768,2098.04,0.0324435,0.00140136,0,-0.0571381,0.00199548,0.0429875,434.008,0,37,3,0.0915145,0.0959964,-0.901898,-0.432907,-4.32196,-11.7176,-22.685,-37.6714,-8.58944e-05,False
2015-08-04,112.772,2093.32,0.0329868,0.00141624,0,-0.0253523,0.00115797,0.044403,430.844,0,37,3,0.0912606,0.09573,-0.919511,-0.441121,-3.94928,-11.2638,-22.1352,-37.0013,3.23216e-05,False
2015-08-05,112.75,2099.84,0.0323628,0.00136072,0,-0.015819,0.0024123,0.0793628,431.719,0,38,2,0.0924156,0.0970116,-1.64843,-0.790397,-5.11138,-12.3716,-23.0499,-37.6484,-0.000196759,False
2015-08-06,112.732,2083.56,0.0432139,0.00156632,0,-0.07176,0.00211944,0.065134,430.219,0,39,1,0.119758,0.125837,-1.05511,-0.500725,-3.23994,-10.1392,-21.0621,-35.6755,-0.000159672,False
2015-08-07,112.754,2077.57,0.0425058,0.00157542,0,-0.026502,0.00100312,0.0564126,432.936,0,39,1,0.114416,0.120224,-0.926038,-0.439676,-2.92098,-9.79092,-20.805,-35.5927,0.000196454,False
2015-08-10,112.873,2104.18,0.030177,0.00139179,0,0.23582,0.00252144,0.198987,440.062,0,38,2,0.0871124,0.0913787,-3.65817,-1.74223,-5.99922,-12.9335,-23.246,-37.2915,0.00105992,False
2015-08-11,112.813,2084.07,0.0402036,0.0015268,0,-0.235585,0.00307594,0.0592719,436.33,0,39,1,0.109462,0.114823,-1.06944,-0.51006,-3.70237,-10.8387,-21.8582,-36.7548,-0.000533955,False
2015-08-12,112.779,2086.05,0.0415609,0.00154938,0,-0.0428985,0.00194756,0.0885281,437.043,0,39,1,0.120754,0.126759,-1.44827,-0.687054,-3.97855,-11.0016,-21.9656,-36.6604,-0.000302187,False
2015-08-13,112.786,2083.39,0.0456795,0.00163773,0,-0.0447492,0.00303187,0.0773982,437.403,0,39,1,0.123255,0.129511,-1.22925,-0.582583,-3.54409,-10.4927,-21.5601,-36.3236,6.55319e-05,False
2015-08-14,112.876,2091.54,0.0379131,0.00148754,0,0.048691,0.00139769,0.0720486,439.05,0,39,1,0.104801,0.11012,-1.36893,-0.654204,-4.54905,-11.8397,-22.7881,-37.6866,0.000789709,False
2015-08-17,112.945,2102.44,0.0298406,0.00135058,0,0.0391858,0.00350739,0.0664165,438.038,0,37,3,0.0834721,0.0875601,-1.63921,-0.791074,-6.10549,-13.4457,-24.3303,-39.1525,0.000618385,False
2015-08-18,112.953,2096.92,0.0315517,0.00136043,0,-0.0375323,0.00148527,0.0498179,435.586,0,38,2,0.0898214,0.0942204,-1.11432,-0.536188,-5.19593,-12.5849,-23.5282,-38.4637,6.88136e-05,False
2015-08-19,112.915,2079.61,0.0390605,0.00149778,0,-0.0743664,0.00160126,0.0496889,432.55,0,39,1,0.109383,0.114822,-0.851379,-0.405155,-3.02013,-9.99305,-20.9958,-35.8238,-0.000338866,False
2015-08-20,112.837,2035.73,0.0591804,0.00194845,0,-0.112613,0.00148899,0.0704695,428.026,0,40,0,0.169779,0.178397,-0.750687,-0.34853,-0.808643,-4.14459,-14.4814,-28.9546,-0.00068769,False
2015-08-21,112.557,1970.89,0.0961532,0.00298425,0,-0.32477,0.00242133,0.117021,424.142,0,40,0,0.2739,0.287802,-0.77545,-0.351043,-0.261967,-1.2916,-6.01596,-19.4429,-0.00248653,False
2015-08-24,112.508,1893.21,0.123703,0.00379136,0,-0.143005,0.00112786,0.141332,417.486,0,40,0,0.355645,0.373063,-0.752839,-0.334317,-0.103428,-0.575553,-2.57703,-9.8137,-0.000431181,False
2015-08-25,112.605,1867.61,0.111068,0.00342527,0,-0.0198354,0.00120359,0.131189,422.219,0,40,0,0.324153,0.340028,-0.75419,-0.337718,-0.15624,-0.839682,-3.57614,-11.4486,0.000859906,False
2015-08-26,112.481,1940.51,0.0988311,0.00306873,0,0.432979,0.0039436,0.780023,442.739,0,40,0,0.28212,0.296151,-3.69186,-1.5559,-1.16231,-3.74711,-10.7377,-24.0422,-0.00110151,False
2015-08-27,112.407,1987.66,0.0901824,0.00281201,0.442177,1.37392,0.00755744,1.86538,451.92,0,40,0,0.257097,0.270146,-7.57946,-3.05231,-2.15217,-5.99283,-14.1703,-26.1721,-0.000656065,False
2015-08-28,112.87,1988.87,0.092625,0.0028826,0.269669,-0.02842,0.00426315,1.19003,448.662,0,40,0,0.262582,0.276295,-5.67338,-2.35357,-1.94183,-5.73886,-14.0732,-26.9752,0.0041166,False
2015-08-31,113.308,1972.18,0.0767503,0.002441,0.0948824,-0.54135,0.0040882,0.186246,441.688,0,40,0,0.217321,0.228129,-1.7001,-0.776823,-1.11632,-4.32177,-13.2586,-27.8209,0.00387859,False
2015-09-01,112.98,1913.85,0.0919552,0.00287964,0,-0.497234,0.00346074,0.102313,429.861,0,40,0,0.25658,0.26934,-0.702742,-0.318064,-0.28821,-1.24534,-5.51609,-18.1504,-0.00289201,False
2015-09-02,113.09,1948.86,0.0772979,0.00246472,0,0.160273,0.00153348,0.226176,439.316,0,40,0,0.216498,0.227486,-1.8084,-0.818314,-1.14293,-3.87541,-11.8306,-26.1062,0.000971057,False
2015-09-03,113.152,1951.13,0.0824363,0.00259642,0,-0.00657608,0.00180734,0.234959,441.514,0,40,0,0.234524,0.246771,-1.86737,-0.847981,-1.34846,-4.74064,-13.6957,-28.1691,0.000554195,False
2015-09-04,113.122,1921.22,0.0895047,0.00280777,0,-0.232618,0.00138159,0.118031,437.338,0,40,0,0.2467,0.259583,-0.889398,-0.406244,-0.493505,-2.73086,-10.6603,-25.3231,-0.000268444,False
2015-09-08,113.248,1969.41,0.0672596,0.00217993,0,0.273674,0.00271741,0.328278,446.987,0,40,0,0.193781,0.203271,-2.81801,-1.2761,-2.41731,-7.66711,-18.1073,-32.2634,0.00111198,False
2015-09-09,113.023,1942.04,0.0821979,0.00259317,0,-0.485041,0.00451784,0.143136,440.184,0,40,0,0.236725,0.248497,-1.17932,-0.540157,-0.910754,-4.14719,-13.5831,-28.4046,-0.00198513,False
2015-09-10,113.14,1952.29,0.0825519,0.00260605,0,0.0659919,0.000891704,0.170866,442.287,0,40,0,0.231067,0.242795,-1.44753,-0.663419,-1.34165,-5.27375,-15.1578,-29.9607,0.00103798,False
2015-09-11,113.289,1961.05,0.0739974,0.00237095,0,0.0537105,0.00090525,0.146451,443.308,0,40,0,0.211156,0.221873,-1.37113,-0.632373,-1.56153,-6.0261,-16.3941,-31.1663,0.00131559,False
2015-09-14,113.327,1953.03,0.0702172,0.00226771,0,-0.0780857,0.0014948,0.0970564,441.239,0,40,0,0.199707,0.209487,-0.926551,-0.427951,-1.01475,-4.90472,-15.1728,-30.0434,0.000333341,False
2015-09-15,113.401,1978.09,0.0657201,0.0021422,0,0.141537,0.0019777,0.225911,445.862,0,40,0,0.188701,0.197943,-2.1915,-1.0059,-2.43427,-7.90877,-18.6131,-32.9777,0.000655474,False
2015-09-16,113.579,1995.31,0.0682457,0.00220908,0.00724228,0.284126,0.00422475,0.387038,447.55,0,40,0,0.191961,0.201507,-3.56794,-1.62612,-3.1188,-8.76999,-19.0596,-32.8835,0.00156585,False
2015-09-17,113.627,1990.2,0.0675532,0.0021953,0,-0.240635,0.00790368,0.155736,444.984,0,40,0,0.185902,0.195338,-1.75882,-0.818435,-2.45151,-7.90246,-18.591,-33.1542,0.000423677,False
2015-09-18,113.458,1958.03,0.067358,0.00218816,0,-0.307967,0.00206,0.0793559,438.338,0,40,0,0.192993,0.202788,-0.745388,-0.344027,-0.665079,-3.7005,-13.3392,-28.201,-0.00148272,False
2015-09-21,113.536,1966.97,0.0563795,0.00192449,0,0.0230901,0.00116697,0.0775967,440.821,0,40,0,0.155685,0.163309,-0.922177,-0.430484,-1.37726,-5.46971,-16.0831,-30.7723,0.000688688,False
2015-09-22,113.458,1942.74,0.0651139,0.00213703,0,-0.133614,0.00137231,0.0841719,437.638,0,40,0,0.185823,0.194923,-0.82715,-0.382462,-0.873616,-3.95503,-13.3447,-28.0516,-0.000692151,False
2015-09-23,113.481,1938.76,0.0669718,0.00218748,0,-0.0262592,0.00119579,0.0979486,439.219,0,40,0,0.186365,0.195634,-0.972335,-0.449808,-1.08961,-4.75067,-14.7595,-29.4571,0.00020759,False
2015-09-24,113.478,1932.24,0.0787408,0.00250392,0,-0.0340978,0.000906437,0.142827,439.765,0,40,0,0.219217,0.230344,-1.22342,-0.56108,-1.07654,-4.63087,-14.5433,-29.2849,-3.2125e-05,False
2015-09-25,113.542,1931.34,0.0726537,0.00232789,0,-0.0304611,0.0021092,0.116762,441.039,0,40,0,0.206299,0.21677,-1.08664,-0.501318,-1.13025,-5.04274,-15.2946,-30.066,0.000562404,False
2015-09-28,113.398,1881.77,0.0849788,0.0026914,0,-0.244965,0.0016847,0.0957974,433.539,0,40,0,0.23721,0.248827,-0.719236,-0.327537,-0.356313,-1.63623,-8.10444,-22.5212,-0.00126296,False
2015-09-29,113.451,1884.09,0.0771195,0.00246831,0,-0.00266868,0.00159309,0.112946,437.203,0,40,0,0.221294,0.232132,-0.940386,-0.430919,-0.731816,-2.89208,-10.5923,-25.2635,0.0004695,False
2015-09-30,113.409,1920.03,0.0760676,0.00243346,0,0.225938,0.00461112,0.450437,445.865,0,40,0,0.214884,0.225571,-3.41592,-1.52928,-1.96945,-6.20235,-16.0168,-29.841,-0.000374873,False
2015-10-01,113.744,1923.82,0.0731334,0.00235239,0,0.101454,0.00143723,0.28561,446.594,0,40,0,0.206494,0.216974,-2.63253,-1.20374,-2.31734,-7.17898,-17.393,-31.6095,0.00295942,False
2015-10-02,113.913,1951.36,0.0640537,0.00210208,0.0895582,0.483704,0.00872746,0.564179,450.677,0,40,0,0.180755,0.189929,-5.34367,-2.43464,-3.43513,-8.91505,-18.7331,-31.8409,0.00148404,False
2015-10-05,114.068,1987.05,0.0518402,0.00181298,1.18006,2.02927,0.0184882,1.29039,453.121,0,39,1,0.14688,0.154074,-10.0907,-4.4859,-3.97238,-9.14246,-17.4967,-28.6194,0.00135658,False
2015-10-06,114.466,1979.92,0.0528072,0.00184076,0.319401,-0.394211,0.00799368,0.221954,448.408,0,40,0,0.144764,0.151854,-3.15707,-1.48523,-3.86304,-10.0879,-20.6761,-34.6664,0.00348741,False
2015-10-07,114.49,1995.83,0.0523812,0.00180754,0.157216,0.253564,0.00696139,0.337137,449.277,0,39,1,0.147829,0.155181,-4.2968,-2.00592,-4.1564,-10.358,-20.6259,-34.1396,0.000216456,False
2015-10-08,114.663,2013.43,0.0523493,0.00182116,0.31662,0.567932,0.0137543,0.45272,450.305,0,40,0,0.142875,0.150127,-5.46487,-2.53966,-4.495,-10.6366,-20.4891,-33.5551,0.0015067,False
2015-10-09,114.899,2014.89,0.0455287,0.0016693,0.0266436,-0.0608554,0.00376931,0.16966,449.933,0,40,0,0.129083,0.135635,-2.68415,-1.27106,-4.35415,-11.0466,-21.7781,-36.0394,0.00205517,False
2015-10-12,115.053,2017.46,0.0406705,0.00158457,0,0.0202641,0.00323415,0.0708705,448.743,0,39,1,0.110478,0.115888,-1.38172,-0.661651,-4.35807,-11.4518,-22.4913,-37.3857,0.00134819,False
2015-10-13,115.03,2003.69,0.0438962,0.00164361,0,-0.0781441,0.00182504,0.0561779,444.817,0,39,1,0.121314,0.127255,-0.853762,-0.404312,-2.46089,-8.98105,-20.1469,-35.0021,-0.000200115,False
2015-10-14,115.021,1994.24,0.0485687,0.0017414,0,-0.0413292,0.00142786,0.0692462,444.685,0,40,0,0.136187,0.142959,-0.940314,-0.442587,-1.99665,-7.87608,-19.0825,-33.7559,-7.82229e-05,False
2015-10-15,115.021,2023.86,0.0436517,0.0016257,0,0.236134,0.00458149,0.343399,450.843,0,39,1,0.120633,0.126756,-4.36237,-2.03475,-4.72573,-11.4157,-21.4938,-35.1537,-4.99829e-06,False
2015-10-16,115.197,2033.11,0.0425595,0.00160191,0.0632454,0.22394,0.00426354,0.364765,450.98,0,39,1,0.111308,0.116958,-5.1762,-2.43209,-5.27288,-11.7792,-21.6335,-34.9873,0.00153036,False
2015-10-19,115.417,2033.66,0.0376646,0.0015328,0.0126661,-0.000265349,0.00409035,0.164126,450.134,0,39,1,0.10489,0.110027,-3.12989,-1.49561,-5.2283,-12.1534,-22.6305,-36.8399,0.0019076,False
2015-10-20,115.469,2030.77,0.0376982,0.00151299,0,-0.0717137,0.0024727,0.0735762,448.589,0,39,1,0.110478,0.115888,-1.43602,-0.687799,-4.47205,-11.6383,-22.6006,-37.4184,0.000455295,False
2015-10-21,115.442,2018.94,0.0479002,0.00171558,0,-0.070985,0.00199297,0.0738192,447.016,0,40,0,0.136006,0.14277,-1.03033,-0.485793,-2.67997,-9.25062,-20.4332,-35.131,-0.000234143,False
2015-10-22,115.376,2052.51,0.0450262,0.00163658,0,0.33727,0.00577973,0.515293,453.326,0,39,1,0.124615,0.13094,-6.13829,-2.84939,-5.15685,-11.4761,-21.022,-33.9344,-0.000576866,False
2015-10-23,115.51,2075.15,0.0384521,0.00150974,0.433342,1.3006,0.0168354,1.26789,454.236,0,38,2,0.110823,0.116448,-12.215,-5.56147,-4.52932,-9.50103,-17.0893,-27.4011,0.00116808,False
2015-10-26,115.836,2071.18,0.0404758,0.00153893,0.159268,-0.330249,0.010622,0.480652,450.755,0,38,2,0.112848,0.118375,-6.19243,-2.89091,-4.64087,-10.7954,-20.2876,-33.0826,0.0028226,False
2015-10-27,115.977,2065.89,0.0432904,0.00160848,0.0385576,-0.202384,0.0051762,0.13531,448.448,0,39,1,0.121822,0.127788,-2.23416,-1.0609,-3.98736,-10.7272,-21.4589,-35.7699,0.00121643,False
2015-10-28,115.908,2090.35,0.0444528,0.00163296,0.343365,0.446591,0.00945262,0.341296,452.595,0,39,1,0.116964,0.12278,-4.96825,-2.33943,-5.35148,-11.9228,-21.7897,-35.1756,-0.00059834,False
2015-10-29,116.018,2089.41,0.045801,0.00168173,0,-0.077333,0.00360351,0.194251,453.227,0,40,0,0.124712,0.131042,-2.94003,-1.38909,-4.82488,-11.6493,-22.2318,-36.402,0.000950993,False
2015-10-30,116.073,2079.36,0.0448332,0.00163247,0,-0.113242,0.00236779,0.0666119,451.094,0,39,1,0.120633,0.126756,-1.08508,-0.515975,-3.51833,-10.3884,-21.535,-36.3862,0.000476051,False
2015-11-02,116.212,2104.05,0.0351206,0.00143972,0,0.249937,0.00691426,0.204877,453.365,0,38,2,0.0987951,0.103634,-3.65221,-1.73953,-5.58983,-12.5306,-22.8006,-36.8295,0.00119268,False
2015-11-03,116.174,2109.79,0.0376444,0.0014996,0.0285927,-0.0441493,0.00839597,0.198015,453.15,0,39,1,0.100911,0.105854,-3.43048,-1.63179,-5.68629,-12.631,-22.9909,-37.0981,-0.00032812,False
2015-11-04,116.17,2102.31,0.0421712,0.00157599,0,-0.139021,0.00422093,0.0986693,451.036,0,39,1,0.118137,0.124012,-1.74045,-0.829912,-4.56421,-11.6125,-22.5048,-37.1306,-2.84095e-05,False
2015-11-05,116.19,2099.93,0.0452263,0.00164953,0,-0.0427008,0.00370264,0.0760889,451.872,0,40,0,0.12141,0.127572,-1.23869,-0.588783,-3.93414,-10.9586,-22.063,-36.8823,0.000170041,False
2015-11-06,116.246,2099.2,0.0389945,0.00151629,0,-0.00354012,0.00097954,0.0531052,450.754,0,38,2,0.103732,0.108997,-0.947658,-0.452391,-3.65508,-10.8686,-21.9345,-36.95,0.000481472,False
2015-11-09,116.178,2078.58,0.0412206,0.00155622,0,-0.110911,0.0013505,0.0483597,446.039,0,38,2,0.116573,0.122282,-0.747153,-0.35425,-1.93683,-8.09357,-19.2014,-34.0152,-0.000583691,False
2015-11-10,116.213,2081.72,0.0382677,0.0015275,0,0.00901786,0.000844703,0.0582004,447.968,0,39,1,0.107345,0.112603,-1.00959,-0.481182,-2.94224,-9.69897,-20.6861,-35.5625,0.000301886,False
2015-11-11,116.217,2075,0.0453311,0.00165882,0,-0.0290177,0.00119557,0.0681657,448.651,0,39,1,0.118949,0.124865,-1.05929,-0.502253,-2.87874,-9.49825,-20.5455,-35.3359,3.00625e-05,False
2015-11-12,116.162,2045.97,0.0559429,0.00188608,0,-0.104881,0.00141617,0.0701904,446.69,0,40,0,0.154239,0.162067,-0.814419,-0.380518,-1.25032,-5.96955,-16.9993,-31.5715,-0.000466927,False
2015-11-13,116.148,2023.04,0.0604081,0.00201347,0,-0.0708323,0.00106835,0.0711068,445.96,0,40,0,0.161329,0.169518,-0.766587,-0.356419,-0.923972,-4.33307,-14.7546,-29.3595,-0.000124158,False
2015-11-16,116.285,2053.19,0.048499,0.00172694,0,0.218336,0.00211639,0.197243,453.873,0,40,0,0.13023,0.136707,-2.4921,-1.16406,-2.98882,-9.25644,-19.9833,-34.2697,0.00117829,False
2015-11-17,116.343,2050.44,0.0501687,0.00177256,0,-0.063912,0.00313957,0.120785,453.357,0,39,1,0.133569,0.140212,-1.72737,-0.814579,-3.25116,-9.76914,-20.7478,-35.3025,0.000497074,False
2015-11-18,115.919,2083.58,0.0413077,0.00154888,0.113011,0.294844,0.019257,0.746724,457.843,0,39,1,0.111794,0.117468,-8.78654,-4.0738,-5.05778,-10.8918,-19.6579,-31.589,-0.003641,False
2015-11-19,116.171,2081.24,0.0433597,0.00160077,0.0963047,-0.132112,0.00597022,0.302085,454.941,0,39,1,0.116362,0.122439,-4.6628,-2.20378,-4.997,-11.5421,-21.5947,-35.1365,0.00217402,False
2015-11-20,116.334,2089.17,0.0377937,0.00152379,0.123645,0.128893,0.00923157,0.170988,454.399,0,39,1,0.0996329,0.104836,-3.28763,-1.57194,-5.43264,-12.3907,-22.8159,-37.0026,0.0014064,False
2015-11-23,116.36,2086.59,0.0379952,0.00149946,0,-0.104641,0.00466174,0.0726491,451.643,0,38,2,0.103155,0.108285,-1.4736,-0.707108,-4.78463,-12.0405,-22.9568,-37.7883,0.000219477,False
2015-11-24,116.337,2089.14,0.0402235,0.00154846,0,-0.0398544,0.0029967,0.0915455,451.42,0,39,1,0.112541,0.118138,-1.55553,-0.740291,-4.58353,-11.7782,-22.672,-37.4093,-0.000198285,False
2015-11-25,116.371,2088.87,0.0444248,0.00163239,0,-0.0059851,0.00135132,0.0926023,451.329,0,39,1,0.11937,0.125429,-1.50488,-0.714932,-4.26821,-11.3619,-22.3012,-36.9924,0.000295685,False
2015-11-27,116.427,2090.11,0.0438731,0.00163206,0,0.0117037,0.00157355,0.0893295,453.259,0,40,0,0.122672,0.128899,-1.43738,-0.68271,-4.13126,-11.2042,-22.2242,-36.9771,0.00047816,False
2015-11-30,116.442,2080.41,0.0438752,0.00162457,0,-0.0553983,0.00141037,0.0596893,452.553,0,40,0,0.124616,0.130719,-0.905733,-0.429324,-2.88719,-9.69601,-20.9142,-35.8178,0.000129542,False
2015-12-01,116.537,2102.63,0.0366848,0.00149502,0,0.153496,0.00166216,0.151405,455.89,0,39,1,0.103282,0.10834,-2.59649,-1.23495,-5.26546,-12.415,-23.0445,-37.5359,0.000818498,False
2015-12-02,116.4,2079.51,0.048998,0.00173684,0,-0.263057,0.00315988,0.0701089,450.493,0,39,1,0.133299,0.139928,-0.986307,-0.465495,-2.5702,-9.08106,-20.2565,-34.9788,-0.00118125,False
2015-12-03,116.327,2049.62,0.0601707,0.00200784,0,-0.125439,0.00186553,0.0739399,447.024,0,40,0,0.1657,0.17411,-0.789841,-0.367491,-0.991273,-5.12219,-15.869,-30.4962,-0.000626915,False
2015-12-04,116.46,2091.69,0.0427709,0.00159947,0,0.320935,0.00386975,0.299237,455.956,0,39,1,0.113931,0.119714,-3.61891,-1.68318,-4.18266,-10.9686,-21.2636,-35.2478,0.00114281,False
2015-12-07,116.464,2077.07,0.0442759,0.00163919,0,-0.258688,0.00392675,0.0752584,452.256,0,39,1,0.118012,0.123792,-1.23954,-0.589394,-3.19766,-9.97359,-21.0225,-35.8391,3.43476e-05,False
2015-12-08,116.443,2063.59,0.0498155,0.00175962,0,-0.0735958,0.00124833,0.0695636,450.49,0,39,1,0.136806,0.143506,-0.944228,-0.444925,-2.2875,-8.4126,-19.6172,-34.3117,-0.000181116,False
2015-12-09,116.365,2047.62,0.0650979,0.00212261,0,-0.100331,0.00212543,0.10788,449.118,0,40,0,0.183929,0.193076,-1.08054,-0.500781,-1.40545,-6.06272,-16.8343,-31.4182,-0.000668119,False
2015-12-10,116.416,2052.23,0.0675475,0.00219186,0,0.00961249,0.00201146,0.129222,452.025,0,40,0,0.183766,0.193093,-1.3166,-0.610082,-1.7782,-6.84117,-17.7188,-32.2601,0.000443559,False
2015-12-11,116.329,2012.37,0.0822438,0.00258856,0,-0.189838,0.00127138,0.105441,446.681,0,40,0,0.22825,0.239835,-0.827777,-0.379127,-0.495092,-2.8166,-11.6035,-26.4402,-0.000753102,False
2015-12-14,116.456,2021.94,0.0703682,0.00226899,0,0.0568703,0.000800343,0.102207,451.208,0,40,0,0.193019,0.202472,-0.965751,-0.446232,-1.00587,-4.47016,-14.5904,-29.3411,0.00109521,False
2015-12-15,116.516,2043.41,0.0684772,0.00222339,0,0.111296,0.0030296,0.216881,456.409,0,40,0,0.186004,0.195255,-2.09645,-0.964339,-2.14851,-7.26593,-17.9513,-32.2777,0.000513887,False
2015-12-16,116.54,2073.07,0.060987,0.00200028,0.0650873,0.359855,0.00836903,0.538281,461.296,0,40,0,0.163272,0.171559,-5.31022,-2.43202,-3.80001,-9.69642,-19.6104,-32.7824,0.000205857,False
2015-12-17,116.704,2041.89,0.068158,0.00220057,0,-0.334883,0.00627758,0.0987797,454.104,0,40,0,0.182643,0.192181,-1.03417,-0.480772,-1.64806,-6.55487,-17.2175,-32.008,0.0014098,False
2015-12-18,116.667,2005.55,0.0675588,0.00219563,0,-0.124108,0.00136476,0.075777,447.618,0,40,0,0.185501,0.195189,-0.697174,-0.321562,-0.580536,-2.86546,-11.691,-26.4272,-0.000317955,False
2015-12-21,116.749,2021.15,0.0561762,0.00191902,0,0.0444114,0.00138983,0.0916632,452.396,0,40,0,0.150988,0.158496,-1.09841,-0.513522,-1.61491,-5.63043,-16.0229,-30.5954,0.000697649,False
2015-12-22,116.713,2038.97,0.0513308,0.00179633,0,0.0116846,0.00463815,0.183945,457.015,0,40,0,0.140252,0.147371,-2.37521,-1.11251,-3.05784,-8.80293,-19.5261,-33.8204,-0.000305795,False
2015-12-23,116.697,2064.29,0.0493646,0.00174428,0.120257,0.535748,0.00626143,0.656663,461.577,0,40,0,0.132879,0.139818,-7.20996,-3.32787,-4.38024,-10.3281,-19.6324,-32.1084,-0.000135953,False
2015-12-24,116.956,2060.99,0.0562266,0.00190256,0.00611883,-0.123637,0.00526865,0.316896,459.05,0,40,0,0.145897,0.153847,-4.06945,-1.90369,-4.12234,-10.3545,-20.6696,-34.2834,0.00222,False
2015-12-28,117.059,2056.5,0.0498986,0.00176012,0,-0.182247,0.00276493,0.0775549,455.686,0,39,1,0.129418,0.135854,-1.23151,-0.585128,-3.42624,-10.0486,-21.2163,-35.9597,0.000876123,False
2015-12-29,117.139,2078.36,0.0439325,0.00162861,0.0406517,0.220745,0.00634485,0.212819,457.82,0,39,1,0.118227,0.124107,-3.17254,-1.49774,-4.8272,-11.677,-22.1522,-36.2857,0.000690147,False
2015-12-30,117.148,2063.36,0.0497802,0.00174173,0,-0.161775,0.00402766,0.0860508,455.2,0,40,0,0.134716,0.141554,-1.20867,-0.570467,-2.94845,-9.52535,-20.6732,-35.3571,7.68678e-05,False
2015-12-31,117.117,2043.94,0.0616987,0.00204942,0,-0.0864277,0.00154802,0.0887692,453.129,0,40,0,0.166973,0.175692,-0.965946,-0.45012,-1.52209,-6.59287,-17.5888,-32.2139,-0.000265004,False
2016-01-04,117.002,2012.66,0.0666251,0.00217024,0,-0.189235,0.00198564,0.0773178,448.969,0,40,0,0.183114,0.192082,-0.738083,-0.341259,-0.685778,-3.46845,-13.229,-27.9468,-0.000984607,False
2016-01-05,117.048,2016.71,0.0598297,0.00199549,0,0.00224901,0.000953375,0.0902963,452.451,0,40,0,0.168214,0.176452,-0.974738,-0.453464,-1.30312,-5.13112,-15.6126,-30.2167,0.000394449,False
2016-01-06,116.997,1990.26,0.0692555,0.00224253,0,-0.117827,0.00116956,0.0891998,450.243,0,40,0,0.196022,0.205771,-0.810961,-0.374222,-0.752596,-3.58821,-12.8024,-27.5867,-0.000434754,False
2016-01-07,116.881,1943.09,0.0943253,0.00295025,0,-0.179315,0.0013636,0.115829,445.014,0,40,0,0.259428,0.272596,-0.779948,-0.354174,-0.311294,-1.56501,-7.3315,-21.3189,-0.000990898,False
2016-01-08,116.928,1922.03,0.0925294,0.00289485,0,-0.0430119,0.00119082,0.114752,445.786,0,40,0,0.255065,0.268385,-0.786947,-0.357773,-0.350034,-1.67305,-6.99054,-20.6885,0.000397915,False
2016-01-11,117.025,1923.67,0.0717242,0.00232219,0,-0.000363706,0.000934062,0.0854165,450.656,0,40,0,0.192773,0.20236,-0.770962,-0.355142,-0.711271,-3.0278,-10.4982,-24.9575,0.000833332,False
2016-01-12,117.073,1938.68,0.0656177,0.00215935,0,0.0482533,0.00122687,0.147904,456.792,0,40,0,0.183297,0.192413,-1.44039,-0.664539,-1.56877,-5.52954,-15.4041,-29.925,0.000410147,False
2016-01-13,117.02,1890.28,0.0831861,0.00264303,0,-0.178762,0.00290351,0.0995563,449.221,0,40,0,0.22893,0.24055,-0.757468,-0.346247,-0.421321,-2.177,-9.43424,-23.9602,-0.000450783,False
2016-01-14,116.872,1921.84,0.0888956,0.00279474,0,0.0513533,0.00265458,0.382659,457.266,0,40,0,0.240983,0.253567,-2.49316,-1.10865,-1.40157,-5.19424,-14.7339,-29.0216,-0.00126732,False
2016-01-15,116.653,1880.33,0.102141,0.00317427,0,-0.548744,0.00296485,0.149209,449.477,0,40,0,0.280687,0.295346,-0.983014,-0.446422,-0.39189,-2.07027,-8.94338,-23.1987,-0.00187634,False
2016-01-19,116.774,1881.33,0.0829305,0.0026403,0,-0.00370566,0.00108249,0.103457,452.038,0,40,0,0.225612,0.236661,-0.812564,-0.371938,-0.554595,-2.76729,-10.7606,-25.4712,0.00103944,False
2016-01-20,116.716,1859.33,0.0966839,0.00302412,0,-0.118073,0.00113426,0.136186,449.621,0,40,0,0.267049,0.280329,-0.912484,-0.414369,-0.402142,-2.01629,-8.43459,-22.5247,-0.000499051,False
2016-01-21,116.788,1868.99,0.096499,0.00302384,0,0.0337728,0.00112236,0.190323,453.675,0,40,0,0.266324,0.279842,-1.29957,-0.58933,-0.734298,-3.16349,-10.9353,-25.4574,0.000616783,False
2016-01-22,117.063,1906.9,0.0766172,0.00246179,0,0.327222,0.00353176,0.312967,462.238,0,40,0,0.205425,0.215852,-2.73354,-1.2473,-2.31138,-7.27439,-17.5829,-31.7853,0.00235642,False
2016-01-25,117.01,1877.08,0.0756378,0.00244156,0,-0.342045,0.00293385,0.0940924,455.214,0,40,0,0.206987,0.217124,-0.825985,-0.380432,-0.754626,-4.04511,-13.734,-28.6537,-0.00045196,False
2016-01-26,117.078,1903.63,0.0708138,0.00230639,0,0.144236,0.00299179,0.236004,460.179,0,40,0,0.192426,0.20185,-2.10887,-0.963933,-2.07848,-7.13769,-17.6716,-32.0852,0.000579777,False
2016-01-27,116.977,1882.95,0.0772938,0.00248166,0,-0.288556,0.0054226,0.118141,454.66,0,40,0,0.210913,0.221402,-1.03758,-0.477793,-0.990173,-4.49713,-14.373,-29.2081,-0.000865265,False
2016-01-28,117.048,1893.36,0.078102,0.00250251,0,0.0563437,0.00178561,0.177059,456.961,0,40,0,0.214264,0.225139,-1.53186,-0.702983,-1.56931,-5.89173,-16.1531,-30.8193,0.000609001,False
2016-01-29,116.969,1940.24,0.0635405,0.00212094,0.14184,0.719991,0.00691796,0.888292,465.246,0,40,0,0.173567,0.182377,-7.20582,-3.23626,-3.76352,-9.25349,-18.5368,-30.8972,-0.00067135,False
2016-02-01,117.39,1939.38,0.0567333,0.00195811,0.0271578,-0.177139,0.0123303,0.306143,462.316,0,40,0,0.156277,0.163931,-3.61382,-1.68117,-3.58316,-9.58171,-19.9877,-33.8447,0.00359323,False
2016-02-02,117.246,1903.03,0.0663673,0.00218954,0,-0.432183,0.00379918,0.0782235,453.698,0,40,0,0.180997,0.189862,-0.77071,-0.357234,-0.984715,-4.82356,-14.9974,-29.8472,-0.00122571,False
2016-02-03,117.267,1912.53,0.0691701,0.00226526,0,0.0308252,0.00202774,0.152713,455.603,0,40,0,0.190788,0.200276,-1.4135,-0.650318,-1.48524,-5.77693,-16.1854,-30.7644,0.000180922,False
2016-02-04,117.33,1915.45,0.0721374,0.00233343,0,0.0180641,0.001506,0.176288,456.674,0,40,0,0.202706,0.212994,-1.61376,-0.742545,-1.67719,-6.10598,-16.5504,-31.0579,0.000535425,False
2016-02-05,117.286,1880.05,0.0898032,0.00283106,0,-0.184447,0.00196871,0.120561,451.355,0,40,0,0.246171,0.259026,-0.885787,-0.404762,-0.480932,-2.7708,-11.1021,-25.8586,-0.000372595,False
2016-02-08,117.249,1853.44,0.0921408,0.00289989,0,-0.13566,0.000982919,0.110103,448.906,0,40,0,0.250533,0.262992,-0.767115,-0.34887,-0.351367,-1.71137,-8.12411,-22.4458,-0.000314997,False
2016-02-09,117.291,1852.21,0.0930654,0.00292232,0,-0.0114156,0.00102718,0.145501,451.86,0,40,0,0.256128,0.268866,-1.01472,-0.461597,-0.569171,-2.48175,-9.37523,-23.7986,0.000360793,False
2016-02-10,117.36,1851.86,0.0963876,0.00302161,0,-0.000307048,0.00181181,0.168367,454.79,0,40,0,0.262925,0.27627,-1.16724,-0.531035,-0.678793,-3.04059,-10.7587,-25.3387,0.000583,False
2016-02-11,117.232,1829.08,0.113093,0.00349919,0,-0.231526,0.00146606,0.172528,452.547,0,40,0,0.305463,0.321415,-1.03976,-0.469963,-0.309791,-1.85215,-8.19207,-22.1195,-0.0010869,False
2016-02-12,117.542,1864.78,0.0855067,0.00270586,0,0.265316,0.00158473,0.209323,461.477,0,40,0,0.234312,0.246548,-1.62795,-0.742204,-1.24298,-4.99227,-14.6938,-29.41,0.00264209,False
2016-02-16,118.018,1895.58,0.06103,0.00206771,0.0286123,0.455906,0.00455901,0.214686,466.889,0,40,0,0.16923,0.177518,-2.41489,-1.12267,-3.00052,-8.86743,-19.6072,-34.0048,0.00405246,False
2016-02-17,117.935,1926.82,0.0618669,0.00208086,0.231429,0.824155,0.0118947,0.938531,470.333,0,40,0,0.165067,0.173276,-8.07277,-3.64838,-3.90916,-9.29909,-18.3708,-30.4333,-0.000705211,False
2016-02-18,118.309,1917.83,0.0618658,0.00208318,0.0169298,-0.379917,0.00705855,0.220027,464.844,0,40,0,0.167254,0.175743,-2.70631,-1.26586,-3.27727,-9.10845,-19.7449,-33.9367,0.00317447,False
2016-02-19,118.398,1917.78,0.054506,0.00192668,0,-0.0916242,0.00237498,0.0897261,462.382,0,40,0,0.148508,0.156046,-1.20347,-0.567414,-2.74007,-8.78895,-19.9368,-34.6355,0.000751261,False
2016-02-22,118.596,1945.5,0.051077,0.00182736,0.0381866,0.453259,0.00984269,0.346935,465.593,0,39,1,0.137737,0.144483,-4.23839,-1.97695,-4.39502,-10.833,-21.0572,-34.6892,0.00166616,False
2016-02-23,118.557,1921.27,0.0599706,0.00203146,0,-0.347682,0.0048406,0.0911371,459.755,0,40,0,0.161695,0.169614,-1.05813,-0.495092,-1.95723,-7.53631,-18.5654,-33.2267,-0.000327035,False
2016-02-24,118.568,1929.8,0.0648943,0.00216053,0,0.0265673,0.00194143,0.167425,462.72,0,40,0,0.175445,0.18417,-1.75817,-0.815461,-2.61387,-8.43705,-19.3203,-33.7637,9.33874e-05,False
2016-02-25,118.663,1951.7,0.0613162,0.0020666,0.0020981,0.226682,0.00690088,0.349155,466.411,0,40,0,0.162883,0.171151,-3.75537,-1.73746,-3.81287,-9.97023,-20.3757,-34.0957,0.00080294,False
2016-02-26,118.823,1948.05,0.0624695,0.00210032,0,-0.0823318,0.00391981,0.162945,464.721,0,40,0,0.165117,0.173498,-1.96716,-0.920378,-3.04814,-9.11135,-19.9805,-34.3867,0.00135111,False
2016-02-29,118.858,1932.23,0.0581521,0.00199136,0,-0.112296,0.00156747,0.0709215,461.418,0,40,0,0.156193,0.163842,-0.811677,-0.379548,-1.55295,-6.77647,-17.797,-32.5745,0.000288845,False
2016-03-01,118.743,1978.35,0.0487112,0.00175879,0.0289415,0.551676,0.00859258,0.746667,469.761,0,40,0,0.136044,0.142707,-6.36855,-2.87544,-4.49225,-10.6233,-20.1492,-32.945,-0.000964604,False
2016-03-02,118.852,1986.45,0.0493348,0.00179188,0.178343,0.18144,0.00781489,0.680746,469.043,0,40,0,0.129328,0.135759,-6.10342,-2.76903,-4.52708,-10.6635,-20.3138,-33.1991,0.000915809,False
2016-03-03,118.932,1993.4,0.0548805,0.00191226,0.147419,0.220224,0.00444366,0.722038,468.3,0,40,0,0.142875,0.150127,-6.33873,-2.87045,-4.14031,-10.0133,-19.6271,-32.2822,0.000673414,False
2016-03-04,119.022,1999.99,0.0542002,0.0018954,0.331728,0.120936,0.00735415,0.466527,467.159,0,40,0,0.143263,0.150535,-4.48676,-2.05164,-4.0655,-10.2814,-20.4635,-33.8781,0.000753968,False
2016-03-07,119.156,2001.76,0.0533239,0.00186933,0.247509,-0.020542,0.00512607,0.110283,465.701,0,40,0,0.138669,0.14546,-1.61601,-0.76494,-3.93106,-10.6889,-21.7717,-36.4,0.00113023,False
2016-03-08,119.111,1979.26,0.0563759,0.00193658,0,-0.139862,0.00166304,0.0684857,461.169,0,40,0,0.149166,0.156472,-0.80605,-0.377348,-1.51762,-6.93031,-18.0698,-32.7911,-0.000380077,False
2016-03-09,119.139,1989.26,0.0583218,0.00197585,0,0.0467529,0.00108534,0.142166,463.921,0,40,0,0.156764,0.16456,-1.58285,-0.736699,-2.36852,-8.26743,-19.3225,-33.7758,0.000237868,False
2016-03-10,119.181,1989.57,0.0590315,0.00199981,0,-0.0345939,0.00226017,0.120565,464.463,0,40,0,0.156473,0.164415,-1.4361,-0.672031,-2.48906,-8.46594,-19.5589,-34.1081,0.000350675,False
2016-03-11,119.328,2022.19,0.0488502,0.00174938,0.0304488,0.53996,0.00650239,0.52305,470.735,0,40,0,0.131025,0.137676,-6.15158,-2.86044,-4.73044,-10.9461,-20.5762,-33.4956,0.00123866,False
2016-03-14,119.54,2019.64,0.0442454,0.00167245,0,-0.207206,0.00527625,0.141428,468.773,0,40,0,0.120129,0.126012,-2.45435,-1.17029,-4.72524,-11.5984,-22.3904,-36.8581,0.0017742,False
2016-03-15,119.57,2015.93,0.0527757,0.0018601,0,-0.0598891,0.00217838,0.100563,465.908,0,39,1,0.134833,0.141538,-1.4676,-0.694678,-3.6774,-10.4016,-21.507,-36.1544,0.000248567,False
2016-03-16,119.699,2027.22,0.0474093,0.00174705,0,0.111043,0.0018727,0.126475,467.277,0,40,0,0.124421,0.130736,-1.9562,-0.927674,-4.38065,-11.3484,-22.2449,-36.8219,0.0010782,False
2016-03-17,119.697,2040.59,0.0466788,0.00169467,0.00234927,0.058194,0.00707688,0.222341,468.866,0,39,1,0.120809,0.127118,-3.33363,-1.57668,-5.11253,-11.9744,-22.4281,-36.5202,-1.76646e-05,False
2016-03-18,119.913,2049.58,0.0416598,0.00160642,0,0.187136,0.00277808,0.230635,467.868,0,38,2,0.113397,0.119319,-3.87703,-1.84467,-5.38938,-12.1247,-22.3716,-36.2215,0.00180555,False
2016-03-21,120.124,2051.6,0.0387561,0.0015754,0,0.0352429,0.00603686,0.0857107,467.142,0,39,1,0.0998161,0.10478,-1.83623,-0.883827,-5.41171,-12.6213,-23.4613,-38.1895,0.0017622,False
2016-03-22,120.126,2049.8,0.0415399,0.00164307,0,-0.0487853,0.0022965,0.0723967,466.819,0,40,0,0.106765,0.112075,-1.2764,-0.609726,-4.62821,-11.8815,-22.8839,-37.7907,1.77234e-05,False
2016-03-23,120.117,2036.71,0.0458519,0.00170176,0,-0.0627142,0.00161254,0.0614212,465.175,0,39,1,0.117719,0.123694,-0.916712,-0.434719,-2.81839,-9.6467,-20.8009,-35.6855,-7.65953e-05,False
2016-03-24,120.136,2035.94,0.046842,0.00173151,0,-0.0105501,0.000697658,0.0758835,464.967,0,39,1,0.120385,0.126672,-1.12049,-0.530777,-2.99359,-9.80343,-20.8645,-35.6452,0.000161513,False
2016-03-28,120.186,2037.05,0.0377432,0.00153933,0,-0.00652178,0.0018109,0.0541027,465.119,0,38,2,0.104213,0.109317,-0.951126,-0.454468,-3.55189,-10.7279,-21.7637,-36.7556,0.000413297,False
2016-03-29,120.229,2055.01,0.0351408,0.00153793,0,0.114557,0.0030929,0.156689,467.921,0,38,2,0.0914299,0.0959076,-2.94466,-1.4086,-5.86063,-12.9495,-23.4413,-37.7544,0.000353456,False
2016-03-30,120.305,2063.95,0.035139,0.00153515,0.0233054,0.173391,0.00469095,0.259341,468.801,0,39,1,0.0928669,0.0974853,-4.6417,-2.21474,-6.20064,-12.9261,-22.9133,-36.5294,0.000635008,False
2016-03-31,120.345,2059.74,0.0409426,0.00159815,0,-0.12756,0.00496642,0.126078,466.84,0,38,2,0.104218,0.109508,-2.40828,-1.15364,-5.49261,-12.5787,-23.204,-37.6378,0.000333155,False
2016-04-01,120.12,2072.78,0.0348455,0.00150929,0.0306175,-0.142329,0.0123639,0.198813,465.904,0,37,3,0.0924656,0.0971588,-4.01105,-1.92427,-6.12377,-12.9765,-23.093,-36.9084,-0.0018672,False
2016-04-04,120.091,2066.13,0.0350214,0.00145991,0,-0.2019,0.00610208,0.0541047,462.459,0,38,2,0.0930384,0.0975949,-1.13208,-0.544629,-5.24207,-12.5976,-23.523,-38.4202,-0.000247519,False
2016-04-05,120.038,2045.17,0.0403553,0.00158549,0,-0.096766,0.00140328,0.0473828,458.485,0,38,2,0.108615,0.113935,-0.758928,-0.360993,-2.52274,-9.28558,-20.2953,-35.1069,-0.000438649,False
2016-04-06,120.082,2066.66,0.0374808,0.00156547,0,0.155725,0.00242098,0.192937,463.876,0,39,1,0.0975598,0.102412,-3.00253,-1.42249,-5.02191,-12.0402,-22.3785,-36.5225,0.000363763,False
2016-04-07,119.979,2041.91,0.050003,0.0017708,0,-0.265736,0.00318867,0.0744027,463.208,0,40,0,0.131317,0.137982,-1.03297,-0.487966,-2.53662,-8.98225,-20.1212,-34.7965,-0.000850736,False
2016-04-08,120.03,2047.6,0.0447623,0.0016786,0,0.00854326,0.00241095,0.0732375,466.361,0,39,1,0.115291,0.121142,-1.16642,-0.554503,-3.52242,-10.5432,-21.5992,-36.4773,0.000419915,False
2016-04-11,120.042,2041.99,0.0458709,0.00170054,0,-0.0404556,0.00168904,0.0634854,464.941,0,39,1,0.115727,0.121394,-0.984465,-0.467557,-3.09248,-9.99472,-21.0899,-35.9943,9.81241e-05,False
2016-04-12,120.033,2061.72,0.039598,0.00155793,0,0.092746,0.00290155,0.200145,468.892,0,39,1,0.106245,0.111448,-3.12517,-1.48106,-5.21417,-12.2387,-22.6777,-36.9121,-7.31049e-05,False
2016-04-13,120.043,2082.42,0.0356965,0.00145431,0.136709,0.628533,0.00955863,0.706294,468.811,0,37,3,0.0995453,0.104496,-9.15069,-4.28326,-5.49507,-11.22,-19.7826,-31.4648,8.63097e-05,False
2016-04-14,120.3,2082.78,0.0401493,0.0015828,0.0695936,0.0081962,0.00762802,0.418551,467.082,0,39,1,0.104412,0.109712,-6.12211,-2.88923,-5.32727,-11.627,-21.0959,-33.963,0.00214326,False
2016-04-15,120.502,2080.73,0.0402499,0.00156752,0.0374477,-0.068031,0.00345092,0.146295,465.456,0,39,1,0.105869,0.111243,-2.68623,-1.28417,-5.02939,-11.9692,-22.4665,-36.7007,0.0016792,False
2016-04-18,120.715,2094.34,0.0360518,0.00148112,0.153743,0.331684,0.00614999,0.140345,467.196,0,38,2,0.0954088,0.100081,-2.91546,-1.4011,-5.97466,-13.0331,-23.4598,-37.6932,0.00176189,False
2016-04-19,120.828,2100.8,0.0373594,0.00154151,0.0086944,0.101612,0.00695877,0.148736,469.039,0,38,2,0.0969326,0.10168,-2.90769,-1.39393,-6.0911,-13.1409,-23.6195,-37.894,0.000939283,False
2016-04-20,120.881,2102.4,0.0382881,0.0015495,0,-0.013093,0.00314033,0.115903,468.918,0,39,1,0.10117,0.106201,-2.30831,-1.10794,-5.78725,-12.925,-23.5776,-38.0721,0.00044144,False
2016-04-21,120.864,2091.48,0.044052,0.00166119,0,-0.108049,0.00242342,0.0652752,467.444,0,39,1,0.112765,0.118489,-1.06838,-0.508991,-4.0037,-11.1369,-22.1882,-37.0582,-0.000144383,False
2016-04-22,120.873,2091.58,0.0372068,0.00150252,0,-0.0366462,0.00125684,0.0544015,467.656,0,38,2,0.101596,0.106752,-0.969278,-0.463499,-3.8821,-11.1531,-22.1763,-37.1661,7.17746e-05,False
2016-04-25,120.879,2087.79,0.0384597,0.00155356,0,-0.0287475,0.000996361,0.0553179,467.435,0,39,1,0.103875,0.108962,-0.96704,-0.462028,-3.60228,-10.8177,-21.8376,-36.8152,5.1673e-05,False
2016-04-26,120.91,2091.7,0.0386083,0.00153341,0,0.0173486,0.00163813,0.0766353,468.757,0,39,1,0.104975,0.110116,-1.3524,-0.646124,-4.37595,-11.6559,-22.5687,-37.4288,0.000260326,False
2016-04-27,120.895,2095.15,0.0395367,0.00156454,0,-0.041613,0.00387933,0.0849503,470.439,0,39,1,0.10469,0.109896,-1.5383,-0.735757,-4.92142,-12.2175,-23.1325,-37.9743,-0.000130966,False
2016-04-28,120.846,2075.81,0.0503635,0.0017886,0,-0.112249,0.00177302,0.0685763,467.844,0,40,0,0.12986,0.136451,-0.93646,-0.442259,-2.61831,-9.24636,-20.449,-35.2119,-0.000405914,False
2016-04-29,120.848,2065.3,0.0489592,0.00174428,0,-0.0501126,0.00109239,0.0625636,466.901,0,39,1,0.128306,0.134818,-0.846334,-0.399469,-1.95784,-8.05555,-19.2763,-34.0205,1.67375e-05,False
2016-05-02,120.962,2081.43,0.0388398,0.00157936,0,0.100056,0.00182136,0.0836693,469.214,0,38,2,0.101335,0.106298,-1.49757,-0.715661,-4.02841,-11.2134,-22.0789,-36.9028,0.000946559,False
2016-05-03,120.874,2063.37,0.0422939,0.001641,0,-0.155492,0.002156,0.0542005,466.471,0,39,1,0.115557,0.121217,-0.830304,-0.394402,-2.56823,-9.15128,-20.2709,-35.1639,-0.000723588,False
2016-05-04,120.851,2051.12,0.0488291,0.00176287,0,-0.0586238,0.00113123,0.0645232,466.347,0,40,0,0.128786,0.135191,-0.8728,-0.4119,-2.04938,-8.12557,-19.3106,-34.0371,-0.000190376,False
2016-05-05,120.874,2050.63,0.0524526,0.00184568,0,-0.000606666,0.00121645,0.091034,469.23,0,40,0,0.137824,0.14482,-1.17176,-0.551126,-2.42416,-8.6507,-19.8405,-34.4909,0.0001843,False
2016-05-06,120.955,2057.14,0.0449318,0.00168473,0,0.0318374,0.00148734,0.0828403,471.446,0,40,0,0.121021,0.127164,-1.26716,-0.601503,-3.4173,-10.3279,-21.4061,-36.2512,0.000676664,False
2016-05-09,120.997,2058.69,0.0395206,0.00159239,0,-0.0176363,0.0028317,0.0589339,471.409,0,39,1,0.106245,0.111448,-1.02899,-0.491658,-3.97489,-11.2254,-22.3214,-37.3745,0.000341998,False
2016-05-10,121.031,2084.39,0.0360397,0.00154702,0.00516241,0.293384,0.00438316,0.342775,474.884,0,39,1,0.0923611,0.0968845,-5.55951,-2.6398,-6.14839,-12.7203,-22.5034,-35.8364,0.000285048,False
2016-05-11,120.982,2064.46,0.0421185,0.00162985,0,-0.36135,0.00551983,0.0656872,469.756,0,39,1,0.108661,0.114064,-1.1304,-0.539692,-4.07306,-11.2324,-22.2918,-37.2238,-0.00040727,False
2016-05-12,120.988,2064.11,0.0431204,0.00164796,0,-0.0221829,0.00209797,0.0771313,470.326,0,40,0,0.115291,0.121142,-1.23708,-0.588513,-3.92263,-11.0071,-22.0655,-36.9285,4.75065e-05,False
2016-05-13,120.927,2046.61,0.0449236,0.00168307,0,-0.12359,0.00152798,0.0557805,468.131,0,40,0,0.122478,0.128695,-0.796989,-0.377401,-2.1402,-8.44347,-19.6637,-34.5213,-0.00050027,False
2016-05-16,120.94,2066.66,0.0398496,0.0015794,0,0.0496576,0.00698271,0.123531,470.993,0,38,2,0.100996,0.105942,-2.10199,-1.00144,-4.57021,-11.7757,-22.4858,-37.1249,0.000109112,False
2016-05-17,120.918,2047.21,0.044335,0.00166405,0,-0.128509,0.00243601,0.0575247,466.832,0,39,1,0.115473,0.121128,-0.888005,-0.42193,-2.74877,-9.526,-20.6187,-35.4991,-0.000184122,False
2016-05-18,120.89,2047.63,0.0473085,0.00173265,0,-0.0440945,0.00248239,0.0848549,468.588,0,40,0,0.124815,0.131022,-1.22305,-0.57867,-3.16658,-9.95772,-21.0291,-35.7702,-0.000234301,False
2016-05-19,120.904,2040.04,0.0490813,0.00176498,0,-0.0449287,0.000963516,0.0719571,469.532,0,40,0,0.128597,0.135124,-1.00467,-0.474916,-2.63104,-9.20772,-20.4142,-35.2135,0.00011847,False
2016-05-20,120.946,2052.32,0.0439705,0.00166992,0,0.0322589,0.00274884,0.101632,471.561,0,39,1,0.113715,0.119653,-1.63112,-0.775491,-4.18124,-11.3235,-22.234,-37.0037,0.000348505,False
2016-05-23,120.971,2048.04,0.0423833,0.00164911,0,-0.054282,0.0021404,0.060956,470.011,0,39,1,0.107397,0.112738,-1.03726,-0.495022,-3.88304,-11.1016,-22.1734,-37.1718,0.000206602,False
2016-05-24,120.905,2076.06,0.0371282,0.00155325,0.00752526,0.311868,0.00581117,0.460872,473.828,0,38,2,0.0965671,0.10137,-6.67318,-3.14779,-5.89286,-12.1988,-21.6006,-34.4191,-0.000544011,False
2016-05-25,120.835,2090.54,0.0361155,0.00154453,0.310329,0.674476,0.0190846,0.911143,474.429,0,39,1,0.0963507,0.101241,-10.7954,-5.02276,-5.19003,-10.5982,-18.6902,-29.7375,-0.000584249,False
2016-05-26,121.117,2090.1,0.036557,0.00155192,0.149338,-0.0523475,0.00797195,0.454492,472.211,0,39,1,0.0974095,0.102496,-6.29168,-2.96007,-5.31492,-11.6484,-21.0937,-33.9712,0.00233375,False
2016-05-27,121.328,2099.06,0.0336799,0.0015007,0.345833,0.412161,0.00587799,0.336123,470.223,0,37,3,0.0871391,0.0916897,-4.83889,-2.28213,-5.84086,-12.5186,-22.3488,-35.7847,0.00174211,False
2016-05-31,121.353,2096.95,0.0339028,0.00146492,0.142511,-0.134457,0.00764333,0.0583605,467.693,0,38,2,0.087451,0.0917339,-1.31861,-0.636278,-5.75548,-13.1252,-24.013,-38.8618,0.000210909,False
2016-06-01,121.339,2099.33,0.0343333,0.0014635,0,-0.027875,0.00210593,0.0757777,466.939,0,38,2,0.0933181,0.097959,-1.52748,-0.733878,-5.59876,-12.9017,-23.6894,-38.4129,-0.000119719,False
2016-06-02,121.316,2105.26,0.0371761,0.00154723,0,-0.020224,0.00288692,0.111657,468.671,0,39,1,0.0964478,0.101343,-2.17148,-1.04138,-5.88164,-13.073,-23.6984,-38.2045,-0.000192533,False
2016-06-03,121.338,2099.13,0.0319927,0.00146319,0,-0.0735364,0.00228159,0.044065,467.181,0,37,3,0.0861523,0.0905251,-0.943261,-0.454296,-5.06403,-12.4801,-23.4609,-38.4486,0.000183851,False
2016-06-06,121.403,2109.41,0.0316287,0.00140455,0,0.0827704,0.00202244,0.0902556,466.828,0,37,3,0.0831335,0.0872049,-1.964,-0.945774,-6.18712,-13.4098,-24.0995,-38.655,0.000533893,False
2016-06-07,121.456,2112.13,0.0323409,0.00144899,0,0.0233471,0.00136263,0.0894996,463.775,0,37,3,0.0841494,0.0882705,-1.99453,-0.961431,-6.18116,-13.338,-23.939,-38.3732,0.000441773,False
2016-06-08,121.515,2119.12,0.0323395,0.00140308,0,0.0677753,0.00203624,0.127835,462.434,0,36,4,0.0833004,0.0874431,-2.95649,-1.4267,-6.53645,-13.4617,-23.7417,-37.7284,0.000480337,False
2016-06-09,121.539,2115.48,0.0361421,0.00150978,0,-0.0555714,0.00266563,0.0797787,460.292,0,38,2,0.0946024,0.0994041,-1.67937,-0.808301,-5.78298,-12.9265,-23.4885,-37.9015,0.000201224,False
2016-06-10,121.491,2096.07,0.0451603,0.00166861,0,-0.111655,0.0016755,0.0581224,462.85,0,39,1,0.115193,0.12104,-0.886117,-0.420895,-3.03436,-9.92004,-20.8751,-35.5524,-0.000396433,False
2016-06-13,121.432,2079.06,0.0540745,0.00187103,0,-0.0929796,0.00144782,0.0748577,464.885,0,40,0,0.146203,0.153363,-0.902275,-0.423328,-1.73644,-7.43198,-18.5569,-33.0508,-0.000485298,False
2016-06-14,121.438,2075.32,0.0627466,0.0020826,0,-0.0193137,0.00128286,0.109237,470.018,0,40,0,0.166267,0.17441,-1.16894,-0.544714,-1.81204,-7.18015,-18.264,-32.7823,4.68454e-05,False
2016-06-15,121.452,2071.5,0.0658388,0.00216169,0,-0.046,0.00167387,0.111301,471.218,0,40,0,0.173731,0.18237,-1.15226,-0.536169,-1.78154,-7.04514,-18.0518,-32.6487,0.000114786,False
2016-06-16,121.46,2077.99,0.0680389,0.00221513,0,-0.0173875,0.00150804,0.149552,473.77,0,40,0,0.178812,0.187888,-1.5122,-0.701554,-2.27694,-7.93585,-18.8886,-33.4157,7.14402e-05,False
2016-06-17,121.518,2071.22,0.0707943,0.00228313,0,-0.0429497,0.00127937,0.115927,472.992,0,40,0,0.182891,0.192174,-1.14595,-0.531941,-1.69422,-6.7974,-17.6857,-32.3614,0.000476759,False
2016-06-20,121.57,2083.25,0.0613368,0.00204143,0,-0.00469518,0.0029917,0.115275,475.471,0,40,0,0.161949,0.169881,-1.30805,-0.611507,-2.47179,-8.45945,-19.5812,-34.2387,0.000430062,False
2016-06-21,121.636,2088.9,0.0614561,0.00204913,0,0.0279275,0.00133009,0.135552,476.052,0,40,0,0.164066,0.172101,-1.52833,-0.713751,-2.72566,-8.81723,-19.8737,-34.4584,0.000540655,False
2016-06-22,121.595,2085.45,0.0800491,0.00253549,0,-0.0345776,0.00210534,0.21775,474.796,0,40,0,0.212267,0.222823,-1.86831,-0.858166,-2.13272,-7.26518,-17.8076,-32.2852,-0.00034009,False
2016-06-23,121.936,2113.32,0.0640677,0.002118,0,0.324158,0.00365672,0.258654,479.49,0,40,0,0.165506,0.173906,-2.97502,-1.38774,-3.78386,-9.94736,-20.5862,-34.657,0.0028089,False
2016-06-24,121.118,2037.41,0.0964732,0.00300639,0,-1.05168,0.00387456,0.114657,464.321,0,40,0,0.254006,0.26727,-0.768052,-0.349431,-0.312642,-1.7747,-8.87698,-23.3453,-0.00670919,False
2016-06-27,121.119,2000.54,0.0726141,0.00235312,0,-0.106551,0.00109032,0.0760616,460.595,0,40,0,0.1916,0.201129,-0.640652,-0.293927,-0.510174,-1.87612,-6.65879,-19.9638,1.00312e-05,False
2016-06-28,121.11,2036.09,0.0588075,0.00199011,0,0.103819,0.00321266,0.242439,471.065,0,40,0,0.154507,0.162191,-2.379,-1.09431,-1.81705,-5.35444,-13.9654,-27.9631,-7.39269e-05,False
2016-06-29,120.826,2070.77,0.0531746,0.00183359,0.21855,0.636339,0.00773095,0.988461,478.566,0,40,0,0.138213,0.145228,-7.28178,-3.23758,-3.11378,-8.07945,-17.0934,-29.407,-0.00235011,False
2016-06-30,120.861,2098.86,0.0489254,0.00173042,0.594356,1.84874,0.00599597,2.2486,481.169,0,39,1,0.128962,0.135696,-12.0621,-5.10676,-3.7285,-8.50611,-16.0729,-26.2271,0.000293301,False
2016-07-01,121.239,2102.95,0.0429372,0.00163844,0.936963,0.301642,0.00798419,1.26901,476.953,0,39,1,0.106621,0.112189,-8.89337,-3.9258,-4.26339,-9.87812,-18.4784,-30.1351,0.00312412,False
2016-07-05,121.337,2088.55,0.0405674,0.00161002,0.329658,-0.781931,0.00905302,0.0893643,470.961,0,39,1,0.104721,0.10985,-1.66988,-0.799325,-3.73524,-10.5912,-21.4963,-36.2081,0.000808025,False
2016-07-06,121.343,2099.73,0.0401983,0.00158193,0.0802791,0.0816749,0.00631462,0.116378,471.934,0,39,1,0.105412,0.110654,-1.90333,-0.905302,-4.53535,-11.672,-22.4542,-37.127,5.50874e-05,False
2016-07-07,121.349,2097.9,0.0428279,0.00163362,0,-0.058574,0.00234344,0.0914411,471.325,0,39,1,0.109851,0.115427,-1.53198,-0.730166,-4.21813,-11.371,-22.2714,-37.0498,4.29652e-05,False
2016-07-08,121.169,2129.9,0.0354831,0.00151435,0.122505,0.621303,0.011563,0.792323,476.77,0,39,1,0.088969,0.0934847,-10.3829,-4.86632,-5.56337,-11.0896,-19.379,-30.6855,-0.00148067,False
2016-07-11,121.348,2137.16,0.0322366,0.00141164,0.367843,0.450494,0.0147136,0.711892,473.08,0,37,3,0.0851652,0.0893362,-9.89098,-4.65348,-5.50658,-11.1202,-19.4671,-30.8574,0.00147887,False
2016-07-12,121.212,2152.14,0.0332087,0.00142892,0.869043,1.03465,0.00838095,1.03722,471.165,0,38,2,0.0860965,0.090313,-11.5707,-5.35904,-5.22941,-10.44,-18.1745,-28.7396,-0.00112346,False
2016-07-13,121.353,2152.43,0.0328352,0.00139452,0.468893,-0.0633854,0.00927871,0.386377,465.742,0,37,3,0.0859176,0.0901905,-5.67851,-2.68119,-5.94426,-12.3597,-21.843,-34.7808,0.00116104,False
2016-07-14,121.403,2163.75,0.0342629,0.00147548,0.481368,0.446953,0.0154747,0.318577,463.89,0,37,3,0.0872207,0.0916477,-6.17034,-2.95532,-6.12847,-12.4244,-21.7275,-34.4228,0.000417764,False
2016-07-15,121.469,2161.74,0.0305701,0.00142069,0.00923921,-0.18927,0.0064549,0.0769738,461.492,0,37,3,0.0804217,0.0845037,-1.97365,-0.955818,-6.27858,-13.4101,-23.9704,-38.3433,0.000541903,False
2016-07-18,121.566,2166.89,0.0294371,0.00141292,0.00500804,0.0674564,0.003768,0.0671931,459.692,0,37,3,0.078054,0.0818767,-1.69917,-0.822537,-6.5339,-13.6798,-24.3018,-38.72,0.000794319,False
2016-07-19,121.576,2163.78,0.0311887,0.00136753,0,-0.0331793,0.00161383,0.0517891,458.811,0,37,3,0.0816096,0.0856064,-1.19872,-0.578799,-5.84957,-13.0989,-23.8103,-38.399,8.58132e-05,False
2016-07-20,121.618,2173.02,0.0307957,0.00138438,0,0.0674398,0.00153031,0.104712,462.386,0,37,3,0.0803222,0.0843167,-2.4104,-1.16303,-6.57787,-13.6035,-24.0589,-38.2603,0.000348736,False
2016-07-21,121.614,2165.17,0.0364364,0.00151284,0,-0.0742747,0.00307061,0.066894,461.67,0,39,1,0.0949909,0.0998123,-1.33748,-0.642604,-5.35214,-12.5789,-23.2681,-37.855,-3.78541e-05,False
2016-07-22,121.703,2175.03,0.0309786,0.00142159,0,0.0696507,0.0019111,0.0748652,467.679,0,38,2,0.0800332,0.0840954,-1.81033,-0.875165,-6.4488,-13.6928,-24.4358,-39.0497,0.0007345,False
2016-07-25,121.676,2168.48,0.0324817,0.00143628,0,-0.0834179,0.00200231,0.0473426,468.38,0,38,2,0.084742,0.0888922,-1.03514,-0.498922,-5.43182,-12.8546,-23.8148,-38.7672,-0.000220637,False
2016-07-26,121.689,2169.18,0.0340734,0.00147163,0,-0.0047743,0.00172945,0.0604177,469.799,0,38,2,0.0882976,0.0926219,-1.25519,-0.603878,-5.40535,-12.8135,-23.725,-38.6246,0.00010703,False
2016-07-27,121.703,2166.58,0.0342975,0.00144921,0,-0.0223183,0.00152684,0.0558763,467.351,0,37,3,0.0905204,0.0950221,-1.13322,-0.544823,-5.06346,-12.4483,-23.326,-38.1872,0.000111303,False
2016-07-28,121.714,2170.06,0.0385921,0.00150787,0,0.0106285,0.00147547,0.0910449,468.132,0,38,2,0.0985846,0.103588,-1.69375,-0.811067,-5.34144,-12.6054,-23.3159,-37.944,9.09483e-05,False
2016-07-29,121.76,2173.6,0.0307904,0.00136773,0,-0.0174403,0.00280235,0.0541031,466.668,0,37,3,0.0815873,0.0857284,-1.26694,-0.612,-5.91533,-13.2513,-24.1109,-38.906,0.000378937,False
2016-08-01,121.766,2170.84,0.0297665,0.00139686,0,-0.0333989,0.00145102,0.04188,463.899,0,37,3,0.0789853,0.0828535,-0.975882,-0.47129,-5.54726,-12.9048,-23.7964,-38.6236,4.71647e-05,False
2016-08-02,121.72,2157.03,0.0342189,0.00145584,0,-0.0771356,0.00136944,0.0422025,461.613,0,37,3,0.09016,0.0945756,-0.815566,-0.391382,-3.81475,-11.0906,-21.9202,-36.7184,-0.000378303,False
2016-08-03,121.759,2163.79,0.033024,0.0014394,0,0.0385244,0.000943927,0.0721851,461.275,0,37,3,0.0879934,0.0923694,-1.46047,-0.701756,-4.99704,-12.2352,-22.854,-37.3799,0.000321907,False
2016-08-04,121.768,2164.25,0.0352415,0.00149152,0,-0.0253925,0.00238115,0.0687064,464.73,0,39,1,0.0885805,0.0930765,-1.43295,-0.68945,-5.36043,-12.6546,-23.3766,-38.0249,7.76544e-05,False
2016-08-05,121.772,2182.87,0.0260771,0.00134241,0.00970854,0.141043,0.00937321,0.211301,467.065,0,36,4,0.069932,0.0734815,-5.01761,-2.42235,-6.95546,-13.4423,-23.2787,-36.5429,3.36774e-05,False
2016-08-08,121.859,2180.89,0.0261118,0.00136371,0,-0.0762461,0.00745005,0.0659487,465.832,0,37,3,0.0669639,0.0702435,-2.01043,-0.978279,-7.18872,-14.2922,-25.0393,-39.5034,0.000709557,False
2016-08-09,121.885,2181.74,0.0262296,0.00134545,0,-0.00878511,0.00325187,0.0523996,463.05,0,36,4,0.0673026,0.0705987,-1.54601,-0.751658,-7.01763,-14.1723,-24.9897,-39.5494,0.000216614,False
2016-08-10,121.899,2175.49,0.0297964,0.00135858,0,-0.0202174,0.00155345,0.0453829,458.444,0,36,4,0.0769829,0.0808114,-1.08182,-0.522817,-5.87476,-13.1227,-23.8572,-38.4474,0.000112267,False
2016-08-11,121.944,2185.79,0.0277941,0.0013722,0,0.0708008,0.0016444,0.0962948,458.069,0,37,3,0.0720688,0.0757267,-2.38424,-1.153,-6.83303,-13.731,-24.1248,-38.1627,0.000366422,False
2016-08-12,121.988,2184.05,0.025373,0.00134395,0,-0.0295174,0.00162,0.0449013,457.68,0,36,4,0.0663382,0.0697053,-1.30231,-0.632869,-6.77376,-13.8757,-24.6214,-39.0921,0.000363162,False
2016-08-15,122.049,2190.15,0.0247169,0.00133509,0,0.0530147,0.00126041,0.0592358,457.717,0,35,5,0.0621385,0.0651817,-1.84125,-0.896414,-7.3504,-14.314,-24.939,-39.1839,0.000498424,False
2016-08-16,122.025,2178.15,0.0281024,0.001393,0,-0.0704756,0.00197609,0.0375893,458.487,0,37,3,0.0744138,0.0780582,-0.910515,-0.440238,-5.65579,-12.9182,-23.7088,-38.3574,-0.000197428,False
2016-08-17,122.049,2182.22,0.0299073,0.00141325,0,0.0231716,0.00122415,0.063196,459.452,0,37,3,0.0765317,0.0803377,-1.47877,-0.714074,-6.13492,-13.2836,-23.925,-38.3657,0.000203523,False
2016-08-18,122.098,2187.02,0.028236,0.00136932,0,0.0264599,0.00152394,0.066617,460.443,0,36,4,0.0702233,0.0737876,-1.74427,-0.845111,-6.76292,-13.8247,-24.4679,-38.8309,0.000396411,False
2016-08-19,122.102,2183.87,0.0263626,0.00134605,0,-0.04556,0.00180391,0.0400023,459.002,0,36,4,0.0673095,0.0707259,-1.10476,-0.536141,-6.45129,-13.6167,-24.4312,-39.0116,3.49502e-05,False
2016-08-22,122.11,2182.64,0.0280285,0.00132935,0,-0.0119643,0.00112094,0.0460123,458.887,0,35,5,0.0725513,0.0761045,-1.16853,-0.56573,-6.25349,-13.4395,-24.1937,-38.7408,6.22752e-05,False
2016-08-23,122.131,2186.9,0.0293492,0.00140269,0,0.0252155,0.00194337,0.0757074,460.492,0,37,3,0.0763609,0.0801006,-1.82424,-0.881694,-6.53878,-13.6105,-24.1815,-38.5044,0.000176264,False
2016-08-24,122.114,2175.44,0.0378626,0.00151683,0,-0.0673417,0.00197403,0.0602004,461.631,0,38,2,0.0964768,0.101275,-1.14518,-0.549272,-4.8851,-12.1192,-22.8256,-37.4231,-0.000142984,False
2016-08-25,122.125,2172.47,0.0406983,0.0015452,0,-0.01953,0.00100179,0.067865,463.849,0,38,2,0.104218,0.109508,-1.17911,-0.56336,-4.44584,-11.6358,-22.384,-36.9994,8.97257e-05,False
2016-08-26,122.132,2169.04,0.0395611,0.0015554,0,-0.0363887,0.0017757,0.0603901,466.927,0,39,1,0.103868,0.109292,-1.04508,-0.499346,-4.01584,-11.228,-22.091,-36.8568,5.99069e-05,False
2016-08-29,122.21,2180.38,0.0314606,0.00141391,0,0.0477617,0.00262517,0.0575999,471.653,0,37,3,0.0798709,0.083843,-1.33474,-0.644458,-5.79587,-13.167,-24.1047,-38.9811,0.000638436,False
2016-08-30,122.209,2176.12,0.0329012,0.00142253,0,-0.0376391,0.00189139,0.0507844,468.787,0,37,3,0.0842029,0.0883904,-1.09684,-0.528515,-5.3117,-12.697,-23.6,-38.4735,-1.01168e-05,False
2016-08-31,122.201,2170.95,0.0376025,0.00151855,0,-0.0338361,0.00151054,0.0592622,467,0,38,2,0.0946995,0.0995061,-1.11363,-0.533852,-4.66905,-11.9805,-22.8077,-37.5865,-6.33376e-05,False
2016-09-01,122.178,2170.86,0.0416957,0.00158085,0,-0.0362963,0.00232832,0.083764,468.037,0,39,1,0.105245,0.110741,-1.42635,-0.68066,-4.61596,-11.8323,-22.5875,-37.2252,-0.000188309,False
2016-09-02,122.313,2179.98,0.0294968,0.00140436,0,0.0719092,0.000736724,0.0484089,469.82,0,37,3,0.0729512,0.0767609,-1.22824,-0.594704,-6.16361,-13.4965,-24.4511,-39.3046,0.00110183,False
2016-09-06,122.369,2186.48,0.0265832,0.00135059,0,0.0455496,0.0030533,0.0595905,467.753,0,36,4,0.0672179,0.0705099,-1.66642,-0.809017,-6.99354,-14.1553,-25.0073,-39.6103,0.000462318,False
2016-09-07,122.383,2186.16,0.0276307,0.00138943,0,-0.0147322,0.00185702,0.0551582,465.038,0,37,3,0.0702142,0.0737061,-1.46761,-0.711511,-6.73686,-13.9174,-24.7323,-39.3248,0.000115097,False
2016-09-08,122.371,2181.3,0.0293796,0.00139668,0,-0.0468176,0.00141706,0.0472605,461.619,0,37,3,0.0771194,0.0810337,-1.12657,-0.544514,-5.95434,-13.2095,-23.9642,-38.5813,-0.000100945,False
2016-09-09,122.274,2127.81,0.0545869,0.00185794,0,-0.133385,0.00156935,0.062226,454.931,0,40,0,0.144526,0.151862,-0.718864,-0.33673,-1.03571,-5.52387,-16.2876,-30.4198,-0.000794232,False
2016-09-12,122.411,2159.04,0.0441782,0.00164357,0,0.245132,0.00418034,0.208536,469.08,0,40,0,0.115642,0.121305,-2.71658,-1.27512,-3.56921,-10.3318,-20.6953,-34.7316,0.00112188,False
2016-09-13,122.288,2127.02,0.0587383,0.00198334,0,-0.304295,0.00317151,0.0806898,469.901,0,40,0,0.153907,0.161445,-0.92412,-0.432679,-1.6171,-6.73986,-17.8006,-32.3367,-0.00100372,False
2016-09-14,122.306,2125.77,0.060321,0.0020165,0,-0.0238247,0.00115251,0.0963065,474.226,0,40,0,0.157666,0.165507,-1.07535,-0.502664,-1.92169,-7.37868,-18.485,-33.0999,0.000144826,False
2016-09-15,122.362,2147.26,0.0562405,0.00190685,0,0.12384,0.00293265,0.215785,479.255,0,40,0,0.147537,0.155025,-2.49987,-1.16638,-3.57037,-10.0591,-20.8719,-35.1067,0.000455927,False
2016-09-16,122.471,2139.16,0.0532831,0.00182733,0,-0.0703293,0.00123723,0.0861463,476.616,0,39,1,0.137921,0.144922,-1.15103,-0.543366,-2.81358,-9.22842,-20.4001,-35.1209,0.000895118,False
2016-09-19,122.52,2139.12,0.0479595,0.0017257,0,-0.0134592,0.00168485,0.0687184,476.888,0,40,0,0.126055,0.132228,-0.979595,-0.463885,-2.93137,-9.59012,-20.8019,-35.6811,0.000396156,False
2016-09-20,122.539,2139.76,0.0514555,0.00180351,0,-0.00400653,0.00196885,0.0925305,477.677,0,40,0,0.133843,0.140398,-1.23581,-0.582815,-2.95272,-9.54304,-20.7062,-35.4579,0.000162133,False
2016-09-21,122.63,2163.12,0.0422278,0.0016008,0,0.153563,0.00414791,0.191555,480.739,0,39,1,0.106314,0.111601,-3.12947,-1.48849,-5.2799,-12.2973,-22.787,-37.0737,0.000742762,False
2016-09-22,122.855,2177.18,0.0351068,0.001518,0.0536047,0.343232,0.00527666,0.284597,481.341,0,39,1,0.0900374,0.0946074,-5.23385,-2.50264,-6.16124,-12.8097,-22.6816,-36.1438,0.00183394,False
2016-09-23,122.888,2164.69,0.0353803,0.00145197,0,-0.229132,0.00425921,0.0522005,476.771,0,38,2,0.0906202,0.0952197,-1.10202,-0.530749,-5.04551,-12.416,-23.4404,-38.466,0.000268067,False
2016-09-26,122.836,2146.1,0.0454065,0.00167313,0,-0.0896125,0.00129005,0.0576531,473.046,0,39,1,0.116573,0.122282,-0.85343,-0.404849,-2.6427,-9.35752,-20.4594,-35.3052,-0.000428208,False
2016-09-27,122.92,2159.93,0.0385702,0.0015599,0,0.0784977,0.00179828,0.0870965,476.187,0,39,1,0.0973559,0.102124,-1.57494,-0.753424,-4.43698,-11.7132,-22.537,-37.3274,0.000686008,False
2016-09-28,122.954,2171.37,0.0365075,0.00153498,0.00313686,0.0794828,0.00399239,0.160356,479.495,0,39,1,0.0925059,0.0971063,-2.98723,-1.42998,-5.78959,-12.8859,-23.3831,-37.7069,0.000277148,False
2016-09-29,122.888,2151.13,0.049815,0.00174315,0,-0.189069,0.00402721,0.0813317,476.774,0,40,0,0.127917,0.13441,-1.16984,-0.554344,-3.44017,-10.3327,-21.4603,-36.2051,-0.000536788,False
2016-09-30,123.022,2168.27,0.0388245,0.00155369,0,0.118542,0.00384109,0.0996798,480.148,0,39,1,0.100333,0.105425,-1.8545,-0.888323,-5.34928,-12.6385,-23.4762,-38.2538,0.00108736,False
2016-10-03,123.04,2161.2,0.0374269,0.0015296,0,-0.0632376,0.00132622,0.0527203,477.481,0,39,1,0.0987104,0.103545,-0.969387,-0.464496,-4.29127,-11.6576,-22.7159,-37.7739,0.000148697,False
2016-10-04,123.045,2150.49,0.0395816,0.0015575,0,-0.0339433,0.00124975,0.0501862,475.969,0,39,1,0.103197,0.108251,-0.839706,-0.400707,-3.18775,-10.3054,-21.3876,-36.414,4.36048e-05,False
2016-10-05,123.085,2159.73,0.0388034,0.0015409,0,0.0422399,0.00148102,0.0883748,476.443,0,38,2,0.0983721,0.103264,-1.56943,-0.75029,-4.58697,-11.8756,-22.6881,-37.4638,0.000323724,False
2016-10-06,123.12,2160.77,0.0394758,0.00155192,0,-0.00729068,0.00194356,0.0818998,476.686,0,38,2,0.0985846,0.103588,-1.51564,-0.726144,-4.91063,-12.2286,-23.0645,-37.8652,0.000285694,False
2016-10-07,123.134,2153.74,0.037628,0.00152144,0,-0.0500997,0.0021921,0.0515246,474.763,0,38,2,0.0953794,0.100221,-0.957623,-0.459066,-4.29831,-11.6418,-22.6198,-37.5921,0.000115253,False
2016-10-10,123.206,2163.66,0.0312454,0.0014114,0,0.0546253,0.00225184,0.0623979,474.569,0,37,3,0.0799165,0.0838304,-1.414,-0.682359,-5.83264,-13.1727,-24.0608,-38.8745,0.000579319,False
2016-10-11,123.08,2136.73,0.0398296,0.00158203,0,-0.178221,0.0018491,0.0467953,470.65,0,39,1,0.104806,0.109939,-0.758912,-0.361677,-2.59739,-9.45095,-20.4403,-35.3043,-0.00102446,False
2016-10-12,123.086,2139.18,0.0422744,0.00160352,0,-0.00586846,0.00165246,0.0735988,473.235,0,39,1,0.107848,0.113212,-1.18564,-0.564449,-3.459,-10.5099,-21.4073,-36.1804,5.15638e-05,False
2016-10-13,123.046,2132.55,0.0471203,0.00169866,0,-0.0794326,0.00162236,0.0776081,473.881,0,39,1,0.12073,0.126858,-1.14024,-0.540692,-3.13072,-9.99411,-20.984,-35.6964,-0.000322073,False
2016-10-14,123.114,2132.98,0.0446362,0.00166183,0,0.016655,0.00167338,0.0679703,477.182,0,39,1,0.11092,0.11655,-1.08432,-0.516284,-3.60738,-10.7301,-21.7546,-36.668,0.000549336,False
2016-10-17,123.123,2126.5,0.0417734,0.0015905,0,-0.0422335,0.000899579,0.0561367,475.917,0,38,2,0.109123,0.114468,-0.905305,-0.431327,-3.2163,-10.2806,-21.3489,-36.3051,7.21557e-05,False
2016-10-18,123.182,2139.6,0.0380002,0.00155793,0,0.0707281,0.00198872,0.101705,478.767,0,39,1,0.0979485,0.102745,-1.83506,-0.877727,-4.99676,-12.2789,-23.0647,-37.7972,0.000484175,False
2016-10-19,123.244,2144.29,0.0373565,0.0015431,0,0.0343302,0.00224649,0.107572,479.393,0,39,1,0.0968378,0.101654,-2.05713,-0.986541,-5.54396,-12.7908,-23.5375,-38.1947,0.000503565,False
2016-10-20,123.296,2141.34,0.0380747,0.00157265,0,-0.0268069,0.00279212,0.0629033,479.367,0,39,1,0.0944081,0.0992,-1.24683,-0.599164,-5.21852,-12.6128,-23.6042,-38.5948,0.000418452,False
2016-10-21,123.329,2141.16,0.0339837,0.00146536,0,-0.0102014,0.00119321,0.050553,479.058,0,39,1,0.0865408,0.0909333,-1.05187,-0.506408,-5.14846,-12.6284,-23.6602,-38.7398,0.000271493,False
2016-10-24,123.365,2151.33,0.0329371,0.00146596,0,0.055345,0.00358325,0.0983783,477.544,0,37,3,0.0834721,0.0875601,-2.10159,-1.0119,-6.20028,-13.4332,-24.1629,-38.7636,0.000287097,False
2016-10-25,123.368,2143.16,0.0373149,0.00154706,0,-0.0696059,0.00214075,0.0592566,475.774,0,39,1,0.0922765,0.0967957,-1.17334,-0.56382,-5.11464,-12.5027,-23.4254,-38.3306,2.54758e-05,False
2016-10-26,123.365,2139.43,0.0403728,0.0015499,0,-0.0327622,0.00133286,0.0670075,474.341,0,38,2,0.101982,0.107054,-1.18221,-0.565434,-4.58308,-11.8713,-22.7594,-37.5741,-2.45037e-05,False
2016-10-27,123.349,2133.04,0.0432483,0.00164049,0,-0.0524301,0.00259744,0.0699674,475.358,0,40,0,0.114125,0.119918,-1.09951,-0.523226,-3.70953,-10.8169,-21.8086,-36.6059,-0.000132774,False
2016-10-28,123.355,2126.41,0.0490026,0.00174205,0,-0.0346119,0.00136602,0.0749875,477.066,0,39,1,0.124323,0.130634,-1.06379,-0.503731,-3.03131,-9.87938,-20.9684,-35.7357,5.07707e-05,False
2016-10-31,123.314,2126.15,0.0636048,0.00209343,0,-0.00903387,0.00222217,0.166313,478.901,0,40,0,0.164658,0.172723,-1.77243,-0.824511,-2.91003,-9.17535,-20.1225,-34.4718,-0.000332944,False
2016-11-01,123.298,2111.72,0.068489,0.00221113,0,-0.133479,0.00265009,0.112191,478.011,0,40,0,0.182606,0.191549,-1.11219,-0.516897,-1.71563,-6.96512,-17.8749,-32.5156,-0.000127552,False
2016-11-02,123.295,2097.94,0.0767483,0.0024491,0,-0.0743735,0.00122955,0.114095,476.879,0,40,0,0.202701,0.212781,-0.98217,-0.453189,-1.04547,-5.13322,-15.5106,-30.2915,-2.60173e-05,False
2016-11-03,123.293,2088.66,0.0919051,0.0028743,0,-0.0449534,0.00129056,0.158964,476.918,0,40,0,0.237574,0.249633,-1.15907,-0.529889,-0.844223,-4.09155,-13.6399,-28.4404,-1.68938e-05,False
2016-11-04,123.347,2085.18,0.0939358,0.00293077,0,-0.0313953,0.00121917,0.163216,478.162,0,40,0,0.246122,0.258614,-1.17016,-0.535032,-0.805835,-3.83215,-13.0441,-27.8511,0.000439108,False
2016-11-07,123.756,2131.52,0.0669337,0.00218011,0,0.462744,0.00375147,0.277402,488.053,0,40,0,0.175918,0.184533,-2.75621,-1.27373,-3.09365,-8.99147,-19.6585,-33.8394,0.0033204,False
2016-11-08,123.904,2139.56,0.0650549,0.00212264,0.00539512,0.0371208,0.00446818,0.220323,488.135,0,40,0,0.170161,0.178495,-2.4248,-1.12976,-3.33247,-9.38515,-20.1571,-34.4911,0.00119,False
2016-11-09,123.691,2163.26,0.042597,0.0016161,0.0480708,-0.22064,0.0133343,0.192323,489.082,0,39,1,0.112451,0.118043,-3.2292,-1.53882,-4.99288,-11.8136,-22.4399,-36.7661,-0.0017196,False
2016-11-10,123.246,2167.48,0.0435562,0.00161505,0.0274956,-0.5163,0.0179523,0.117632,484.072,0,38,2,0.111308,0.116958,-2.07909,-0.993688,-4.95332,-12.051,-22.9308,-37.6467,-0.00359862,False
2016-11-11,123.267,2164.45,0.0413014,0.00159067,0,-0.0713026,0.00240949,0.0622355,480.503,0,39,1,0.104412,0.109712,-1.07531,-0.513955,-4.24995,-11.5172,-22.5997,-37.6474,0.000173594,False
2016-11-14,123.298,2164.2,0.0369638,0.0015062,0,-0.0122545,0.0011215,0.0532889,477.952,0,38,2,0.0964768,0.101275,-0.989331,-0.474249,-4.27225,-11.617,-22.6433,-37.6861,0.000251715,False
2016-11-15,123.379,2180.39,0.030837,0.00144497,0,0.114946,0.00253713,0.113879,479.863,0,38,2,0.0797807,0.0837483,-2.48038,-1.19487,-6.30163,-13.4685,-24.1612,-38.6819,0.000658655,False
2016-11-16,123.421,2176.94,0.0305259,0.00143544,0,-0.0461417,0.00171017,0.0535383,475.352,0,37,3,0.0774108,0.0813399,-1.29635,-0.627031,-6.04948,-13.4121,-24.349,-39.2124,0.000337003,False
2016-11-17,123.422,2187.12,0.0306504,0.0014307,0,0.0575853,0.00478625,0.134628,474.471,0,37,3,0.0785628,0.0826656,-3.07586,-1.48421,-6.76103,-13.7299,-24.118,-38.2152,7.52462e-06,False
2016-11-18,123.487,2181.9,0.0270148,0.00138024,0,-0.0542526,0.00179289,0.0385684,468.432,0,36,4,0.0675513,0.071079,-1.03244,-0.500767,-6.28429,-13.5515,-24.4748,-39.2212,0.000531909,False
2016-11-21,123.509,2198.18,0.0297148,0.00141361,0,0.244686,0.00626439,0.284074,468.619,0,37,3,0.0741852,0.0778745,-5.63013,-2.70075,-6.71426,-13.0007,-22.4915,-35.3212,0.000171816,False
2016-11-22,123.618,2202.94,0.0306074,0.0013866,0.0480907,0.157058,0.0053089,0.307344,468.597,0,37,3,0.0786977,0.0826114,-5.81441,-2.78381,-6.43962,-12.714,-22.089,-34.8199,0.000887464,False
2016-11-23,123.685,2204.72,0.0320524,0.00143488,0.0160282,-0.0306678,0.00610051,0.2188,465.914,0,37,3,0.0827528,0.0869531,-4.29946,-2.06227,-6.22595,-12.8092,-22.5376,-35.8031,0.000536855,False
2016-11-25,123.799,2213.35,0.0324916,0.00141512,0.109231,0.237096,0.0051213,0.257671,471.079,0,38,2,0.0817815,0.0859325,-4.91599,-2.35491,-6.34984,-12.8653,-22.5336,-35.6952,0.000929372,False
2016-11-28,123.794,2201.72,0.0342445,0.001461,0,-0.243544,0.0036172,0.0490997,470.602,0,37,3,0.0899061,0.0943092,-1.00884,-0.485536,-5.20083,-12.5057,-23.3253,-38.085,-4.69024e-05,False
2016-11-29,123.808,2204.66,0.0357498,0.00145917,0,-0.000696038,0.00186487,0.0662027,471.327,0,37,3,0.0910913,0.0955524,-1.30791,-0.628389,-5.32044,-12.5977,-23.3309,-37.9871,0.000118154,False
2016-11-30,123.8,2198.81,0.0406008,0.00156736,0,-0.0431255,0.00165782,0.0682654,473.605,0,39,1,0.103607,0.108759,-1.18068,-0.564398,-4.38567,-11.6268,-22.4565,-37.1862,-6.31018e-05,False
2016-12-01,123.787,2191.08,0.0466701,0.00168104,0,-0.0512651,0.00180135,0.0740775,473.794,0,39,1,0.118204,0.124204,-1.11001,-0.527089,-3.48367,-10.4693,-21.3968,-36.0513,-0.000112192,False
2016-12-02,123.833,2191.95,0.0424047,0.00160468,0,-0.00287625,0.000986469,0.0646018,477.869,0,39,1,0.107618,0.11308,-1.06132,-0.506205,-3.80881,-11.0037,-21.9813,-36.8594,0.000374944,False
2016-12-05,123.961,2204.71,0.0292067,0.00138277,0,0.0865006,0.00223915,0.0487976,477.49,0,36,4,0.0740751,0.0777029,-1.20296,-0.582165,-5.86333,-13.2222,-24.221,-39.1282,0.00103276,False
2016-12-06,123.996,2212.23,0.0281833,0.00133634,0,0.0472802,0.00318117,0.0845043,472.352,0,35,5,0.071874,0.0753941,-2.12062,-1.02657,-6.71088,-13.7648,-24.4014,-38.7614,0.000284277,False
2016-12-07,121.661,2241.35,0.0332095,0.00143142,0.416714,-0.32169,0.0401738,1.6724,472.974,0,38,2,0.0883544,0.0927484,-16.581,-7.60523,-4.27162,-8.29035,-14.4122,-22.7647,-0.0188288,False
2016-12-08,121.727,2246.19,0.0376138,0.00146564,0.638687,0.427393,0.0145127,1.41751,470.993,0,39,1,0.0971277,0.102058,-13.0276,-5.93385,-4.31872,-9.07845,-16.2154,-25.9751,0.000536175,False
2016-12-09,121.81,2259.53,0.0352202,0.00143392,1.11134,1.15635,0.0112517,1.40214,472.246,0,39,1,0.0908144,0.0954238,-10.7849,-4.81878,-4.81957,-10.1298,-17.9421,-28.6514,0.0006811,False
2016-12-12,121.99,2256.96,0.0325041,0.00139908,0.72985,-0.16567,0.00692543,0.350284,470.594,0,37,3,0.086943,0.0912011,-4.13964,-1.92717,-5.60617,-12.3731,-22.3724,-36.0136,0.00148196,False
2016-12-13,121.984,2271.72,0.0349477,0.00145379,0.539394,0.392433,0.0111276,0.231833,473.326,0,39,1,0.0888055,0.0931547,-4.74072,-2.2767,-6.40491,-13.104,-23.0329,-36.5628,-5.0351e-05,False
2016-12-14,121.918,2253.28,0.0393497,0.0015192,0,-0.271675,0.00876231,0.055254,470.273,0,40,0,0.10117,0.106201,-0.997727,-0.477591,-4.32957,-11.6057,-22.6022,-37.5354,-0.000541283,False
2016-12-15,121.905,2262.03,0.0367728,0.00144956,0,-0.0159634,0.00295946,0.0840763,472.768,0,39,1,0.0961564,0.101037,-1.58905,-0.761437,-5.19594,-12.5203,-23.3641,-38.1693,-0.000101887,False
2016-12-16,121.941,2258.07,0.0375586,0.00148836,0,-0.022249,0.0022629,0.0602395,473.261,0,39,1,0.0959271,0.100937,-1.14893,-0.551098,-4.6503,-12.0499,-23.0302,-38.027,0.000290348,False
2016-12-19,122.017,2262.53,0.029536,0.00137154,0,0.0301728,0.000984313,0.0419669,471.182,0,37,3,0.0758999,0.0796746,-1.00709,-0.486784,-5.54725,-12.9868,-24.0462,-39.0709,0.000620182,False
2016-12-20,122.051,2270.76,0.02885,0.00137552,0,0.0512213,0.00157883,0.084744,471.605,0,38,2,0.0755389,0.0792956,-2.01689,-0.974303,-6.55714,-13.7703,-24.5605,-39.1776,0.000281436,False
2016-12-21,122.062,2265.18,0.0309162,0.00138239,0,-0.0496846,0.00183627,0.0519381,467.162,0,37,3,0.079839,0.0838913,-1.20155,-0.580173,-5.82708,-13.1745,-24.0473,-38.8493,8.86422e-05,False
2016-12-22,122.066,2260.96,0.0333437,0.00138679,0,-0.0261423,0.00144159,0.0517212,466.454,0,38,2,0.0852333,0.0896843,-1.09509,-0.527331,-5.30005,-12.6701,-23.5092,-38.3211,3.7603e-05,False
2016-12-23,122.089,2263.79,0.035548,0.00144001,0,0.0153202,0.00105688,0.0777465,467.972,0,39,1,0.0909947,0.0959531,-1.55072,-0.74484,-5.45596,-12.7452,-23.4661,-38.1213,0.000183065,False
2016-12-27,122.186,2268.88,0.0309001,0.00136623,0,0.0477308,0.00156445,0.0565016,471.132,0,38,2,0.0786074,0.0825167,-1.36943,-0.662222,-6.19636,-13.5499,-24.4782,-39.3276,0.000794056,False
2016-12-28,122.148,2249.92,0.0369612,0.0014695,0,-0.0818488,0.00240945,0.0449694,470.273,0,38,2,0.0934369,0.0981794,-0.827705,-0.396493,-3.7952,-11.1217,-22.1346,-37.1397,-0.000304736,False
2016-12-29,122.152,2249.26,0.03772,0.00146403,0,-0.0084817,0.00129624,0.0681001,470.983,0,38,2,0.103021,0.108401,-1.16967,-0.558485,-3.91748,-11.1415,-22.0648,-36.9132,2.74038e-05,False
2016-12-30,122.134,2238.83,0.0418154,0.00154899,0,-0.0664581,0.00163458,0.0575601,470.047,0,39,1,0.108527,0.114194,-0.927941,-0.442073,-3.09116,-10.0858,-21.0813,-35.9493,-0.000141515,False
2017-01-03,122.235,2257.83,0.0335421,0.00137068,0,0.128251,0.00284861,0.114629,472.182,0,37,3,0.0912606,0.09573,-2.19586,-1.05236,-5.58624,-12.7908,-23.4188,-37.9292,0.000822907,False
2017-01-04,122.308,2270.75,0.0315323,0.00137221,0.0267313,0.163146,0.00640043,0.201583,472.961,0,38,2,0.0816554,0.0857163,-4.04091,-1.93908,-6.59389,-13.397,-23.5336,-37.3103,0.000599017,False
2017-01-05,122.324,2269,0.0343657,0.00140337,0,-0.0975646,0.00532374,0.116266,470.772,0,38,2,0.0887747,0.0932806,-2.55599,-1.23171,-6.15407,-13.2537,-23.7474,-38.0593,0.000125838,False
2017-01-06,122.266,2276.98,0.0309605,0.00135382,0.0100815,-0.0756942,0.0132006,0.104894,468.922,0,37,3,0.0782452,0.0823313,-2.68492,-1.30022,-6.64965,-13.7013,-24.1709,-38.3972,-0.000474134,False
2017-01-09,122.282,2268.9,0.0313145,0.00138261,0,-0.0742881,0.00187835,0.0423008,467.78,0,38,2,0.0799612,0.0839378,-0.962788,-0.464674,-5.55024,-12.9383,-23.8754,-38.7686,0.000133792,False
2017-01-10,122.299,2268.9,0.0301492,0.00131538,0,-0.00771638,0.00101783,0.045704,467.686,0,37,3,0.0773439,0.0811904,-1.06756,-0.515655,-5.56965,-12.9373,-23.8521,-38.7001,0.000136541,False
2017-01-11,122.34,2275.32,0.0278776,0.00136579,0,0.0296038,0.00204984,0.0583385,468.803,0,38,2,0.0696406,0.0731753,-1.53857,-0.745691,-6.51192,-13.7383,-24.6212,-39.3127,0.000338771,False
2017-01-12,122.323,2270.44,0.0295678,0.00133005,0,-0.0556324,0.00167474,0.0466782,467.891,0,37,3,0.0745394,0.078432,-1.13579,-0.549272,-5.99948,-13.3533,-24.2737,-39.0998,-0.0001423,False
2017-01-13,122.364,2274.64,0.0269976,0.00131582,0,0.0199082,0.00150277,0.049445,464.445,0,36,4,0.0671278,0.0706334,-1.33867,-0.649303,-6.66971,-13.8531,-24.71,-39.3397,0.000337798,False
2017-01-17,122.352,2267.89,0.0262331,0.00128636,0,-0.0503475,0.00123419,0.0348597,460.17,0,35,5,0.069165,0.0725523,-0.901972,-0.436919,-5.87477,-13.1093,-23.9726,-38.643,-9.84733e-05,False
2017-01-18,122.373,2271.89,0.0275868,0.00131483,0,0.0215804,0.00122263,0.0605978,457.986,0,36,4,0.0719289,0.0755061,-1.50898,-0.730063,-6.38497,-13.4512,-24.0667,-38.4112,0.00017075,False
2017-01-19,122.372,2263.69,0.0322486,0.0013989,0,-0.0411613,0.0017391,0.0494778,457.737,0,37,3,0.0822672,0.0864428,-1.08829,-0.524684,-5.37849,-12.6,-23.229,-37.728,-7.60567e-06,False
2017-01-20,122.448,2271.31,0.0262894,0.00131131,0,0.049984,0.00286788,0.0456602,458.17,0,36,4,0.0642014,0.0674601,-1.30084,-0.631865,-6.69165,-13.7555,-24.4935,-38.9247,0.000620337,False
2017-01-23,122.435,2265.2,0.0278508,0.00133393,0,-0.0425402,0.00138918,0.0404987,459.407,0,37,3,0.071874,0.0753941,-1.02554,-0.496497,-5.97264,-13.1729,-23.9521,-38.5353,-0.000100051,False
2017-01-24,122.438,2280.07,0.0262013,0.00132237,0,0.107357,0.00444751,0.16573,464.065,0,37,3,0.0684878,0.0718419,-3.91012,-1.88763,-7.10151,-13.7114,-23.776,-37.3175,2.08829e-05,False
2017-01-25,122.258,2298.37,0.0282151,0.0013394,0.22761,0.755672,0.0113184,0.889582,466.074,0,37,3,0.0710265,0.0745587,-13.4646,-6.36908,-5.31085,-9.96931,-17.0482,-26.6184,-0.00147203,False
2017-01-26,122.435,2296.68,0.0276511,0.00133129,0.116573,-0.19598,0.0128403,0.413174,464.304,0,37,3,0.07304,0.0767473,-7.74548,-3.7044,-6.00502,-11.8911,-20.6908,-32.6235,0.0014505,False
2017-01-27,122.617,2294.69,0.026411,0.00129304,0.0473192,-0.0933066,0.00633058,0.109087,460.894,0,36,4,0.0656583,0.0689909,-2.9222,-1.41672,-6.53178,-13.3376,-23.6039,-37.4338,0.00148853,False
2017-01-30,122.553,2280.9,0.0293036,0.00130998,0,-0.164605,0.0027969,0.0345468,459.44,0,36,4,0.0739058,0.0775253,-0.807765,-0.390126,-4.92185,-12.2027,-22.98,-37.6372,-0.000529026,False
2017-01-31,122.549,2278.87,0.0291256,0.00133035,0,-0.0226621,0.00113216,0.0421141,459.795,0,37,3,0.0749217,0.078591,-0.991965,-0.479225,-4.96343,-12.2139,-22.9457,-37.5385,-2.91001e-05,False
2017-02-01,122.528,2279.55,0.0289279,0.00132224,0,-0.0372763,0.00320022,0.0502219,462.657,0,38,2,0.0756292,0.0793903,-1.20869,-0.584344,-5.60769,-12.8495,-23.6015,-38.2008,-0.000171187,False
2017-02-02,122.526,2280.85,0.0301015,0.00137028,0,-0.0217894,0.00190927,0.0573807,463.44,0,37,3,0.0767309,0.0806255,-1.37821,-0.666243,-6.10009,-13.3194,-24.0366,-38.591,-1.73525e-05,False
2017-02-03,122.61,2297.42,0.023954,0.00127515,0.00520296,0.179598,0.00485071,0.164974,466.22,0,36,4,0.0609962,0.0640922,-4.55367,-2.20962,-7.42895,-13.9227,-23.876,-37.2103,0.000690713,False
2017-02-06,122.62,2292.56,0.0235382,0.00128143,0,-0.128097,0.00398439,0.0458535,461.584,0,36,4,0.0616305,0.0646488,-1.47907,-0.720883,-7.28065,-14.3571,-25.1349,-39.5854,7.58139e-05,False
2017-02-07,122.634,2293.08,0.0237243,0.00129764,0,-0.0128871,0.00229297,0.0392311,461.202,0,37,3,0.0595987,0.0625176,-1.25165,-0.609863,-7.20914,-14.3163,-25.163,-39.6926,0.000113106,False
2017-02-08,122.642,2294.67,0.0237547,0.00129507,0,-0.00478948,0.00182609,0.0466415,456.778,0,36,4,0.0608282,0.0638533,-1.41702,-0.689541,-7.14113,-14.1348,-24.817,-39.1326,6.87718e-05,False
2017-02-09,122.5,2307.87,0.0242188,0.00128029,0.00920968,0.0582386,0.0154902,0.245611,458.429,0,36,4,0.0632301,0.0664395,-5.95557,-2.87764,-7.08572,-13.1718,-22.4955,-35.0019,-0.00116185,False
2017-02-10,122.538,2316.1,0.0272618,0.0013056,0.0830701,0.33201,0.0100861,0.472149,461.041,0,37,3,0.0681866,0.0717475,-9.31951,-4.46735,-6.19243,-11.6425,-19.9273,-31.094,0.000312422,False
2017-02-13,122.605,2328.25,0.0247585,0.00127477,0.47859,0.848549,0.0168696,0.781256,463.937,0,37,3,0.063987,0.0671692,-12.1044,-5.73371,-5.61279,-10.4946,-17.9628,-28.0016,0.000550582,False
2017-02-14,122.596,2337.58,0.0241593,0.00126274,0.752177,0.663537,0.0166583,0.70861,461.667,0,36,4,0.060738,0.0637586,-11.0355,-5.22878,-5.89275,-10.9611,-18.7282,-29.1457,-7.95657e-05,False
2017-02-15,122.257,2349.25,0.0308387,0.00134045,0.883694,0.726404,0.0228569,0.897022,465.848,0,38,2,0.0755654,0.0794008,-12.6774,-5.97272,-5.27537,-10.1077,-17.3766,-27.2499,-0.00276568,False
2017-02-16,122.368,2347.22,0.0314139,0.00134372,0.279392,-0.233768,0.0127951,0.289825,463.791,0,37,3,0.0813157,0.0855622,-5.92563,-2.8453,-6.09542,-12.3739,-21.6815,-34.3667,0.000910476,False
2017-02-17,122.522,2351.16,0.0278056,0.00128486,0.103731,0.0489068,0.00887001,0.0988163,464.653,0,36,4,0.0672337,0.0707448,-2.90838,-1.41404,-6.80531,-13.6834,-24.0422,-38.0149,0.00125715,False
2017-02-21,122.54,2365.38,0.0275493,0.00125438,0.21399,0.399338,0.0147072,0.277128,465.142,0,36,4,0.0712814,0.0747724,-6.12698,-2.95082,-6.75228,-12.9308,-22.3002,-34.9403,0.000152006,False
2017-02-22,122.576,2362.82,0.0308308,0.00133136,0.013805,-0.145731,0.00598147,0.105219,466.955,0,38,2,0.0768927,0.0807167,-2.54534,-1.23032,-6.77939,-13.7848,-24.2382,-38.4183,0.000292892,False
2017-02-23,122.585,2363.81,0.0311175,0.00135177,0,-0.0408782,0.00484333,0.0803025,467.632,0,37,3,0.0789648,0.0829728,-2.01346,-0.974641,-6.56926,-13.728,-24.3339,-38.754,7.31063e-05,False
2017-02-24,122.601,2367.34,0.026885,0.00129268,0,-0.0325683,0.00256323,0.054647,465.594,0,37,3,0.0703205,0.0738897,-1.54709,-0.751495,-6.73976,-13.9132,-24.6862,-39.238,0.00013147,False
2017-02-27,122.624,2369.75,0.0296282,0.00129492,0,0.0040847,0.00203371,0.0619158,468.714,0,38,2,0.0740751,0.0777029,-1.57502,-0.762671,-6.71093,-13.9306,-24.7501,-39.386,0.000188542,False
2017-02-28,122.619,2363.64,0.0321959,0.00137099,0,-0.0461402,0.00158826,0.0508113,467.599,0,38,2,0.0817789,0.085784,-1.1468,-0.553416,-5.81028,-13.1437,-23.9854,-38.7532,-4.72912e-05,False
2017-03-01,122.091,2395.96,0.0304755,0.00129441,0.137556,0.467478,0.0301078,0.907483,474.093,0,38,2,0.0790587,0.0829904,-12.7373,-5.99829,-5.46098,-10.3885,-17.8509,-27.9852,-0.00430339,False
2017-03-02,122.087,2381.92,0.0283079,0.00128561,0.00199201,-0.829669,0.0108001,0.0962406,469.088,0,37,3,0.0743027,0.078074,-2.41593,-1.16893,-6.40039,-13.4839,-24.0735,-38.4392,-3.43742e-05,False
2017-03-03,122.13,2383.12,0.0235611,0.00123701,0,-0.0303828,0.00277972,0.0421965,466.226,0,36,4,0.0611905,0.0642963,-1.35893,-0.662235,-6.57703,-13.799,-24.75,-39.4621,0.000353893,False
2017-03-06,122.106,2375.31,0.0250719,0.00126459,0,-0.0561295,0.00140481,0.0327865,462.09,0,37,3,0.0674719,0.0707763,-0.873466,-0.423436,-5.52006,-12.7991,-23.7464,-38.5224,-0.000199107,False
2017-03-07,122.101,2368.39,0.0277782,0.00130189,0,-0.0276126,0.00107845,0.0348192,459.036,0,37,3,0.069165,0.0725523,-0.873354,-0.422606,-5.06443,-12.2896,-23.1413,-37.8166,-3.47853e-05,False
2017-03-08,122.104,2362.98,0.0305179,0.00132435,0,-0.0163187,0.00133964,0.0437909,461.277,0,38,2,0.0764414,0.080243,-1.00688,-0.486007,-5.10106,-12.4083,-23.1995,-37.8878,2.0995e-05,False
2017-03-09,122.106,2364.87,0.0331332,0.00138509,0,0.00582551,0.00111812,0.0782721,465.417,0,39,1,0.0874149,0.0918518,-1.6078,-0.773048,-5.52818,-12.7893,-23.444,-38.0031,1.61693e-05,False
2017-03-10,122.153,2372.6,0.0298376,0.00130301,0,0.0264314,0.00320466,0.0830366,471.375,0,38,2,0.0778964,0.0818502,-2.02202,-0.977668,-6.5828,-13.7912,-24.5407,-39.1339,0.000384886,False
2017-03-13,122.199,2373.47,0.0274984,0.00128762,0,-0.0135631,0.00122302,0.0479526,471.446,0,37,3,0.0711968,0.0746836,-1.31724,-0.639246,-6.78362,-14.1249,-25.145,-40.0323,0.000380741,False
2017-03-14,122.19,2365.45,0.0297971,0.00130489,0,-0.0425357,0.00127169,0.0416316,466.934,0,37,3,0.0789006,0.0827647,-0.953515,-0.460293,-5.56474,-12.962,-23.8893,-38.7721,-7.36023e-05,False
2017-03-15,121.936,2385.26,0.0290599,0.00131248,0,-0.0894507,0.0124479,0.22143,467.575,0,37,3,0.0746364,0.0783482,-4.4798,-2.14979,-6.88883,-13.4937,-23.4581,-36.9288,-0.00207831,False
2017-03-16,122.032,2381.38,0.0263754,0.0012629,0,-0.0812531,0.00519202,0.0646979,463.017,0,36,4,0.0667267,0.0701136,-1.79992,-0.87358,-6.85591,-13.9449,-24.6611,-39.0957,0.00078237,False
2017-03-17,122.051,2378.25,0.0247162,0.00123915,0,-0.0295144,0.00192073,0.0372001,459.035,0,36,4,0.0640072,0.0672559,-1.0876,-0.528637,-6.53851,-13.7073,-24.5593,-39.1555,0.00016012,False
2017-03-20,122.058,2373.47,0.0252188,0.0012276,0,-0.0202711,0.00100992,0.0336525,458.044,0,35,5,0.0656094,0.0688226,-0.915436,-0.444029,-5.96382,-13.1613,-24.0341,-38.667,5.12717e-05,False
2017-03-21,121.999,2344.02,0.0364713,0.0014396,0,-0.0832958,0.00213588,0.0419118,455.769,0,39,1,0.0954934,0.10017,-0.743251,-0.355423,-2.74418,-9.67649,-20.3689,-34.9465,-0.000480587,False
2017-03-22,122.004,2348.45,0.0409052,0.00150314,0,0.01454,0.00108685,0.0895966,463.117,0,40,0,0.106404,0.111696,-1.45489,-0.692296,-3.83112,-10.9143,-21.5567,-36.0403,4.23804e-05,False
2017-03-23,121.993,2345.96,0.0466795,0.00161474,0,-0.0393807,0.00233397,0.104143,466.088,0,39,1,0.121992,0.128184,-1.55316,-0.736236,-3.79885,-10.7535,-21.4971,-35.9258,-9.1769e-05,False
2017-03-24,122.014,2343.98,0.0401176,0.00147787,0,-0.0618233,0.00273355,0.0576423,471.066,0,39,1,0.104801,0.11012,-1.00392,-0.479818,-3.95784,-11.1925,-22.1841,-37.1066,0.000168727,False
2017-03-27,121.994,2341.59,0.0342232,0.00141193,0,-0.0667195,0.00130271,0.0419634,473.371,0,39,1,0.0873663,0.0916451,-0.838282,-0.40277,-4.07285,-11.4829,-22.5671,-37.7132,-0.000160081,False
2017-03-28,122.025,2358.57,0.0292446,0.00129088,0,0.0793703,0.00260552,0.116142,473.12,0,37,3,0.0748371,0.0785022,-2.54457,-1.22525,-6.11749,-13.2217,-23.8914,-38.3409,0.000250343,False
2017-03-29,122.036,2361.13,0.0283112,0.00133047,0.00235469,-0.0245744,0.00384904,0.100399,471.968,0,38,2,0.0750877,0.0788219,-2.40552,-1.16211,-6.53037,-13.6574,-24.3393,-38.8097,9.78883e-05,False
2017-03-30,122.049,2368.06,0.0283226,0.00127098,0.00318859,0.021057,0.00403338,0.128963,467.093,0,36,4,0.0725544,0.076237,-3.32742,-1.61125,-6.96353,-13.8198,-24.127,-38.0597,0.000100979,False
2017-03-31,122.083,2362.72,0.0262904,0.00127651,0,-0.0764653,0.00360312,0.0393569,463.204,0,37,3,0.0681837,0.0716444,-1.11218,-0.540128,-6.53582,-13.7921,-24.6974,-39.4147,0.000283097,False
2017-04-03,122.042,2358.84,0.027895,0.00128079,0,-0.0646249,0.00222087,0.04002,462.231,0,37,3,0.072636,0.0761933,-0.996636,-0.482226,-5.88585,-13.173,-24.0545,-38.7897,-0.000334973,False
2017-04-04,122.052,2360.16,0.0279182,0.00125503,0,-0.00852484,0.00104799,0.0478942,459.515,0,36,4,0.0721094,0.0756956,-1.21751,-0.589441,-6.09384,-13.2728,-24.0338,-38.5881,7.55158e-05,False
2017-04-05,121.979,2352.95,0.0348053,0.00137713,0,-0.0928115,0.00368686,0.0578623,460.701,0,38,2,0.0886776,0.0931786,-1.18884,-0.571844,-5.20447,-12.473,-23.1526,-37.7431,-0.000598421,False
2017-04-06,122.017,2357.49,0.0331203,0.00136797,0,0.0174484,0.00132606,0.067792,467.034,0,38,2,0.0853392,0.0897958,-1.46343,-0.704999,-5.87621,-13.1801,-23.9425,-38.6295,0.00031108,False
2017-04-07,122.03,2355.54,0.0311715,0.00131764,0,-0.0346067,0.00138111,0.0481058,468.966,0,38,2,0.0802569,0.0844481,-1.0966,-0.529255,-5.7002,-13.0962,-24.0372,-38.9441,0.000111068,False
2017-04-10,122.03,2357.16,0.0324065,0.00134647,0,-0.0214396,0.00297085,0.0548372,471.475,0,38,2,0.0803222,0.0843167,-1.24792,-0.602226,-5.89358,-13.2987,-24.266,-39.1938,-6.70473e-07,False
2017-04-11,122.027,2353.78,0.0335573,0.00137032,0,-0.0317892,0.00141403,0.0573433,471.864,0,39,1,0.0875421,0.0918957,-1.19923,-0.577245,-5.3892,-12.821,-23.7668,-38.7142,-2.88646e-05,False
2017-04-12,122.018,2344.93,0.0397684,0.00147347,0,-0.0407372,0.001467,0.0622336,471.557,0,39,1,0.102373,0.107569,-1.08879,-0.520441,-4.25074,-11.5803,-22.5434,-37.4668,-7.2113e-05,False
2017-04-13,121.991,2328.95,0.0491902,0.00169671,0,-0.0599677,0.00131323,0.0752769,471.531,0,40,0,0.130973,0.137813,-1.01659,-0.479962,-2.65459,-9.28664,-20.4413,-35.1387,-0.000219892,False
2017-04-17,122.193,2349.01,0.0389333,0.00147437,0,0.186508,0.00267306,0.0946843,476.03,0,39,1,0.103282,0.10834,-1.68687,-0.806333,-4.90786,-12.2203,-23.0821,-37.8909,0.00165493,False
2017-04-18,122.195,2342.19,0.0416135,0.00151798,0,-0.0634821,0.00151382,0.0675054,475.221,0,40,0,0.109462,0.114823,-1.14242,-0.545267,-4.1409,-11.4042,-22.4513,-37.4122,1.8647e-05,False
2017-04-19,122.201,2338.17,0.0475869,0.00165947,0,-0.0248908,0.0014773,0.0815022,474.977,0,39,1,0.122288,0.12837,-1.20846,-0.573033,-3.6515,-10.6752,-21.7685,-36.5892,4.55224e-05,False
2017-04-20,122.25,2355.84,0.0458262,0.001621,0,0.103373,0.00404394,0.176089,477.903,0,40,0,0.115679,0.121551,-2.67355,-1.26705,-5.10799,-12.1573,-22.771,-37.1472,0.000400547,False
2017-04-21,122.291,2348.69,0.0489058,0.00168069,0,-0.0766982,0.00236531,0.103218,477.051,0,40,0,0.126946,0.133389,-1.53847,-0.729699,-4.036,-11.0344,-22.0664,-36.7686,0.000335643,False
2017-04-24,122.581,2374.15,0.0248493,0.00122808,0,0.230711,0.0046519,0.0627421,474.085,0,35,5,0.0642549,0.0674018,-2.02074,-0.984855,-7.07837,-14.2587,-25.1531,-39.7938,0.00237268,False
2017-04-25,122.567,2388.61,0.0254377,0.00122763,0.115366,0.290752,0.00944944,0.267029,467.935,0,35,5,0.0651015,0.0682898,-6.3352,-3.05882,-6.8843,-13.0447,-22.4645,-35.114,-0.000115352,False
2017-04-26,122.555,2387.45,0.0284172,0.00130397,0.0145025,-0.147128,0.0111562,0.13339,463.959,0,37,3,0.0719289,0.0755061,-3.37954,-1.63568,-6.90871,-13.6683,-23.8431,-37.5884,-9.81925e-05,False
2017-04-27,122.608,2388.77,0.0289112,0.00129098,0,-0.0142097,0.00383489,0.0898803,462.716,0,38,2,0.0732343,0.0769514,-2.4582,-1.19282,-6.84791,-13.803,-24.2068,-38.2869,0.000433159,False
2017-04-28,122.614,2384.2,0.0307096,0.00132765,0,-0.0553837,0.00480427,0.052944,462.126,0,38,2,0.0795476,0.0835852,-1.28327,-0.620696,-6.09152,-13.3145,-23.9909,-38.528,4.99984e-05,False
2017-05-01,122.659,2388.33,0.0255191,0.00122753,0,0.0101563,0.00307345,0.0387469,461.844,0,35,5,0.0656941,0.0689114,-1.08053,-0.524572,-6.57893,-13.7536,-24.6204,-39.2358,0.000371667,False
2017-05-02,122.675,2391.17,0.0269079,0.00124761,0,0.0106947,0.00168459,0.0582486,460.469,0,36,4,0.0689957,0.0723747,-1.545,-0.748963,-6.73662,-13.7933,-24.4621,-38.8381,0.000123666,False
2017-05-03,122.67,2388.13,0.0267195,0.00127662,0,-0.0420411,0.00161418,0.0442236,462.07,0,37,3,0.070485,0.0739903,-1.16962,-0.567015,-6.41365,-13.6018,-24.3964,-38.9792,-3.41346e-05,False
2017-05-04,122.682,2389.52,0.0284987,0.00129475,0,-0.00125703,0.00141391,0.0573958,463.21,0,37,3,0.0746912,0.0784823,-1.42819,-0.691163,-6.46442,-13.6439,-24.3494,-38.8586,9.2612e-05,False
2017-05-05,122.724,2399.29,0.0277626,0.00124302,0,0.0633204,0.00194191,0.10333,462.431,0,36,4,0.0702233,0.0737876,-2.69932,-1.30784,-7.12964,-13.9696,-24.322,-38.2792,0.000342058,False
2017-05-08,122.816,2399.38,0.0235043,0.00123847,0,0.00807646,0.00211446,0.0390014,462.104,0,36,4,0.0588368,0.0617183,-1.28023,-0.624262,-7.32644,-14.4325,-25.2816,-39.8069,0.000754182,False
2017-05-09,122.793,2396.92,0.0250502,0.00127352,0,-0.0448839,0.00189918,0.0393345,459.293,0,37,3,0.0628157,0.0658921,-1.14286,-0.555475,-6.86106,-13.9611,-24.7567,-39.2478,-0.000190036,False
2017-05-10,122.819,2399.63,0.0246265,0.00122129,0,0.0137445,0.00109847,0.0490603,456.471,0,35,5,0.0620917,0.0651797,-1.44273,-0.701451,-6.99826,-13.9761,-24.6184,-38.8915,0.000214389,False
2017-05-11,122.811,2394.44,0.0269712,0.00126455,0,-0.0382615,0.00137342,0.0434161,457.76,0,37,3,0.0691549,0.072665,-1.14939,-0.557212,-6.35831,-13.4668,-24.1619,-38.5959,-6.74495e-05,False
2017-05-12,122.83,2390.9,0.02432,0.00125308,0,-0.0158826,0.000941945,0.0303073,460.592,0,37,3,0.0600249,0.0630716,-0.88126,-0.428327,-6.29184,-13.4562,-24.3678,-39.0045,0.00015757,False
2017-05-15,122.869,2402.32,0.0207842,0.00120515,0,0.0746575,0.00234751,0.0833105,461.71,0,35,5,0.0545193,0.0571894,-2.54172,-1.23697,-7.47931,-14.2936,-24.7628,-38.7498,0.000316582,False
2017-05-16,122.871,2400.67,0.0212019,0.00122726,0,-0.0527511,0.00321998,0.0453413,459.1,0,36,4,0.0540114,0.0566565,-1.57725,-0.770183,-7.49328,-14.4759,-25.178,-39.478,1.60563e-05,False
2017-05-17,122.729,2357.03,0.0494545,0.00171073,0,-0.170788,0.00186551,0.062672,457.529,0,40,0,0.124996,0.131212,-0.858777,-0.405954,-2.33975,-8.82018,-19.5963,-33.8713,-0.00115764,False
2017-05-18,122.78,2365.72,0.0415053,0.00151608,0,0.0161928,0.00103218,0.0670343,463.696,0,39,1,0.104801,0.11012,-1.1232,-0.535793,-3.61149,-10.6567,-21.3753,-35.9182,0.000413819,False
2017-05-19,122.858,2381.73,0.0316834,0.00132421,0,0.0689323,0.00247277,0.0852167,470.688,0,38,2,0.0798334,0.0840025,-1.93759,-0.934897,-5.77844,-12.9747,-23.6402,-38.1534,0.000640467,False
2017-05-22,122.986,2394.02,0.0232734,0.00123575,0.00834556,0.132758,0.00564454,0.0983205,473.325,0,36,4,0.0615502,0.0646112,-3.02479,-1.47247,-7.31388,-14.2278,-24.7832,-38.9354,0.00103943,False
2017-05-23,123.056,2398.42,0.0260135,0.00123135,0.00354988,0.0700024,0.00447226,0.115059,469.348,0,35,5,0.0646187,0.0678323,-3.47169,-1.6892,-7.367,-14.1366,-24.4348,-38.2645,0.000569364,False
2017-05-24,123.152,2404.39,0.0256416,0.00122727,0.0106324,0.0941125,0.0052044,0.121723,464.744,0,35,5,0.0626474,0.0658271,-3.78133,-1.84132,-7.42239,-14.0462,-24.1421,-37.6846,0.000780344,False
2017-05-25,123.059,2415.07,0.0258369,0.00124876,0.104692,0.168944,0.0206755,0.283403,461.841,0,36,4,0.0629985,0.0662884,-7.2804,-3.52515,-6.83254,-12.6757,-21.6234,-33.6308,-0.000759342,False
2017-05-26,123.246,2415.82,0.0220616,0.00120246,0.0146367,0.00359081,0.00593863,0.0993755,458.898,0,35,5,0.0567516,0.0597153,-3.42036,-1.66988,-7.43963,-14.0319,-24.1149,-37.6081,0.00152693,False
2017-05-30,123.25,2412.91,0.0228561,0.00122545,0,-0.0786222,0.00264772,0.0363312,455.751,0,36,4,0.0580749,0.0609191,-1.22538,-0.59797,-7.25935,-14.2475,-24.9223,-39.2114,2.76281e-05,False
2017-05-31,123.27,2411.8,0.0245347,0.00123489,0,0.00176381,0.00133055,0.0401303,456.305,0,36,4,0.0611892,0.0642323,-1.19092,-0.579229,-6.89877,-13.9014,-24.5808,-38.8979,0.000161736,False
2017-06-01,123.191,2430.06,0.023677,0.00121666,0.011182,0.219171,0.00955238,0.339984,458.88,0,36,4,0.0614818,0.0646024,-7.40832,-3.56626,-6.8337,-12.5826,-21.4078,-33.2336,-0.000640518,False
2017-06-02,123.167,2439.07,0.022133,0.00121463,0.143881,0.295017,0.0143424,0.521107,458.451,0,35,5,0.0564312,0.0592955,-10.5645,-5.07071,-6.10662,-11.2172,-19.0601,-29.5538,-0.000190042,False
2017-06-05,123.28,2436.1,0.0266829,0.00125581,0.0356143,-0.169231,0.00677131,0.221901,459.128,0,37,3,0.066456,0.0697106,-5.43607,-2.62816,-6.64772,-12.8509,-22.252,-34.9018,0.000917579,False
2017-06-06,123.3,2429.33,0.028845,0.00128013,0,-0.169186,0.00434342,0.0560526,459.569,0,37,3,0.0739905,0.0776141,-1.55839,-0.756837,-6.32015,-13.3945,-23.9166,-38.1805,0.000161293,False
2017-06-07,123.345,2433.14,0.0297639,0.00129766,0,0.0216161,0.00194485,0.0596821,465.288,0,38,2,0.0738242,0.0774956,-1.47902,-0.71573,-6.51069,-13.6634,-24.354,-38.8287,0.000360972,False
2017-06-08,123.366,2433.79,0.028509,0.00124998,0,-0.0126376,0.00171806,0.0512478,466.8,0,36,4,0.0712917,0.0749103,-1.32525,-0.642133,-6.51669,-13.7111,-24.5021,-39.0884,0.000172992,False
2017-06-09,123.351,2431.77,0.0270795,0.00127739,0,-0.0483263,0.0022356,0.0415496,466.696,0,37,3,0.0693492,0.0728691,-1.08647,-0.526591,-6.32071,-13.553,-24.4262,-39.1102,-0.000122089,False
2017-06-12,123.36,2429.39,0.0279103,0.00125893,0,-0.0184661,0.000881147,0.0404288,467.382,0,37,3,0.0698423,0.0732628,-1.03695,-0.502295,-6.128,-13.3857,-24.2915,-39.0169,6.83002e-05,False
2017-06-13,123.403,2440.35,0.0248177,0.00121112,0,0.0559061,0.00205129,0.074704,466.048,0,35,5,0.060022,0.0629616,-2.20585,-1.0727,-7.32717,-14.2494,-24.8539,-39.0537,0.000350084,False
2017-06-14,123.325,2437.92,0.0249455,0.00120641,0,-0.118898,0.0048802,0.0524339,462.211,0,35,5,0.0647992,0.0680218,-1.52904,-0.743358,-7.0444,-14.0756,-24.7667,-39.1291,-0.000630208,False
2017-06-15,123.265,2432.46,0.0282068,0.00128851,0,-0.0942105,0.00168162,0.0432941,462.049,0,37,3,0.0706118,0.0741959,-1.11499,-0.540174,-6.35801,-13.5345,-24.2858,-38.8174,-0.000485174,False
2017-06-16,123.289,2433.15,0.0221389,0.00121199,0,-0.0098604,0.00129366,0.0293377,460.877,0,36,4,0.0566255,0.0594996,-0.916701,-0.446468,-6.67962,-13.7976,-24.6885,-39.265,0.000192506,False
2017-06-19,123.271,2453.46,0.0221502,0.00118708,0.0140271,0.268164,0.0061032,0.316326,459.725,0,34,6,0.0540114,0.0566565,-7.13656,-3.43999,-7.05043,-12.8926,-21.8463,-33.8066,-0.000145925,False
2017-06-20,123.241,2437.03,0.0252815,0.00120781,0,-0.319775,0.00580314,0.0450517,455.64,0,35,5,0.0665406,0.0697994,-1.27606,-0.619869,-6.53334,-13.5402,-24.1302,-38.3927,-0.000245238,False
2017-06-21,123.26,2435.61,0.0271112,0.00122926,0,-0.00568952,0.00157214,0.0438544,456.35,0,36,4,0.06868,0.0720955,-1.18036,-0.572568,-6.3543,-13.4118,-24.0243,-38.3457,0.000160804,False
2017-06-22,123.279,2434.5,0.0270407,0.00122764,0,-0.00721018,0.00137372,0.0423874,457.17,0,36,4,0.0681837,0.0716444,-1.12679,-0.546367,-6.21518,-13.2915,-23.944,-38.3118,0.00015168,False
2017-06-23,123.32,2438.3,0.0228585,0.0012299,0,0.0129187,0.000819879,0.0351712,461.151,0,37,3,0.0557513,0.058581,-1.14161,-0.556559,-6.98042,-14.0376,-24.8709,-39.3606,0.000332121,False
2017-06-26,123.291,2439.07,0.0224317,0.00122053,0,-0.0406554,0.00409474,0.0410999,461.473,0,36,4,0.0580305,0.0609165,-1.30024,-0.633473,-7.22246,-14.2647,-25.0552,-39.4936,-0.000238952,False
2017-06-27,123.258,2419.38,0.0315901,0.00134283,0,-0.0630954,0.00153939,0.0388863,462.871,0,38,2,0.0789684,0.0828956,-0.843981,-0.406779,-4.83339,-12.1363,-22.8927,-37.555,-0.00026096,False
2017-06-28,123.293,2440.69,0.0258911,0.00125991,0,0.141797,0.00392164,0.166646,466.738,0,37,3,0.0641043,0.067358,-3.69704,-1.78107,-7.04492,-13.6773,-23.8141,-37.423,0.000281905,False
2017-06-29,122.992,2419.7,0.0358868,0.00138813,0,-0.433982,0.00595081,0.0625316,467.443,0,38,2,0.0957154,0.100714,-1.19266,-0.572307,-4.78781,-12.0481,-22.7937,-37.4506,-0.00244393,False
2017-06-30,123.05,2423.41,0.0321779,0.00135842,0,0.0156998,0.00209737,0.0491161,471.619,0,39,1,0.0806804,0.0848938,-1.09592,-0.528707,-5.48484,-12.8806,-23.7717,-38.6364,0.000470253,False
2017-07-03,123.087,2429.01,0.0300882,0.00131316,0,0.0200159,0.00184462,0.0586831,472.579,0,37,3,0.0758999,0.0796746,-1.39617,-0.67479,-6.16534,-13.482,-24.367,-39.142,0.000303774,False
2017-07-05,123.119,2432.54,0.0279762,0.00128537,0,0.0038421,0.0022571,0.0550415,472.93,0,37,3,0.0703947,0.0738955,-1.44516,-0.700472,-6.60533,-13.8709,-24.8088,-39.5759,0.000259307,False
2017-07-06,123.063,2409.75,0.0373016,0.00141434,0,-0.0990744,0.00152767,0.046655,469.409,0,39,1,0.0942139,0.0989958,-0.853515,-0.40888,-3.87657,-11.1785,-22.063,-36.9182,-0.00045751,False
2017-07-07,123.151,2425.18,0.02694,0.0012426,0,0.0797536,0.00139594,0.0628389,470.316,0,37,3,0.0697377,0.0732773,-1.59474,-0.772089,-6.14924,-13.3383,-24.1597,-38.7757,0.000714036,False
2017-07-10,123.176,2427.43,0.0268325,0.00128034,0,-0.00397083,0.0022155,0.0567959,470.713,0,37,3,0.0687417,0.0721083,-1.54904,-0.751647,-6.60523,-13.7886,-24.6601,-39.3065,0.000206323,False
2017-07-11,123.179,2425.53,0.0269472,0.00123456,0,-0.0323855,0.00186716,0.0449305,466.478,0,36,4,0.0695036,0.0729076,-1.21103,-0.587476,-6.52991,-13.7355,-24.5911,-39.2383,2.69971e-05,False
2017-07-12,123.224,2443.25,0.0237518,0.00121458,0,0.201961,0.00834705,0.215917,468.048,0,36,4,0.0620917,0.0651797,-5.57139,-2.69816,-7.26707,-13.549,-23.1673,-36.0617,0.000366656,False
2017-07-13,123.361,2447.83,0.0246087,0.00123954,0.0290705,0.139311,0.00713682,0.206292,467.789,0,36,4,0.061579,0.0647045,-5.39737,-2.61513,-7.1982,-13.5202,-23.1713,-36.1134,0.00110447,False
2017-07-14,123.215,2459.27,0.0226163,0.00120855,0.184617,0.257725,0.0208101,0.425157,467.29,0,36,4,0.0567226,0.0596016,-9.32197,-4.48848,-6.54419,-12.0388,-20.4873,-31.7902,-0.00117671,False
2017-07-17,123.358,2459.14,0.0234832,0.00121543,0.123829,-0.0264516,0.00510147,0.149531,464.853,0,36,4,0.0581596,0.0610079,-4.3702,-2.12451,-7.34834,-13.8307,-23.7519,-37.0285,0.00115661,False
2017-07-18,123.363,2460.61,0.0239309,0.00121948,0.0560749,-0.0476842,0.0055276,0.0581469,461.148,0,36,4,0.0585829,0.0614519,-2.01007,-0.981495,-7.61028,-14.5159,-25.0718,-39.2014,3.89816e-05,False
2017-07-19,123.208,2473.83,0.021482,0.00119673,0.063083,0.0783524,0.0143364,0.234051,462.389,0,36,4,0.0564963,0.0593059,-6.6624,-3.23624,-7.18992,-13.1709,-22.3469,-34.6175,-0.00125391,False
2017-07-20,123.24,2473.45,0.0219158,0.00119962,0.00811401,-0.101374,0.0119137,0.101641,460.14,0,36,4,0.0576939,0.0606222,-3.30302,-1.6103,-7.54441,-14.1808,-24.3291,-37.9096,0.00025748,False
2017-07-21,123.236,2472.54,0.0198378,0.00118116,0,-0.0864999,0.00302646,0.0348385,457.551,0,34,6,0.0495351,0.0520494,-1.41223,-0.691983,-7.67854,-14.6515,-25.3447,-39.6197,-3.29994e-05,False
2017-07-24,123.244,2469.91,0.020178,0.00117657,0,-0.0163872,0.00124875,0.0275708,454.862,0,34,6,0.0497785,0.0522164,-0.986515,-0.482074,-7.28432,-14.2888,-25.046,-39.4053,7.00542e-05,False
2017-07-25,123.229,2477.13,0.0201735,0.00116284,0,0.0190541,0.00375887,0.0772916,452.666,0,34,6,0.0517256,0.0542589,-2.52944,-1.23336,-7.5823,-14.2505,-24.4791,-38.1357,-0.000125076,False
2017-07-26,123.262,2477.83,0.0213493,0.00117913,0,0.00180594,0.00400043,0.0624657,454.448,0,35,5,0.0529765,0.0556111,-2.20162,-1.07548,-7.70151,-14.4681,-24.8342,-38.6807,0.000266185,False
2017-07-27,123.224,2475.42,0.0247554,0.00121621,0,-0.0663689,0.00533489,0.0524562,454.809,0,36,4,0.0609962,0.0640922,-1.66042,-0.808972,-7.34717,-14.2307,-24.7382,-38.8205,-0.000309545,False
2017-07-28,123.219,2472.1,0.0221193,0.00118188,0,-0.0467424,0.00161662,0.0294758,455.145,0,35,5,0.05478,0.0575605,-0.963826,-0.469961,-7.03538,-14.0507,-24.8053,-39.1853,-3.60417e-05,False
2017-07-31,123.206,2470.3,0.021234,0.0011858,0,-0.029535,0.00272108,0.0306325,454.979,0,36,4,0.0553659,0.0580774,-0.998121,-0.486639,-6.86711,-13.868,-24.6105,-38.9726,-0.000108463,False
2017-08-01,123.204,2476.35,0.0210705,0.00119786,0,0.00180021,0.00290096,0.0509192,456.987,0,36,4,0.0518949,0.0544365,-1.77603,-0.867353,-7.58026,-14.4651,-25.0324,-39.1422,-1.22946e-05,False
2017-08-02,123.237,2477.57,0.0205568,0.00117203,0,0.0104608,0.00177718,0.0466601,456.169,0,35,5,0.051713,0.0542848,-1.71334,-0.837745,-7.73663,-14.6272,-25.191,-39.2967,0.00026239,False
2017-08-03,123.229,2472.16,0.0233643,0.00120885,0,-0.0370644,0.00168033,0.0374603,455.254,0,36,4,0.0594422,0.0624592,-1.16526,-0.567459,-7.11555,-14.1014,-24.776,-39.075,-5.9962e-05,False
2017-08-04,123.277,2476.83,0.0202443,0.00118111,0,0.0297646,0.00124784,0.0376079,455.062,0,34,6,0.0511863,0.0537843,-1.35586,-0.662682,-7.61308,-14.5414,-25.1844,-39.3954,0.000384912,False
2017-08-07,123.305,2480.91,0.0193643,0.00118437,0,0.0215537,0.00165435,0.0469906,455.562,0,36,4,0.0498631,0.0523052,-1.75865,-0.860274,-7.87229,-14.7469,-25.2812,-39.3408,0.000232782,False
2017-08-08,123.137,2474.92,0.0238603,0.00120196,0,-0.187938,0.00833429,0.041307,455.36,0,36,4,0.0612919,0.0642936,-1.2621,-0.614321,-7.10545,-14.0818,-24.7306,-39.004,-0.0013619,False
2017-08-09,123.125,2474.02,0.0260253,0.0012407,0,-0.0284174,0.00161808,0.048219,458.25,0,37,3,0.0667847,0.070106,-1.33917,-0.650138,-6.87172,-13.9069,-24.5595,-38.8946,-9.87745e-05,False
2017-08-10,123.021,2438.21,0.0491757,0.00167805,0,-0.13116,0.00159836,0.0675575,459.322,0,40,0,0.126752,0.133185,-0.927054,-0.438302,-2.59141,-9.16943,-19.9414,-34.2032,-0.000849539,False
2017-08-11,123.082,2441.32,0.0417123,0.00148824,0,0.0133551,0.000900356,0.0589056,466.699,0,39,1,0.107132,0.11257,-0.964655,-0.459904,-3.25418,-10.2681,-21.0842,-35.7307,0.00049854,False
2017-08-14,123.194,2465.84,0.0276884,0.00127532,0,0.127187,0.0025358,0.0979263,472.884,0,37,3,0.0711968,0.0746836,-2.39297,-1.15704,-6.36223,-13.407,-24.0446,-38.4078,0.000910321,False
2017-08-15,123.256,2464.61,0.0270916,0.00121548,0,-0.00868227,0.00180197,0.0513266,469.679,0,36,4,0.0678952,0.0712203,-1.43483,-0.696749,-6.58209,-13.7733,-24.6464,-39.2971,0.000503203,False
2017-08-16,123.288,2468.11,0.0269741,0.00126276,0,0.0164372,0.00344957,0.0581519,468.964,0,37,3,0.0669652,0.0702955,-1.64797,-0.800552,-6.98042,-14.109,-24.9122,-39.4484,0.000258598,False
2017-08-17,123.214,2430.01,0.0446079,0.00158127,0,-0.118875,0.0018902,0.0544526,464.53,0,40,0,0.113737,0.119509,-0.809483,-0.384235,-2.56252,-9.29578,-20.1636,-34.723,-0.000600536,False
2017-08-18,123.239,2425.55,0.0404484,0.00148041,0,-0.016216,0.000944398,0.0515603,466.226,0,39,1,0.10247,0.107671,-0.852719,-0.406712,-2.75088,-9.59525,-20.4101,-35.0869,0.000200464,False
2017-08-21,123.265,2428.37,0.0336932,0.00137089,0,-0.00860371,0.00128978,0.0478017,472.634,0,39,1,0.0885515,0.0928883,-0.955153,-0.459159,-3.84745,-11.1275,-22.0241,-36.9383,0.000212494,False
2017-08-22,123.259,2452.51,0.0269068,0.00123355,0.00510125,0.140295,0.00376648,0.211084,476.504,0,36,4,0.0706042,0.074062,-4.39388,-2.11167,-6.50191,-13.1654,-23.2795,-36.9155,-5.01507e-05,False
2017-08-23,123.238,2444.04,0.0309872,0.00128518,0,-0.181538,0.00300401,0.0763552,473.839,0,38,2,0.0814954,0.0855483,-1.782,-0.860778,-6.15927,-13.4098,-24.1627,-38.7943,-0.000163164,False
2017-08-24,123.25,2438.97,0.0332093,0.00135335,0,-0.0420081,0.00226984,0.0525264,472.488,0,39,1,0.0856666,0.0900148,-1.14193,-0.550578,-5.54664,-12.9262,-23.7953,-38.6377,9.25584e-05,False
2017-08-25,123.288,2443.05,0.0303488,0.00130823,0,0.0110871,0.00236609,0.052,470.659,0,37,3,0.0776099,0.0816629,-1.2238,-0.591395,-5.91637,-13.2443,-24.0907,-38.8481,0.000310654,False
2017-08-28,123.313,2444.24,0.0274881,0.00125083,0,-0.0105604,0.00182574,0.0410605,470.759,0,37,3,0.0693117,0.0727587,-1.07471,-0.520904,-6.19104,-13.4891,-24.475,-39.3005,0.000201079,False
2017-08-29,123.323,2446.3,0.028845,0.00128878,0,0.000490567,0.00153646,0.0576077,470.282,0,37,3,0.0727412,0.0763587,-1.43726,-0.695653,-6.45917,-13.686,-24.5242,-39.1813,8.07957e-05,False
2017-08-30,123.33,2457.59,0.0271754,0.00123356,0,0.0614596,0.00508256,0.13294,467.436,0,36,4,0.0700291,0.0735835,-3.3118,-1.60231,-7.14501,-13.906,-24.135,-37.926,5.66498e-05,False
2017-08-31,123.398,2471.65,0.0264201,0.00124524,0.0693302,0.393229,0.00784648,0.406002,468.784,0,37,3,0.0670219,0.070522,-8.65445,-4.16294,-6.4605,-12.1189,-20.7347,-32.3362,0.000552716,False
2017-09-01,123.619,2476.55,0.0225776,0.0011983,0.12425,0.208498,0.0129313,0.277917,466.369,0,36,4,0.0566457,0.0596039,-6.95954,-3.36738,-6.81005,-12.7679,-21.8946,-34.1113,0.00178918,False
2017-09-05,123.405,2457.85,0.0304685,0.00130082,0,-0.471109,0.00912363,0.0402085,462.582,0,37,3,0.0777154,0.0815215,-0.949072,-0.458754,-5.6314,-12.8911,-23.6114,-38.2057,-0.00172593,False
2017-09-06,123.444,2465.54,0.0264585,0.00121277,0,0.0270202,0.0019229,0.0517391,462.814,0,36,4,0.0677775,0.0711481,-1.37233,-0.665372,-6.39631,-13.4977,-24.2042,-38.634,0.000314511,False
2017-09-07,123.466,2465.1,0.0265591,0.00122515,0,-0.00467876,0.00195706,0.0481758,464.96,0,37,3,0.0687664,0.0722568,-1.29398,-0.627664,-6.38573,-13.5234,-24.2945,-38.8233,0.000180336,False
2017-09-08,123.465,2461.43,0.030555,0.00128285,0,-0.0251949,0.00118838,0.0530396,467.767,0,38,2,0.0777993,0.0817481,-1.25876,-0.608487,-6.01854,-13.2737,-24.032,-38.6594,-1.59953e-05,False
2017-09-11,123.387,2488.11,0.0219638,0.00118788,0.0445048,0.26965,0.015915,0.360831,471.712,0,36,4,0.0553659,0.0580774,-8.80807,-4.25783,-6.89702,-12.5779,-21.2958,-32.9477,-0.000630025,False
2017-09-12,123.454,2496.48,0.020965,0.00116913,0.251408,0.475081,0.0145545,0.522081,468.565,0,35,5,0.0544346,0.0571006,-10.984,-5.28055,-6.25355,-11.4278,-19.3719,-29.9909,0.000548401,False
2017-09-13,123.493,2498.37,0.022392,0.00119087,0.181786,0.0217617,0.013452,0.33159,465.341,0,36,4,0.057489,0.060348,-7.55612,-3.64383,-6.73489,-12.5559,-21.4792,-33.4219,0.000309548,False
2017-09-14,123.573,2495.62,0.0235145,0.00119482,0.0496191,-0.131538,0.00751613,0.0851739,460.366,0,36,4,0.0592479,0.0622551,-2.66142,-1.29627,-7.20101,-13.9515,-24.2608,-38.0704,0.00064832,False
2017-09-15,123.618,2500.23,0.0215871,0.0011867,0.0500467,0.0397811,0.0029427,0.046647,457.377,0,35,5,0.0542944,0.0570502,-1.65192,-0.807102,-7.62705,-14.5128,-25.0818,-39.2056,0.000369976,False
2017-09-18,123.649,2503.87,0.0222818,0.00119213,0,0.0217131,0.00284518,0.0558477,457.747,0,36,4,0.0549426,0.0576334,-1.89246,-0.923656,-7.7188,-14.5625,-25.0647,-39.0976,0.000248805,False
2017-09-19,123.666,2506.65,0.0229393,0.00118708,0,0.0142697,0.00308798,0.0715559,458.904,0,36,4,0.0586675,0.0615407,-2.32228,-1.13224,-7.64259,-14.4213,-24.8026,-38.6937,0.000139311,False
2017-09-20,123.687,2508.24,0.0242518,0.00117595,0,-0.00654841,0.00211326,0.0653146,457.926,0,35,5,0.0612795,0.064327,-2.09322,-1.02025,-7.52182,-14.3439,-24.754,-38.7045,0.000167026,False
2017-09-21,123.684,2500.6,0.0246481,0.00121896,0,-0.0572154,0.0018155,0.0328446,458.739,0,37,3,0.0614818,0.0646024,-0.956567,-0.465052,-6.66645,-13.747,-24.5067,-38.9489,-2.5321e-05,False
2017-09-22,123.702,2502.22,0.0219717,0.00118258,0,-0.00249663,0.00075723,0.0320464,460.081,0,36,4,0.0541001,0.0568461,-1.04934,-0.511723,-6.97691,-14.0171,-24.8248,-39.2717,0.000148229,False
2017-09-25,123.679,2496.66,0.0240307,0.00121,0,-0.0445115,0.0014183,0.0322432,459.463,0,36,4,0.0583289,0.0611855,-0.964834,-0.469405,-6.48659,-13.5456,-24.3491,-38.8125,-0.000188403,False
2017-09-26,123.69,2496.84,0.0232802,0.00120244,0,-0.00170703,0.00144131,0.0398281,459.916,0,36,4,0.0596834,0.0626064,-1.19315,-0.580507,-6.77299,-13.7835,-24.5224,-38.9053,9.17256e-05,False
2017-09-27,123.674,2507.04,0.0240589,0.0012034,0,0.0440189,0.00528244,0.117304,461.589,0,36,4,0.059655,0.0626217,-3.30214,-1.60369,-7.45582,-14.0688,-24.2061,-37.7763,-0.000128417,False
2017-09-28,123.725,2510.06,0.0218948,0.00118697,0.000119093,0.00939656,0.0027475,0.093485,460.771,0,36,4,0.0571111,0.0600099,-3.03735,-1.48091,-7.59071,-14.2588,-24.4624,-38.1137,0.000412833,False
2017-09-29,123.8,2519.36,0.0211994,0.00117185,0.0273594,0.172259,0.00548683,0.178157,461.683,0,36,4,0.0518662,0.0544987,-5.77099,-2.81354,-7.39235,-13.515,-22.9134,-35.4644,0.000604312,False
2017-10-02,123.91,2529.12,0.0194336,0.00114527,0.231288,0.446023,0.0111351,0.290222,461.406,0,34,6,0.0480853,0.0504403,-8.41784,-4.09181,-6.95971,-12.5568,-21.1254,-32.5595,0.000887098,False
2017-10-03,123.966,2534.58,0.0185095,0.00114329,0.217669,0.237204,0.00705859,0.26437,459.438,0,34,6,0.0492705,0.0516836,-7.94667,-3.86671,-6.95896,-12.6105,-21.2717,-32.8324,0.000449476,False
2017-10-04,124.019,2537.74,0.0202369,0.00115152,0.123459,0.0738536,0.00994714,0.170857,459.127,0,35,5,0.0501788,0.0526743,-5.73496,-2.7986,-7.36667,-13.4511,-22.784,-35.2432,0.000427903,False
2017-10-05,123.858,2552.07,0.0217543,0.00118735,0.456024,0.72615,0.0185664,0.603464,463.036,0,37,3,0.0544886,0.0572543,-12.5635,-6.03814,-5.79924,-10.529,-17.8088,-27.5422,-0.001294,False
2017-10-06,124.026,2549.33,0.0209444,0.00114829,0.113778,-0.213807,0.00877321,0.119622,460.735,0,34,6,0.0490495,0.0515391,-4.37673,-2.14014,-7.49665,-13.8894,-23.6803,-36.7504,0.00135057,False
2017-10-09,124.033,2544.73,0.0209018,0.0011502,0,-0.0882698,0.00627031,0.0375086,458.643,0,35,5,0.0555352,0.058255,-1.36495,-0.667367,-7.39238,-14.3469,-24.9919,-39.2248,5.90622e-05,False
2017-10-10,124.073,2550.64,0.0213043,0.00114935,0,0.0422735,0.00370929,0.0561651,460.258,0,35,5,0.053842,0.0564789,-1.97615,-0.965448,-7.65278,-14.4946,-24.9964,-39.0261,0.000323001,False
2017-10-11,124.113,2555.24,0.0214473,0.00117679,0,0.0381851,0.00282782,0.0721172,461.709,0,36,4,0.0534278,0.0560848,-2.48453,-1.21322,-7.78196,-14.5547,-24.9329,-38.7962,0.000319778,False
2017-10-12,124.118,2550.93,0.0230685,0.0011869,0,-0.0481319,0.0021475,0.0386051,461.946,0,37,3,0.0562369,0.0590913,-1.29487,-0.631898,-7.47355,-14.4859,-25.2198,-39.5767,4.12071e-05,False
2017-10-13,124.157,2553.17,0.0204308,0.00115038,0,0.0158501,0.00150177,0.0329744,461.32,0,35,5,0.0496323,0.0521514,-1.21619,-0.594817,-7.67227,-14.6821,-25.4438,-39.8092,0.000316308,False
2017-10-16,124.17,2557.64,0.0183213,0.00113484,0,0.0103055,0.00195773,0.0453285,459.974,0,34,6,0.0485086,0.0508843,-1.73859,-0.851045,-7.89511,-14.7999,-25.3722,-39.4797,0.000106157,False
2017-10-17,124.193,2559.36,0.0208913,0.00115249,0,0.0111204,0.00164085,0.0516431,460.991,0,36,4,0.0507944,0.053282,-1.92112,-0.939769,-7.913,-14.7922,-25.3263,-39.3888,0.000184455,False
2017-10-18,124.225,2561.26,0.0197771,0.00114283,0,0.0140394,0.00245378,0.0500048,458.898,0,35,5,0.0516228,0.0541901,-1.8984,-0.929077,-7.91588,-14.7558,-25.2413,-39.2422,0.000256521,False
2017-10-19,124.198,2562.1,0.0222732,0.0011642,0,-0.0404971,0.00332988,0.0538304,459.652,0,36,4,0.0562369,0.0590913,-1.83586,-0.896271,-7.71983,-14.5732,-25.0827,-39.1347,-0.000213674,False
2017-10-20,124.299,2575.21,0.0209437,0.00115275,0.00516739,0.24692,0.00876014,0.20586,461.28,0,35,5,0.0518662,0.0544987,-6.44889,-3.14164,-7.341,-13.2971,-22.4321,-34.6305,0.000811231,False
2017-10-23,124.136,2564.98,0.0262172,0.00120183,0,-0.32921,0.0138525,0.0505,461.314,0,37,3,0.0654401,0.068645,-1.52329,-0.741401,-7.13139,-14.1138,-24.7064,-38.9448,-0.00130884,False
2017-10-24,124.175,2569.13,0.0272801,0.00120077,0,0.0291017,0.00145805,0.0657721,463.898,0,37,3,0.0670486,0.0703323,-1.86769,-0.907513,-7.16884,-14.1222,-24.657,-38.8311,0.000309747,False
2017-10-25,124.153,2557.15,0.0320021,0.00130477,0,-0.071124,0.00193175,0.0456095,468.204,0,39,1,0.0793294,0.0832746,-1.02249,-0.493488,-5.64399,-12.9268,-23.6845,-38.3371,-0.000178746,False
2017-10-26,124.184,2560.4,0.0316428,0.00130033,0,0.0156405,0.000866691,0.0597961,474.398,0,39,1,0.079062,0.0830749,-1.35243,-0.652823,-5.97669,-13.2834,-24.0933,-38.806,0.000249126,False
2017-10-27,124.266,2581.07,0.0238554,0.00117504,0.0110898,0.187563,0.00611275,0.170159,477.688,0,36,4,0.0572082,0.0601119,-4.62419,-2.24365,-7.53809,-14.0999,-24.1724,-37.6441,0.000665772,False
2017-10-30,124.271,2572.83,0.0240091,0.00114682,0,-0.143529,0.00320388,0.0413442,471.841,0,35,5,0.0611226,0.064116,-1.31235,-0.63958,-7.18168,-14.3531,-25.2808,-39.9297,3.97893e-05,False
2017-10-31,124.297,2575.26,0.0245502,0.00118307,0,0.00683989,0.00163707,0.0443464,466.638,0,36,4,0.0592601,0.0621624,-1.39078,-0.677582,-7.30441,-14.3615,-25.1513,-39.5975,0.000205741,False
2017-11-01,124.255,2579.36,0.0254519,0.00120598,0,-0.0298033,0.0063165,0.0739843,465.466,0,37,3,0.063987,0.0671692,-2.08981,-1.01523,-7.27482,-14.1775,-24.7013,-38.8253,-0.000333973,False
2017-11-02,124.279,2579.85,0.0248247,0.00118619,0,-0.0166948,0.00248518,0.0545013,465.2,0,37,3,0.063133,0.0663374,-1.63572,-0.795999,-7.23796,-14.2315,-24.8859,-39.1864,0.00019268,False
2017-11-03,124.364,2587.84,0.0213061,0.00114563,0,0.0714142,0.00114664,0.0602764,466.235,0,36,4,0.053226,0.0559276,-2.20761,-1.07958,-7.87913,-14.7558,-25.3059,-39.3993,0.000681151,False
2017-11-06,124.415,2591.13,0.0197607,0.00112507,0,0.0262024,0.00409534,0.0501684,464.383,0,34,6,0.0514716,0.0539924,-1.93903,-0.949356,-7.98069,-14.8911,-25.481,-39.6194,0.000408886,False
2017-11-07,124.394,2590.64,0.0231075,0.00115921,0,-0.0381778,0.00293492,0.0522187,461.689,0,36,4,0.0583289,0.0611855,-1.71674,-0.837405,-7.59282,-14.4972,-25.0668,-39.2093,-0.000170516,False
2017-11-08,124.433,2594.38,0.020732,0.00114171,0,0.0182715,0.00193929,0.0488479,460.685,0,36,4,0.0548718,0.0576006,-1.72897,-0.844867,-7.75898,-14.6392,-25.1905,-39.2922,0.000315879,False
2017-11-09,124.363,2584.62,0.026951,0.0012257,0,-0.100973,0.00190103,0.0420516,462.135,0,37,3,0.0696406,0.0731753,-1.09423,-0.530416,-6.44759,-13.5572,-24.2308,-38.642,-0.000565381,False
2017-11-10,124.372,2582.3,0.0270159,0.00119199,0,-0.0167967,0.000902326,0.0402566,464.243,0,37,3,0.0690578,0.0725629,-1.04011,-0.50406,-6.19099,-13.332,-24.0714,-38.5715,7.97662e-05,False
2017-11-13,124.379,2584.84,0.0251555,0.00116464,0,-0.0135084,0.00149487,0.0427847,467.111,0,37,3,0.0659725,0.0692534,-1.18874,-0.577277,-6.59606,-13.7236,-24.5283,-39.0604,5.19365e-05,False
2017-11-14,124.369,2578.87,0.0256914,0.00120635,0,-0.0427776,0.00106764,0.0336446,468.677,0,37,3,0.0647992,0.0680218,-0.911605,-0.442364,-6.13939,-13.3569,-24.2807,-38.9783,-8.21694e-05,False
2017-11-15,124.331,2564.62,0.0340687,0.00133794,0,-0.0563523,0.000933027,0.0468746,470.21,0,39,1,0.0858609,0.0902189,-0.941235,-0.452682,-4.61666,-11.9558,-22.7181,-37.4357,-0.00030381,False
2017-11-16,124.435,2585.64,0.025677,0.00119007,0,0.142939,0.0019086,0.108167,476.181,0,37,3,0.0621515,0.0653972,-2.79504,-1.35413,-7.10635,-14.0061,-24.5601,-38.714,0.00083829,False
2017-11-17,124.462,2578.85,0.0220162,0.00116034,0,-0.0682405,0.00196123,0.0314811,473.207,0,36,4,0.0561163,0.0590468,-1.01097,-0.492856,-6.87312,-14.0961,-25.1474,-39.9409,0.000219714,False
2017-11-20,124.484,2582.14,0.0234097,0.00117648,0,0.0153826,0.00104573,0.046415,469.453,0,36,4,0.057489,0.060348,-1.4451,-0.703931,-7.26635,-14.3404,-25.1701,-39.6618,0.000173838,False
2017-11-21,124.413,2599.03,0.0214435,0.00115398,0.0324576,0.173443,0.00668182,0.271833,470.186,0,36,4,0.0521643,0.0547585,-7.08922,-3.43537,-7.20713,-13.1634,-22.2943,-34.4881,-0.000568947,False
2017-11-22,124.502,2597.08,0.0225693,0.00115519,0.00601914,-0.0647852,0.00449742,0.128956,464.596,0,36,4,0.0556542,0.058479,-3.98726,-1.94185,-7.42578,-13.917,-23.8556,-37.1457,0.000715275,False
2017-11-24,124.61,2602.42,0.0212426,0.0011712,0.0233508,0.112788,0.00496649,0.125463,467.077,0,37,3,0.0526432,0.0553152,-4.29861,-2.09897,-7.56326,-14.0155,-23.922,-37.1554,0.000867739,False
2017-11-27,124.615,2601.42,0.0224425,0.00115661,0,-0.0798409,0.00591988,0.0561956,464.123,0,36,4,0.0573976,0.0602087,-1.97691,-0.965928,-7.57349,-14.4493,-24.9821,-39.071,3.8457e-05,False
2017-11-28,124.108,2627.04,0.0241608,0.00113053,0.450511,0.838388,0.0252729,0.948683,465.871,0,35,5,0.0614612,0.0644712,-15.5101,-7.37299,-4.99116,-9.11021,-15.4493,-23.9543,-0.00406735,False
2017-11-29,124.176,2626.07,0.0277958,0.00120372,0.185776,-0.169598,0.0140691,0.538244,469.447,0,39,1,0.0710265,0.0745587,-9.64846,-4.60784,-5.83232,-11.2736,-19.4684,-30.5556,0.000544582,False
2017-11-30,123.793,2647.58,0.0348022,0.0013238,0.892599,1.46005,0.0188938,1.50342,476.85,0,39,1,0.0879006,0.0923621,-14.4347,-6.61207,-4.54784,-9.01243,-15.6876,-24.8201,-0.0030855,False
2017-12-01,123.948,2642.22,0.0329557,0.00129162,0.45346,-0.513375,0.0129181,0.400246,476.952,0,39,1,0.0837241,0.0879736,-5.97777,-2.82838,-5.7442,-12.0899,-21.5183,-34.3752,0.00125281,False
2017-12-04,123.539,2639.44,0.0317491,0.0012723,0.152695,-0.605267,0.0195231,0.0621884,479.253,0,39,1,0.0817789,0.085784,-1.56026,-0.755627,-6.0293,-13.4136,-24.3157,-39.1776,-0.00329937,False
2017-12-05,123.523,2629.57,0.0278769,0.00119673,0,-0.0686713,0.00270451,0.0329407,479.207,0,39,1,0.0739058,0.0775253,-0.77173,-0.372872,-4.85412,-12.3764,-23.5394,-38.7329,-0.000125046,False
2017-12-06,123.534,2629.27,0.0287422,0.00121654,0,-0.00533554,0.000779836,0.0435658,478.248,0,38,2,0.0740949,0.0777798,-1.02711,-0.496322,-5.12046,-12.575,-23.6553,-38.7117,8.7313e-05,False
2017-12-07,123.558,2636.98,0.0286885,0.00120829,0,0.03009,0.00136418,0.0757101,476.573,0,37,3,0.07304,0.0767473,-1.83792,-0.888727,-6.336,-13.5588,-24.3991,-39.0648,0.000194778,False
2017-12-08,123.649,2651.5,0.0240942,0.00115416,0.00704772,0.171627,0.00581684,0.167095,476.346,0,38,2,0.0622589,0.0654189,-4.49917,-2.18209,-7.32668,-13.9331,-24.0412,-37.5968,0.000730973,False
2017-12-11,123.762,2659.99,0.0239074,0.00115908,0.0281089,0.196967,0.00641466,0.238925,474.732,0,37,3,0.0603607,0.0633168,-6.50942,-3.15822,-7.16716,-13.3451,-22.7965,-35.4587,0.000916809,False
2017-12-12,123.846,2664.11,0.0262403,0.00115984,0.0527611,0.0918667,0.00831752,0.210313,472.188,0,37,3,0.0652708,0.0684674,-5.57396,-2.70219,-7.05958,-13.3965,-23.0341,-35.9867,0.000682604,False
2017-12-13,123.909,2662.85,0.0276329,0.00118769,0.0124984,-0.0771925,0.00882507,0.0755516,472.459,0,38,2,0.069402,0.0728534,-2.26652,-1.10298,-7.18702,-14.2275,-24.8436,-39.1626,0.000506195,False
2017-12-14,123.885,2652.01,0.0275556,0.00117522,0,-0.0885807,0.00276026,0.0351527,472.798,0,38,2,0.0705147,0.0740938,-0.881901,-0.42698,-5.90347,-13.2795,-24.2804,-39.1794,-0.000198224,False
2017-12-15,123.83,2675.81,0.0258243,0.00119856,0,0.159754,0.00615864,0.26738,478.477,0,38,2,0.0662808,0.0697421,-5.35557,-2.57004,-7.12432,-13.5629,-23.4017,-36.6281,-0.000435936,False
2017-12-18,123.95,2690.16,0.0224828,0.00112254,0.144364,0.48601,0.0104823,0.500387,478.901,0,36,4,0.055323,0.0580743,-9.62778,-4.61206,-6.67297,-12.2557,-20.8138,-32.2558,0.000965171,False
2017-12-19,123.958,2681.47,0.0264162,0.00118155,0.0222546,-0.343218,0.00715337,0.1451,474.448,0,37,3,0.0660627,0.0693481,-3.68814,-1.78566,-6.92093,-13.697,-23.9398,-37.7268,6.36973e-05,False
2017-12-20,123.962,2679.25,0.0261241,0.00114699,0,-0.108232,0.00672351,0.0508234,472.214,0,37,3,0.063133,0.0663374,-1.6183,-0.788723,-6.84729,-14.0026,-24.8472,-39.4202,3.46758e-05,False
2017-12-21,124.016,2684.57,0.0245574,0.00112032,0,0.0373578,0.00270231,0.0553148,468.28,0,36,4,0.0614103,0.0646173,-1.60234,-0.778925,-7.14145,-14.1983,-24.97,-39.4148,0.000432399,False
2017-12-22,124.032,2683.34,0.0256722,0.00116016,0,-0.0158614,0.00128332,0.0462554,465.962,0,37,3,0.0620739,0.0654564,-1.35639,-0.659621,-6.97137,-14.0395,-24.8191,-39.2884,0.000132457,False
2017-12-26,124.046,2680.5,0.0238555,0.00114092,0,-0.020957,0.000803069,0.0333321,467.898,0,37,3,0.059655,0.0626217,-0.999507,-0.486351,-6.85523,-14.0313,-24.9835,-39.6606,0.000111889,False
2017-12-27,124.059,2682.62,0.0253117,0.00113474,0,0.00861672,0.00120878,0.0520674,466.122,0,36,4,0.06391,0.0671539,-1.45711,-0.70766,-6.96104,-14.0243,-24.7691,-39.198,0.000103587,False
2017-12-28,124.108,2687.54,0.0239399,0.00115079,0,0.0365473,0.00124915,0.0608562,466.825,0,37,3,0.0610927,0.0642831,-1.82648,-0.888773,-7.33239,-14.3118,-24.9744,-39.2696,0.000397378,False
2017-12-29,124.096,2673.61,0.0270608,0.00116761,0,-0.0638586,0.00213335,0.0331505,465.828,0,38,2,0.0650102,0.0684052,-0.866265,-0.419883,-5.96138,-13.1694,-24.0426,-38.6995,-9.98562e-05,False
2018-01-02,124.142,2695.81,0.0222195,0.00112156,0,0.176029,0.00335353,0.18104,468.271,0,36,4,0.0532494,0.0558573,-4.46368,-2.15894,-7.52674,-13.9894,-23.9048,-37.1493,0.000369739,False
2018-01-03,123.972,2713.06,0.0212103,0.00110781,0.212768,0.578878,0.00787745,0.728808,469.779,0,36,4,0.0526155,0.0552322,-12.8995,-6.15583,-5.87756,-10.6378,-17.945,-27.7076,-0.00136483,False
2018-01-04,123.88,2723.99,0.0228115,0.00110757,0.497581,0.80536,0.010032,1.14064,469.749,0,36,4,0.057791,0.0607243,-14.6808,-6.88006,-5.16591,-9.4944,-16.1598,-25.0869,-0.00074514,False
2018-01-05,123.553,2743.15,0.02403,0.00113612,1.24649,1.61905,0.0154868,1.84731,470.06,0,37,3,0.059928,0.0630576,-16.8428,-7.6739,-4.4901,-8.29983,-14.1733,-22.056,-0.00263726,False
2018-01-08,123.638,2747.71,0.0216509,0.00108252,1.1901,0.329552,0.011833,0.911112,467.13,0,36,4,0.0568573,0.0596849,-11.8503,-5.55671,-5.64029,-10.5452,-18.0727,-28.1507,0.000682958,False
2018-01-09,123.643,2751.29,0.0249246,0.0011492,0.670919,0.151752,0.0110297,0.39898,465.733,0,37,3,0.0637162,0.0668849,-7.50493,-3.59121,-6.4542,-12.2847,-21.1685,-33.104,4.61859e-05,False
2018-01-10,123.65,2748.23,0.0268259,0.00113235,0.1254,-0.205775,0.00850258,0.0785245,467.201,0,37,3,0.0662411,0.0696033,-2.35846,-1.14761,-7.02181,-13.9666,-24.4737,-38.6176,5.23368e-05,False
2018-01-11,123.61,2767.56,0.0264933,0.00114621,0.213534,0.416003,0.0101735,0.336288,471.313,0,37,3,0.0681866,0.0717475,-7.51218,-3.62036,-6.76015,-12.6743,-21.6857,-33.8224,-0.000324468,False
2018-01-12,123.395,2786.24,0.0294134,0.0012049,0.534732,0.980022,0.00876856,1.01531,473.451,0,39,1,0.0728453,0.0766495,-13.8256,-6.50221,-5.11049,-9.73515,-16.7268,-26.2118,-0.00173358,False
2018-01-16,122.446,2776.42,0.0301191,0.00120007,0.03157,-1.71848,0.018253,0.225555,472.625,0,39,1,0.0809324,0.084896,-4.82823,-2.32271,-6.14843,-12.7988,-22.6597,-36.084,-0.00769585,False
2018-01-17,122.23,2802.56,0.0320707,0.00123003,0.653028,1.01223,0.0136787,0.817782,477.77,0,40,0,0.0829394,0.0870641,-10.8204,-5.07697,-5.57628,-10.9938,-19.0882,-30.1178,-0.00176294,False
2018-01-18,122.407,2798.03,0.0349162,0.00127144,0.227489,-0.235293,0.00674341,0.204927,478.903,0,39,1,0.0909115,0.0955259,-4.0896,-1.96255,-6.11936,-13.0032,-23.2153,-37.1347,0.00144789,False
2018-01-19,122.613,2810.3,0.0306188,0.00120659,0.112602,0.273968,0.00542691,0.184132,477.309,0,38,2,0.0775079,0.0814419,-4.11005,-1.98057,-6.58255,-13.4428,-23.6457,-37.5068,0.00168411,False
2018-01-22,122.594,2832.97,0.0296694,0.00118469,0.408094,0.783487,0.0131188,0.594006,479.001,0,39,1,0.0772921,0.0810775,-9.52096,-4.51906,-6.11923,-11.8066,-20.3781,-32.0001,-0.0001559,False
2018-01-23,122.721,2839.13,0.0315229,0.00119641,0.332371,0.210914,0.0105202,0.365257,477.48,0,38,2,0.0776307,0.0814327,-7.20009,-3.45194,-6.37799,-12.5655,-21.816,-34.3744,0.00103675,False
2018-01-24,122.458,2837.54,0.035198,0.00129116,0.0125878,-0.449307,0.0178726,0.18261,477.768,0,40,0,0.0890764,0.0935063,-3.93406,-1.89374,-6.23102,-13.1549,-23.3802,-37.3309,-0.00214481,False
2018-01-25,122.442,2839.25,0.0355374,0.00127995,0,-0.120034,0.0067833,0.105486,477.747,0,40,0,0.0939225,0.0986897,-2.29007,-1.10338,-5.96916,-13.2287,-23.9375,-38.5593,-0.000126056,False
2018-01-26,121.74,2872.87,0.0322276,0.00120655,0.419439,0.256127,0.0202814,0.655345,480.556,0,39,1,0.0833356,0.0875654,-10.4462,-4.95541,-5.89579,-11.4641,-19.8278,-31.2135,-0.00573683,False
2018-01-29,121.744,2853.53,0.040763,0.00139787,0,-0.577232,0.007866,0.105491,475.741,0,40,0,0.104382,0.109495,-2.0397,-0.978203,-5.46754,-12.6515,-23.4867,-38.1884,3.38484e-05,False
2018-01-30,121.63,2822.43,0.0432033,0.00144762,0,-0.209053,0.0016359,0.0504687,471.552,0,40,0,0.114457,0.120062,-0.764897,-0.363078,-2.53154,-9.20174,-20.4214,-35.3978,-0.000935654,False
2018-01-31,121.643,2823.81,0.0409817,0.00139844,0,-0.0156859,0.00133737,0.0605343,471.217,0,39,1,0.108209,0.113591,-0.985907,-0.469524,-2.92635,-9.73525,-20.8139,-35.7624,0.000102724,False
2018-02-01,121.639,2821.98,0.0437022,0.00147192,0,-0.0326883,0.00135573,0.0724357,471.801,0,40,0,0.112765,0.118489,-1.15189,-0.547958,-3.24753,-10.106,-21.1307,-36.0119,-3.05414e-05,False
2018-02-02,121.564,2762.13,0.052028,0.00168312,0,-0.139755,0.00139125,0.056367,466.336,0,40,0,0.135008,0.14186,-0.685172,-0.321522,-0.986168,-4.87349,-15.6843,-30.2971,-0.000614379,False
2018-02-05,121.381,2648.94,0.124755,0.00378402,0,-0.191991,0.00156038,0.167458,454.856,0,40,0,0.33465,0.35104,-0.888028,-0.398065,-0.166021,-0.939677,-4.53005,-16.4096,-0.0015109,False
2018-02-06,121.576,2695.14,0.0892625,0.0027417,0,0.0963693,0.00153809,0.153743,467.863,0,40,0,0.241273,0.25309,-1.13746,-0.519786,-0.783837,-3.16073,-10.9553,-25.6258,0.00160707,False
2018-02-07,121.673,2681.66,0.0703004,0.00220021,0,-0.0415429,0.00109492,0.0818988,470.172,0,40,0,0.185734,0.194971,-0.741513,-0.342668,-0.722496,-3.44389,-12.2675,-27.0029,0.000800383,False
2018-02-08,121.579,2581,0.123196,0.00374122,0,-0.138586,0.00126619,0.155719,460.204,0,40,0,0.328972,0.345669,-0.826154,-0.370251,-0.147379,-0.840259,-4.1305,-15.3006,-0.000774358,False
2018-02-09,121.681,2619.55,0.0972979,0.00298019,0,0.0248574,0.00100059,0.172015,470.843,0,40,0,0.259935,0.273509,-1.15617,-0.525299,-0.637123,-2.60636,-9.35429,-23.5802,0.000837971,False
2018-02-12,121.989,2656,0.0692695,0.00216802,0,0.198512,0.00184624,0.126918,478.01,0,40,0,0.183477,0.192602,-1.27997,-0.594731,-1.66801,-5.92095,-16.1185,-30.7992,0.00253832,False
2018-02-13,122.06,2662.94,0.0676858,0.0021249,0,0.00785649,0.000948289,0.129244,479.616,0,40,0,0.178153,0.187013,-1.3326,-0.619812,-2.07445,-7.26962,-18.1088,-32.8386,0.000574993,False
2018-02-14,121.993,2698.63,0.059203,0.0018915,0,0.0196559,0.00461606,0.268516,483.294,0,40,0,0.151228,0.158904,-3.16723,-1.47877,-3.99683,-10.3466,-21.0237,-35.1542,-0.000548268,False
2018-02-15,121.832,2731.2,0.056851,0.00181825,0.190496,0.502371,0.0122651,0.783751,483.931,0,40,0,0.146961,0.154636,-7.68109,-3.52498,-4.37284,-10.0847,-19.3079,-31.5628,-0.00131641,False
2018-02-16,122.105,2732.22,0.0560087,0.00179896,0.0467096,-0.144231,0.00991157,0.364318,480.564,0,40,0,0.14315,0.150625,-4.42113,-2.06555,-4.10975,-10.2802,-20.5158,-34.0291,0.00223908,False
2018-02-20,122.094,2716.26,0.0521357,0.00170049,0,-0.346736,0.00613419,0.0729865,476.016,0,40,0,0.138161,0.144927,-1.00892,-0.477347,-2.74969,-9.01332,-20.254,-35.0513,-9.09343e-05,False
2018-02-21,122.062,2701.33,0.0568776,0.00182962,0,-0.0822985,0.00125471,0.0758029,473.201,0,40,0,0.147287,0.154612,-0.884779,-0.414427,-1.64547,-7.01934,-18.1708,-32.8583,-0.000256538,False
2018-02-22,122.078,2703.96,0.0552004,0.00177748,0,-0.0162177,0.00147734,0.0955138,474.384,0,40,0,0.147828,0.155332,-1.13858,-0.533761,-2.06598,-7.69058,-18.8677,-33.4729,0.00013122,False
2018-02-23,122.199,2747.3,0.0431128,0.00146008,0.0173518,0.333506,0.00370848,0.329515,480.261,0,39,1,0.110143,0.115733,-4.52006,-2.12743,-5.0375,-11.7606,-21.8147,-35.5238,0.000983772,False
2018-02-26,122.223,2779.6,0.0397794,0.00137985,0.343801,1.21191,0.0112316,1.20001,483.261,0,40,0,0.103959,0.109051,-12.098,-5.56052,-4.84516,-9.97275,-17.6834,-28.2114,0.00020279,False
2018-02-27,121.467,2744.28,0.0476595,0.00156907,0,-1.88308,0.0194283,0.099416,476.034,0,40,0,0.129356,0.135692,-1.61161,-0.767461,-3.82668,-10.5377,-21.6477,-36.353,-0.00618396,False
2018-02-28,121.373,2713.83,0.0524832,0.00170799,0,-0.178324,0.00435081,0.0616408,470.315,0,40,0,0.138984,0.145896,-0.757462,-0.355778,-1.54612,-6.89122,-18.0486,-32.8205,-0.000774895,False
2018-03-01,121.307,2677.67,0.0654435,0.00205425,0,-0.109495,0.00104759,0.0812103,465.919,0,40,0,0.173082,0.181867,-0.790818,-0.366666,-0.877851,-4.00986,-13.9988,-28.6562,-0.000549732,False
2018-03-02,121.374,2691.25,0.055772,0.00179608,0,0.0228635,0.00112117,0.0891622,470.417,0,40,0,0.145692,0.153086,-1.0782,-0.505587,-1.83733,-6.66688,-17.6301,-32.1873,0.000558636,False
2018-03-05,121.385,2720.94,0.0468797,0.00155803,0,0.0756611,0.00371516,0.196071,476.22,0,40,0,0.126901,0.133116,-2.70243,-1.27312,-3.91731,-10.5906,-21.2729,-35.6064,8.53489e-05,False
2018-03-06,121.505,2728.12,0.0463506,0.00155684,0,0.0361408,0.00350809,0.15369,477.018,0,40,0,0.120129,0.126012,-2.46127,-1.16979,-4.71401,-11.6914,-22.4613,-36.9556,0.000987005,False
2018-03-07,121.43,2726.8,0.0466665,0.00154985,0,-0.168706,0.0024713,0.101988,475.604,0,40,0,0.125176,0.131401,-1.62884,-0.77489,-4.34955,-11.3479,-22.4127,-37.1591,-0.000611984,False
2018-03-08,121.506,2738.97,0.046888,0.00154678,0,0.0606529,0.00188813,0.1305,475.942,0,40,0,0.122284,0.12849,-2.07397,-0.985788,-4.73759,-11.7813,-22.6643,-37.2645,0.000622532,False
2018-03-09,121.231,2786.57,0.0385186,0.00136174,0.614392,1.31871,0.00921197,1.13768,480.719,0,40,0,0.0994588,0.104507,-12.6874,-5.87685,-4.93894,-9.98208,-17.5656,-27.9346,-0.00226253,False
2018-03-12,121.41,2783.02,0.0408561,0.00140235,0.124755,-0.383709,0.0126028,0.477119,477.574,0,40,0,0.107176,0.112425,-6.89356,-3.2525,-5.15954,-11.3593,-20.7523,-33.4869,0.00147605,False
2018-03-13,120.934,2765.31,0.0415902,0.00141364,0,-0.910401,0.0185625,0.0644025,471.909,0,39,1,0.107853,0.113135,-1.21609,-0.582793,-4.20374,-11.2874,-22.4072,-37.3828,-0.00392119,False
2018-03-14,120.927,2749.48,0.0451379,0.00151739,0,-0.0553782,0.00216886,0.0576819,468.655,0,40,0,0.116242,0.122022,-0.86333,-0.409414,-2.58735,-9.18683,-20.3701,-35.2951,-5.95864e-05,False
2018-03-15,120.955,2747.33,0.0429348,0.00145177,0,-0.00916218,0.000696359,0.0607759,468.746,0,39,1,0.11024,0.115835,-0.964577,-0.45872,-2.79536,-9.51128,-20.5963,-35.5453,0.000235932,False
2018-03-16,121.011,2752.01,0.0380697,0.0013419,0,0.0178782,0.000667318,0.0590158,469.513,0,39,1,0.0963507,0.101241,-1.09657,-0.525193,-3.92456,-11.1622,-22.1351,-37.1454,0.000460492,False
2018-03-19,120.955,2712.92,0.049189,0.0016157,0,-0.101433,0.00115215,0.0599053,465.932,0,40,0,0.134182,0.140753,-0.778381,-0.366779,-1.63285,-7.25784,-18.4692,-33.1595,-0.000461951,False
2018-03-20,120.99,2716.94,0.0496991,0.00163449,0,0.00937992,0.000818416,0.0811389,469.236,0,40,0,0.131584,0.138128,-1.09924,-0.518564,-2.40887,-8.71244,-19.8841,-34.6056,0.000292609,False
2018-03-21,121.005,2711.93,0.0502398,0.00164243,0,-0.0326222,0.00119718,0.0809918,469.817,0,40,0,0.135979,0.142881,-1.0794,-0.508883,-2.48153,-8.77783,-19.9868,-34.7041,0.000123357,False
2018-03-22,120.873,2643.69,0.078729,0.00243805,0,-0.192225,0.00112305,0.0959274,462.106,0,40,0,0.20943,0.220367,-0.77672,-0.356782,-0.531643,-2.87613,-11.9156,-26.7118,-0.00109081,False
2018-03-23,120.832,2588.26,0.0871952,0.00268668,0,-0.120757,0.00117373,0.0998824,458.415,0,40,0,0.230818,0.242872,-0.713542,-0.325327,-0.373347,-1.68277,-7.41334,-21.6155,-0.000342315,False
2018-03-26,120.882,2658.55,0.0625335,0.00197947,0,0.26284,0.00367457,0.36975,472.799,0,40,0,0.164796,0.172991,-3.07418,-1.3914,-2.00833,-6.51083,-16.8178,-30.6633,0.000412569,False
2018-03-27,120.552,2612.62,0.0713528,0.00223493,0,-0.66467,0.00707714,0.0968361,467.448,0,40,0,0.188261,0.197623,-0.907115,-0.419848,-1.01827,-4.36893,-14.0138,-28.8051,-0.00272758,False
2018-03-28,120.559,2605,0.0784233,0.00243215,0,-0.0371237,0.00106727,0.127249,468.267,0,40,0,0.207756,0.218301,-1.0733,-0.493729,-1.05245,-4.57103,-14.3664,-29.2016,6.12782e-05,False
2018-03-29,120.51,2640.87,0.0691862,0.00216738,0,0.0192686,0.00383233,0.259167,473.523,0,40,0,0.185819,0.195523,-2.38851,-1.0969,-2.41522,-7.7572,-18.412,-32.654,-0.000410281,False
2018-04-02,120.376,2581.88,0.075251,0.00234424,0,-0.377233,0.00196424,0.0866954,464.252,0,40,0,0.2014,0.211263,-0.736224,-0.338884,-0.572343,-3.09384,-12.1554,-26.9836,-0.00111044,False
2018-04-03,120.448,2614.45,0.0675142,0.00212442,0,0.114227,0.00139246,0.193255,470.682,0,40,0,0.183114,0.192082,-1.77437,-0.815118,-1.71267,-6.42201,-16.9849,-31.4445,0.000595343,False
2018-04-04,120.385,2644.69,0.0684441,0.00214964,0.0314804,0.172029,0.00352232,0.459028,474.363,0,40,0,0.181672,0.190707,-3.86662,-1.75364,-2.81447,-8.31533,-18.59,-32.2386,-0.000518497,False
2018-04-05,120.655,2662.84,0.0637608,0.00201045,0.0531583,0.325946,0.0039863,0.519451,475.587,0,40,0,0.172013,0.180744,-4.83642,-2.21122,-3.36737,-9.01129,-19.0086,-32.2958,0.00224387,False
2018-04-06,120.34,2604.47,0.0707081,0.00221087,0,-0.816265,0.00480079,0.0825681,465.623,0,40,0,0.187456,0.196971,-0.760088,-0.351594,-0.846714,-4.35814,-14.2816,-29.1532,-0.00261643,False
2018-04-09,120.397,2613.16,0.069403,0.00217993,0,0.0281499,0.00153967,0.119622,467.192,0,40,0,0.186754,0.1959,-1.12413,-0.519461,-1.25061,-5.15736,-15.4276,-30.1136,0.000471826,False
2018-04-10,120.564,2656.87,0.0605414,0.00192394,0.00345639,0.396273,0.00244678,0.401258,473.928,0,40,0,0.164151,0.17219,-3.8185,-1.75029,-2.94368,-8.62928,-18.9753,-32.6395,0.00139,False
2018-04-11,120.621,2642.19,0.0632274,0.00200385,0,-0.273198,0.0027646,0.129233,471.362,0,40,0,0.165608,0.173844,-1.50868,-0.705769,-2.53436,-8.15406,-19.0727,-33.6738,0.000475153,False
2018-04-12,120.78,2663.99,0.0571053,0.00183203,0,0.160641,0.00164471,0.185005,474.157,0,40,0,0.151811,0.159516,-2.3752,-1.11557,-3.70312,-10.0422,-20.9443,-35.2388,0.00131401,False
2018-04-13,120.834,2656.3,0.0512787,0.0016815,0,-0.103272,0.00420223,0.0726276,471.56,0,40,0,0.132871,0.139615,-0.999745,-0.472325,-2.69129,-9.0696,-20.3168,-35.1525,0.000451235,False
2018-04-16,120.938,2677.84,0.0426959,0.00146907,0,0.100967,0.00315858,0.107584,474.062,0,40,0,0.112171,0.117664,-1.75309,-0.833817,-4.34382,-11.4526,-22.3912,-37.2108,0.00086134,False
2018-04-17,120.882,2706.39,0.0410042,0.00140384,0.061062,0.323236,0.0100786,0.455276,475.994,0,39,1,0.107261,0.112514,-6.22436,-2.92603,-5.55094,-11.9481,-21.5179,-34.5545,-0.000463018,False
2018-04-18,121.101,2708.64,0.0412714,0.00142701,0.0256323,0.0424868,0.00579952,0.28759,474.399,0,40,0,0.107848,0.113212,-4.57208,-2.16941,-5.38259,-12.037,-22.1132,-35.7657,0.00180825,False
2018-04-19,121.091,2693.13,0.0470712,0.00156666,0,-0.255187,0.00343932,0.0847586,471.774,0,40,0,0.124323,0.130634,-1.37528,-0.655057,-3.98231,-10.8904,-22.0019,-36.7558,-8.49702e-05,False
2018-04-20,121.073,2670.14,0.0503776,0.0016439,0,-0.0878195,0.00135088,0.0620229,468.303,0,40,0,0.132094,0.138798,-0.813774,-0.383602,-1.91302,-7.91463,-19.1556,-33.8962,-0.000146179,False
2018-04-23,121.086,2670.29,0.0471448,0.00157874,0,-0.0276213,0.00125989,0.0655013,469.543,0,40,0,0.122668,0.128676,-0.942536,-0.44609,-2.28818,-8.54901,-19.7235,-34.5776,0.000109078,False
2018-04-24,120.991,2634.56,0.0561815,0.00180839,0,-0.146371,0.00209139,0.0665765,466.151,0,40,0,0.146626,0.153807,-0.774205,-0.362438,-1.21725,-5.56734,-16.5231,-31.1446,-0.000785929,False
2018-04-25,120.983,2639.4,0.058738,0.00187773,0,-0.020458,0.0010416,0.110026,469.248,0,40,0,0.154688,0.162381,-1.24535,-0.581421,-1.93586,-7.23367,-18.3154,-32.8327,-6.68527e-05,False
2018-04-26,121.01,2666.94,0.0531146,0.00172902,0,0.0963516,0.00472219,0.225948,474.349,0,40,0,0.136562,0.143493,-2.84266,-1.33161,-3.81239,-10.4556,-21.1163,-35.2958,0.000223939,False
2018-04-27,121.187,2669.91,0.0433094,0.00148817,0,0.00625594,0.00296921,0.0944027,474.568,0,40,0,0.114028,0.119816,-1.63948,-0.782809,-4.39303,-11.4882,-22.4767,-37.2982,0.00145983,False
2018-04-30,121.097,2648.05,0.044326,0.0015045,0,-0.168743,0.00433779,0.054073,470.958,0,40,0,0.120721,0.126634,-0.793115,-0.375939,-2.53079,-9.10028,-20.3574,-35.3231,-0.000742075,False
2018-05-01,121.1,2654.8,0.0443908,0.00152171,0,-0.0157741,0.00133004,0.0761735,471.851,0,40,0,0.115388,0.121039,-1.17988,-0.560194,-3.20621,-10.0861,-21.1793,-36.099,3.02612e-05,False
2018-05-02,121.09,2635.67,0.0474278,0.00158911,0,-0.0686088,0.0011652,0.0628105,469.375,0,40,0,0.126801,0.133107,-0.870978,-0.411703,-2.18733,-8.32814,-19.5509,-34.3766,-8.73023e-05,False
2018-05-03,121.057,2629.73,0.0513498,0.00167522,0,-0.0658365,0.00145964,0.0777519,469.803,0,40,0,0.135008,0.14186,-1.01937,-0.48021,-2.29904,-8.47526,-19.699,-34.4178,-0.000268916,False
2018-05-04,120.955,2663.42,0.0409671,0.00143591,0,0.00224966,0.00504071,0.216403,475.257,0,40,0,0.106646,0.112059,-3.30638,-1.56566,-5.108,-12.1339,-22.57,-36.8113,-0.00084184,False
2018-05-07,120.877,2672.63,0.0393055,0.00138198,0.0213137,-0.0843257,0.00909473,0.217591,475.458,0,40,0,0.105144,0.110294,-3.68254,-1.75322,-5.62357,-12.5571,-22.9386,-37.0553,-0.000644862,False
2018-05-08,120.977,2671.92,0.0391794,0.00138417,0,-0.0428726,0.00291353,0.109643,474.035,0,40,0,0.105314,0.110471,-2.16841,-1.04062,-5.38738,-12.5617,-23.3916,-38.0769,0.000826934,False
2018-05-09,121.105,2697.79,0.0363076,0.00132944,0.161301,0.520246,0.00880446,0.367138,475.296,0,39,1,0.0956646,0.100422,-6.28753,-2.99394,-5.97361,-12.4242,-21.964,-34.9919,0.00105493,False
2018-05-10,120.733,2723.07,0.0366287,0.00132203,0.724189,0.97143,0.0171806,1.00409,476.36,0,40,0,0.0961564,0.101037,-12.1512,-5.66202,-5.06641,-10.2275,-17.9444,-28.4994,-0.00306833,False
2018-05-11,120.985,2727.72,0.0346734,0.00128684,0.377252,0.181063,0.0127367,0.576591,474.745,0,39,1,0.0870264,0.0914436,-8.31962,-3.92289,-5.51555,-11.5158,-20.4179,-32.5766,0.00208696,False
2018-05-14,121.033,2730.13,0.0319338,0.00122638,0.22541,-0.0927015,0.0119709,0.228992,472.27,0,39,1,0.0832181,0.0872937,-4.30784,-2.06012,-5.99077,-12.8491,-22.9622,-36.7594,0.000398599,False
2018-05-15,120.985,2711.45,0.0386405,0.00136884,0,-0.261046,0.00306908,0.0506778,468.374,0,39,1,0.0987104,0.103545,-0.926046,-0.443266,-4.15644,-11.4996,-22.5435,-37.5794,-0.000400963,False
2018-05-16,121.021,2722.46,0.0337327,0.00125986,0,0.0300571,0.00133661,0.0755071,470.054,0,39,1,0.0907911,0.0953063,-1.50703,-0.723584,-5.18258,-12.5812,-23.4696,-38.3508,0.000300568,False
2018-05-17,121.022,2720.13,0.0357509,0.0012912,0,-0.0445075,0.00223773,0.0625771,469.941,0,39,1,0.0919799,0.0966485,-1.26846,-0.609632,-5.08344,-12.5181,-23.4734,-38.4454,5.3251e-06,False
2018-05-18,121.023,2712.97,0.0374169,0.00133922,0,-0.0422002,0.00108076,0.0543735,469.263,0,39,1,0.095186,0.100157,-1.03315,-0.495341,-4.49987,-11.9135,-22.924,-37.956,8.26583e-06,False
2018-05-21,121.039,2733.01,0.0303303,0.0012067,0,0.0515938,0.00399332,0.114799,472.221,0,39,1,0.0815857,0.085643,-2.49096,-1.19896,-6.47042,-13.6711,-24.3891,-38.9512,0.000134677,False
2018-05-22,120.959,2724.44,0.0331905,0.00125906,0,-0.170546,0.00364781,0.0522978,470.355,0,39,1,0.0829394,0.0870641,-1.18122,-0.569771,-5.63227,-13.0878,-24.1393,-39.1896,-0.000658971,False
2018-05-23,120.978,2733.29,0.0309421,0.00121372,0,0.0169748,0.00164577,0.078448,470.419,0,38,2,0.0796447,0.0836872,-1.84666,-0.89171,-6.42091,-13.7511,-24.6195,-39.4004,0.000156311,False
2018-05-24,121.001,2727.76,0.033271,0.00126273,0,-0.0321734,0.000971736,0.055053,469.116,0,39,1,0.0834333,0.0877904,-1.21702,-0.586635,-5.68585,-13.1395,-24.1213,-39.1094,0.000183984,False
2018-05-25,120.989,2721.33,0.0348212,0.00128082,0,-0.0473426,0.00103855,0.0521098,468.133,0,39,1,0.0884097,0.0930266,-1.06121,-0.510149,-4.91956,-12.3791,-23.3542,-38.3625,-9.83261e-05,False
2018-05-29,120.891,2689.86,0.0440203,0.00150074,0,-0.138133,0.00105112,0.0528969,466.15,0,40,0,0.11615,0.121838,-0.787026,-0.373176,-2.23259,-8.84906,-19.986,-34.8687,-0.000805461,False
2018-05-30,120.943,2724.01,0.0352188,0.00130134,0,0.178144,0.00297508,0.210428,472.193,0,39,1,0.0921449,0.0967274,-3.31184,-1.57041,-5.36443,-12.4141,-22.7994,-36.9954,0.000426457,False
2018-05-31,120.929,2705.27,0.0389778,0.0013782,0,-0.195922,0.00285093,0.063466,469.685,0,40,0,0.102275,0.107467,-1.14811,-0.549331,-4.02782,-11.3034,-22.3188,-37.2912,-0.000117504,False
2018-06-01,121.032,2734.62,0.0310758,0.00121833,0.0124588,0.278824,0.00390693,0.252651,474.158,0,39,1,0.0818787,0.0860345,-4.82135,-2.30737,-6.32078,-13.05,-23.0827,-36.7317,0.000852818,False
2018-06-04,121.144,2746.87,0.0325696,0.00123656,0.138521,0.340687,0.00765853,0.366229,472.947,0,38,2,0.0831335,0.0872049,-6.49599,-3.09801,-6.32664,-12.6799,-22.1564,-35.0432,0.000927559,False
2018-06-05,121.325,2748.8,0.0324679,0.00123896,0.0603241,0.0522024,0.00463036,0.20356,471.974,0,39,1,0.0834721,0.0875601,-4.16986,-2.00199,-6.38746,-13.2265,-23.3726,-37.1859,0.00149529,False
2018-06-06,121.161,2772.35,0.0299662,0.00119712,0.37383,0.653013,0.0137118,0.661875,473.988,0,39,1,0.0794197,0.0833693,-10.2476,-4.85168,-5.8558,-11.4138,-19.7438,-31.0679,-0.00135236,False
2018-06-07,121.246,2770.37,0.0344312,0.00125609,0.189758,-0.18845,0.0124628,0.21949,472.895,0,39,1,0.0894546,0.093995,-4.56403,-2.19295,-6.25272,-13.0267,-23.0612,-36.7416,0.000700634,False
2018-06-08,121.379,2779.03,0.0322956,0.00123077,0.0471798,0.11486,0.00702446,0.178289,473.189,0,39,1,0.0840155,0.0882798,-4.01185,-1.93353,-6.42473,-13.3307,-23.5368,-37.454,0.00109629,False
2018-06-11,121.522,2782,0.0311674,0.00119447,0.00411961,0.032389,0.00514288,0.0881701,471.887,0,38,2,0.0827102,0.0867609,-2.22857,-1.07881,-6.45595,-13.7082,-24.4369,-39.0381,0.00117993,False
2018-06-12,121.576,2786.85,0.0296931,0.00116743,0.00381085,0.00674576,0.00231716,0.0635221,472.052,0,39,1,0.078562,0.0824095,-1.58951,-0.769268,-6.62421,-13.9928,-24.9418,-39.8094,0.000442648,False
2018-06-13,121.55,2775.63,0.0335396,0.00125141,0,-0.0728843,0.00155025,0.0470413,471.264,0,40,0,0.0860981,0.0903799,-0.990613,-0.476861,-5.2176,-12.7062,-23.7461,-38.8233,-0.000211108,False
2018-06-14,121.579,2782.49,0.0293879,0.00116797,0,0.00932941,0.00136155,0.0546392,473.319,0,39,1,0.0777022,0.0816461,-1.29135,-0.623818,-5.99651,-13.4537,-24.5074,-39.5387,0.000235211,False
2018-06-15,121.56,2779.66,0.0289413,0.00118791,0,-0.0565205,0.00133656,0.0435626,472.047,0,39,1,0.0747883,0.0785843,-1.06706,-0.516035,-5.81411,-13.2884,-24.3973,-39.4844,-0.0001565,False
2018-06-18,121.537,2773.75,0.0294165,0.00118914,0,-0.0530564,0.00106591,0.0404588,471.419,0,39,1,0.0771228,0.0808999,-0.951861,-0.459766,-5.42586,-12.93,-24.0408,-39.1558,-0.000187489,False
2018-06-19,121.478,2762.59,0.0341538,0.00126987,0,-0.0855297,0.0011403,0.0460906,470.243,0,39,1,0.087451,0.0917339,-0.935004,-0.449478,-4.48443,-11.9729,-22.9938,-38.0667,-0.000488887,False
2018-06-20,121.506,2767.32,0.0331417,0.00124184,0,0.0146403,0.00111682,0.0625702,471.476,0,39,1,0.0857371,0.090001,-1.32389,-0.637253,-5.3037,-12.7575,-23.7024,-38.6567,0.000238264,False
2018-06-21,121.455,2749.76,0.0411084,0.00140859,0,-0.0913598,0.00187424,0.0604312,470.496,0,40,0,0.10752,0.112978,-1.01094,-0.482249,-3.68529,-10.9396,-21.9753,-36.9364,-0.000422984,False
2018-06-22,121.521,2754.88,0.0356182,0.00128618,0,0.025908,0.00100389,0.053629,472.159,0,39,1,0.0911058,0.09573,-1.06555,-0.511852,-4.62815,-12.0937,-23.1112,-38.1767,0.000543726,False
2018-06-25,121.433,2717.07,0.0481309,0.001586,0,-0.129035,0.00148026,0.0575653,467.731,0,40,0,0.12671,0.133012,-0.783883,-0.370285,-1.80498,-7.85732,-19.061,-33.8121,-0.000723389,False
2018-06-26,121.483,2723.06,0.0426509,0.00144286,0,0.017072,0.000644365,0.065575,470.42,0,39,1,0.113173,0.118801,-1.03362,-0.491349,-2.82655,-9.58883,-20.6553,-35.5508,0.000408669,False
2018-06-27,121.392,2699.63,0.0562722,0.00180806,0,-0.125788,0.00221052,0.0823879,468.583,0,40,0,0.148314,0.155842,-0.976519,-0.457745,-1.83741,-7.37931,-18.5586,-33.1336,-0.000743702,False
2018-06-28,121.445,2716.31,0.0516815,0.00168343,0,0.0401431,0.00211034,0.117923,473.516,0,40,0,0.135526,0.142604,-1.55958,-0.734415,-3.23295,-9.8792,-20.9514,-35.5652,0.000432448,False
2018-06-29,121.531,2718.37,0.0488301,0.00160981,0,0.00669614,0.00245068,0.0837849,474.389,0,40,0,0.122609,0.129012,-1.25154,-0.593589,-3.56524,-10.5309,-21.6502,-36.498,0.000704875,False
2018-07-02,121.581,2726.71,0.0410169,0.00140715,0,-0.0016253,0.000926962,0.0707793,474.606,0,39,1,0.106404,0.111696,-1.23312,-0.589054,-4.40647,-11.6698,-22.7293,-37.725,0.000411938,False
2018-07-03,121.59,2713.22,0.0455766,0.00153771,0,-0.0391462,0.0015956,0.0651693,472.39,0,40,0,0.118047,0.123917,-0.977865,-0.464038,-3.11641,-10.0203,-21.1757,-36.0939,7.32604e-05,False
2018-07-05,121.602,2736.61,0.0424156,0.00144953,0,0.0723697,0.00261887,0.163425,476.432,0,40,0,0.109172,0.114713,-2.54908,-1.20927,-5.06076,-12.1985,-22.8519,-37.355,0.000102486,False
2018-07-06,121.685,2759.82,0.0334034,0.0012608,0.0589114,0.266212,0.0088426,0.311093,478.777,0,40,0,0.085958,0.090321,-5.46358,-2.60538,-6.35521,-12.9752,-22.839,-36.2743,0.000682001,False
2018-07-09,121.566,2784.17,0.0279202,0.00112103,0.408747,0.883942,0.0165734,0.915315,476.33,0,37,3,0.0742445,0.0778806,-12.4426,-5.84546,-5.50123,-10.5881,-18.2544,-28.6463,-0.000976305,False
2018-07-10,121.635,2793.84,0.02799,0.00113167,0.672492,0.587382,0.0115484,0.776722,471.149,0,37,3,0.0733979,0.0769925,-10.5967,-4.97952,-5.71699,-11.1139,-19.2287,-30.2256,0.000565901,False
2018-07-11,121.495,2774.02,0.0338364,0.00126424,0.0356783,-0.846578,0.00952297,0.0573951,466.131,0,39,1,0.0876324,0.0919905,-1.35904,-0.656809,-5.55357,-12.8696,-23.6924,-38.4524,-0.00115001,False
2018-07-12,121.403,2798.29,0.0316795,0.00119835,0.106263,0.1598,0.00625343,0.22681,468.316,0,38,2,0.0797419,0.0837893,-4.64946,-2.23228,-6.57488,-13.2371,-23.1691,-36.6576,-0.000754355,False
2018-07-13,121.545,2801.31,0.0294047,0.00118638,0.0138252,0.0301164,0.00484717,0.125132,470.691,0,39,1,0.0735257,0.0772576,-2.92073,-1.4093,-6.82349,-13.8569,-24.4025,-38.6799,0.00116422,False
2018-07-16,121.582,2798.43,0.0265286,0.0011117,0,-0.0573989,0.00160897,0.0542045,471.001,0,38,2,0.0727206,0.0762821,-1.52663,-0.74132,-6.58238,-13.9272,-24.9089,-39.7731,0.000307184,False
2018-07-17,121.575,2809.55,0.0265778,0.00110382,0,0.0137742,0.00324742,0.0976467,472.002,0,38,2,0.0701809,0.073618,-2.71896,-1.31959,-7.14402,-14.2206,-24.9047,-39.3128,-6.12056e-05,False
2018-07-18,121.628,2815.62,0.0267593,0.00111146,0.00380231,0.0371627,0.00451083,0.0983419,471.153,0,38,2,0.069763,0.0732324,-2.66211,-1.29087,-7.28451,-14.3487,-25.0262,-39.4221,0.000442544,False
2018-07-19,121.597,2804.49,0.0313546,0.00120957,0,-0.10793,0.00206949,0.0503045,470.144,0,39,1,0.080616,0.0847078,-1.18085,-0.570413,-6.03936,-13.476,-24.4634,-39.4301,-0.000261591,False
2018-07-20,121.612,2801.83,0.0303061,0.00118156,0,-0.019706,0.00091164,0.0433688,470.72,0,39,1,0.0771194,0.0810337,-1.01293,-0.48916,-5.69842,-13.1748,-24.2327,-39.2893,0.000126998,False
2018-07-23,121.644,2806.98,0.0292373,0.00117716,0,0.0158983,0.000880046,0.0546973,471.586,0,38,2,0.0742445,0.0778806,-1.34717,-0.65151,-6.22985,-13.6088,-24.6459,-39.5927,0.000261076,False
2018-07-24,121.525,2820.4,0.0295684,0.0011862,0,-0.0476859,0.00759727,0.14618,473.311,0,39,1,0.0740751,0.0777029,-3.43605,-1.65842,-7.03558,-13.9806,-24.4522,-38.6055,-0.000973196,False
2018-07-25,120.901,2846.07,0.0291345,0.00116772,0.235638,0.418034,0.0206194,0.960548,475.289,0,39,1,0.0752682,0.0790114,-13.8573,-6.53234,-5.3313,-10.1357,-17.4036,-27.2642,-0.00513987,False
2018-07-26,120.948,2837.44,0.0318351,0.00120873,0.0346761,-0.632336,0.011138,0.265463,472.782,0,39,1,0.0823643,0.0865448,-5.53774,-2.66,-6.16641,-12.7573,-22.5332,-35.8542,0.000393392,False
2018-07-27,120.898,2818.82,0.0308484,0.00119434,0,-0.30143,0.0062486,0.0381036,467.913,0,39,1,0.0807131,0.0848098,-0.87168,-0.420672,-4.90156,-12.3489,-23.4212,-38.5266,-0.000418903,False
2018-07-30,120.864,2802.6,0.0322464,0.00121639,0,-0.0623028,0.00135595,0.0388474,466.415,0,39,1,0.0886362,0.0929771,-0.768714,-0.36914,-3.33738,-10.5721,-21.6166,-36.7013,-0.000276039,False
2018-07-31,120.874,2816.29,0.0287496,0.00114622,0,0.0172231,0.0022919,0.0714749,469.096,0,39,1,0.0791546,0.0830311,-1.6241,-0.783213,-5.16098,-12.5076,-23.4079,-38.2507,8.19688e-05,False
2018-08-01,120.859,2813.36,0.0325703,0.00122556,0,-0.0555296,0.00313574,0.0589435,469.369,0,39,1,0.0828492,0.0869694,-1.3356,-0.644254,-5.51273,-12.943,-23.9215,-38.8898,-0.000122353,False
2018-08-02,120.746,2827.22,0.0292134,0.00116332,0,-0.0840667,0.00606552,0.110004,471.322,0,39,1,0.076051,0.0799111,-2.72096,-1.31554,-6.90637,-14.0518,-24.7396,-39.2239,-0.000936148,False
2018-08-03,120.905,2840.35,0.0241874,0.00108871,0.0125105,0.195202,0.00285596,0.154751,469.302,0,37,3,0.0636187,0.0668477,-4.43328,-2.15273,-7.41619,-14.1072,-24.3132,-38.0145,0.00131008,False
2018-08-06,120.922,2850.4,0.0230663,0.00107712,0.0615232,0.135874,0.0138585,0.219967,466.401,0,37,3,0.0621385,0.0651817,-6.02675,-2.92248,-7.22848,-13.5459,-23.2006,-36.145,0.000142804,False
2018-08-07,121.016,2858.45,0.0242643,0.00105944,0.12119,0.227623,0.00893669,0.246787,463.234,0,37,3,0.0622231,0.0652705,-6.55299,-3.17459,-7.04461,-13.1988,-22.599,-35.2075,0.000776375,False
2018-08-08,121.102,2857.7,0.024581,0.00105966,0.0316756,-0.0655062,0.00844048,0.0780655,460.894,0,38,2,0.0624527,0.0655586,-2.63172,-1.28369,-7.45181,-14.3831,-24.9239,-39.0684,0.000715782,False
2018-08-09,121.112,2853.58,0.0255781,0.00111562,0,-0.04659,0.00182507,0.0439646,462.923,0,39,1,0.067698,0.0711341,-1.26251,-0.61326,-6.90673,-14.1776,-25.1345,-39.9027,8.37989e-05,False
2018-08-10,121.05,2833.28,0.0317901,0.00120327,0,-0.095437,0.00116401,0.0403965,460.38,0,38,2,0.0845982,0.0888921,-0.843759,-0.40598,-4.52062,-11.9199,-22.768,-37.6119,-0.000515604,False
2018-08-13,121.04,2821.93,0.0353683,0.00126957,0,-0.0368029,0.00131404,0.0463147,464.132,0,39,1,0.093377,0.0979501,-0.877173,-0.420526,-3.735,-11.083,-22.0046,-36.9376,-8.20846e-05,False
2018-08-14,121.106,2839.96,0.0301751,0.00117684,0,0.0825365,0.00109898,0.0911368,469.825,0,39,1,0.0793239,0.0832088,-2.03109,-0.978697,-5.93486,-13.1991,-23.9939,-38.6621,0.000542083,False
2018-08-15,121.045,2818.37,0.0395447,0.00137358,0,-0.132081,0.00132025,0.0567435,468.336,0,39,1,0.101531,0.10658,-1.01203,-0.483995,-4.00795,-11.3378,-22.3441,-37.3225,-0.000502344,False
2018-08-16,121.113,2840.69,0.0340413,0.00124436,0,0.114266,0.00182897,0.133656,472.035,0,39,1,0.0874149,0.0918518,-2.66132,-1.27677,-6.18171,-13.3631,-23.9637,-38.4273,0.000564427,False
2018-08-17,121.203,2850.13,0.0293798,0.00116187,0.00914773,0.0690922,0.0038472,0.127753,472.817,0,39,1,0.0774108,0.0813399,-2.96172,-1.42881,-6.75923,-13.8525,-24.4436,-38.815,0.000744909,False
2018-08-20,121.318,2857.05,0.0278475,0.00115429,0.00528274,0.0732327,0.00259542,0.105619,473.076,0,39,1,0.0711121,0.0745948,-2.89305,-1.40326,-7.10157,-14.1864,-24.8564,-39.2602,0.000942067,False
2018-08-21,121.312,2862.96,0.02759,0.00111507,0.0118654,-0.0103984,0.00852739,0.106819,472.122,0,38,2,0.0727206,0.0762821,-2.94267,-1.42768,-7.14083,-14.2036,-24.824,-39.1762,-4.54648e-05,False
2018-08-22,121.343,2861.82,0.0281851,0.00113966,0,-0.0474323,0.00326804,0.0524226,471.072,0,39,1,0.0713874,0.0749377,-1.43828,-0.697818,-6.91158,-14.2791,-25.3277,-40.2612,0.000253406,False
2018-08-23,121.34,2856.98,0.0287915,0.00115188,0,-0.0352147,0.00114331,0.0468482,470.101,0,39,1,0.0772165,0.0811358,-1.13644,-0.549459,-6.1304,-13.5922,-24.6377,-39.6583,-2.59109e-05,False
2018-08-24,121.377,2874.69,0.0295266,0.00117314,0,0.117264,0.00207397,0.152901,473.245,0,39,1,0.0739041,0.0777636,-3.5503,-1.71272,-7.10412,-14.0379,-24.4823,-38.6044,0.00030898,False
2018-08-27,121.402,2896.74,0.0248712,0.00106282,0.16893,0.615235,0.0185653,0.579133,474.494,0,38,2,0.0657017,0.0689692,-11.014,-5.26867,-6.21187,-11.5884,-19.7951,-30.8317,0.000208573,False
2018-08-28,121.537,2897.52,0.0262628,0.00110868,0.0959357,-0.0306982,0.00985897,0.332976,472.474,0,38,2,0.0684995,0.0719061,-7.2322,-3.47932,-6.56762,-12.7294,-22.0283,-34.5743,0.0011105,False
2018-08-29,121.392,2914.04,0.0272901,0.00110714,0.503996,0.61294,0.0127567,0.600907,473.229,0,39,1,0.0705147,0.0740938,-10.0523,-4.77903,-6.11206,-11.678,-20.0935,-31.4661,-0.00119766,False
2018-08-30,121.461,2901.13,0.0333004,0.00122428,0.0409277,-0.43107,0.00534473,0.0864559,471.928,0,40,0,0.0855509,0.0900186,-2.09346,-1.01217,-6.22796,-13.5113,-24.2607,-38.9183,0.000569928,False
2018-08-31,121.513,2901.52,0.0283549,0.00112797,0,-0.0144269,0.00239929,0.0442686,472.585,0,39,1,0.0755982,0.0795461,-1.10842,-0.536479,-6.10717,-13.5918,-24.691,-39.7834,0.000432963,False
2018-09-04,121.512,2896.72,0.0279888,0.00112592,0,-0.0324009,0.000884925,0.0389036,471.092,0,39,1,0.0764455,0.0801894,-0.927282,-0.4481,-5.49312,-13.0005,-24.113,-39.2309,-8.70598e-06,False
2018-09-05,121.505,2888.6,0.03125,0.00118764,0,-0.0311495,0.000846773,0.0442021,470.462,0,39,1,0.0837516,0.0879168,-0.947382,-0.45632,-4.773,-12.2792,-23.312,-38.391,-5.95203e-05,False
2018-09-06,121.483,2878.05,0.0361146,0.00128158,0,-0.0480484,0.00145659,0.0519682,469.895,0,39,1,0.0953794,0.100221,-0.971014,-0.465354,-4.07562,-11.4755,-22.4661,-37.4854,-0.000184667,False
2018-09-07,121.484,2871.68,0.034557,0.00124501,0,-0.0369312,0.000797255,0.0461988,469.974,0,39,1,0.0911058,0.09573,-0.895739,-0.429926,-3.98283,-11.4061,-22.4154,-37.481,1.11367e-05,False
2018-09-10,121.514,2877.13,0.0312963,0.00119041,0,0.00366817,0.00116626,0.0486481,471.595,0,39,1,0.0807631,0.0847184,-1.09239,-0.526834,-5.14009,-12.6228,-23.6696,-38.7311,0.000248251,False
2018-09-11,121.528,2887.89,0.0278059,0.00110392,0,0.0147324,0.00305082,0.0728808,472.455,0,38,2,0.0735672,0.0771701,-1.83812,-0.889492,-6.50398,-13.7856,-24.7158,-39.5037,0.000116454,False
2018-09-12,121.56,2888.92,0.0279911,0.00114147,0,-0.00560798,0.00184722,0.0608564,471.426,0,39,1,0.0739144,0.0775903,-1.59683,-0.773788,-6.6867,-14.0163,-24.9826,-39.8328,0.000258531,False
2018-09-13,121.616,2904.18,0.0270806,0.00109221,0,0.13771,0.00477518,0.163211,472.909,0,38,2,0.0705147,0.0740938,-4.25117,-2.0588,-7.24753,-14.009,-24.2385,-38.0366,0.000465354,False
2018-09-14,121.655,2904.98,0.0257723,0.00106435,0,-0.0671017,0.00487054,0.0769213,472.077,0,38,2,0.066921,0.0703177,-2.34012,-1.13858,-7.34382,-14.4835,-25.297,-39.8563,0.000320893,False
2018-09-17,121.618,2888.8,0.0315938,0.00119467,0,-0.0990334,0.00182235,0.0441402,469.431,0,39,1,0.084234,0.0883593,-0.972668,-0.468939,-5.44869,-12.9101,-23.9164,-38.9375,-0.00030969,False
2018-09-18,121.643,2904.31,0.0300429,0.00116512,0,0.0475048,0.00141903,0.0938596,471.557,0,38,2,0.0771228,0.0808999,-2.18121,-1.05268,-6.63727,-13.8517,-24.6194,-39.2171,0.00020757,False
2018-09-19,121.719,2907.95,0.027507,0.00112802,0,0.0330729,0.00116655,0.0763718,472.708,0,39,1,0.0740047,0.0776851,-1.95349,-0.945788,-6.80141,-14.0633,-24.9394,-39.6636,0.000622914,False
2018-09-20,121.641,2930.75,0.0301659,0.00115281,0.0540626,0.362908,0.00653229,0.485027,475.231,0,39,1,0.0765366,0.0804214,-8.94558,-4.2743,-6.32439,-12.1475,-20.9131,-32.7983,-0.000635306,False
2018-09-21,121.642,2929.67,0.0295194,0.00113713,0.0275246,-0.276431,0.0119308,0.196848,473.804,0,38,2,0.0747883,0.0785843,-4.70624,-2.27268,-6.70527,-13.4251,-23.4746,-37.1034,5.54759e-06,False
2018-09-24,121.639,2919.37,0.0294119,0.00114489,0,-0.180885,0.00342747,0.0435597,471.456,0,39,1,0.0772921,0.0810775,-1.10766,-0.536395,-6.03261,-13.5007,-24.5583,-39.5977,-2.26665e-05,False
2018-09-25,121.656,2915.56,0.030772,0.00116964,0,-0.0102397,0.00105644,0.0451764,469.817,0,38,2,0.0801705,0.0840968,-1.02003,-0.492105,-5.38732,-12.8596,-23.8702,-38.8854,0.000137205,False
2018-09-26,121.635,2905.97,0.0319541,0.00118447,0,-0.0497647,0.00166369,0.0456468,469.759,0,39,1,0.0876324,0.0919905,-0.938828,-0.451639,-4.48264,-11.9502,-22.942,-37.9765,-0.00017368,False
2018-09-27,121.643,2914,0.0320481,0.00119189,0,0.000856871,0.00263136,0.0661877,471.571,0,39,1,0.0837241,0.0879736,-1.44752,-0.697529,-5.63379,-13.0506,-23.9612,-38.8539,7.02168e-05,False
2018-09-28,121.675,2913.98,0.0286303,0.00114402,0,-0.0168208,0.00110099,0.043779,472.782,0,39,1,0.0736228,0.0773596,-1.09754,-0.531148,-6.018,-13.4783,-24.6002,-39.6852,0.000262844,False
2018-10-01,121.716,2924.59,0.0250698,0.00105965,0,0.0401757,0.00312518,0.064391,473.272,0,38,2,0.0674719,0.0707763,-1.79717,-0.872286,-7.09958,-14.3576,-25.3646,-40.1768,0.000332431,False
2018-10-02,121.736,2923.43,0.0259929,0.00107351,0,-0.0158949,0.00176961,0.051161,471.771,0,38,2,0.069673,0.0730852,-1.41381,-0.6861,-6.88275,-14.2205,-25.2789,-40.1962,0.000168301,False
2018-10-03,121.716,2925.51,0.0290956,0.00115004,0,-0.0329271,0.00329151,0.0634234,471.635,0,39,1,0.0742754,0.0779693,-1.63059,-0.789679,-6.81054,-14.1309,-25.0785,-39.9012,-0.000168688,False
2018-10-04,121.641,2901.61,0.0423788,0.0014252,0,-0.111171,0.00165612,0.0664207,470.197,0,40,0,0.111211,0.116856,-1.08486,-0.516926,-4.02411,-11.2571,-22.2681,-37.1448,-0.000615132,False
2018-10-05,121.64,2885.57,0.0445267,0.00148632,0,-0.0508913,0.0012059,0.05846,469.904,0,40,0,0.116748,0.122673,-0.876926,-0.416226,-2.73763,-9.61522,-20.7255,-35.6039,-9.01099e-06,False
2018-10-08,121.661,2884.43,0.0411868,0.00140993,0,-0.0196724,0.00101785,0.0562744,472.086,0,40,0,0.107345,0.112603,-0.926083,-0.441346,-3.0861,-10.1547,-21.2495,-36.2679,0.000174878,False
2018-10-09,121.67,2880.34,0.0429502,0.00144523,0,-0.0235495,0.000766513,0.0644963,472.839,0,40,0,0.110393,0.1158,-1.03771,-0.493945,-3.25642,-10.3044,-21.3762,-36.3565,7.37049e-05,False
2018-10-10,121.514,2785.68,0.0733523,0.00227683,0,-0.20727,0.00153049,0.0826861,462.139,0,40,0,0.19539,0.205108,-0.698876,-0.321699,-0.522515,-2.45633,-10.9838,-25.7052,-0.00128145,False
2018-10-11,121.43,2728.37,0.0976709,0.00298651,0,-0.136252,0.00134176,0.123446,459.227,0,40,0,0.259622,0.2728,-0.799067,-0.362865,-0.338109,-1.62582,-6.90707,-20.7124,-0.000688552,False
2018-10-12,121.633,2767.13,0.070374,0.00219654,0,0.131545,0.00131306,0.119449,470.069,0,40,0,0.184057,0.193399,-1.13766,-0.526472,-1.2548,-4.60052,-13.9692,-28.5804,0.00166685,False
2018-10-15,121.659,2750.79,0.0629552,0.00198817,0,-0.0749259,0.000733689,0.0783531,471.312,0,40,0,0.168299,0.176541,-0.802917,-0.373601,-1.09052,-4.82194,-14.7786,-29.5044,0.000217074,False
2018-10-16,121.662,2809.92,0.0495919,0.0016229,0,0.304545,0.00402583,0.424344,481.375,0,40,0,0.127833,0.134093,-4.33644,-1.9973,-4.07548,-10.5074,-20.6951,-34.437,2.05295e-05,False
2018-10-17,121.744,2809.21,0.0502098,0.00163488,0.0407339,-0.0850607,0.00398055,0.260535,479.189,0,40,0,0.132486,0.139075,-3.1422,-1.4672,-4.10108,-10.6817,-21.3046,-35.4279,0.000679003,False
2018-10-18,121.675,2768.78,0.0669429,0.00209557,0,-0.294577,0.00232194,0.0976367,471.891,0,40,0,0.175995,0.184928,-1.0109,-0.470813,-1.61293,-6.62612,-17.4715,-32.1794,-0.000568021,False
2018-10-19,121.706,2767.78,0.0623265,0.00196617,0,-0.0351032,0.00162564,0.0904305,472.033,0,40,0,0.163952,0.172273,-0.971263,-0.453109,-1.5816,-6.61569,-17.6207,-32.2702,0.000253442,False
2018-10-22,121.747,2755.88,0.0572764,0.00183184,0,-0.0337694,0.000884759,0.0704538,471.247,0,40,0,0.148574,0.15585,-0.81416,-0.381117,-1.36554,-5.9952,-17.0232,-31.7044,0.000334964,False
2018-10-23,121.675,2740.69,0.0635191,0.00200326,0,-0.109871,0.000794654,0.0927871,471.078,0,40,0,0.17033,0.178672,-0.949378,-0.441605,-1.29414,-5.55483,-16.2891,-30.9229,-0.000587146,False
2018-10-24,121.585,2656.1,0.0915046,0.00280976,0,-0.165942,0.00112422,0.105062,461.862,0,40,0,0.239522,0.251434,-0.72559,-0.33032,-0.347601,-1.60685,-7.59489,-21.867,-0.000744988,False
2018-10-25,121.586,2705.57,0.0861805,0.00265143,0,0.156754,0.00256887,0.341676,472.851,0,40,0,0.226696,0.238202,-2.296,-1.02683,-1.26212,-4.69462,-14.1851,-28.4721,9.05825e-06,False
2018-10-26,121.366,2658.69,0.0954521,0.00292561,0,-0.515149,0.00225272,0.136499,468.038,0,40,0,0.24991,0.262594,-0.961931,-0.439004,-0.551769,-2.64701,-10.3763,-25.0504,-0.00180694,False
2018-10-29,121.236,2641.25,0.0877034,0.00269853,0,-0.237141,0.00313365,0.111242,468.384,0,40,0,0.235432,0.246962,-0.815269,-0.372695,-0.491167,-2.52339,-10.1938,-24.8745,-0.00107124,False
2018-10-30,121.285,2682.63,0.0816849,0.00252108,0,0.130851,0.00169581,0.270765,475.891,0,40,0,0.218924,0.229645,-2.05171,-0.929753,-1.5351,-5.55256,-15.4609,-29.945,0.000402485,False
2018-10-31,121.508,2711.74,0.0739378,0.00230381,0.0201602,0.267996,0.00411416,0.363216,479.227,0,40,0,0.196203,0.20596,-3.08182,-1.40371,-2.55163,-7.71051,-18.0268,-32.0695,0.00183786,False
2018-11-01,121.818,2740.37,0.0678958,0.00212677,0.0666362,0.495382,0.00304982,0.544514,481.765,0,40,0,0.179589,0.188704,-4.89593,-2.23429,-3.47128,-9.06062,-19.0343,-32.3377,0.00255265,False
2018-11-02,121.663,2723.06,0.066327,0.00208316,0,-0.635121,0.00838796,0.119964,476.362,0,40,0,0.175898,0.184826,-1.36897,-0.640921,-2.24447,-7.62716,-18.4569,-33.161,-0.00127005,False
2018-11-05,121.769,2738.31,0.062654,0.00198167,0,0.0483711,0.00218761,0.121047,476.811,0,40,0,0.163643,0.171657,-1.35709,-0.633923,-2.53513,-8.44505,-19.5253,-34.1832,0.000869388,False
2018-11-06,121.857,2755.45,0.0601938,0.00190679,0,0.0898742,0.00126749,0.179802,477.997,0,40,0,0.16068,0.168549,-2.02998,-0.946629,-3.15236,-9.39114,-20.3304,-34.752,0.000723824,False
2018-11-07,121.584,2813.89,0.0455054,0.0015078,0.340222,1.07796,0.0129479,1.22209,484.182,0,40,0,0.120303,0.126286,-11.2791,-5.14044,-4.55406,-9.80326,-17.837,-28.7126,-0.00224441,False
2018-11-08,121.813,2806.83,0.0485581,0.00159173,0.127387,-0.47952,0.00799045,0.424607,479.877,0,40,0,0.124906,0.131246,-5.61442,-2.63572,-4.52816,-10.741,-20.6065,-33.7536,0.00188801,False
2018-11-09,121.787,2781.01,0.0499532,0.00163405,0,-0.429558,0.0040496,0.0654436,474.004,0,40,0,0.12782,0.134308,-0.944024,-0.447417,-2.74617,-9.09279,-20.3476,-35.1772,-0.000214467,False
2018-11-12,121.709,2726.22,0.0642342,0.0020285,0,-0.131294,0.00111695,0.0728979,466.33,0,40,0,0.167864,0.176212,-0.720853,-0.334375,-0.769459,-3.74276,-13.6999,-28.3536,-0.000637666,False
2018-11-13,121.738,2722.18,0.0591281,0.00188169,0,-0.0192509,0.00116194,0.0810796,468.471,0,40,0,0.15893,0.166833,-0.875888,-0.408406,-1.2655,-4.88009,-15.1391,-29.7007,0.000235412,False
2018-11-14,121.665,2701.58,0.0695846,0.00218137,0,-0.121903,0.00187444,0.0982923,468.861,0,40,0,0.182794,0.192072,-0.925616,-0.428547,-1.08338,-4.60347,-14.5164,-29.1605,-0.000604467,False
2018-11-15,121.647,2730.2,0.0658257,0.00206822,0,0.0252437,0.00179271,0.203415,475.56,0,40,0,0.171631,0.180594,-2.0306,-0.938739,-2.46832,-7.98756,-18.8528,-33.149,-0.000147247,False
2018-11-16,121.772,2736.27,0.0570988,0.00182942,0,-0.0139176,0.00317331,0.11645,476.855,0,40,0,0.146961,0.154636,-1.47666,-0.694421,-2.9617,-9.29967,-20.4071,-35.0612,0.00102875,False
2018-11-19,121.674,2690.73,0.0657342,0.00207282,0,-0.200732,0.00125361,0.0761541,470.273,0,40,0,0.167955,0.176307,-0.757519,-0.351802,-0.885775,-4.78474,-15.3345,-30.0995,-0.00080502,False
2018-11-20,121.581,2641.89,0.0744663,0.00232147,0,-0.154332,0.000858356,0.0855642,465.033,0,40,0,0.192412,0.201981,-0.727094,-0.334417,-0.578725,-2.55363,-10.5383,-25.2484,-0.000759866,False
2018-11-21,121.644,2649.93,0.0654393,0.00206656,0,0.0153544,0.00116416,0.100348,469.335,0,40,0,0.172596,0.181356,-0.995646,-0.461957,-1.21638,-4.53388,-13.9901,-28.5839,0.000516355,False
2018-11-23,121.635,2632.56,0.0700647,0.00220015,0,-0.0808512,0.000794472,0.0953067,469.806,0,40,0,0.180463,0.189623,-0.906057,-0.419645,-1.07003,-4.57304,-14.2803,-28.9344,-7.18471e-05,False
2018-11-26,121.772,2673.45,0.0600368,0.00191049,0,0.261425,0.00255139,0.276002,478.057,0,40,0,0.161186,0.169202,-2.77565,-1.28072,-3.06087,-8.98479,-19.6759,-33.7765,0.00112059,False
2018-11-27,121.698,2682.17,0.0683919,0.00214662,0.00401042,-0.0797457,0.00496069,0.32747,478.604,0,40,0,0.176799,0.185592,-3.15865,-1.45312,-3.35385,-9.34573,-19.8463,-33.8294,-0.0006072,False
2018-11-28,121.013,2743.79,0.0725995,0.00226355,0.72961,2.21457,0.0192858,2.54836,484.576,0,40,0,0.18969,0.199318,-13.2449,-5.59984,-3.16296,-7.23223,-14.2961,-23.8556,-0.00562774,False
2018-11-29,121.494,2737.8,0.0797931,0.00246626,0.48165,-0.544007,0.0108807,1.1077,479.416,0,40,0,0.208583,0.219476,-7.29038,-3.20844,-2.82992,-7.35533,-16.1087,-28.3538,0.0039785,False
2018-11-30,121.971,2760.17,0.0793578,0.00245436,0.806729,0.950093,0.00601156,0.844759,479.623,0,40,0,0.204136,0.214797,-5.92372,-2.63107,-2.76878,-7.5319,-16.7673,-29.5723,0.00392772,False
2018-12-03,122.364,2790.37,0.0522047,0.0016929,0.884579,0.831578,0.0105398,0.43892,481.407,0,40,0,0.135826,0.142581,-3.8591,-1.75348,-3.74864,-9.94089,-20.3297,-34.0645,0.00322051,False
2018-12-04,121.983,2700.06,0.0758758,0.0023577,0,-0.8041,0.00543441,0.0844192,467.379,0,40,0,0.199361,0.209276,-0.692082,-0.31816,-0.48367,-2.37464,-10.7977,-25.54,-0.00311787,False
2018-12-06,121.928,2695.95,0.0790605,0.00244917,0,-0.0964278,0.00110259,0.118192,469.5,0,40,0,0.207173,0.217689,-0.966035,-0.443694,-0.833928,-3.28056,-11.823,-26.5533,-0.000448359,False
2018-12-07,121.813,2633.08,0.0862336,0.00265694,0,-0.216622,0.00105395,0.0988173,463.577,0,40,0,0.229901,0.24157,-0.712242,-0.325014,-0.376133,-1.76214,-7.43002,-21.1316,-0.000940919,False
2018-12-10,121.862,2637.72,0.0737534,0.00229944,0,-0.0240651,0.000805422,0.096552,469.204,0,40,0,0.194373,0.203893,-0.84734,-0.390666,-0.836761,-3.2979,-11.3317,-25.8194,0.000401013,False
2018-12-11,121.843,2636.78,0.0699318,0.00219634,0,-0.0774221,0.0020488,0.103956,472.529,0,40,0,0.186331,0.195456,-0.97207,-0.449791,-1.15129,-4.53175,-13.9566,-28.6439,-0.000157058,False
2018-12-12,121.793,2651.07,0.071917,0.00224981,0,-0.0534129,0.00329871,0.166746,476.23,0,40,0,0.188712,0.198097,-1.56149,-0.720867,-1.89071,-6.60925,-17.0803,-31.6264,-0.000409,False
2018-12-13,121.892,2650.54,0.0669696,0.00210739,0,-0.0165169,0.00141066,0.115253,476.413,0,40,0,0.176093,0.18503,-1.19669,-0.556978,-1.9086,-7.18799,-18.1272,-32.8336,0.000808148,False
2018-12-14,121.809,2599.95,0.0715396,0.00223883,0,-0.185471,0.00128596,0.0807815,469.051,0,40,0,0.185611,0.195032,-0.717606,-0.331275,-0.599423,-3.12669,-12.5023,-27.2865,-0.000680803,False
2018-12-17,121.738,2545.94,0.0810621,0.00251788,0,-0.137227,0.000869945,0.0917009,463.596,0,40,0,0.213982,0.224624,-0.706214,-0.32308,-0.45895,-1.98895,-8.01919,-22.2396,-0.000578545,False
2018-12-18,121.762,2546.16,0.0865189,0.00267287,0,-0.00733792,0.00108682,0.143346,467.821,0,40,0,0.22779,0.239118,-1.07314,-0.490181,-0.798278,-3.15974,-10.5098,-24.9546,0.00019531,False
2018-12-19,121.305,2506.96,0.0835667,0.00258876,0,-0.57668,0.00600718,0.0986763,465.664,0,40,0,0.221548,0.232793,-0.745916,-0.341325,-0.449934,-2.24864,-9.11029,-23.3286,-0.00375355,False
2018-12-20,121.27,2467.42,0.105976,0.00324285,0,-0.0943016,0.00107122,0.140896,464.019,0,40,0,0.273064,0.287324,-0.871021,-0.394416,-0.328501,-1.63465,-7.10385,-20.6442,-0.000287366,False
2018-12-21,121.233,2416.62,0.117087,0.00357229,0,-0.146475,0.00107703,0.144094,460.754,0,40,0,0.302499,0.318296,-0.806945,-0.362991,-0.193764,-1.03979,-4.81365,-16.3681,-0.000307057,False
2018-12-24,121.159,2351.1,0.135983,0.00413021,0,-0.184508,0.000840577,0.164026,456.326,0,40,0,0.355196,0.373225,-0.814622,-0.362038,-0.102929,-0.632673,-3.00191,-11.3087,-0.00060567,False
2018-12-26,120.956,2467.7,0.111958,0.00341832,0,0.733935,0.00532133,1.20504,480.056,0,40,0,0.293811,0.308724,-4.4924,-1.83635,-1.21738,-4.10744,-11.9896,-25.2768,-0.0016826,False
2018-12-27,120.308,2488.83,0.120652,0.00366868,0.28561,-0.287967,0.00919444,1.38658,481.548,0,40,0,0.319651,0.336344,-5.13795,-2.10129,-1.49293,-4.80651,-12.7455,-25.5566,-0.00535174,False
2018-12-28,120.713,2485.74,0.10855,0.00331447,0.102493,-0.360581,0.00535584,0.618559,477.767,0,40,0,0.287781,0.30281,-3.29136,-1.4225,-1.24219,-4.33951,-12.3183,-25.9123,0.00336487,False
2018-12-31,121.242,2506.85,0.0854712,0.00264486,0.226669,0.351555,0.00384769,0.293298,477.227,0,40,0,0.22057,0.231539,-2.20242,-0.991558,-1.29637,-4.90422,-14.1774,-28.6892,0.00438334,False
2019-01-02,121.163,2510.03,0.0701273,0.00220592,0.0723654,-0.268202,0.00418629,0.0952376,474.178,0,40,0,0.183929,0.193076,-0.901467,-0.417513,-1.0807,-4.89371,-15.0275,-29.8769,-0.00064971,False
2019-01-03,121.079,2447.89,0.0894932,0.00276437,0,-0.161143,0.000854804,0.104813,464.516,0,40,0,0.234272,0.246163,-0.743688,-0.339044,-0.377708,-1.8091,-8.20539,-22.476,-0.000700247,False
2019-01-04,121.211,2531.94,0.0661327,0.00209598,0,0.737598,0.00339152,0.770534,479.102,0,40,0,0.174636,0.1835,-4.65377,-2.02286,-2.5027,-7.70584,-17.672,-30.9166,0.00109451,False
2019-01-07,121.288,2549.69,0.0633364,0.00201872,0.237095,0.314671,0.00642108,0.8261,479.872,0,40,0,0.167452,0.175653,-5.39181,-2.36482,-3.32776,-9.00652,-18.7733,-31.8285,0.000634491,False
2019-01-08,121.361,2574.41,0.0612163,0.00195926,0.288295,0.676701,0.00901403,1.19125,481.227,0,40,0,0.158394,0.166151,-7.47536,-3.25447,-3.78569,-9.22952,-18.431,-30.5689,0.000605986,False
2019-01-09,121.533,2584.96,0.060042,0.00192428,0.602422,0.278485,0.00961197,0.743906,479.301,0,40,0,0.155951,0.163707,-5.39737,-2.3981,-3.7866,-9.61155,-19.4942,-32.5041,0.00141654,False
2019-01-10,121.634,2596.64,0.0592104,0.00189669,0.612062,0.167297,0.00594373,0.250099,477.751,0,40,0,0.154433,0.162272,-3.21617,-1.51015,-4.02914,-10.3146,-20.9452,-34.9093,0.000826205,False
2019-01-11,121.744,2596.26,0.0569388,0.00183101,0,-0.0816932,0.00208994,0.110752,476.028,0,40,0,0.14622,0.153856,-1.4955,-0.706052,-3.37279,-9.85726,-20.9799,-35.6,0.000909879,False
2019-01-14,121.728,2582.61,0.0525003,0.00172848,0,-0.112806,0.00106306,0.0640432,473.281,0,40,0,0.13366,0.140307,-0.825641,-0.388891,-2.02687,-8.12126,-19.3668,-34.2012,-0.000134613,False
2019-01-15,121.782,2610.3,0.049651,0.00165762,0,0.164295,0.00155081,0.221214,477.411,0,40,0,0.129147,0.13557,-2.68731,-1.25584,-3.95421,-10.7056,-21.4045,-35.6997,0.000440048,False
2019-01-16,121.893,2616.1,0.0520893,0.00170288,0.00103705,0.0664715,0.00137876,0.224068,477.527,0,40,0,0.134036,0.140839,-2.82267,-1.3228,-4.13311,-10.8329,-21.5059,-35.6938,0.000916298,False
2019-01-17,121.807,2635.96,0.0515062,0.00169005,0.0337106,0.141034,0.0114862,0.455717,479.398,0,40,0,0.13542,0.142492,-5.37057,-2.50208,-4.67673,-10.9464,-20.8551,-34.031,-0.000705494,False
2019-01-18,121.729,2670.71,0.048995,0.00162951,0.723823,1.46424,0.0183959,1.30374,482.206,0,40,0,0.124726,0.13124,-11.2698,-5.10341,-4.36042,-9.52522,-17.4861,-28.2134,-0.000645611,False
2019-01-22,121.391,2632.9,0.0615221,0.00195894,0,-1.58562,0.00931634,0.105858,473.693,0,40,0,0.159579,0.167394,-1.32154,-0.621478,-2.8065,-8.82574,-19.8564,-34.5277,-0.00277248,False
2019-01-23,121.468,2638.7,0.060954,0.00193977,0,0.0269792,0.00269093,0.111972,473.755,0,40,0,0.157756,0.165602,-1.31123,-0.614129,-2.64944,-8.68059,-19.7863,-34.4092,0.000635866,False
2019-01-24,121.549,2642.33,0.0569019,0.00182834,0,0.0142202,0.00124649,0.0996893,473.789,0,40,0,0.148314,0.155842,-1.21853,-0.571992,-2.5283,-8.66363,-19.8569,-34.5065,0.000661323,False
2019-01-25,121.688,2664.76,0.0502691,0.00164254,0,0.157076,0.00195227,0.164524,477.058,0,40,0,0.132774,0.139513,-2.26159,-1.06643,-4.03838,-10.8425,-21.6955,-36.1431,0.00114288,False
2019-01-28,121.59,2643.85,0.0538558,0.0017559,0,-0.236751,0.0016135,0.075484,473.564,0,40,0,0.143325,0.150344,-0.959581,-0.451731,-2.39513,-8.66516,-19.8955,-34.685,-0.000798976,False
2019-01-29,121.613,2640,0.0556732,0.00179145,0,-0.017474,0.00110716,0.0878118,473.052,0,40,0,0.150436,0.157804,-1.0483,-0.491699,-2.17377,-8.15098,-19.3552,-34.0443,0.000188936,False
2019-01-30,121.548,2681.05,0.0535557,0.00174109,0.00193161,0.222465,0.00532989,0.420183,478.735,0,40,0,0.13736,0.144191,-4.60134,-2.13227,-4.51562,-10.9824,-21.1035,-34.6243,-0.000537382,False
2019-01-31,121.545,2704.1,0.0498131,0.00164337,0.16581,0.449854,0.0126844,0.742859,480.302,0,40,0,0.1285,0.135022,-7.64604,-3.52106,-4.74276,-10.646,-19.8214,-32.1145,-2.58796e-05,False
2019-02-01,121.874,2706.53,0.0428167,0.00147082,0.0988633,-0.00589783,0.00552622,0.344739,478.677,0,40,0,0.1116,0.117264,-4.85567,-2.28854,-4.78795,-11.2801,-21.3074,-34.831,0.00270829,False
2019-02-04,122.082,2724.87,0.0373434,0.00134646,0.387585,0.539221,0.00809205,0.316069,479.309,0,40,0,0.0981178,0.102923,-4.58315,-2.16365,-5.57044,-12.3565,-22.4073,-36.1302,0.00170841,False
2019-02-05,122.199,2737.7,0.0380498,0.00135343,0.323611,0.321201,0.00677269,0.227127,479.235,0,40,0,0.101081,0.106031,-4.09507,-1.9564,-5.94821,-12.8175,-23.0331,-36.9541,0.000953915,False
2019-02-06,122.296,2731.61,0.0386567,0.00135649,0,-0.0879851,0.0025154,0.0766178,476.42,0,39,1,0.100267,0.105254,-1.51968,-0.730031,-5.29471,-12.5853,-23.5407,-38.4251,0.000796317,False
2019-02-07,122.23,2706.05,0.0461145,0.00154458,0,-0.127525,0.00142656,0.0584932,472.667,0,40,0,0.120438,0.126551,-0.843036,-0.399476,-2.6698,-9.37599,-20.565,-35.4241,-0.000541779,False
2019-02-08,122.232,2707.88,0.0479973,0.00158871,0,-0.0216453,0.00115213,0.0799871,474.672,0,40,0,0.122185,0.128566,-1.1488,-0.543838,-2.93552,-9.71238,-20.8121,-35.6228,1.73223e-05,False
2019-02-11,122.29,2709.8,0.0455173,0.00152765,0,0.00942617,0.00092148,0.074063,475.913,0,40,0,0.116151,0.121928,-1.15526,-0.54921,-3.41609,-10.448,-21.5138,-36.4327,0.000477931,False
2019-02-12,122.274,2744.73,0.0410777,0.0014134,0.0085405,0.313852,0.00674049,0.428956,481.252,0,40,0,0.106856,0.11217,-5.94031,-2.79694,-5.60936,-12.0846,-21.7413,-34.8951,-0.000136222,False
2019-02-13,122.462,2753.03,0.0424448,0.00143994,0.0544963,0.222781,0.00472619,0.444877,481.23,0,40,0,0.111211,0.116856,-6.20064,-2.92097,-5.41229,-11.728,-21.3249,-34.3095,0.0015428,False
2019-02-14,122.512,2745.73,0.0483577,0.00159443,0,-0.261818,0.0049708,0.17458,478.745,0,40,0,0.124303,0.130794,-2.75614,-1.30949,-4.61005,-11.3664,-22.0626,-36.3,0.000410499,False
2019-02-15,122.747,2775.6,0.0394575,0.00137042,0.29387,0.725548,0.00949199,0.40063,481.944,0,40,0,0.103445,0.108847,-5.74269,-2.71013,-5.54056,-12.0493,-21.7291,-34.936,0.00191184,False
2019-02-19,122.864,2779.76,0.0384789,0.00135383,0.154921,-0.0239476,0.0103664,0.131622,480.209,0,39,1,0.099049,0.1039,-2.61298,-1.25449,-5.87511,-13.0078,-23.6591,-38.1526,0.000952359,False
2019-02-20,122.935,2784.7,0.0381535,0.00134383,0,0.0124172,0.00252534,0.107075,479.19,0,39,1,0.0982818,0.10317,-2.1668,-1.0414,-5.76174,-12.9836,-23.7284,-38.3682,0.0005799,False
2019-02-21,122.95,2774.88,0.0426571,0.00145195,0,-0.0641035,0.00137538,0.0675188,478.029,0,40,0,0.107909,0.113386,-1.15513,-0.551828,-4.37616,-11.6512,-22.6917,-37.65,0.000124312,False
2019-02-22,123.05,2792.67,0.0353207,0.00129616,0,0.0955946,0.00201389,0.0950016,480.298,0,39,1,0.0900374,0.0946074,-1.91868,-0.922034,-5.85675,-13.1957,-24.0233,-38.8135,0.000814334,False
2019-02-25,122.954,2796.11,0.0374516,0.00133606,0,-0.116594,0.00547907,0.105763,479.285,0,39,1,0.0980332,0.102834,-2.03333,-0.975241,-5.78523,-13.0594,-23.8363,-38.537,-0.000786014,False
2019-02-26,122.981,2793.9,0.0396148,0.00139051,0,-0.0376752,0.00222829,0.0766097,478.463,0,39,1,0.101504,0.106475,-1.45108,-0.695934,-5.27961,-12.6112,-23.5574,-38.4497,0.000223454,False
2019-02-27,122.985,2792.38,0.0382927,0.00135096,0,-0.0454899,0.00130394,0.0626809,478.785,0,40,0,0.0998161,0.10478,-1.15955,-0.555697,-4.88889,-12.2739,-23.3153,-38.3406,3.3149e-05,False
2019-02-28,122.993,2784.49,0.0395951,0.00138048,0,-0.0348623,0.0010491,0.0568291,478.47,0,40,0,0.102858,0.108079,-0.978457,-0.467544,-3.95614,-11.2782,-22.3685,-37.4339,6.6309e-05,False
2019-03-01,123.072,2803.69,0.0325374,0.00123792,0,0.0854636,0.00265115,0.0919244,480.496,0,39,1,0.0839183,0.0881777,-1.94306,-0.935227,-5.91967,-13.2621,-24.1113,-38.9077,0.000642448,False
2019-03-04,122.845,2792.81,0.0371202,0.00132942,0,-0.290389,0.00619655,0.0582593,477.591,0,39,1,0.0949855,0.0996374,-1.12926,-0.542136,-4.85225,-12.2887,-23.3078,-38.3477,-0.0018455,False
2019-03-05,122.87,2789.65,0.0369276,0.00132357,0,-0.0112454,0.000969431,0.0571685,478.007,0,40,0,0.096594,0.101325,-1.07389,-0.514907,-4.64709,-12.0748,-23.1194,-38.1843,0.000199275,False
2019-03-06,122.842,2771.45,0.04318,0.00145686,0,-0.0664005,0.00112825,0.0589271,476.542,0,40,0,0.114166,0.119843,-0.907469,-0.431449,-3.01374,-10.0192,-21.1617,-36.1268,-0.000224337,False
2019-03-07,122.802,2748.93,0.0521353,0.00169082,0,-0.0804207,0.000983319,0.0677225,474.442,0,40,0,0.133745,0.140533,-0.864756,-0.407258,-1.85952,-7.78868,-19.0376,-33.7331,-0.000323626,False
2019-03-08,122.815,2743.07,0.0464065,0.00155443,0,-0.0398846,0.000730781,0.059001,475.512,0,40,0,0.11869,0.124714,-0.846843,-0.401144,-2.12243,-8.27603,-19.4619,-34.3408,0.00010552,False
2019-03-11,122.924,2783.3,0.0379387,0.00134517,0,0.343145,0.00368245,0.326412,482.498,0,40,0,0.0988797,0.103722,-4.44688,-2.0924,-5.22776,-12.0385,-22.1125,-35.8866,0.000884619,False
2019-03-12,123.073,2791.52,0.0381289,0.00135162,0.0673931,0.17301,0.00137669,0.318123,482.28,0,39,1,0.0957474,0.100437,-4.75555,-2.2502,-5.7876,-12.4878,-22.4983,-36.13,0.00121462,False
2019-03-13,122.884,2810.92,0.0371829,0.00131823,0.168698,0.346194,0.0137565,0.706847,482.539,0,39,1,0.0977403,0.102601,-8.84842,-4.1386,-5.46417,-11.3318,-20.0385,-31.9357,-0.00153664,False
2019-03-14,123.047,2808.48,0.03958,0.00137075,0.148099,-0.169985,0.00368427,0.260648,480.995,0,40,0,0.10043,0.105528,-4.17358,-1.9826,-5.53385,-12.342,-22.4916,-36.3135,0.00132353,False
2019-03-15,123.2,2822.48,0.0335998,0.00125568,0.256342,0.271086,0.00171114,0.153157,482.485,0,40,0,0.0879977,0.0924642,-3.40514,-1.64165,-6.29449,-13.3575,-23.7859,-38.0191,0.00124235,False
2019-03-18,123.351,2832.94,0.0362727,0.00130156,0.0302754,0.182179,0.00621813,0.182092,481.999,0,39,1,0.0918532,0.0963517,-3.75325,-1.80427,-6.33827,-13.3025,-23.6017,-37.6467,0.00123152,False
2019-03-19,123.369,2832.57,0.0387296,0.00134081,0,-0.0818984,0.00603112,0.113589,480.168,0,39,1,0.100911,0.105854,-2.21849,-1.06488,-5.85613,-13.0493,-23.7619,-38.3489,0.000145614,False
2019-03-20,123.319,2824.23,0.0400327,0.00138189,0,-0.136475,0.00277276,0.0631711,479.537,0,40,0,0.104419,0.109612,-1.12922,-0.540551,-4.70305,-12.0251,-23.0817,-38.0753,-0.00040674,False
2019-03-21,123.133,2854.88,0.0422664,0.00142436,0,0.115096,0.00514574,0.399752,484.118,0,40,0,0.108492,0.113998,-5.71125,-2.6956,-5.78083,-12.3099,-22.0107,-35.2426,-0.00150657,False
2019-03-22,122.908,2800.71,0.0564005,0.00180622,0,-0.602455,0.0058483,0.0713773,475.731,0,40,0,0.143069,0.150331,-0.861221,-0.40456,-1.83401,-7.65272,-18.8167,-33.539,-0.00183001,False
2019-03-25,122.94,2798.36,0.0486492,0.0016055,0,-0.0221013,0.000597065,0.0635316,476.535,0,40,0,0.127155,0.133383,-0.861108,-0.406614,-2.06303,-8.06012,-19.2509,-34.0689,0.000261912,False
2019-03-26,122.977,2818.46,0.0421619,0.00143684,0,0.0408178,0.00194312,0.106198,480.11,0,40,0,0.110308,0.115711,-1.69135,-0.804211,-3.80758,-10.7262,-21.631,-36.4171,0.000300419,False
2019-03-27,122.986,2805.37,0.0478414,0.00158576,0,-0.0660325,0.00167444,0.0761009,478.689,0,40,0,0.122739,0.128844,-1.11674,-0.529545,-3.16769,-9.81933,-20.9599,-35.8235,7.03023e-05,False
2019-03-28,123.065,2815.44,0.0451391,0.0015009,0,0.0573825,0.00105321,0.0971276,480.745,0,40,0,0.117039,0.122979,-1.50961,-0.717437,-4.24792,-11.3831,-22.3917,-37.2172,0.00064187,False
2019-03-29,123.17,2834.4,0.0384853,0.0013547,0,0.108564,0.00356945,0.134255,482.844,0,40,0,0.0995559,0.104609,-2.4804,-1.18744,-5.69735,-12.9075,-23.5981,-38.1897,0.00085319,False
2019-04-01,123.275,2867.19,0.0343703,0.00126779,0.221628,0.870079,0.0070774,0.702984,485.253,0,39,1,0.0858425,0.0900466,-10.3773,-4.90507,-5.73288,-11.2952,-19.631,-30.9847,0.000858552,False
2019-04-02,123.549,2867.24,0.0343609,0.00125972,0.113495,-0.0247212,0.00507119,0.31935,482.615,0,39,1,0.0843187,0.0884482,-6.1228,-2.93319,-6.08103,-12.5356,-22.1192,-35.1782,0.00221818,False
2019-04-03,123.465,2873.4,0.0360947,0.00129597,0.12279,-0.0520526,0.0102109,0.253081,482.734,0,40,0,0.0936791,0.0983379,-4.78305,-2.29057,-5.98699,-12.7411,-22.7092,-36.3218,-0.000679771,False
2019-04-04,123.567,2879.39,0.0351623,0.00126982,0.0740226,0.0348022,0.00460906,0.141502,483.211,0,40,0,0.0922713,0.0969547,-2.97438,-1.43139,-6.14882,-13.285,-23.8211,-38.198,0.000823244,False
2019-04-05,123.748,2892.74,0.0306034,0.00117615,0.0784813,0.208299,0.00394755,0.115379,483.403,0,39,1,0.077605,0.081544,-2.91597,-1.41201,-6.89968,-14.0226,-24.6441,-39.0598,0.0014682,False
2019-04-08,123.82,2895.77,0.0289727,0.00114695,0,0.00823467,0.00228953,0.0772146,482.247,0,39,1,0.0784773,0.0823207,-2.02993,-0.984383,-6.82242,-14.1201,-24.9791,-39.7146,0.000581304,False
2019-04-09,123.777,2878.2,0.0358716,0.00128087,0,-0.105699,0.0016492,0.0474772,478.48,0,39,1,0.0913326,0.0958747,-0.921481,-0.442578,-4.72697,-12.1655,-23.1936,-38.2389,-0.000347437,False
2019-04-10,123.824,2888.21,0.0330579,0.00123273,0,0.0394669,0.000865236,0.0706836,481.019,0,39,1,0.0850839,0.0894024,-1.47603,-0.710524,-5.68995,-13.1036,-24.0253,-38.9354,0.000381497,False
2019-04-11,123.843,2888.32,0.0327058,0.00121168,0,-0.0172808,0.0018526,0.0638823,481.098,0,39,1,0.0859744,0.0904642,-1.36771,-0.65913,-5.63816,-13.0759,-24.0315,-38.985,0.000154751,False
2019-04-12,123.917,2907.41,0.0303749,0.00117626,0,0.151233,0.00521531,0.165033,483.705,0,39,1,0.0771864,0.0812173,-3.75216,-1.81025,-6.87427,-13.7852,-24.1542,-38.208,0.000598064,False
2019-04-15,123.978,2905.58,0.0288344,0.00115173,0,-0.0572759,0.00246613,0.0722277,482.793,0,39,1,0.0779757,0.0818535,-1.85324,-0.898086,-6.73611,-14.0679,-24.9737,-39.7787,0.00049021,False
2019-04-16,123.994,2907.06,0.0314432,0.00120525,0,-0.0181854,0.00323606,0.0651542,482.373,0,40,0,0.0804124,0.0844115,-1.56394,-0.75645,-6.45877,-13.8662,-24.8162,-39.7212,0.000128169,False
2019-04-17,123.984,2900.45,0.0347215,0.00126501,0,-0.051519,0.00322672,0.0536301,482.959,0,40,0,0.0857638,0.0901168,-1.11694,-0.537824,-5.50116,-13.014,-24.0623,-39.1605,-7.87556e-05,False
2019-04-18,124.025,2905.03,0.0342232,0.00124654,0,0.0250523,0.00106199,0.0702202,482.706,0,39,1,0.0859744,0.0904642,-1.46025,-0.702944,-5.73323,-13.1726,-24.1088,-39.0522,0.000325661,False
2019-04-22,124.088,2907.97,0.032569,0.00122364,0,0.0211186,0.000776469,0.0588302,482.293,0,39,1,0.0816096,0.0856064,-1.33499,-0.644507,-6.05408,-13.486,-24.4957,-39.4798,0.000508588,False
2019-04-23,123.986,2933.68,0.0332133,0.00122763,0.00943043,0.237925,0.0103945,0.410726,485.348,0,39,1,0.0836414,0.0877377,-7.25845,-3.4649,-6.45783,-12.6392,-21.9222,-34.5341,-0.000820471,False
2019-04-24,124.135,2927.25,0.0363213,0.00127937,0,-0.136155,0.00408414,0.156401,483.447,0,39,1,0.0927766,0.0973905,-3.14301,-1.51,-6.17218,-13.198,-23.6553,-37.8935,0.00120278,False
2019-04-25,124.177,2926.17,0.0367626,0.00129557,0,-0.0609538,0.0036743,0.0854634,483.589,0,40,0,0.0936311,0.0983835,-1.81,-0.871881,-5.73387,-13.0496,-23.8908,-38.6793,0.000336545,False
2019-04-26,124.237,2939.88,0.0352309,0.001277,0,0.067827,0.00384485,0.123124,485.853,0,40,0,0.0869293,0.0913415,-2.68823,-1.29578,-6.27338,-13.4814,-24.1142,-38.6245,0.000485398,False
2019-04-29,124.353,2943.03,0.0313186,0.00118647,0,0.0358973,0.00140544,0.0722007,484.851,0,39,1,0.0835568,0.0876489,-1.66307,-0.803351,-6.33243,-13.717,-24.6604,-39.5557,0.000930058,False
2019-04-30,124.367,2945.83,0.0332732,0.00121917,0,-0.0200612,0.00133537,0.0687301,484.023,0,39,1,0.0837261,0.0878265,-1.57655,-0.761558,-6.31352,-13.7122,-24.654,-39.556,0.000113613,False
2019-05-01,124.317,2923.73,0.0408004,0.00138312,0,-0.0989156,0.00298901,0.0554556,480.82,0,39,1,0.10469,0.109896,-0.928307,-0.443277,-3.85287,-11.1272,-22.1783,-37.1634,-0.000395708,False
2019-05-02,124.325,2917.52,0.0418331,0.00141798,0,-0.0285905,0.000948859,0.0583824,481.595,0,40,0,0.104995,0.110324,-0.957987,-0.456972,-3.45934,-10.6531,-21.7161,-36.7077,6.39403e-05,False
2019-05-03,124.437,2945.64,0.0329642,0.00121759,0,0.169941,0.00222961,0.146147,486.109,0,39,1,0.0817815,0.0859325,-2.87734,-1.38097,-6.1094,-13.2364,-23.8332,-38.2514,0.000898398,False
2019-05-06,124.163,2932.47,0.04047,0.00138076,0,-0.366812,0.00332062,0.0888477,483.953,0,40,0,0.107261,0.112514,-1.55466,-0.743342,-4.84217,-12.1408,-23.0698,-37.9203,-0.00219986,False
2019-05-07,124.03,2884.05,0.0644461,0.00202595,0,-0.19638,0.00143127,0.0867442,478.66,0,40,0,0.167791,0.176008,-0.892299,-0.416061,-1.42323,-6.6049,-17.6376,-32.2786,-0.00107349,False
2019-05-08,124.047,2879.42,0.0711243,0.00221653,0,-0.0226574,0.00110991,0.115211,479.609,0,40,0,0.180499,0.189476,-1.09698,-0.508664,-1.4405,-6.28812,-17.1477,-31.744,0.000134436,False
2019-05-09,124.017,2870.72,0.0769274,0.00238113,0,-0.0892146,0.000782839,0.129119,480.166,0,40,0,0.196004,0.205952,-1.14331,-0.527971,-1.29368,-5.60682,-16.2063,-30.8528,-0.000236679,False
2019-05-10,124.062,2881.4,0.0550817,0.0017613,0,-0.0618375,0.00161194,0.0739812,483.504,0,40,0,0.141904,0.149106,-0.900298,-0.423217,-1.90815,-7.57555,-18.8041,-33.5896,0.000362922,False
2019-05-13,123.914,2811.87,0.0688226,0.00215302,0,-0.212416,0.000911289,0.075581,475.366,0,40,0,0.178034,0.186753,-0.687242,-0.317573,-0.619804,-2.78783,-11.6925,-26.4039,-0.00119502,False
2019-05-14,124.009,2834.41,0.059501,0.00189091,0,0.0759982,0.000730299,0.113179,481.111,0,40,0,0.152045,0.159491,-1.26767,-0.591947,-1.70706,-5.91189,-16.5115,-31.0212,0.000768917,False
2019-05-15,124.068,2850.96,0.0520649,0.00168189,0,0.0322436,0.00141903,0.136175,484.634,0,40,0,0.137179,0.144002,-1.78003,-0.83822,-2.92089,-8.76277,-19.6911,-34.213,0.000469412,False
2019-05-16,123.959,2876.32,0.0501923,0.00163026,0.00348217,0.0191542,0.00860134,0.300327,488.181,0,40,0,0.128694,0.135226,-4.04709,-1.90559,-4.50922,-11.0803,-21.3789,-35.1909,-0.000874678,False
2019-05-17,123.833,2859.53,0.0583237,0.00185226,0,-0.358319,0.0034604,0.121006,484.535,0,40,0,0.150879,0.158758,-1.54462,-0.727572,-3.32244,-9.77395,-20.8747,-35.4738,-0.00101635,False
2019-05-20,123.809,2840.23,0.0535324,0.00172203,0,-0.130359,0.00106529,0.0650448,480.873,0,40,0,0.140699,0.147696,-0.78997,-0.371381,-1.78133,-7.58851,-18.8156,-33.6146,-0.000191006,False
2019-05-21,123.891,2864.36,0.0482261,0.00159275,0,0.0903217,0.00129193,0.118998,484.237,0,40,0,0.121295,0.127328,-1.67022,-0.78928,-3.42686,-10.2471,-21.233,-35.9542,0.000659964,False
2019-05-22,123.91,2856.27,0.0489302,0.00160169,0,-0.0655299,0.0014267,0.0801349,482.961,0,40,0,0.123255,0.129511,-1.15512,-0.547366,-3.05108,-9.76722,-20.9065,-35.7623,0.000155259,False
2019-05-23,123.807,2822.24,0.0630008,0.00198003,0,-0.156857,0.00128756,0.0868177,478.902,0,40,0,0.162843,0.171347,-0.905967,-0.42259,-1.4223,-6.39905,-17.422,-32.0648,-0.000837757,False
2019-05-24,123.88,2826.06,0.056457,0.00180252,0,0.0166974,0.000777313,0.0841395,480.754,0,40,0,0.145479,0.153076,-0.990596,-0.46464,-1.87706,-7.52184,-18.738,-33.3838,0.00059167,False
2019-05-28,123.832,2802.39,0.0566437,0.00181454,0,-0.117899,0.00115548,0.0676636,478.703,0,40,0,0.145611,0.152742,-0.774155,-0.362558,-1.28557,-5.92278,-16.9819,-31.6647,-0.000385448,False
2019-05-29,123.823,2783.02,0.0585006,0.00186538,0,-0.0580211,0.000760713,0.0746106,478.219,0,40,0,0.153244,0.160865,-0.816202,-0.381298,-1.22911,-5.39335,-16.202,-30.8405,-7.34349e-05,False
2019-05-30,123.86,2788.86,0.0595334,0.00189414,0,0.00988758,0.000844002,0.104207,481.095,0,40,0,0.152199,0.159924,-1.17885,-0.551309,-1.93692,-7.1348,-18.2091,-32.77,0.000299513,False
2019-05-31,123.786,2752.06,0.0631549,0.00199632,0,-0.162525,0.00101457,0.0755196,477.448,0,40,0,0.162495,0.170742,-0.770507,-0.358743,-0.98902,-4.79953,-15.3182,-29.9786,-0.000594976,False
2019-06-03,123.818,2744.45,0.058928,0.00188013,0,-0.0242757,0.000799543,0.0754159,478.796,0,40,0,0.15196,0.159402,-0.837273,-0.391432,-1.2996,-5.56697,-16.4156,-31.0584,0.000259126,False
2019-06-04,123.792,2803.27,0.0509897,0.00165497,0.0133232,0.558004,0.00516306,0.691065,488.253,0,40,0,0.134266,0.140842,-5.9449,-2.69814,-3.95867,-10.1281,-19.7481,-32.6967,-0.000216423,False
2019-06-05,123.846,2826.15,0.048455,0.00158862,0.27326,0.65121,0.00973977,1.05229,489.95,0,40,0,0.123461,0.129601,-8.75222,-3.95486,-4.49498,-10.1432,-18.9393,-30.7492,0.000435058,False
2019-06-06,123.932,2843.49,0.0483617,0.00157729,0.475363,0.774422,0.00992605,1.30143,489.849,0,40,0,0.126752,0.133185,-9.64326,-4.30015,-4.27423,-9.68717,-18.1592,-29.4885,0.000700644,False
2019-06-07,123.632,2873.34,0.0461586,0.00153557,1.54017,1.4609,0.0196616,1.54736,490.103,0,40,0,0.121118,0.127266,-10.7328,-4.74402,-4.42314,-9.70792,-17.7784,-28.6871,-0.00242258,False
2019-06-10,123.855,2886.73,0.0454625,0.00150347,1.27215,0.662027,0.0105108,0.747669,488.197,0,40,0,0.119536,0.12539,-8.31616,-3.85891,-4.7386,-10.5651,-19.5058,-31.5538,0.0018039,False
2019-06-11,123.795,2885.72,0.0472024,0.00154892,0.211728,-0.413833,0.0106393,0.217142,485.468,0,40,0,0.121483,0.127433,-3.45487,-1.64215,-4.77255,-11.4904,-21.9778,-36.0185,-0.0004846,False
2019-06-12,123.907,2879.84,0.0470648,0.00154454,0,-0.0711094,0.00288837,0.0771207,483.162,0,40,0,0.12283,0.128938,-1.19657,-0.569287,-3.82918,-10.8021,-21.9665,-36.8269,0.000901037,False
2019-06-13,123.968,2891.64,0.0496523,0.00162204,0,0.0632701,0.00165353,0.125211,484.23,0,40,0,0.125975,0.132369,-1.76703,-0.835629,-4.19659,-11.1995,-22.1718,-36.8203,0.0004968,False
2019-06-14,124.018,2886.98,0.0442306,0.00148519,0,-0.049748,0.00108858,0.0675862,483.425,0,40,0,0.113834,0.119611,-1.06922,-0.50921,-3.68335,-10.8073,-21.9285,-36.9079,0.000399565,False
2019-06-17,124.06,2889.67,0.0430309,0.00145352,0,0.00738487,0.000857934,0.0734551,483.92,0,40,0,0.113525,0.119085,-1.17152,-0.557847,-3.95271,-11.1329,-22.2254,-37.1944,0.00034056,False
2019-06-18,124.092,2917.75,0.0461119,0.00151923,0,0.240865,0.00296618,0.323775,487.403,0,40,0,0.116742,0.12246,-4.38265,-2.06337,-5.39093,-12.1371,-22.2496,-35.9788,0.000259323,False
2019-06-19,124.278,2926.46,0.0451655,0.00151063,0.00930783,0.126578,0.00313078,0.296039,487.452,0,40,0,0.114256,0.119938,-4.37522,-2.07083,-5.36333,-12.0362,-22.1896,-35.9062,0.0014951,False
2019-06-20,123.99,2954.18,0.0513383,0.00165891,0.279125,0.659496,0.0122897,1.00169,489.448,0,40,0,0.1285,0.135022,-9.95521,-4.57752,-4.58094,-10.0224,-18.4261,-29.7155,-0.00231651,False
2019-06-21,124.369,2950.46,0.0514762,0.0016605,0.140394,-0.179279,0.00553739,0.347318,486.891,0,40,0,0.133939,0.140737,-4.43619,-2.08178,-4.45714,-10.7995,-20.9666,-34.4545,0.00305652,False
2019-06-24,124.587,2945.35,0.0498761,0.00161882,0.00140287,-0.0843462,0.0023847,0.0894118,485.229,0,40,0,0.130336,0.136818,-1.35313,-0.643288,-3.78391,-10.5612,-21.6898,-36.4066,0.00175309,False
2019-06-25,124.525,2917.38,0.0531593,0.00170318,0,-0.136013,0.00118351,0.065535,481.543,0,40,0,0.141241,0.148265,-0.786155,-0.369411,-1.66229,-7.26535,-18.4643,-33.1793,-0.000496548,False
2019-06-26,124.543,2913.78,0.0582168,0.00184667,0,-0.0151584,0.00102743,0.0881091,482.467,0,40,0,0.146954,0.154413,-1.01986,-0.477808,-1.80789,-7.23829,-18.4131,-33.0257,0.000141419,False
2019-06-27,124.596,2924.92,0.0584925,0.0018533,0,0.0467104,0.000869039,0.137341,485.502,0,40,0,0.150243,0.15809,-1.58636,-0.742395,-2.68395,-8.80321,-19.8912,-34.3834,0.000427555,False
2019-06-28,124.711,2941.76,0.0575584,0.0018256,0,0.109367,0.00157558,0.185133,488.359,0,40,0,0.143997,0.151516,-2.29578,-1.07784,-3.78775,-10.3993,-21.2569,-35.6008,0.000928856,False
2019-07-01,124.865,2964.33,0.0372808,0.00130653,0,0.0360339,0.0111543,0.0928615,489.917,0,39,1,0.0934986,0.0981484,-2.01144,-0.9698,-5.76878,-13.0362,-23.9239,-38.7426,0.00122784,False
2019-07-02,124.966,2973.01,0.0318314,0.00119655,0,0.0447912,0.00268984,0.0637186,488.587,0,39,1,0.0784269,0.0823272,-1.60268,-0.776492,-6.28493,-13.7034,-24.705,-39.6743,0.000815917,False
2019-07-03,124.923,2995.82,0.0319289,0.0011818,0.094451,0.275369,0.0113591,0.307059,489.808,0,39,1,0.0788677,0.0828708,-5.92656,-2.8414,-6.60088,-13.0898,-22.8221,-36.03,-0.000344369,False
2019-07-05,124.914,2990.41,0.0303945,0.00116535,0,-0.246814,0.00642003,0.0927803,487.138,0,39,1,0.077605,0.081544,-2.24686,-1.08686,-6.57135,-13.8153,-24.6085,-39.2724,-7.78593e-05,False
2019-07-08,124.871,2975.95,0.0316358,0.00118922,0,-0.12495,0.00157764,0.039044,483.302,0,38,2,0.0787313,0.0825871,-0.867244,-0.418494,-5.23847,-12.7282,-23.8196,-38.9329,-0.000338994,False
2019-07-09,124.86,2979.63,0.0320084,0.00119725,0,-0.019049,0.00107529,0.0613954,483.688,0,40,0,0.0818636,0.0858729,-1.31204,-0.63227,-5.48503,-12.9152,-23.8672,-38.8076,-9.34122e-05,False
2019-07-10,124.841,2993.07,0.0312262,0.00118199,0,0.0173831,0.00638913,0.121611,486.344,0,39,1,0.0781562,0.082043,-2.68535,-1.29473,-6.50746,-13.6369,-24.2995,-38.7633,-0.000153592,False
2019-07-11,124.882,2999.91,0.0315983,0.0011892,0,0.0404738,0.00498076,0.145636,487.902,0,40,0,0.0796447,0.0836872,-3.33571,-1.61035,-6.80043,-13.8317,-24.3148,-38.5539,0.000335441,False
2019-07-12,125.023,3013.77,0.0295086,0.00115221,0.0316258,0.23621,0.00412716,0.233627,489.063,0,39,1,0.0721659,0.0758288,-5.57032,-2.69211,-6.94019,-13.4908,-23.3611,-36.7028,0.00112764,False
2019-07-15,125.184,3014.3,0.0279487,0.00112515,0,-0.00910768,0.00494592,0.0858756,487.235,0,39,1,0.0717047,0.0752164,-2.49311,-1.21253,-7.1448,-14.3064,-25.0712,-39.6127,0.00128394,False
2019-07-16,125.191,3004.04,0.0310498,0.00117456,0,-0.0629715,0.0022142,0.0437642,484.464,0,39,1,0.0777154,0.0815215,-1.00981,-0.487959,-5.93394,-13.4123,-24.479,-39.5335,5.43271e-05,False
2019-07-17,125.179,2984.42,0.0371971,0.00130136,0,-0.0427628,0.00102465,0.0475976,483.185,0,39,1,0.0933181,0.097959,-0.863174,-0.413685,-3.88759,-11.2826,-22.2956,-37.3329,-9.36577e-05,False
2019-07-18,125.193,2995.11,0.0378566,0.00131736,0,0.0260019,0.00125374,0.0946725,486.538,0,40,0,0.0948938,0.0997103,-1.69747,-0.812376,-5.01757,-12.3898,-23.202,-38.0003,0.000113537,False
2019-07-19,125.15,2976.61,0.0383736,0.00132965,0,-0.122428,0.0028189,0.0499233,485.799,0,40,0,0.097322,0.102262,-0.883572,-0.423018,-3.71032,-11.0605,-22.1278,-37.2232,-0.000347094,False
2019-07-22,125.171,2985.03,0.0384306,0.00131758,0,0.0193475,0.001626,0.0829307,486.981,0,39,1,0.100065,0.104966,-1.46129,-0.698958,-4.77253,-12.1319,-23.0454,-37.9412,0.000174408,False
2019-07-23,125.218,3005.47,0.0375167,0.00131295,0.000790444,0.136436,0.00391469,0.204352,489.777,0,40,0,0.0944775,0.0991046,-3.58408,-1.71211,-6.07314,-13.0462,-23.3992,-37.5139,0.000371591,False
2019-07-24,125.155,3019.56,0.0374253,0.00131168,0.022977,0.0708167,0.00440086,0.346416,491.64,0,40,0,0.0950328,0.099759,-5.80043,-2.7636,-6.04852,-12.5715,-22.291,-35.5384,-0.000499219,False
2019-07-25,125.251,3003.67,0.0423504,0.00142189,0,-0.208958,0.00280375,0.0802877,488.496,0,40,0,0.106258,0.111651,-1.49479,-0.717066,-5.00204,-12.2263,-23.2154,-38.0912,0.000761415,False
2019-07-26,125.368,3025.86,0.0374688,0.00131843,0.0033752,0.162046,0.00589153,0.151767,490.813,0,40,0,0.0930483,0.0977712,-2.99306,-1.43747,-6.05515,-13.1874,-23.7157,-38.0988,0.000937721,False
2019-07-29,125.443,3020.97,0.0356756,0.00125963,0,-0.0492222,0.00151305,0.0602479,488.454,0,39,1,0.0893981,0.0937764,-1.24642,-0.600219,-5.4662,-12.9053,-23.9255,-38.9582,0.000599832,False
2019-07-30,125.418,3013.18,0.0415579,0.00140121,0,-0.0557369,0.00118201,0.0693161,487.387,0,40,0,0.104806,0.109939,-1.18365,-0.565703,-4.48086,-11.8114,-22.8225,-37.7876,-0.000205913,False
2019-07-31,125.33,2980.38,0.0512898,0.00165801,0,-0.139976,0.00132572,0.0649436,484.52,0,40,0,0.13032,0.136801,-0.836281,-0.394495,-2.03967,-8.31397,-19.5464,-34.3062,-0.000696054,False
2019-08-01,125.214,2953.56,0.0630038,0.00198352,0,-0.154864,0.00300229,0.0838617,482.601,0,40,0,0.157153,0.165129,-0.884288,-0.412519,-1.3079,-6.03975,-17.0942,-31.6628,-0.000923669,False
2019-08-02,125.214,2932.05,0.0570133,0.00180979,0,-0.0707895,0.000818871,0.0684077,482.369,0,40,0,0.147343,0.154821,-0.763685,-0.357415,-1.17552,-5.31933,-16.221,-30.8348,-7.59414e-06,False
2019-08-05,125.051,2844.74,0.0844314,0.00259967,0,-0.216639,0.000890856,0.0948505,474.237,0,40,0,0.217739,0.228402,-0.700669,-0.320457,-0.42811,-1.86095,-8.12893,-22.547,-0.00129492,False
2019-08-06,125.173,2881.77,0.065971,0.00206478,0,0.0990327,0.00115484,0.134832,484.402,0,40,0,0.168299,0.176541,-1.35648,-0.629569,-1.51508,-5.16588,-15.1705,-29.6274,0.000974019,False
2019-08-07,125.133,2883.98,0.0674652,0.002108,0,-0.103953,0.00153133,0.135044,487.177,0,40,0,0.171474,0.180002,-1.38903,-0.646351,-1.95479,-6.61129,-17.2729,-31.7901,-0.000322261,False
2019-08-08,125.314,2938.09,0.0542078,0.00173567,0.0637813,0.662719,0.00455887,0.600969,495.605,0,40,0,0.136756,0.143697,-6.35667,-2.943,-4.26525,-10.3306,-19.9161,-32.7459,0.00144587,False
2019-08-09,125.29,2918.65,0.0570114,0.00181211,0,-0.545279,0.00591295,0.129194,491.073,0,40,0,0.144623,0.151964,-1.71735,-0.810707,-3.48348,-9.92337,-20.9777,-35.5615,-0.000193253,False
2019-08-12,125.217,2882.7,0.0653107,0.00205255,0,-0.181634,0.00114976,0.0824088,484.86,0,40,0,0.169907,0.178228,-0.824249,-0.38382,-1.25037,-5.93481,-16.7583,-31.5148,-0.000580578,False
2019-08-13,125.261,2926.32,0.0548651,0.00176001,0,0.128653,0.00232634,0.217941,490.966,0,40,0,0.137314,0.144039,-2.49549,-1.16419,-3.42194,-9.92399,-20.7223,-35.0287,0.000350585,False
2019-08-14,125.035,2840.6,0.0804028,0.00248178,0,-0.423781,0.00216838,0.0957027,479.278,0,40,0,0.206311,0.216571,-0.759246,-0.349005,-0.556728,-2.89064,-11.824,-26.6237,-0.00180256,False
2019-08-15,125.096,2847.6,0.0787603,0.00243575,0,0.019415,0.000650854,0.129924,483.425,0,40,0,0.201346,0.211565,-1.07859,-0.496256,-1.01974,-4.32669,-14.1567,-28.8731,0.000486801,False
2019-08-16,125.35,2888.68,0.0602396,0.00190296,0,0.271506,0.002591,0.202578,490.811,0,40,0,0.156861,0.164823,-2.20059,-1.02456,-2.66329,-8.37423,-19.2438,-33.5237,0.00203522,False
2019-08-19,125.612,2923.65,0.0505122,0.00163792,0.0728209,0.470771,0.00691679,0.380385,495.548,0,40,0,0.126817,0.133027,-4.84325,-2.27319,-4.51715,-10.9514,-21.0113,-34.5304,0.00209094,False
2019-08-20,125.653,2900.51,0.0560639,0.00178925,0,-0.295987,0.00345294,0.0945414,491.146,0,40,0,0.143325,0.150344,-1.25462,-0.592941,-3.18225,-9.62848,-20.8177,-35.5573,0.000323845,False
2019-08-21,125.747,2924.43,0.0517918,0.00167367,0,0.112314,0.00263737,0.160635,493.042,0,40,0,0.130952,0.137465,-2.2331,-1.05562,-4.31008,-11.1358,-22.0305,-36.5056,0.000745715,False
2019-08-22,125.752,2922.95,0.057005,0.00181919,0,-0.073163,0.00276024,0.135218,491.377,0,40,0,0.142001,0.149208,-1.70831,-0.804066,-3.59305,-10.2643,-21.3232,-35.8739,3.72114e-05,False
2019-08-23,125.588,2847.11,0.0835566,0.00257212,0,-0.275452,0.00222682,0.102493,481.296,0,40,0,0.212183,0.223264,-0.792848,-0.364099,-0.543276,-3.13184,-12.4497,-27.2494,-0.00130391,False
2019-08-26,125.75,2878.38,0.064885,0.00203534,0,0.113362,0.00108431,0.114761,488.265,0,40,0,0.164525,0.172707,-1.19349,-0.555824,-1.60343,-6.4224,-17.3467,-31.9204,0.00129678,False
2019-08-27,125.699,2869.16,0.0700592,0.00218447,0,-0.117032,0.00215544,0.114547,488.219,0,40,0,0.176799,0.185592,-1.11633,-0.518584,-1.56095,-6.08918,-16.8658,-31.5019,-0.000406349,False
2019-08-28,125.811,2887.94,0.0657674,0.00206541,0,0.0951834,0.000881896,0.160566,492.244,0,40,0,0.167837,0.176355,-1.67207,-0.778282,-2.58946,-8.34249,-19.3184,-33.8219,0.000890894,False
2019-08-29,126.021,2924.58,0.0592276,0.00187122,0.00802643,0.401693,0.00385293,0.397926,496.936,0,40,0,0.151514,0.159426,-4.28421,-1.98981,-4.27628,-10.5288,-20.8165,-34.4047,0.00166766,False
2019-08-30,125.844,2926.46,0.0627806,0.00197177,0,-0.362662,0.00924738,0.2635,494.817,0,40,0,0.159032,0.167337,-3.02099,-1.41141,-3.73307,-9.94882,-20.5712,-34.6269,-0.00140194,False
2019-09-03,125.834,2906.27,0.0581085,0.00184932,0,-0.254682,0.00197944,0.0740537,490.457,0,40,0,0.147219,0.154429,-0.873688,-0.410561,-2.13533,-7.99377,-19.1834,-33.9992,-8.70631e-05,False
2019-09-04,125.967,2937.78,0.0483192,0.00157858,0,0.165603,0.00162973,0.151471,493.961,0,40,0,0.12301,0.129128,-2.03673,-0.960544,-3.86798,-10.6897,-21.6102,-36.2188,0.00105931,False
2019-09-05,126.031,2976,0.043698,0.00145752,0.150045,0.665448,0.0064325,0.638012,497.636,0,40,0,0.110143,0.115733,-6.88985,-3.1942,-5.22195,-11.4592,-20.8146,-33.5619,0.000513383,False
2019-09-06,126.365,2978.71,0.0366461,0.00128875,0.0764488,0.0686011,0.00433314,0.327647,495.247,0,39,1,0.0925627,0.0972609,-5.0165,-2.38009,-5.47468,-12.1027,-22.0321,-35.5633,0.00264649,False
2019-09-09,126.442,2978.43,0.0396209,0.00136669,0.0479271,-0.0906058,0.00567744,0.14478,493.603,0,40,0,0.0984564,0.103278,-2.79368,-1.34096,-5.41942,-12.5146,-23.0818,-37.483,0.000608642,False
2019-09-10,126.482,2979.39,0.0391854,0.00134159,0.00887011,-0.0533179,0.00167008,0.0783821,492.495,0,39,1,0.100996,0.105942,-1.47253,-0.706777,-5.10111,-12.4443,-23.3777,-38.2767,0.000319385,False
2019-09-11,126.569,3000.93,0.0414938,0.00140827,0.0155873,0.226943,0.00290369,0.240434,494.902,0,40,0,0.103155,0.108285,-3.87888,-1.84632,-5.92245,-12.8128,-23.0482,-37.0009,0.000683779,False
2019-09-12,126.66,3009.57,0.0417164,0.00139962,0,0.0629316,0.00690268,0.245843,496.321,0,40,0,0.103732,0.108997,-4.15531,-1.98261,-5.88787,-12.7078,-22.8991,-36.7647,0.000718473,False
2019-09-13,126.791,3007.39,0.0395268,0.00136707,0,-0.0579478,0.00324003,0.0911804,495.236,0,40,0,0.0971277,0.102058,-1.86089,-0.895885,-5.54269,-12.8149,-23.6825,-38.4811,0.00103928,False
2019-09-16,126.766,2997.96,0.0400027,0.00136909,0,-0.0971634,0.0012513,0.0567107,493.468,0,40,0,0.102097,0.107097,-0.98117,-0.469522,-4.29162,-11.6397,-22.7359,-37.821,-0.00019963,False
2019-09-17,126.806,3005.7,0.0403238,0.00139206,0,0.026615,0.000844492,0.0816325,494.536,0,40,0,0.100827,0.105765,-1.40822,-0.673405,-4.76177,-12.1425,-23.0993,-38.0497,0.00031381,False
2019-09-18,126.838,3006.73,0.0402284,0.00137622,0,-0.011442,0.00149397,0.0754705,494.784,0,40,0,0.0998161,0.10478,-1.35186,-0.647728,-4.87525,-12.2655,-23.2536,-38.2335,0.000252972,False
2019-09-19,126.843,3006.79,0.0392549,0.00136219,0,-0.037632,0.00277705,0.0674543,494.88,0,40,0,0.0977105,0.10267,-1.2324,-0.591009,-4.95531,-12.3744,-23.4024,-38.441,4.33616e-05,False
2019-09-20,126.856,2992.07,0.0427123,0.00143776,0,-0.0358718,0.00125813,0.0591607,493.014,0,40,0,0.107229,0.112672,-0.942046,-0.44924,-3.59705,-10.8154,-21.9217,-36.9558,9.80597e-05,False
2019-09-23,126.871,2991.78,0.0386954,0.00135371,0,-0.0263654,0.000958468,0.0544811,493.521,0,40,0,0.0985411,0.103367,-0.950174,-0.454826,-3.85754,-11.2115,-22.2872,-37.3911,0.00011586,False
2019-09-24,126.449,2966.6,0.0516367,0.00167287,0,-0.448308,0.00691741,0.0708594,490.572,0,40,0,0.129102,0.135425,-0.923328,-0.43594,-2.27865,-8.68699,-19.9203,-34.7335,-0.00332339,False
2019-09-25,126.503,2984.87,0.0440005,0.00146699,0,0.0445396,0.00165721,0.101766,493.986,0,40,0,0.113354,0.118991,-1.55153,-0.737373,-4.00646,-11.171,-22.1325,-36.9642,0.00043108,False
2019-09-26,126.509,2977.62,0.0487317,0.00159656,0,-0.0589156,0.00123172,0.0828776,493.168,0,40,0,0.120244,0.126347,-1.2135,-0.576135,-3.59963,-10.6537,-21.7592,-36.6358,4.64487e-05,False
2019-09-27,126.507,2961.79,0.052693,0.0016959,0,-0.0587356,0.00194767,0.0754693,491.378,0,40,0,0.132288,0.139002,-0.975115,-0.460252,-2.558,-9.08434,-20.314,-35.0911,-1.80051e-05,False
2019-09-30,126.593,2976.74,0.046074,0.0015358,0,0.0509827,0.000982265,0.0837419,493.967,0,40,0,0.11361,0.119174,-1.28995,-0.613657,-3.87285,-11.021,-22.0749,-37.0022,0.000681907,False
2019-10-01,126.566,2940.25,0.0569115,0.00181203,0,-0.0912967,0.0018294,0.0734987,489.423,0,40,0,0.145441,0.152564,-0.847358,-0.397556,-1.6446,-7.21548,-18.4333,-33.1109,-0.00021947,False
2019-10-02,126.518,2887.61,0.0698956,0.00217773,0,-0.10586,0.000874073,0.0815969,484.486,0,40,0,0.178514,0.187392,-0.733361,-0.339397,-0.708076,-3.49874,-13.315,-27.9908,-0.00037225,False
2019-10-03,126.556,2910.63,0.0684666,0.00213603,0,0.055876,0.00121049,0.164585,490.749,0,40,0,0.17347,0.182275,-1.5441,-0.713703,-1.69018,-6.28623,-17.0487,-31.4313,0.000300416,False
2019-10-04,126.783,2952.01,0.054795,0.00175411,0.0412388,0.421663,0.0029885,0.368926,497.976,0,40,0,0.139864,0.146963,-3.91359,-1.81553,-3.70163,-10.0359,-20.3553,-34.0874,0.00178684,False
2019-10-07,126.855,2938.79,0.0562065,0.00179665,0,-0.237808,0.00239771,0.110429,496.101,0,40,0,0.141293,0.148213,-1.49454,-0.706935,-3.2761,-9.7654,-20.872,-35.5373,0.000573429,False
2019-10-08,126.752,2893.06,0.0669286,0.00209775,0,-0.196794,0.00144155,0.0804459,489.675,0,40,0,0.170246,0.178584,-0.774671,-0.360138,-1.00116,-5.22357,-15.8786,-30.6329,-0.000815268,False
2019-10-09,126.813,2919.4,0.0628919,0.00197899,0,0.0850355,0.00154836,0.164049,494.039,0,40,0,0.159381,0.167307,-1.67933,-0.780139,-2.1836,-7.76383,-18.7567,-33.1627,0.000479656,False
2019-10-10,126.958,2938.13,0.064017,0.00201276,0,0.189163,0.00167354,0.267994,496.955,0,40,0,0.161329,0.169518,-2.71593,-1.2585,-3.10418,-9.18203,-19.8935,-33.9778,0.00114775,False
2019-10-11,127.284,2970.27,0.0521127,0.00167811,0.0592401,0.503002,0.00461665,0.432005,501.278,0,40,0,0.128888,0.13543,-5.15729,-2.41214,-4.68037,-11.0508,-21.0145,-34.3381,0.00256438,False
2019-10-14,127.545,2966.15,0.0417938,0.0014267,0.00235111,-0.120591,0.00296417,0.0847635,499.279,0,40,0,0.10743,0.112691,-1.61064,-0.773632,-4.65245,-11.7492,-22.76,-37.6327,0.00205605,False
2019-10-15,127.664,2995.68,0.0376534,0.00132809,0.167025,0.392735,0.00352439,0.224691,500.802,0,39,1,0.0921071,0.0966181,-4.0595,-1.94318,-5.99935,-12.9136,-23.149,-37.1191,0.000929732,False
2019-10-16,127.706,2989.69,0.0384915,0.00134105,0,-0.128643,0.00270996,0.0886677,498.337,0,40,0,0.0954841,0.100233,-1.67936,-0.806415,-5.37607,-12.6954,-23.6022,-38.4681,0.000327583,False
2019-10-17,127.743,2997.95,0.0371928,0.00130523,0,0.0205539,0.00375206,0.103943,499.609,0,40,0,0.0940196,0.0987917,-2.05947,-0.990467,-5.78264,-13.0947,-23.9004,-38.6525,0.00029297,False
2019-10-18,127.762,2986.2,0.0396827,0.00136413,0,-0.0661157,0.00152644,0.0562483,496.5,0,39,1,0.0964478,0.101343,-1.01385,-0.486159,-4.56349,-11.9732,-23.0228,-38.0914,0.000143814,False
2019-10-21,127.821,3006.72,0.0366432,0.00130187,0,0.116913,0.00221007,0.14733,499.151,0,40,0,0.0935463,0.0981277,-2.60598,-1.24681,-5.97763,-13.1711,-23.7929,-38.2959,0.000461504,False
2019-10-22,127.856,2995.99,0.0401886,0.00138706,0,-0.0755429,0.00246687,0.0725728,498.333,0,40,0,0.100911,0.105854,-1.29668,-0.621448,-4.90525,-12.2807,-23.2879,-38.2714,0.000278117,False
2019-10-23,127.903,3004.52,0.0395191,0.00135344,0,0.0290433,0.00109144,0.0916661,499.488,0,40,0,0.0986428,0.103549,-1.68645,-0.808903,-5.4696,-12.8129,-23.721,-38.5872,0.000367791,False
2019-10-24,127.981,3010.29,0.0384904,0.0013488,0,0.0383535,0.00248131,0.0868212,499.991,0,40,0,0.0948938,0.0997103,-1.66552,-0.800293,-5.69255,-13.0757,-23.9842,-38.879,0.000608731,False
2019-10-25,128.011,3022.55,0.0332555,0.00123101,0,0.00428252,0.00205223,0.091049,501.156,0,40,0,0.0824614,0.0866469,-2.05093,-0.990821,-6.47895,-13.8109,-24.6816,-39.4812,0.00023462,False
2019-10-28,128.104,3039.42,0.0327267,0.00121812,0,0.193781,0.00586488,0.217931,502.643,0,40,0,0.0816096,0.0856064,-4.68727,-2.25955,-6.82822,-13.6019,-23.7247,-37.4682,0.000722926,False
2019-10-29,128.172,3036.89,0.0353777,0.00126569,0,-0.0788447,0.00255694,0.102384,500.167,0,39,1,0.0865198,0.090757,-2.28903,-1.10565,-6.465,-13.7222,-24.4781,-39.1224,0.000532826,False
2019-10-30,128.238,3046.77,0.0319133,0.00118924,0,0.0438607,0.00340839,0.107635,499.72,0,39,1,0.0811344,0.0851694,-2.59785,-1.2578,-6.72589,-13.9227,-24.587,-39.0922,0.000514354,False
2019-10-31,128.244,3037.56,0.0373709,0.00132147,0,-0.0740842,0.00179458,0.061211,498.756,0,40,0,0.0901345,0.0947094,-1.21312,-0.583845,-5.53817,-12.9957,-23.9958,-39.0203,5.14242e-05,False
2019-11-01,128.362,3066.91,0.029982,0.00115901,0.0113245,0.288924,0.00795183,0.242166,502.461,0,39,1,0.0736228,0.0773596,-5.01814,-2.41532,-7.01933,-13.6698,-23.7083,-37.2803,0.000916342,False
2019-11-04,128.38,3078.27,0.0316913,0.00119274,0.0684817,0.184307,0.0126657,0.35768,501.932,0,39,1,0.0765302,0.0802782,-6.8368,-3.27977,-6.67166,-12.953,-22.3924,-35.1808,0.000141346,False
2019-11-05,128.501,3074.62,0.0327349,0.0012157,0.00390122,-0.120841,0.00426682,0.139196,500.353,0,40,0,0.0801705,0.0840968,-3.17039,-1.53173,-6.59734,-13.6636,-24.1468,-38.4017,0.000942474,False
2019-11-06,128.623,3076.78,0.0316276,0.00120912,0.00350708,0.0318665,0.00152029,0.0747151,501.9,0,40,0,0.0765317,0.0803377,-1.89479,-0.918873,-6.57393,-13.9294,-24.8447,-39.6664,0.000947375,False
2019-11-07,128.605,3085.18,0.0345277,0.00125641,0.0109147,0.00394851,0.00803642,0.110762,502.451,0,40,0,0.0828499,0.0870551,-2.3347,-1.12532,-6.64139,-13.9107,-24.6742,-39.3226,-0.00013822,False
2019-11-08,128.677,3093.08,0.0311186,0.00117566,0,0.0249511,0.00177484,0.0921103,502.203,0,39,1,0.0731372,0.0768494,-2.29499,-1.11209,-7.0511,-14.2687,-25.1068,-39.7682,0.000558072,False
2019-11-11,128.637,3087.01,0.032085,0.00118801,0,-0.107981,0.00187385,0.053018,500.012,0,39,1,0.0782233,0.0820543,-1.24393,-0.6019,-6.32457,-13.779,-24.8376,-39.8649,-0.000309811,False
2019-11-12,128.652,3091.84,0.0316602,0.00118383,0,0.00458988,0.00153292,0.0709759,500.354,0,39,1,0.081017,0.0849848,-1.57748,-0.761951,-6.39026,-13.7823,-24.7334,-39.6279,0.000121081,False
2019-11-13,128.656,3094.04,0.0351126,0.00126204,0,-0.0207108,0.00187935,0.0786858,500.309,0,39,1,0.0851054,0.0893378,-1.65599,-0.79848,-6.20552,-13.5775,-24.4767,-39.3297,2.75967e-05,False
2019-11-14,128.687,3096.63,0.0362366,0.00128077,0,0.000831999,0.00103418,0.0820809,501.43,0,40,0,0.0880948,0.0925662,-1.6878,-0.813205,-6.14069,-13.5218,-24.4177,-39.2824,0.00024374,False
2019-11-15,128.855,3120.46,0.0309812,0.00116813,0.00242503,0.302217,0.00558823,0.238579,504.265,0,39,1,0.0748855,0.0786864,-5.26622,-2.54115,-6.97462,-13.5862,-23.5372,-37.0067,0.00130175,False
2019-11-18,128.944,3122.03,0.0324717,0.0011965,0,-0.0422616,0.00393273,0.134645,502.56,0,39,1,0.0778854,0.0817588,-3.24522,-1.571,-6.93902,-13.9733,-24.4743,-38.7187,0.000690813,False
2019-11-19,129.021,3120.18,0.0294568,0.00114743,0,-0.0271194,0.00391212,0.0545018,500.688,0,39,1,0.0732827,0.0769272,-1.43593,-0.697187,-6.71238,-14.1004,-25.1224,-40.0502,0.000600423,False
2019-11-20,129.008,3108.46,0.0330572,0.00122461,0,-0.0548777,0.00138636,0.0438229,500.777,0,40,0,0.0793533,0.083381,-0.927574,-0.447398,-5.35266,-12.8789,-23.9773,-39.1104,-0.000106592,False
2019-11-21,128.993,3103.54,0.0356774,0.0012578,0,-0.0344788,0.0010774,0.057682,500.499,0,39,1,0.0887273,0.0933608,-1.10098,-0.529257,-4.8339,-12.3235,-23.3158,-38.3529,-0.000116238,False
2019-11-22,129.038,3110.29,0.0307921,0.00116429,0,0.0102827,0.0015138,0.0508933,500.122,0,38,2,0.0745394,0.078432,-1.18042,-0.570953,-5.86963,-13.302,-24.3602,-39.3704,0.000350295,False
2019-11-25,129.121,3133.64,0.0287243,0.00113624,0.0060515,0.236346,0.00343182,0.221954,503.312,0,39,1,0.0691312,0.0725692,-4.87472,-2.35172,-7.14123,-13.7762,-23.8514,-37.4232,0.000646241,False
2019-11-26,129.2,3140.52,0.0281799,0.00112003,0.0206426,0.0895941,0.0066035,0.232337,502.463,0,38,2,0.0685897,0.0720008,-5.3343,-2.57747,-7.06267,-13.6082,-23.5098,-36.8587,0.000612025,False
2019-11-27,129.247,3153.63,0.0306502,0.00116019,0.141929,0.392916,0.00803437,0.457821,503.994,0,39,1,0.0743998,0.0781761,-8.24775,-3.94739,-6.36557,-12.3335,-21.3,-33.4534,0.000363461,False
2019-11-29,129.296,3140.98,0.0316379,0.00117726,0,-0.358814,0.00449799,0.0760088,502.14,0,40,0,0.0810045,0.085116,-1.85849,-0.900526,-6.24351,-13.5663,-24.4021,-39.1587,0.000378814,False
2019-12-02,129.194,3113.87,0.0423149,0.00142781,0,-0.163745,0.00315551,0.0525638,500.436,0,40,0,0.103536,0.108607,-0.840335,-0.401078,-3.49027,-10.7269,-21.8296,-36.8802,-0.000793282,False
2019-12-03,129.138,3093.2,0.0490878,0.00159119,0,-0.0894651,0.000755484,0.0657315,498.989,0,40,0,0.123092,0.12912,-0.878881,-0.415927,-2.25975,-8.72482,-19.8944,-34.7143,-0.00043262,False
2019-12-04,129.203,3112.76,0.0473438,0.00154746,0,0.0827435,0.000828763,0.128227,503.284,0,40,0,0.116603,0.122401,-1.82125,-0.863026,-3.91627,-10.9886,-21.837,-36.4983,0.00050501,False
2019-12-05,129.276,3117.43,0.0474702,0.00154421,0,0.0229766,0.00165318,0.122357,504.76,0,40,0,0.117136,0.123081,-1.82681,-0.868283,-4.45805,-11.5969,-22.4814,-37.1717,0.000565926,False
2019-12-06,129.4,3145.91,0.0408354,0.00137465,0.0113889,0.274844,0.00601168,0.295215,508.477,0,40,0,0.101013,0.10614,-4.78917,-2.28243,-5.90207,-12.6306,-22.6417,-36.2974,0.000959547,False
2019-12-09,129.496,3135.96,0.0460077,0.00150639,0,-0.139423,0.00235235,0.102376,505.971,0,40,0,0.112764,0.118286,-1.74484,-0.834789,-4.99641,-12.1693,-23.106,-37.8781,0.000738531,False
2019-12-10,129.543,3132.52,0.0475642,0.00155593,0,-0.0212301,0.0012321,0.0781493,504.866,0,40,0,0.114795,0.120417,-1.20359,-0.57345,-4.228,-11.4091,-22.4998,-37.4301,0.000368913,False
2019-12-11,129.618,3141.63,0.0461606,0.00150687,0,0.050551,0.000819678,0.0979285,505.87,0,40,0,0.111729,0.117285,-1.52253,-0.725281,-4.59736,-11.8325,-22.8058,-37.6555,0.000575914,False
2019-12-12,129.631,3168.57,0.0442791,0.0014616,0.00295283,0.180731,0.00329177,0.302193,508.953,0,40,0,0.1082,0.113692,-4.37443,-2.07284,-5.70623,-12.4987,-22.6138,-36.3919,0.000100597,False
2019-12-13,129.837,3168.8,0.0341893,0.00122872,0,-0.0446047,0.00306966,0.0810954,508.142,0,40,0,0.0848896,0.0891983,-1.81882,-0.879054,-6.0223,-13.3684,-24.2944,-39.178,0.00159209,False
2019-12-16,129.905,3191.45,0.0302113,0.00115975,0.0435302,0.214285,0.00516945,0.208099,510.025,0,40,0,0.0741852,0.0778745,-4.7462,-2.29349,-6.7919,-13.5579,-23.7113,-37.45,0.000520907,False
2019-12-17,130.054,3192.52,0.030558,0.00115093,0.00486335,0.0114947,0.00414914,0.0913595,507.752,0,39,1,0.0720192,0.0756008,-2.37207,-1.15122,-6.91273,-14.1251,-24.9546,-39.5917,0.00114413,False
2019-12-18,130.1,3191.14,0.0319158,0.0011854,0,-0.0122261,0.00162861,0.0614573,506.76,0,40,0,0.0746912,0.0784823,-1.49733,-0.725496,-6.6177,-14.0169,-25.0518,-40.0102,0.000359682,False
2019-12-19,130.17,3205.37,0.0279663,0.0011107,0,0.0909327,0.00146812,0.108032,507.19,0,39,1,0.0680807,0.0716361,-2.83144,-1.37444,-7.35514,-14.424,-25.1275,-39.5458,0.000536088,False
2019-12-20,130.046,3221.22,0.0272961,0.00108507,0.0646107,0.106404,0.0108947,0.289409,508.286,0,39,1,0.0685043,0.0720817,-6.31183,-3.04492,-7.04704,-13.4122,-23.0712,-36.09,-0.000954648,False
2019-12-23,130.201,3224.01,0.0295359,0.00112895,0.00653947,0.0447087,0.00562768,0.194848,507.68,0,39,1,0.0719716,0.0756247,-4.68223,-2.26664,-7.01449,-13.7403,-23.8451,-37.5063,0.0011958,False
2019-12-24,130.338,3223.38,0.0308482,0.00115206,0,-0.0028921,0.00255642,0.0827955,506.807,0,39,1,0.0719716,0.0756247,-2.25266,-1.09491,-6.96987,-14.1937,-25.0008,-39.6249,0.00104684,False
2019-12-26,130.401,3239.91,0.0316133,0.00117464,0.065697,0.229231,0.00209291,0.211521,508.282,0,39,1,0.0754923,0.0794347,-4.66647,-2.25284,-7.02063,-13.7367,-23.8209,-37.4765,0.000484541,False
2019-12-27,130.453,3240.02,0.0358339,0.00125888,3.7903e-05,-0.0436197,0.00555258,0.144808,507.643,0,39,1,0.0841745,0.0885703,-2.98402,-1.43766,-6.63818,-13.7216,-24.2326,-38.5454,0.000399367,False
2019-12-30,130.477,3221.29,0.0406107,0.00135874,0,-0.0963174,0.00209238,0.0619191,506.122,0,40,0,0.100087,0.105064,-1.08753,-0.521357,-4.80104,-12.1535,-23.1867,-38.1805,0.000181914,False
2019-12-31,130.527,3230.78,0.0387286,0.00133225,0,0.0268501,0.00115156,0.0750108,508.709,0,40,0,0.0928669,0.0974853,-1.38604,-0.665594,-5.36005,-12.7867,-23.751,-38.7276,0.000383235,False
2020-01-02,130.667,3257.85,0.0331566,0.00118865,0.00923547,0.264415,0.00413229,0.217508,511.19,0,39,1,0.079062,0.0830749,-4.19615,-2.01576,-6.75015,-13.5946,-23.8376,-37.7346,0.00107655,False
2020-01-03,130.322,3234.85,0.0405843,0.00136572,0,-0.530322,0.00263363,0.0694176,507.491,0,40,0,0.0994588,0.104507,-1.24229,-0.595971,-4.89696,-12.2729,-23.2878,-38.2828,-0.00264525,False
2020-01-06,130.39,3246.28,0.0363398,0.00127187,0,0.0372994,0.00208046,0.0713987,509.679,0,40,0,0.0884669,0.0927995,-1.44348,-0.695444,-5.82241,-13.278,-24.2783,-39.2937,0.000524133,False
2020-01-07,130.391,3237.18,0.0368756,0.00128644,0,-0.0514839,0.00100953,0.0530485,506.959,0,39,1,0.0904987,0.0949308,-0.994661,-0.478058,-4.80829,-12.2919,-23.3508,-38.459,1.10895e-05,False
2020-01-08,130.407,3253.05,0.0388195,0.00132963,0,0.0563111,0.00153274,0.129873,508.928,0,40,0,0.0925961,0.0972011,-2.30486,-1.10412,-5.87923,-13.1411,-23.8481,-38.4685,0.000118443,False
2020-01-09,130.473,3274.7,0.0356854,0.00125023,0.0269875,0.235496,0.00609273,0.300614,512.118,0,40,0,0.0846954,0.0889942,-5.31433,-2.54331,-6.57819,-13.2254,-23.1221,-36.5919,0.000506951,False
2020-01-10,130.501,3265.35,0.0371352,0.00127335,0,-0.203285,0.00654879,0.0989198,509.845,0,40,0,0.0902096,0.0949206,-2.05297,-0.9898,-5.98133,-13.2733,-24.089,-38.837,0.000212475,False
2020-01-13,130.683,3288.13,0.0293826,0.00110912,0.0423306,0.287729,0.00785917,0.182561,510.122,0,38,2,0.0744559,0.0781588,-4.23429,-2.04777,-6.88594,-13.7133,-23.9562,-37.8171,0.00139594,False
2020-01-14,130.73,3283.15,0.033987,0.00120393,0,-0.0959832,0.00295423,0.0695935,507.446,0,39,1,0.0803222,0.0843167,-1.59746,-0.772831,-6.42769,-13.7982,-24.7244,-39.5813,0.000358222,False
2020-01-15,130.773,3289.29,0.0335224,0.00119988,0,0.0176085,0.000923164,0.0754039,507.819,0,39,1,0.0784792,0.0824625,-1.71475,-0.829241,-6.59481,-13.9416,-24.8458,-39.6624,0.000330434,False
2020-01-16,130.722,3316.81,0.0327626,0.00117037,0.0694325,0.386385,0.00910534,0.465269,511.558,0,39,1,0.078457,0.0825542,-8.15391,-3.90006,-6.42742,-12.4246,-21.4463,-33.6895,-0.000385599,False
2020-01-17,130.927,3329.62,0.0305294,0.00113972,0.245268,0.492043,0.00813307,0.528527,512.822,0,40,0,0.0711513,0.0748669,-8.95429,-4.27571,-6.24776,-12.0919,-20.9029,-32.8246,0.00156648,False
2020-01-21,130.998,3320.79,0.0339279,0.00120046,0.00209616,-0.346085,0.00661793,0.135684,510.55,0,39,1,0.081271,0.0852512,-3.14573,-1.5218,-6.37546,-13.4651,-23.9529,-38.2326,0.000540538,False
2020-01-22,131.027,3321.75,0.0353051,0.00124334,0,-0.0577676,0.00443767,0.0786028,509.978,0,40,0,0.0842029,0.0883904,-1.76357,-0.852746,-6.12325,-13.5032,-24.3715,-39.1967,0.000220901,False
2020-01-23,131.024,3325.54,0.0364596,0.00124925,0,-0.0330038,0.00265485,0.0809448,510.143,0,39,1,0.0875121,0.0919539,-1.59878,-0.769678,-6.00709,-13.4058,-24.3163,-39.2069,-2.12955e-05,False
2020-01-24,130.936,3295.47,0.0463787,0.00150609,0,-0.146618,0.00289161,0.063967,506.655,0,40,0,0.114028,0.119816,-0.931011,-0.44287,-3.28111,-10.3672,-21.46,-36.378,-0.000669028,False
2020-01-27,130.795,3243.63,0.0625802,0.00195575,0,-0.189928,0.00101932,0.0750784,502.652,0,40,0,0.155092,0.162688,-0.770754,-0.359923,-1.09428,-5.65189,-16.6804,-31.2753,-0.00108017,False
2020-01-28,130.869,3276.24,0.0569927,0.00179608,0,0.10752,0.00114208,0.162278,509.222,0,40,0,0.137568,0.144305,-1.87121,-0.87675,-2.81483,-9.20573,-20.1522,-34.5915,0.000568638,False
2020-01-29,130.959,3273.4,0.0590271,0.00185528,0,-0.00217672,0.00234217,0.12517,510.101,0,40,0,0.142233,0.149307,-1.50692,-0.709093,-2.94342,-9.37605,-20.4634,-35.0415,0.00068588,False
2020-01-30,130.975,3283.66,0.0572282,0.00180653,0,-0.0357237,0.00150693,0.127102,512.194,0,40,0,0.135979,0.142881,-1.6486,-0.779006,-3.70353,-10.4685,-21.5433,-36.1682,0.000124159,False
2020-01-31,130.823,3225.52,0.0721854,0.00223083,0,-0.257606,0.00161056,0.0902575,504.888,0,40,0,0.177161,0.186153,-0.813468,-0.377658,-0.956122,-5.08646,-15.7307,-30.4521,-0.00116372,False
2020-02-03,130.936,3248.92,0.0607789,0.00191062,0,0.0664064,0.000594251,0.102042,509.276,0,40,0,0.14578,0.152919,-1.15624,-0.54238,-2.04057,-7.76079,-18.9369,-33.5788,0.000862966,False
2020-02-04,131.038,3297.59,0.0495831,0.00160205,0.034841,0.378962,0.00299802,0.388916,515.874,0,40,0,0.11852,0.124325,-4.55589,-2.13206,-4.56056,-11.2003,-21.2828,-34.9467,0.000780762,False
2020-02-05,130.939,3334.69,0.0432657,0.00142986,0.326023,0.917941,0.00840813,1.11306,518.924,0,40,0,0.103697,0.108854,-10.4936,-4.82414,-4.98183,-10.458,-18.7157,-29.9705,-0.000753944,False
2020-02-06,131.167,3345.78,0.0405735,0.00135592,0.495057,0.498981,0.00586442,0.922463,517.446,0,40,0,0.0999444,0.105017,-9.30397,-4.30244,-4.97506,-10.7339,-19.3217,-31.0452,0.00174028,False
2020-02-07,131.271,3327.71,0.049631,0.00158864,0.0683216,-0.622761,0.00528786,0.17026,512.31,0,40,0,0.119644,0.125892,-2.52055,-1.19771,-4.37142,-11.2125,-21.9378,-36.2903,0.000791924,False
2020-02-10,131.291,3352.09,0.0400933,0.00134028,0.183451,0.12242,0.00853405,0.119899,513.996,0,40,0,0.0979208,0.102791,-2.26828,-1.08994,-5.69702,-12.955,-23.7081,-38.378,0.000148922,False
2020-02-11,131.251,3357.75,0.04139,0.00137044,0,-0.0826851,0.00722071,0.109231,513.654,0,40,0,0.100358,0.105349,-1.9274,-0.923724,-5.61425,-12.9164,-23.7736,-38.5654,-0.00029871,False
2020-02-12,131.421,3379.45,0.0371449,0.00127337,0,0.236508,0.0031156,0.208808,515.727,0,40,0,0.0904259,0.0950156,-3.98405,-1.91413,-6.39647,-13.3321,-23.6141,-37.6289,0.00129284,False
2020-02-13,131.319,3373.94,0.0428611,0.00140783,0,-0.2306,0.00377034,0.118031,513.721,0,40,0,0.10408,0.109515,-2.09803,-1.00594,-5.59669,-12.8102,-23.6238,-38.3157,-0.000777204,False
2020-02-14,131.426,3380.16,0.0392088,0.00132336,0,0.0295719,0.00143919,0.0768093,513.551,0,40,0,0.0922213,0.0970373,-1.51501,-0.729545,-5.6856,-13.0839,-24.0471,-39.0114,0.000816637,False
2020-02-18,131.415,3370.29,0.037863,0.0012914,0,-0.0730853,0.000840431,0.0506319,511.819,0,40,0,0.0914299,0.0959076,-0.91911,-0.441331,-4.60509,-12.0829,-23.1912,-38.3527,-8.50415e-05,False
2020-02-19,131.464,3386.15,0.0355581,0.00123323,0,0.0650356,0.00101239,0.0998325,512.772,0,39,1,0.0875421,0.0918957,-1.87058,-0.898538,-5.77135,-13.1254,-23.9699,-38.7744,0.000373987,False
2020-02-20,131.363,3373.23,0.0443505,0.00145334,0,-0.16084,0.00174087,0.0816857,510.911,0,40,0,0.105675,0.111039,-1.32468,-0.633006,-4.55709,-11.8813,-22.8513,-37.764,-0.000772355,False
2020-02-21,131.303,3337.75,0.0528221,0.0016796,0,-0.123714,0.00101979,0.0675714,507.962,0,40,0,0.129083,0.135635,-0.846055,-0.399589,-2.19954,-8.60059,-19.8268,-34.6027,-0.000452766,False
2020-02-24,131.025,3225.89,0.0916004,0.00279897,0,-0.329507,0.00081441,0.104198,496.411,0,40,0,0.224342,0.235329,-0.715361,-0.326859,-0.40641,-1.82914,-8.89203,-23.5286,-0.00211835,False
2020-02-25,131.021,3128.21,0.109573,0.00332823,0,-0.0915109,0.00086425,0.122399,490.471,0,40,0,0.267348,0.280441,-0.700792,-0.316513,-0.262224,-1.1449,-4.62217,-15.7966,-3.30605e-05,False
2020-02-26,131.017,3116.39,0.110092,0.00334393,0,-0.0747786,0.00156249,0.15615,497.438,0,40,0,0.2712,0.284687,-0.913232,-0.413851,-0.416846,-1.85829,-6.72542,-18.9083,-2.55193e-05,False
2020-02-27,130.764,2978.76,0.170538,0.00513867,0,-0.357583,0.000918637,0.216567,487.761,0,40,0,0.421437,0.442828,-0.917042,-0.401138,-0.019958,-0.35344,-2.0737,-8.6987,-0.00193501,False
2020-02-28,130.695,2954.22,0.192688,0.00579865,0,-0.16002,0.000873977,0.311745,494.579,0,40,0,0.47748,0.501715,-1.25685,-0.544177,0.00340955,-0.385078,-2.27495,-9.16149,-0.000529064,False
2020-03-02,131.377,3090.23,0.114168,0.00346545,0,0.627269,0.0018592,0.365006,519.66,0,40,0,0.278776,0.292429,-2.12892,-0.953097,-1.04312,-3.69707,-11.6039,-25.8981,0.00522479,False
2020-03-03,130.591,3003.37,0.142956,0.00431827,0,-1.09345,0.00404918,0.192289,507.718,0,40,0,0.351243,0.368445,-0.939771,-0.420891,-0.145284,-1.03458,-5.43086,-17.5631,-0.00598389,False
2020-03-04,130.808,3130.12,0.107896,0.00327972,0,0.765713,0.00413547,0.841658,525.069,0,40,0,0.266507,0.279761,-3.99399,-1.7206,-1.83317,-5.87323,-14.9256,-28.7404,0.00166033,False
2020-03-05,130.152,3023.94,0.160492,0.0048384,0,-1.36636,0.00323436,0.283352,505.119,0,40,0,0.396475,0.416599,-1.2931,-0.574286,-0.175754,-1.17088,-5.70338,-17.6999,-0.00501218,False
2020-03-06,130.063,2972.37,0.158527,0.00478115,0,-0.321326,0.000825357,0.204459,498.296,0,40,0,0.392882,0.412823,-0.92038,-0.407089,-0.0554146,-0.554503,-3.27711,-12.9943,-0.000687754,False
2020-03-09,129.743,2746.56,0.211865,0.00637363,0,-0.496207,0.000997945,0.233136,472.57,0,40,0,0.536897,0.563191,-0.903976,-0.374848,0.0439803,-0.0784555,-0.681071,-2.69041,-0.00246335,False
2020-03-10,129.939,2882.23,0.17321,0.00522029,0,0.487679,0.00244438,0.690352,502.307,0,40,0,0.432937,0.45414,-2.31874,-0.976393,-0.305189,-1.20767,-4.00201,-11.325,0.00151074,False
2020-03-11,129.565,2741.38,0.228495,0.00686919,0,-0.956769,0.00185198,0.327035,488.516,0,40,0,0.576515,0.605186,-1.31791,-0.545699,0.0999783,-0.0349843,-0.990511,-4.95564,-0.0028758,False
2020-03-12,129.098,2480.64,0.348362,0.0104539,0,-0.70015,0.00112797,0.430762,461.444,0,40,0,0.887844,0.932908,-1.98613,-0.706761,0.215239,0.314024,0.347447,0.0022941,-0.00360512,False
2020-03-13,129.998,2711.02,0.231093,0.00694723,0,1.14245,0.00142108,0.89527,510.404,0,40,0,0.57927,0.608671,-2.61471,-1.06769,-0.01406,-0.45895,-2.12701,-7.33024,0.00697665,False
2020-03-16,128.285,2386.13,0.327491,0.00983017,0,-2.54787,0.00228191,0.376639,464.881,0,40,0,0.853346,0.895138,-1.69885,-0.61062,0.180385,0.251394,0.227292,-0.240423,-0.0131837,False
2020-03-17,128.766,2529.19,0.270011,0.00811072,0,0.533083,0.00123283,0.689224,501.839,0,40,0,0.688687,0.722415,-2.34294,-0.938467,0.115984,-0.0906756,-1.07126,-4.17745,0.00375077,False
2020-03-18,128.441,2398.1,0.305136,0.00916181,0,-0.900394,0.00163353,0.407695,484.333,0,40,0,0.778764,0.817493,-1.77653,-0.667627,0.196514,0.257232,0.129703,-0.996697,-0.00252027,False
2020-03-19,128.575,2409.39,0.312108,0.00937029,0,-0.0420583,0.000874412,0.534038,493.035,0,40,0,0.792756,0.832994,-2.23714,-0.848027,0.240212,0.287843,0.00240502,-1.74496,0.00103909,False
2020-03-20,128.544,2304.92,0.287255,0.00863109,0,-0.50577,0.000421747,0.336917,482.027,0,40,0,0.724087,0.760839,-1.41906,-0.537848,0.147298,0.172879,0.00678566,-0.918445,-0.000236805,False
2020-03-23,128.616,2237.4,0.247438,0.0074469,0,-0.222667,0.000504613,0.281717,478.667,0,40,0,0.633829,0.664871,-1.12035,-0.444305,0.0966951,0.0569179,-0.304784,-1.8631,0.000560275,False
2020-03-24,127.918,2447.33,0.234967,0.00706946,0,1.75183,0.00538437,2.95474,521.948,0,40,0,0.596326,0.625531,-5.11477,-1.96921,-0.13866,-0.953995,-3.56438,-9.99999,-0.00543231,False
2020-03-25,127.312,2475.56,0.255927,0.00769225,0.559107,-0.283835,0.007827,2.95793,520.58,0,40,0,0.654761,0.687323,-5.47948,-2.12023,-0.114019,-1.03471,-4.07717,-11.4039,-0.00473524,False
2020-03-26,127.238,2630.07,0.239673,0.00720362,2.08182,6.80709,0.00585685,7.98398,536.548,0,40,0,0.612779,0.643881,-9.38774,-3.29617,-0.63683,-2.19223,-6.02525,-13.6476,-0.000582622,False
2020-03-27,127.495,2541.47,0.240727,0.0072376,0.982558,-5.62649,0.00793242,1.34265,505.696,0,40,0,0.614041,0.645208,-3.2379,-1.24515,-0.0964854,-0.712715,-2.97889,-9.22255,0.00202641,False
2020-03-30,128.185,2626.65,0.185136,0.0055804,1.82399,1.38874,0.00479046,0.393147,510.606,0,40,0,0.47425,0.497476,-1.71582,-0.750789,-0.253002,-1.3756,-5.31395,-14.999,0.00540428,False
2020-03-31,128.321,2584.59,0.177858,0.00536535,0,-0.195957,0.00153975,0.231859,498.739,0,40,0,0.449804,0.472174,-0.990815,-0.431032,0.000786153,-0.343773,-2.36579,-9.68126,0.00106319,False
2020-04-01,128.054,2470.5,0.210203,0.00633072,0,-0.448421,0.000975356,0.253247,481.803,0,40,0,0.535465,0.562643,-1.0195,-0.424604,0.061314,-0.0584743,-0.748737,-3.65181,-0.00208003,False
2020-04-02,128.197,2526.9,0.19691,0.00593374,0,0.123335,0.00110176,0.423518,496.528,0,40,0,0.495518,0.521395,-1.61483,-0.69236,-0.0597457,-0.593967,-2.70092,-9.23668,0.00111623,False
2020-04-03,128.311,2488.65,0.174072,0.00525566,0,-0.254862,0.00112284,0.222474,493.234,0,40,0,0.434531,0.457223,-0.956641,-0.416849,-0.00870145,-0.353652,-2.21079,-8.84709,0.000888297,False
2020-04-06,128.157,2663.68,0.142624,0.00431699,0.0499046,1.96563,0.00909853,2.42143,523.316,0,40,0,0.360367,0.378288,-6.49807,-2.55888,-1.35601,-4.19739,-11.1504,-23.157,-0.00120038,False
2020-04-07,126.407,2659.41,0.155806,0.00470693,0.294299,-2.49477,0.015316,1.51825,513.619,0,40,0,0.400618,0.420541,-4.63014,-1.88069,-1.00802,-3.50542,-10.0576,-22.1423,-0.013656,False
2020-04-08,126.578,2749.98,0.146929,0.00444017,1.23349,3.25635,0.0142073,3.49767,517.858,0,40,0,0.372096,0.390983,-7.99832,-2.96566,-1.50077,-4.26202,-10.661,-21.6561,0.00135848,False
2020-04-09,127.021,2789.82,0.154389,0.00466036,2.2257,1.8586,0.00855589,2.82931,512.476,0,40,0,0.390273,0.410654,-6.67858,-2.52077,-1.27745,-3.90594,-10.2189,-21.4974,0.0034953,False
2020-04-13,127.771,2761.63,0.126512,0.00383605,0.888211,-1.09886,0.0049421,0.210185,499.972,0,40,0,0.325592,0.341538,-1.25163,-0.566823,-0.619402,-2.68368,-9.23567,-22.3932,0.0059029,False
2020-04-14,128.063,2846.06,0.118925,0.00361042,0.206048,0.964453,0.00833586,0.783494,508.958,0,40,0,0.298078,0.312677,-3.90078,-1.69415,-1.53165,-4.95217,-13.1694,-26.7403,0.00228594,False
2020-04-15,127.629,2783.36,0.132285,0.00400532,0,-1.13271,0.00292463,0.209375,495.902,0,40,0,0.337263,0.354035,-1.09993,-0.49463,-0.290632,-1.60649,-7.12124,-20.1556,-0.00338303,False
2020-04-16,127.763,2799.55,0.136941,0.0041441,0,0.0636832,0.00108124,0.2716,498.509,0,40,0,0.34053,0.357814,-1.39555,-0.625937,-0.457193,-2.23675,-8.48037,-21.9062,0.00104343,False
2020-04-17,128.202,2874.56,0.118246,0.00358952,0,0.72682,0.00409023,0.669759,508.536,0,40,0,0.298765,0.313929,-3.48848,-1.53322,-1.54326,-5.08082,-13.6724,-27.511,0.00343784,False
2020-04-20,128.107,2823.16,0.13068,0.00395847,0,-0.681034,0.00218739,0.207713,498.627,0,40,0,0.330079,0.346244,-1.13753,-0.513609,-0.375388,-2.10613,-8.59235,-22.2583,-0.000736752,False
2020-04-21,127.964,2736.56,0.143607,0.00434246,0,-0.319925,0.00106757,0.169127,487.239,0,40,0,0.365212,0.383098,-0.793076,-0.352026,-0.0870051,-0.55236,-2.98876,-12.6351,-0.00111736,False
2020-04-22,128.139,2799.31,0.130479,0.00395215,0,0.244432,0.00167473,0.363143,499.131,0,40,0,0.327967,0.344277,-1.74414,-0.769766,-0.536898,-2.10335,-7.6608,-20.6798,0.00136967,False
2020-04-23,128.321,2797.8,0.132542,0.00401274,0,-0.0245084,0.00153141,0.284239,500.154,0,40,0,0.331108,0.347914,-1.4873,-0.666844,-0.523811,-2.29963,-8.3121,-21.6087,0.00141559,False
2020-04-24,128.673,2836.74,0.10495,0.00320175,0,0.190667,0.00149657,0.223026,507.079,0,40,0,0.259525,0.272698,-1.54556,-0.705864,-1.148,-4.40426,-13.228,-27.8969,0.00274416,False
2020-04-27,129.116,2878.48,0.0918935,0.00282015,0,0.420364,0.00440127,0.28545,511.261,0,40,0,0.226204,0.237283,-2.26506,-1.03838,-2.14747,-6.88965,-16.975,-31.5361,0.00343982,False
2020-04-28,128.567,2863.39,0.0984669,0.00301093,0,-0.73648,0.00829961,0.185193,505.226,0,40,0,0.2483,0.26046,-1.31565,-0.602782,-1.11962,-4.81237,-14.3922,-29.2577,-0.00425252,False
2020-04-29,128.498,2939.51,0.0910253,0.00278906,0.0223725,0.696398,0.00777174,1.00849,513.092,0,40,0,0.22788,0.239213,-6.31507,-2.79684,-3.00244,-7.92756,-17.131,-29.9337,-0.000535214,False
2020-04-30,128.613,2912.43,0.108163,0.00329478,0,-0.664119,0.00368039,0.330657,504.777,0,40,0,0.264285,0.277699,-2.20463,-0.998364,-1.6345,-5.64141,-14.9567,-29.3491,0.000894218,False
2020-05-01,128.351,2830.71,0.118614,0.00360132,0,-0.563575,0.00165406,0.141648,491.959,0,40,0,0.294685,0.309643,-0.786168,-0.355115,-0.213984,-1.24904,-6.56572,-19.8148,-0.00203097,False
2020-05-04,128.455,2842.74,0.105114,0.00320532,0,0.01293,0.000588547,0.151897,495.732,0,40,0,0.26176,0.27458,-0.951209,-0.432257,-0.503452,-2.20794,-8.59159,-22.6406,0.000810287,False
2020-05-05,128.585,2868.44,0.0977203,0.00298657,0,0.106584,0.00131732,0.222624,501.324,0,40,0,0.250162,0.262414,-1.48532,-0.674975,-1.03541,-3.82951,-12.0031,-26.5821,0.00100637,False
2020-05-06,128.663,2848.42,0.109738,0.00334189,0,-0.0694519,0.00146873,0.179855,500.203,0,40,0,0.269937,0.283361,-1.13248,-0.515663,-0.635402,-3.16474,-11.1787,-25.7336,0.000608496,False
2020-05-07,128.866,2881.19,0.102262,0.00312294,0,0.180008,0.00172056,0.254215,505.665,0,40,0,0.249812,0.262492,-1.71452,-0.779624,-1.3545,-5.25316,-14.8798,-29.5954,0.00157829,False
2020-05-08,129.312,2929.8,0.0795331,0.00245692,0.00867288,0.484183,0.00307555,0.357417,511.125,0,40,0,0.198141,0.208197,-3.00815,-1.3787,-2.81896,-8.23553,-18.6023,-32.7292,0.00346336,False
2020-05-11,129.399,2930.19,0.0764564,0.00237105,0,-0.174032,0.00182376,0.168855,508.763,0,40,0,0.189378,0.198653,-1.66415,-0.774546,-2.40286,-7.80567,-18.5131,-33.181,0.000671181,False
2020-05-12,129.255,2870.12,0.0971842,0.0029717,0,-0.278149,0.00214024,0.126472,498.925,0,40,0,0.246776,0.258862,-0.841685,-0.384585,-0.451327,-2.73637,-11.1676,-25.9395,-0.00111047,False
2020-05-13,129.222,2820,0.110074,0.00335187,0,-0.125964,0.000860122,0.139543,493.357,0,40,0,0.281128,0.295108,-0.803202,-0.363882,-0.267031,-1.38654,-6.67244,-20.3236,-0.00025664,False
2020-05-14,129.232,2852.5,0.108358,0.00329939,0,0.0211618,0.00123776,0.254416,501.393,0,40,0,0.273123,0.286986,-1.49978,-0.675815,-0.763701,-3.07455,-10.7826,-25.2915,7.82316e-05,False
2020-05-15,129.295,2863.7,0.107348,0.00327164,0,-0.0564189,0.00172231,0.238165,505.128,0,40,0,0.26417,0.277966,-1.53556,-0.697792,-0.981331,-3.98538,-12.7464,-27.4099,0.000481201,False
2020-05-18,129.589,2953.91,0.0855193,0.00263217,0.185232,1.39788,0.0102405,1.22913,518.036,0,40,0,0.208567,0.218939,-7.55287,-3.32668,-3.16777,-8.1004,-17.089,-29.3286,0.00227644,False
2020-05-19,129.689,2922.94,0.0930112,0.00284952,0,-0.969638,0.00670841,0.242421,509.684,0,40,0,0.228061,0.239403,-1.98786,-0.914885,-1.97446,-6.49201,-16.3989,-30.9966,0.000775705,False
2020-05-20,129.967,2971.61,0.0882137,0.00270781,0.0992388,0.636451,0.00806653,0.579654,513.678,0,40,0,0.213098,0.223914,-4.41566,-2.00285,-2.83843,-7.87759,-17.6307,-31.2141,0.0021391,False
2020-05-21,130.081,2948.51,0.0977345,0.00298646,0,-0.35788,0.00328821,0.198889,507.392,0,40,0,0.234841,0.247105,-1.49599,-0.68709,-1.41061,-5.43056,-15.1861,-29.9429,0.000879805,False
2020-05-22,130.255,2955.45,0.086445,0.00265755,0,0.0349997,0.00108827,0.142547,507.699,0,40,0,0.209219,0.220144,-1.15035,-0.53087,-1.26047,-5.3443,-15.5043,-30.3292,0.00133794,False
2020-05-26,130.305,2991.77,0.0774369,0.00239583,0,0.0703112,0.00528301,0.232324,512.419,0,40,0,0.192172,0.201584,-2.03254,-0.936996,-2.44547,-7.86296,-18.5532,-33.0121,0.000386108,False
2020-05-27,130.191,3036.13,0.0798377,0.00246084,0.0577937,0.417556,0.0088092,0.775544,516.42,0,40,0,0.196203,0.20596,-5.61203,-2.52559,-3.41379,-8.86546,-18.5408,-31.559,-0.000881703,False
2020-05-28,130.027,3029.73,0.0859531,0.00263868,0,-0.608698,0.0123934,0.400947,512.374,0,40,0,0.215721,0.22667,-3.23902,-1.48083,-2.67426,-7.77041,-17.7862,-31.8669,-0.00125339,False
2020-05-29,130.305,3044.31,0.081338,0.00250696,0,0.0641908,0.00553102,0.260415,511.707,0,40,0,0.199015,0.209116,-2.45317,-1.1371,-2.5708,-7.80082,-18.1688,-32.5061,0.00213819,False
2020-06-01,130.513,3055.73,0.0812216,0.00250204,0,0.0566426,0.00279966,0.185055,511.096,0,40,0,0.198606,0.208333,-1.71264,-0.795005,-2.31061,-7.60286,-18.2595,-32.838,0.00159566,False
2020-06-02,130.678,3080.82,0.0752871,0.00233033,0,0.121396,0.00176571,0.213126,513.154,0,40,0,0.183283,0.192259,-2.03486,-0.944038,-2.87604,-8.71038,-19.5059,-33.9386,0.00126053,False
2020-06-03,130.905,3122.87,0.0747266,0.00231158,0.0140835,0.625046,0.00685162,0.66252,517.229,0,40,0,0.182755,0.191844,-5.58801,-2.5534,-3.76151,-9.39143,-19.145,-32.1427,0.00173811,False
2020-06-04,131.063,3112.35,0.0790901,0.00244001,0,-0.336751,0.00546355,0.238752,513.431,0,40,0,0.190856,0.200543,-2.29348,-1.06482,-2.83579,-8.36959,-18.8799,-33.2284,0.00120854,False
2020-06-05,130.45,3193.93,0.0731251,0.00226088,1.17085,2.37614,0.0141221,2.11446,521.343,0,40,0,0.177744,0.186765,-11.7343,-5.07616,-3.40662,-7.9068,-15.6125,-25.9167,-0.00468233,False
2020-06-08,130.618,3232.39,0.0724942,0.00224101,2.02415,2.57275,0.0112212,2.55402,521.192,0,40,0,0.18159,0.190483,-11.9547,-5.02055,-3.13971,-7.4224,-14.8925,-24.9858,0.00128836,False
2020-06-09,130.927,3207.18,0.0813151,0.00249693,0.327407,-1.42485,0.00615892,0.564802,513.48,0,40,0,0.200976,0.210819,-4.30816,-1.94931,-2.55874,-7.38004,-17.0307,-30.5742,0.00237051,False
2020-06-10,131.092,3190.14,0.0848754,0.00260097,0,-0.308911,0.00341787,0.169836,509.14,0,40,0,0.21326,0.223866,-1.49139,-0.69095,-1.46422,-5.61379,-15.5762,-30.2836,0.00125957,False
2020-06-11,130.703,3002.1,0.146501,0.00442315,0,-0.535039,0.00131374,0.164728,486.09,0,40,0,0.363452,0.381899,-0.741064,-0.327922,-0.0853589,-0.494542,-2.16177,-9.70674,-0.00296865,False
2020-06-12,130.712,3041.31,0.122202,0.00370118,0,-0.0732001,0.00219104,0.19849,499.291,0,40,0,0.300222,0.31546,-1.06583,-0.479973,-0.410686,-1.70917,-5.88392,-17.4922,7.15164e-05,False
2020-06-15,130.722,3066.59,0.109881,0.00333782,0,-0.0861286,0.00164704,0.207726,508.046,0,40,0,0.272173,0.285503,-1.28034,-0.581434,-0.76851,-3.07317,-9.72418,-23.6568,7.29185e-05,False
2020-06-16,130.574,3124.74,0.111533,0.00338575,0,0.172243,0.00675754,0.628985,518.115,0,40,0,0.273612,0.287012,-3.55142,-1.57441,-1.85151,-5.66071,-14.5013,-28.4185,-0.00112931,False
2020-06-17,130.81,3113.49,0.109954,0.00333915,0,-0.230994,0.00355579,0.265246,514.855,0,40,0,0.271471,0.284972,-1.74331,-0.793239,-1.31766,-4.98881,-14.1096,-28.6459,0.0018059,False
2020-06-18,130.981,3115.34,0.106753,0.00324615,0,-0.0069091,0.00100048,0.189404,512.36,0,40,0,0.261468,0.274739,-1.25882,-0.575775,-0.981211,-4.29657,-13.2707,-28.0104,0.0013106,False
2020-06-19,130.979,3097.74,0.109691,0.00333173,0,-0.13235,0.00165256,0.164126,508.69,0,40,0,0.268072,0.281679,-1.00694,-0.458619,-0.503071,-2.75341,-10.6944,-25.3109,-1.80624e-05,False
2020-06-22,131.105,3117.86,0.0966475,0.00294949,0,0.0291915,0.000763175,0.16032,511.668,0,40,0,0.236871,0.248472,-1.12049,-0.512803,-0.842874,-3.84727,-13.0292,-27.8929,0.000961468,False
2020-06-23,131.193,3131.29,0.0981694,0.00299386,0,0.0430856,0.00187074,0.20908,513.615,0,40,0,0.240786,0.252761,-1.44665,-0.660603,-1.17701,-4.83376,-14.5055,-29.2859,0.000668403,False
2020-06-24,131.071,3050.33,0.116714,0.0035395,0,-0.29593,0.0012654,0.14647,503.08,0,40,0,0.291383,0.306173,-0.812655,-0.367716,-0.229879,-1.33906,-7.03017,-20.7876,-0.000925442,False
2020-06-25,131.182,3083.76,0.114352,0.00347038,0,0.0915432,0.000895359,0.237482,509.93,0,40,0,0.275288,0.289664,-1.37398,-0.619947,-0.674816,-2.93715,-10.8086,-25.3343,0.000843186,False
2020-06-26,131.148,3009.05,0.122195,0.0037031,0,-0.24041,0.00114944,0.147685,501.605,0,40,0,0.294558,0.30994,-0.791195,-0.356843,-0.20826,-1.1383,-5.56771,-18.2946,-0.000253626,False
2020-06-29,131.36,3053.24,0.0964052,0.00294462,0,0.146306,0.000793515,0.175045,511.46,0,40,0,0.235913,0.247645,-1.19253,-0.543841,-0.821764,-3.29001,-11.3543,-25.9697,0.00161354,False
2020-06-30,131.482,3100.29,0.0884722,0.0027111,0.000252799,0.247793,0.00350161,0.382764,518.682,0,40,0,0.21705,0.227845,-2.71442,-1.22896,-1.86535,-6.17902,-16.0928,-30.3338,0.000929362,False
2020-07-01,131.82,3115.86,0.0859941,0.00263903,0,0.188077,0.00139146,0.31504,519.375,0,40,0,0.205328,0.21575,-2.60389,-1.19556,-2.37703,-7.2962,-17.5425,-31.8297,0.0025689,False
2020-07-02,131.841,3130.01,0.0828812,0.00254775,0,-0.113978,0.00723223,0.253037,519.115,0,40,0,0.197148,0.207444,-2.32152,-1.07579,-2.60616,-7.9208,-18.4078,-32.8149,0.000160266,False
2020-07-06,132.34,3179.72,0.073499,0.00227309,0.177793,0.92443,0.00912072,0.563069,522.908,0,40,0,0.178458,0.187197,-5.04528,-2.31981,-3.72504,-9.4435,-19.4246,-32.6582,0.00378266,False
2020-07-07,132.323,3145.32,0.0809455,0.00249095,0,-0.518677,0.00388409,0.135672,515.691,0,40,0,0.199114,0.208866,-1.18569,-0.549721,-1.70514,-6.56545,-17.1314,-31.9082,-0.000126265,False
2020-07-08,132.467,3169.94,0.0779808,0.00240401,0,0.11876,0.00127518,0.184639,518.386,0,40,0,0.187087,0.196392,-1.67404,-0.775621,-2.40692,-7.88812,-18.6492,-33.2105,0.00108896,False
2020-07-09,132.515,3152.05,0.0878621,0.00269115,0,-0.0687179,0.00122848,0.152075,515.263,0,40,0,0.210184,0.220853,-1.19578,-0.550974,-1.32461,-5.63118,-15.9742,-30.7563,0.000360754,False
2020-07-10,132.664,3185.04,0.0749404,0.0023133,0,0.116573,0.00133682,0.191156,519.903,0,40,0,0.181046,0.190235,-1.77846,-0.824972,-2.45339,-8.0448,-18.9076,-33.3943,0.00112276,False
2020-07-13,132.389,3155.22,0.0907463,0.0027774,0,-0.402817,0.00402386,0.14749,515.328,0,40,0,0.220278,0.231066,-1.11837,-0.514607,-1.12728,-5.19086,-15.395,-30.2524,-0.00207446,False
2020-07-14,132.329,3197.52,0.0823334,0.00252818,0,-0.00662866,0.0034489,0.276971,520.575,0,40,0,0.20123,0.211086,-2.25686,-1.03589,-2.49844,-7.92911,-18.539,-32.9223,-0.000451346,False
2020-07-15,132.425,3226.56,0.0826141,0.00253628,0.00261845,0.164797,0.00590251,0.416899,522.595,0,40,0,0.197647,0.207476,-3.41281,-1.56228,-3.16177,-8.79566,-19.0865,-33.0308,0.000728677,False
2020-07-16,132.521,3215.57,0.0851022,0.00261034,0,-0.212021,0.0021771,0.189408,518.944,0,40,0,0.203968,0.214321,-1.66101,-0.769342,-2.1516,-7.24091,-17.7413,-32.3979,0.000723317,False
2020-07-17,132.748,3224.73,0.0730169,0.00226083,0,0.086264,0.000976606,0.117946,518.932,0,40,0,0.173859,0.182683,-1.16331,-0.542893,-2.05766,-7.41413,-18.3274,-33.0631,0.00171675,False
2020-07-20,132.931,3251.84,0.0665097,0.00206861,0,0.173257,0.00184389,0.171273,521.246,0,40,0,0.161865,0.169792,-1.75541,-0.818598,-2.89255,-9.00715,-20.0234,-34.5323,0.00137499,False
2020-07-21,132.998,3257.3,0.0719877,0.002229,0,0.0210302,0.00376444,0.191044,520.898,0,40,0,0.173632,0.182136,-1.86159,-0.865529,-2.82058,-8.77929,-19.6881,-34.1409,0.000505925,False
2020-07-22,133.157,3276.02,0.0694861,0.00215418,0,0.118612,0.00105432,0.217666,522.417,0,40,0,0.166781,0.175076,-2.28893,-1.06874,-3.45069,-9.6633,-20.4951,-34.813,0.00118999,False
2020-07-23,133.038,3235.66,0.082737,0.00253974,0,-0.295222,0.00199549,0.119642,516.07,0,40,0,0.198141,0.208197,-0.984763,-0.455217,-1.22718,-5.66848,-16.161,-30.9816,-0.00089365,False
2020-07-24,133.049,3215.63,0.0748295,0.00231187,0,-0.0871293,0.000676535,0.092778,514.286,0,40,0,0.180658,0.189827,-0.795733,-0.368583,-0.829053,-4.30305,-14.5212,-29.2968,8.70081e-05,False
2020-07-27,133.178,3239.41,0.0657819,0.00205248,0,0.10218,0.000933722,0.128438,518.896,0,40,0,0.161695,0.169614,-1.28349,-0.598172,-1.82151,-6.83495,-17.7966,-32.375,0.000971937,False
2020-07-28,133.157,3218.44,0.0739979,0.00228938,0,-0.111516,0.000882291,0.109532,517.09,0,40,0,0.176849,0.18551,-1.0017,-0.465422,-1.39948,-5.8285,-16.544,-31.2237,-0.000163565,False
2020-07-29,133.227,3258.44,0.0710102,0.00220228,0,0.184452,0.0022362,0.289848,523.181,0,40,0,0.168406,0.176781,-2.66924,-1.23302,-3.16729,-9.21144,-19.9406,-34.0777,0.000531013,False
2020-07-30,133.11,3246.22,0.0781554,0.0024058,0,-0.295974,0.002782,0.184601,520.439,0,40,0,0.187651,0.197175,-1.65377,-0.765749,-2.34129,-7.87136,-18.6762,-33.2204,-0.000883904,False
2020-07-31,133.14,3271.12,0.0659038,0.00205488,0,-0.0451941,0.00402023,0.168597,522.769,0,40,0,0.157735,0.165742,-1.88984,-0.886401,-3.24693,-9.50865,-20.5026,-34.9919,0.000230182,False
2020-08-03,133.386,3294.61,0.0617819,0.00193262,0,0.232514,0.00446022,0.210241,524.325,0,40,0,0.14942,0.156738,-2.51463,-1.18288,-3.97528,-10.4894,-21.3479,-35.6473,0.00184962,False
2020-08-04,133.532,3306.51,0.0612392,0.00192108,0,0.0727707,0.0018628,0.194465,524.028,0,40,0,0.149251,0.15656,-2.30035,-1.08164,-3.96744,-10.5307,-21.423,-35.7894,0.00109458,False
2020-08-05,133.712,3327.77,0.0607375,0.00190484,0,0.182643,0.00266596,0.253976,525.203,0,40,0,0.142775,0.149875,-3.18405,-1.50108,-4.46824,-11.0262,-21.6537,-35.6948,0.00134274,False
2020-08-06,133.754,3349.16,0.0612588,0.00191423,0.0158618,0.131248,0.00457073,0.381479,525.93,0,40,0,0.147246,0.154719,-4.36373,-2.04394,-4.49417,-10.8034,-21.0599,-34.597,0.00031903,False
2020-08-07,133.98,3351.28,0.0575407,0.00181571,0,-0.0565739,0.00271422,0.15217,524.514,0,40,0,0.136173,0.143085,-2.0782,-0.985491,-4.13449,-10.8373,-21.7872,-36.2495,0.00168776,False
2020-08-10,134.128,3360.47,0.0541491,0.00171917,0,0.0570998,0.00228196,0.111911,524.577,0,40,0,0.12961,0.135958,-1.56533,-0.7436,-4.13193,-11.04,-22.1261,-36.8477,0.00110096,False
2020-08-11,134.068,3333.69,0.0664883,0.00206799,0,-0.133363,0.00266294,0.100204,520.5,0,40,0,0.159494,0.167306,-1.02366,-0.478897,-2.03591,-7.85483,-19.0105,-33.6668,-0.000446576,False
2020-08-12,134.137,3380.35,0.057716,0.00181963,0,0.208943,0.002218,0.293947,526.623,0,40,0,0.138804,0.145707,-3.18321,-1.48613,-4.3185,-10.9863,-21.5581,-35.6195,0.000513755,False
2020-08-13,134.223,3373.43,0.0595776,0.00186832,0,-0.11258,0.00211455,0.150304,524.864,0,40,0,0.142681,0.149923,-1.79288,-0.844071,-3.62583,-10.2437,-21.268,-35.7956,0.000646041,False
2020-08-14,134.31,3372.85,0.0552067,0.00174867,0,-0.0254363,0.000765662,0.0907281,524.349,0,40,0,0.130734,0.137369,-1.19098,-0.564365,-3.33228,-10.0477,-21.2489,-36.0423,0.000646921,False
2020-08-17,134.406,3381.99,0.0517132,0.00165518,0,0.0455442,0.00103895,0.0890069,525.013,0,40,0,0.12106,0.126989,-1.23183,-0.584853,-3.6919,-10.6757,-21.8095,-36.7142,0.000716881,False
2020-08-18,134.473,3389.78,0.0521329,0.0016612,0,0.0454369,0.00107235,0.116867,525.424,0,40,0,0.124108,0.130186,-1.57554,-0.746694,-3.96711,-10.9943,-22.0022,-36.7556,0.000498308,False
2020-08-19,134.488,3374.85,0.0587797,0.00185121,0,-0.062557,0.00123385,0.09527,523.452,0,40,0,0.138353,0.145233,-1.14083,-0.537953,-2.94001,-9.55543,-20.7504,-35.481,0.000109575,False
2020-08-20,134.543,3385.51,0.058384,0.00183912,0,0.0261883,0.0011335,0.122389,524.989,0,40,0,0.136562,0.143493,-1.47976,-0.697629,-3.52224,-10.2946,-21.4073,-36.0609,0.000405098,False
2020-08-21,134.635,3397.16,0.0545005,0.00172813,0,0.0377604,0.00132109,0.119108,526.309,0,40,0,0.125878,0.132267,-1.59911,-0.757902,-4.05467,-11.0613,-22.0858,-36.8101,0.00068746,False
2020-08-24,134.775,3431.28,0.0524326,0.00167124,0.00101738,0.356248,0.00417946,0.380812,530.036,0,40,0,0.12343,0.129475,-4.79776,-2.2605,-5.28269,-11.8652,-21.8978,-35.4315,0.00104066,False
2020-08-25,135.128,3443.62,0.0516514,0.0016475,0.00573891,0.292603,0.00352112,0.361627,530.227,0,40,0,0.122584,0.128587,-4.80797,-2.2729,-5.17075,-11.6796,-21.7181,-35.2051,0.0026157,False
2020-08-26,134.9,3478.73,0.0617207,0.00192561,0.516231,1.10005,0.0119818,1.22087,532.454,0,40,0,0.143858,0.151012,-10.0399,-4.57349,-4.29048,-9.54078,-17.9085,-29.0551,-0.00168444,False
2020-08-27,135.233,3484.55,0.067037,0.00207845,0.360358,0.14342,0.00841879,0.727907,530.738,0,40,0,0.156667,0.164619,-6.5038,-2.98894,-4.02275,-9.67994,-19.1654,-31.7034,0.00246526,False
2020-08-28,135.653,3508.01,0.0604415,0.00188714,0.513231,0.704455,0.0096443,0.548034,532.028,0,40,0,0.141032,0.148397,-5.60921,-2.60671,-4.25554,-10.2504,-20.0803,-33.046,0.00310581,False
2020-08-31,135.919,3500.31,0.0618189,0.00192854,0.000568419,-0.188274,0.00391777,0.148416,529.848,0,40,0,0.146746,0.154044,-1.89442,-0.896311,-3.4777,-9.88783,-20.8702,-35.2905,0.00196641,False
2020-09-01,136.132,3526.65,0.0622141,0.00194137,0.0700438,0.280246,0.00254654,0.204174,532.679,0,40,0,0.143226,0.150349,-2.38339,-1.1208,-4.18902,-10.8585,-21.6985,-36.0134,0.001561,False
2020-09-02,135.402,3580.84,0.0692845,0.00214066,0.336341,0.759187,0.0155837,1.40783,537.398,0,40,0,0.161815,0.170028,-10.0617,-4.52287,-4.06905,-9.1817,-17.4958,-28.6317,-0.00535695,False
2020-09-03,134.946,3455.06,0.106757,0.00323779,0,-1.81567,0.00689925,0.145575,519.643,0,40,0,0.250194,0.26326,-0.927379,-0.423693,-0.552942,-3.13663,-11.7029,-26.2791,-0.00337363,False
2020-09-04,134.97,3426.96,0.103902,0.00315382,0,-0.0878553,0.00044272,0.133413,518.15,0,40,0,0.243735,0.256464,-0.83016,-0.378533,-0.423285,-2.23409,-9.53767,-23.9693,0.00018238,False
2020-09-08,134.815,3331.84,0.106136,0.00322247,0,-0.275483,0.000601092,0.1154,509.87,0,40,0,0.251517,0.263835,-0.674151,-0.305281,-0.298144,-1.21961,-4.99597,-16.5254,-0.00114956,False
2020-09-09,134.897,3398.96,0.0988814,0.00300841,0,0.257294,0.00176259,0.385096,524.14,0,40,0,0.232934,0.244518,-2.23646,-0.995856,-1.10404,-3.7216,-11.3733,-25.3532,0.000606075,False
2020-09-10,134.478,3339.19,0.108886,0.00330525,0,-0.750138,0.00430396,0.155042,519.568,0,40,0,0.256126,0.269126,-0.957185,-0.436028,-0.524135,-2.47453,-9.22629,-23.4011,-0.00310465,False
2020-09-11,134.609,3340.97,0.0941178,0.00287017,0,0.0159409,0.000630152,0.130522,522.561,0,40,0,0.222617,0.233916,-0.91539,-0.419841,-0.701425,-3.33075,-11.7169,-26.4763,0.000974725,False
2020-09-14,134.815,3383.54,0.0778626,0.00239388,0,0.182867,0.00100158,0.181828,528.893,0,40,0,0.186754,0.1959,-1.5602,-0.720605,-1.80467,-6.45416,-16.9817,-31.5878,0.00153057,False
2020-09-15,134.93,3401.2,0.0764532,0.00235249,0,0.0723413,0.00232726,0.211325,530.068,0,40,0,0.182098,0.191016,-1.91901,-0.88897,-2.43999,-7.78941,-18.5339,-32.9915,0.000850182,False
2020-09-16,134.91,3385.49,0.0785835,0.00241524,0,-0.176421,0.00318501,0.127206,527.088,0,40,0,0.186546,0.195823,-1.13458,-0.526944,-1.74525,-6.79721,-17.5806,-32.3634,-0.00014317,False
2020-09-17,134.809,3357.01,0.0870844,0.00266511,0,-0.18946,0.000980141,0.122452,522.765,0,40,0,0.206494,0.216974,-0.930425,-0.428476,-0.870587,-4.51657,-14.5794,-29.4639,-0.000750628,False
2020-09-18,134.749,3319.47,0.0830443,0.00254651,0,-0.163839,0.00129644,0.0979694,518.972,0,40,0,0.195518,0.205442,-0.75119,-0.34588,-0.603241,-2.94626,-11.8501,-26.666,-0.000446224,False
2020-09-21,134.697,3281.06,0.0887298,0.00271638,0,-0.126816,0.000559547,0.108664,516.974,0,40,0,0.210712,0.221032,-0.782079,-0.358766,-0.577793,-2.5927,-10.1488,-24.8348,-0.000386326,False
2020-09-22,134.808,3315.57,0.0832041,0.00255312,0,0.133929,0.00122991,0.210717,524.78,0,40,0,0.198183,0.207889,-1.63174,-0.747898,-1.49806,-5.31451,-15.2618,-29.7407,0.000826279,False
2020-09-23,134.706,3236.92,0.0975555,0.00297537,0,-0.290494,0.00132661,0.115886,516.754,0,40,0,0.229324,0.240729,-0.765143,-0.349569,-0.430519,-2.22164,-9.60202,-24.1975,-0.000759669,False
2020-09-24,134.68,3246.59,0.0965388,0.00294332,0,-0.0595292,0.0011374,0.174473,521.427,0,40,0,0.233981,0.245857,-1.15732,-0.528011,-0.807165,-3.45616,-12.1896,-26.9613,-0.000190479,False
2020-09-25,134.582,3298.46,0.0818439,0.00251214,0,-0.0182979,0.00524642,0.327997,529.376,0,40,0,0.200083,0.210239,-2.51713,-1.14935,-2.07323,-6.86435,-17.2261,-31.4681,-0.00072569,False
2020-09-28,134.845,3351.6,0.0798826,0.00245427,0.139708,0.926309,0.00524919,0.923664,535.12,0,40,0,0.188786,0.198032,-6.4689,-2.90629,-3.30963,-8.61627,-18.0557,-30.7093,0.00195503,False
2020-09-29,135.19,3335.47,0.0856547,0.00262225,0,-0.363338,0.0037582,0.295567,530.516,0,40,0,0.204786,0.214815,-2.64833,-1.22599,-2.664,-7.87841,-18.1146,-32.3918,0.00255131,False
2020-09-30,135.4,3363,0.0892339,0.00272681,0.0116341,0.21628,0.00217886,0.373915,531.606,0,40,0,0.209199,0.219602,-3.11605,-1.43408,-2.79611,-8.05859,-18.2295,-32.2818,0.00155801,False
2020-10-01,135.701,3380.8,0.0927332,0.00283167,0.0127772,0.185764,0.00602699,0.329512,531.799,0,40,0,0.213584,0.224425,-2.61367,-1.20062,-2.60007,-7.82449,-18.1039,-32.3296,0.00222499,False
2020-10-02,135.539,3348.42,0.0887431,0.00271333,0,-0.452208,0.00204072,0.123414,526.697,0,40,0,0.208339,0.218914,-0.951434,-0.438994,-1.01071,-4.89048,-14.9658,-29.8466,-0.0011947,False
2020-10-05,135.777,3408.6,0.0750028,0.00231019,0,0.362975,0.00160413,0.319926,534.479,0,40,0,0.18032,0.189151,-2.6547,-1.21833,-2.90221,-8.64941,-19.2909,-33.4672,0.00175264,False
2020-10-06,135.691,3360.97,0.0841567,0.00258021,0,-0.368058,0.00193349,0.117098,527.019,0,40,0,0.198013,0.207711,-0.941315,-0.434908,-1.01122,-4.83335,-15.0544,-29.8823,-0.000630356,False
2020-10-07,135.771,3419.44,0.0770483,0.00237096,0,0.284858,0.0027915,0.393681,534.541,0,40,0,0.179687,0.188623,-3.17993,-1.45477,-2.95579,-8.65033,-19.1435,-33.1012,0.000590757,False
2020-10-08,136.088,3446.83,0.0720217,0.00222411,0.0613521,0.40186,0.00254736,0.485291,536.185,0,40,0,0.16774,0.176253,-4.10766,-1.88326,-3.60581,-9.5324,-19.7895,-33.3876,0.00232853,False
2020-10-09,136.348,3477.14,0.0656071,0.00203932,0.156449,0.528825,0.00814842,0.652676,537.742,0,40,0,0.153268,0.161047,-5.50992,-2.52128,-3.97601,-9.89135,-19.7539,-32.7803,0.00191355,False
2020-10-12,136.308,3534.22,0.0639015,0.00198784,1.15119,2.33809,0.00927302,1.93207,541.685,0,40,0,0.150436,0.157804,-11.6799,-5.139,-3.82142,-8.65072,-16.4335,-26.8189,-0.000292361,False
2020-10-13,136.528,3511.93,0.0691897,0.00214046,0.318792,-1.15033,0.0091104,0.300613,534.913,0,40,0,0.164066,0.172101,-3.24183,-1.51617,-3.52789,-9.43748,-19.9016,-33.8413,0.00161601,False
2020-10-14,136.573,3488.67,0.0727364,0.00224103,0,-0.215459,0.00239397,0.108708,530.549,0,40,0,0.174001,0.182655,-1.04358,-0.487361,-1.93886,-7.19728,-18.036,-32.7702,0.000326287,False
2020-10-15,136.523,3483.34,0.0776643,0.00238672,0,-0.109667,0.00113512,0.123554,529.854,0,40,0,0.181726,0.19095,-1.0677,-0.495156,-1.46896,-6.16201,-16.9089,-31.5989,-0.000368813,False
2020-10-16,136.559,3483.81,0.0754168,0.00232315,0,-0.0370776,0.00133544,0.122219,530.869,0,40,0,0.175704,0.184622,-1.10308,-0.512729,-1.55177,-6.32071,-17.2082,-31.84,0.000263802,False
2020-10-19,136.408,3426.92,0.0770962,0.00236936,0,-0.256177,0.00163925,0.0894556,525.45,0,40,0,0.187939,0.197143,-0.720797,-0.333269,-0.638771,-3.33055,-12.8797,-27.6805,-0.00110082,False
2020-10-20,136.454,3443.12,0.082286,0.00252218,0,0.0380984,0.000694737,0.161166,529.875,0,40,0,0.191749,0.20114,-1.29146,-0.595018,-1.31241,-5.23391,-15.5715,-30.178,0.000333244,False
2020-10-21,136.515,3435.56,0.0832667,0.00255144,0,-0.0391943,0.00127124,0.140007,530.314,0,40,0,0.194307,0.203971,-1.1469,-0.530281,-1.35178,-5.41147,-15.811,-30.4911,0.000450032,False
2020-10-22,136.615,3453.49,0.0839397,0.00257065,0,0.0759063,0.00130026,0.196446,533.793,0,40,0,0.194741,0.204625,-1.61987,-0.747674,-2.03078,-7.06491,-17.766,-32.2978,0.000729121,False
2020-10-23,136.802,3465.39,0.0760997,0.00234192,0,0.0718775,0.00107532,0.153508,535.357,0,40,0,0.176384,0.185337,-1.44489,-0.672781,-2.36171,-8.01828,-18.9741,-33.59,0.00137246,False
2020-10-26,136.558,3400.97,0.11863,0.00359146,0,-0.317725,0.00126374,0.194072,526.957,0,40,0,0.279708,0.293406,-1.11855,-0.508964,-0.543724,-3.05975,-11.5088,-26.1258,-0.00178736,False
2020-10-27,136.633,3390.68,0.123062,0.003722,0,-0.0383479,0.000734262,0.199167,527.612,0,40,0,0.289782,0.303974,-1.10147,-0.499873,-0.463437,-2.5891,-10.3998,-24.8857,0.000550413,False
2020-10-28,136.423,3271.03,0.164958,0.00496914,0,-0.355847,0.000783085,0.212135,515.568,0,40,0,0.393669,0.413247,-0.904776,-0.399642,-0.050825,-0.489038,-2.88513,-12.5817,-0.0015341,False
2020-10-29,136.585,3310.11,0.158258,0.00476968,0,0.108355,0.00106962,0.311474,526.805,0,40,0,0.374427,0.393432,-1.34635,-0.597663,-0.258117,-1.31469,-5.66968,-17.7571,0.00118333,False
2020-10-30,136.642,3269.96,0.158334,0.00477285,0,-0.181739,0.000998787,0.224454,525.703,0,40,0,0.373359,0.392309,-1.00055,-0.445641,-0.107407,-0.848122,-4.33486,-15.2336,0.000423492,False
2020-11-02,136.929,3310.24,0.135262,0.00408601,0,0.164077,0.00100153,0.232107,534.703,0,40,0,0.321528,0.337275,-1.16641,-0.525406,-0.387233,-1.95558,-7.92879,-21.3951,0.00209744,False
2020-11-03,137.154,3369.16,0.129726,0.00392099,0,0.315912,0.00129,0.447814,542.704,0,40,0,0.30502,0.319959,-2.25847,-1.00552,-1.05619,-4.02544,-12.3019,-26.507,0.00164114,False
2020-11-04,137.408,3443.44,0.106047,0.00322028,0.10162,0.620785,0.010541,0.804809,549.133,0,40,0,0.247374,0.259677,-4.6456,-2.06087,-2.34966,-6.82895,-16.096,-29.6607,0.00185526,False
2020-11-05,137.623,3510.45,0.0994485,0.00302211,0.783268,1.98136,0.0109867,1.87338,552.186,0,40,0,0.230096,0.241774,-8.86677,-3.78887,-2.7323,-6.983,-15.2164,-26.8997,0.00156443,False
2020-11-06,138.427,3509.44,0.0835472,0.00255803,0.441522,-0.212834,0.00721324,0.489374,545.881,0,40,0,0.196004,0.205952,-3.71633,-1.69114,-2.54034,-7.40406,-17.2668,-31.122,0.00583785,False
2020-11-09,137.318,3550.5,0.0815804,0.00249921,0.587927,-0.590957,0.0133771,0.485307,545.463,0,40,0,0.193781,0.203271,-3.99033,-1.82979,-3.07464,-8.47965,-18.6805,-32.4676,-0.00801228,False
2020-11-10,137.448,3545.53,0.0790792,0.00242653,0.0105059,-0.265457,0.00231543,0.153359,540.282,0,40,0,0.182183,0.191105,-1.4445,-0.673157,-2.27568,-7.71537,-18.5785,-33.3023,0.000949057,False
2020-11-11,137.634,3572.66,0.0731266,0.00225297,0,0.158727,0.00180543,0.194706,541.263,0,40,0,0.168857,0.177255,-1.91798,-0.894371,-2.98335,-8.994,-19.9312,-34.4304,0.0013565,False
2020-11-12,137.632,3537.01,0.0839435,0.00256898,0,-0.150016,0.00134982,0.126952,535.043,0,40,0,0.195907,0.20585,-1.0218,-0.472516,-1.27579,-5.74046,-16.2837,-31.0964,-1.62573e-05,False
2020-11-13,137.828,3585.15,0.0738587,0.00227421,0,0.248494,0.00085261,0.25055,540.561,0,40,0,0.170362,0.179009,-2.2569,-1.04457,-2.89175,-8.8465,-19.6795,-33.9579,0.00142138,False
2020-11-16,138.133,3626.91,0.0633544,0.00197001,0.0556137,0.487367,0.00289271,0.435012,544.555,0,40,0,0.148822,0.156223,-4.29481,-1.99484,-4.3198,-10.6352,-20.8958,-34.5026,0.00221859,False
2020-11-17,138.201,3609.53,0.0635585,0.00197326,0,-0.300553,0.00342869,0.124744,540.62,0,40,0,0.147919,0.155275,-1.47537,-0.696179,-3.17864,-9.5254,-20.622,-35.2715,0.00049135,False
2020-11-18,138.169,3567.79,0.0709149,0.00218789,0,-0.136468,0.00150806,0.0880475,534.884,0,40,0,0.165214,0.1736,-0.807258,-0.376044,-1.21866,-5.86523,-16.6973,-31.4464,-0.000235547,False
2020-11-19,138.173,3581.87,0.0728342,0.00224579,0,-0.00905427,0.00125081,0.143769,537.156,0,40,0,0.166443,0.175135,-1.31651,-0.611791,-1.81006,-6.96788,-17.9446,-32.4722,3.30146e-05,False
2020-11-20,138.193,3557.54,0.0741773,0.00228302,0,-0.0904128,0.0009983,0.104274,535.313,0,40,0,0.170996,0.179926,-0.936568,-0.435792,-1.31611,-5.71134,-16.4953,-31.1533,0.000144592,False
2020-11-23,138.307,3577.59,0.064585,0.00201259,0,0.0583413,0.000826776,0.110806,539.522,0,40,0,0.147919,0.155275,-1.18004,-0.553646,-2.32813,-8.26051,-19.4349,-34.1201,0.000821706,False
2020-11-24,138.376,3635.41,0.0621133,0.00193489,0.0446413,0.60205,0.00280973,0.656275,546.406,0,40,0,0.141782,0.148833,-5.72641,-2.63158,-4.48259,-10.6665,-20.4428,-33.4838,0.000501119,False
2020-11-25,138.662,3629.65,0.0618406,0.00192613,0,-0.151159,0.00253994,0.277148,543.801,0,40,0,0.139573,0.146657,-3.11776,-1.46257,-4.02933,-10.4826,-21.0873,-35.1169,0.00206208,False
2020-11-27,138.863,3638.35,0.0612793,0.00191046,0,0.0839697,0.00267575,0.216834,543.505,0,40,0,0.141321,0.148494,-2.65723,-1.25417,-3.95424,-10.439,-21.2178,-35.396,0.0014494,False
2020-11-30,138.943,3621.63,0.0612893,0.00191026,0,-0.107146,0.00158001,0.0866246,540.277,0,40,0,0.141124,0.148035,-0.995623,-0.469423,-2.58231,-8.8715,-20.1049,-34.8552,0.000582319,False
2020-12-01,138.993,3662.45,0.0599113,0.00186929,0,0.211228,0.00255387,0.303367,545.058,0,40,0,0.140362,0.147236,-3.09711,-1.44365,-4.20398,-10.8517,-21.4362,-35.5106,0.000359675,False
2020-12-02,139.04,3669.01,0.0624717,0.001947,0,-0.065796,0.00262056,0.249088,545.018,0,40,0,0.142504,0.149591,-2.72119,-1.27497,-4.14797,-10.765,-21.4988,-35.6933,0.000333737,False
2020-12-03,139.164,3666.72,0.066397,0.00205598,0,-0.0216956,0.00234099,0.165139,543.86,0,40,0,0.14948,0.157067,-1.89303,-0.891247,-3.55509,-10.0151,-21.015,-35.4542,0.000893653,False
2020-12-04,139.431,3699.12,0.0566526,0.00177458,0.00737658,0.298976,0.00185333,0.24312,546.927,0,40,0,0.130637,0.137267,-3.10148,-1.46668,-4.58839,-11.3114,-21.9158,-36.0403,0.00191603,False
2020-12-07,139.571,3691.96,0.0571103,0.00179091,0,-0.0574215,0.00145309,0.0994462,544.82,0,40,0,0.12978,0.136136,-1.27469,-0.604257,-3.71118,-10.6058,-21.7591,-36.5612,0.00100494,False
2020-12-08,139.61,3702.25,0.0552576,0.00173761,0,0.00121426,0.00112655,0.113358,545.658,0,40,0,0.126478,0.132672,-1.46742,-0.695615,-4.02134,-11.0073,-22.092,-36.8677,0.000284417,False
2020-12-09,139.598,3672.82,0.0655202,0.00203198,0,-0.0925282,0.00125078,0.0950698,541.823,0,40,0,0.149634,0.157075,-0.986151,-0.462604,-2.12013,-8.14162,-19.3497,-34.0271,-8.5974e-05,False
2020-12-10,139.602,3668.1,0.0686795,0.00212188,0,-0.0482331,0.000926395,0.108848,542.064,0,40,0,0.15453,0.162374,-1.08559,-0.508061,-2.02713,-7.8257,-19.0081,-33.6275,2.5933e-05,False
2020-12-11,139.636,3663.46,0.0672997,0.00208188,0,-0.0333288,0.00091187,0.105984,542.603,0,40,0,0.153462,0.161251,-1.07156,-0.501877,-2.00612,-7.75621,-18.9514,-33.5798,0.000242411,False
2020-12-14,139.629,3647.49,0.0673024,0.00208424,0,-0.0843038,0.00104455,0.0926119,541.847,0,40,0,0.155939,0.163576,-0.913886,-0.427593,-1.62749,-6.95321,-18.1117,-32.7953,-4.83999e-05,False
2020-12-15,139.79,3694.62,0.0599658,0.00187435,0,0.272389,0.0017028,0.260924,548.509,0,40,0,0.13754,0.144381,-2.73123,-1.27603,-3.91961,-10.5947,-21.3055,-35.5512,0.00114923,False
2020-12-16,139.952,3701.17,0.0602804,0.00188294,0,0.0525649,0.00205066,0.207415,548.482,0,40,0,0.136562,0.143493,-2.39868,-1.12862,-4.08935,-10.8178,-21.6469,-36.0044,0.0011619,False
2020-12-17,140.145,3722.48,0.0593008,0.00185036,0.00379753,0.23115,0.00141355,0.297726,550.039,0,40,0,0.135314,0.142381,-3.54152,-1.66802,-4.60393,-11.1905,-21.6806,-35.5969,0.0013796,False
2020-12-18,140.227,3709.41,0.0573694,0.0018007,0,-0.176268,0.00247505,0.093129,547.056,0,40,0,0.128432,0.135139,-1.21863,-0.578611,-3.50765,-10.2755,-21.4581,-36.2511,0.000580991,False
2020-12-21,140.127,3694.92,0.070537,0.00217635,0,-0.139581,0.00142748,0.120399,544.787,0,40,0,0.159471,0.167402,-1.17355,-0.548588,-2.29974,-8.28913,-19.4137,-34.041,-0.000712545,False
2020-12-22,140.19,3687.26,0.0701963,0.00216488,0,-0.0170537,0.000476691,0.107617,544.489,0,40,0,0.157735,0.165742,-1.04815,-0.490094,-1.93356,-7.61231,-18.761,-33.4085,0.000451615,False
2020-12-23,140.263,3690.01,0.0664631,0.00205736,0,0.00895645,0.000777838,0.106709,545.785,0,40,0,0.149185,0.156975,-1.09862,-0.515189,-2.18696,-8.1114,-19.3165,-33.9725,0.000524235,False
2020-12-24,140.352,3703.06,0.0644973,0.00200147,0,0.0502002,0.00055059,0.130039,548.093,0,40,0,0.142488,0.150252,-1.41653,-0.665694,-2.91518,-9.34684,-20.4879,-35.1164,0.000633205,False
2020-12-28,140.477,3735.36,0.0633812,0.001967,0,0.217832,0.0015487,0.282758,551.746,0,40,0,0.142324,0.149402,-3.04105,-1.42415,-4.30273,-10.9502,-21.5786,-35.6913,0.000890468,False
2020-12-29,140.563,3727.04,0.0700466,0.00215961,0,-0.0840877,0.00409579,0.176422,549.574,0,40,0,0.156944,0.164749,-1.86663,-0.875419,-3.46861,-9.86023,-20.8212,-35.2818,0.000612479,False
2020-12-30,140.693,3732.04,0.0708507,0.00218287,0,0.0453784,0.00134047,0.159621,549.42,0,40,0,0.160843,0.169007,-1.64204,-0.769321,-3.17035,-9.40719,-20.4364,-34.9337,0.000921344,False
2020-12-31,140.835,3756.07,0.0726319,0.0022342,0,0.176164,0.00148489,0.262501,551.558,0,40,0,0.165067,0.173687,-2.54842,-1.18761,-3.51921,-9.76034,-20.5058,-34.6606,0.00101068,False
2021-01-04,140.595,3700.65,0.0802899,0.00245948,0,-0.476621,0.00311425,0.100914,544.352,0,40,0,0.182775,0.191726,-0.836038,-0.387782,-1.03323,-5.34134,-15.972,-30.7498,-0.00170638,False
2021-01-05,140.644,3726.86,0.0736295,0.002263,0,0.0296562,0.00115994,0.1517,548.566,0,40,0,0.168468,0.176719,-1.37234,-0.637929,-1.98066,-7.40013,-18.385,-32.9644,0.000349067,False
2021-01-06,140.581,3748.14,0.0759051,0.00232725,0,-0.0277521,0.0019833,0.25868,550.908,0,40,0,0.17725,0.186065,-2.21736,-1.02457,-2.65001,-8.38549,-19.1979,-33.4789,-0.000448919,False
2021-01-07,140.89,3803.79,0.0621547,0.0019293,0.0817394,0.709027,0.00701496,0.629897,556.661,0,40,0,0.142001,0.149208,-5.96236,-2.76218,-4.33546,-10.415,-20.1483,-33.0967,0.00220003,False
2021-01-08,140.986,3824.68,0.0653149,0.00202024,0.221037,0.359967,0.00497751,0.73095,556.486,0,40,0,0.147808,0.155527,-6.60234,-3.04717,-4.23597,-10.0663,-19.6083,-32.2183,0.000682763,False
2021-01-11,141.042,3799.61,0.0676349,0.00208681,0,-0.609381,0.00414187,0.126688,550.683,0,40,0,0.158117,0.165981,-1.43548,-0.677094,-2.97043,-9.07885,-20.1406,-34.7545,0.00039924,False
2021-01-12,141.108,3801.19,0.067609,0.00208968,0,-0.0192564,0.00120237,0.106217,549.776,0,40,0,0.152161,0.159728,-1.09198,-0.512282,-2.44245,-8.51331,-19.6909,-34.3971,0.000464625,False
2021-01-13,141.161,3809.84,0.0658445,0.00203789,0,0.00531209,0.00119027,0.120769,550.505,0,40,0,0.147148,0.154617,-1.26688,-0.594432,-2.60839,-8.85063,-20.0311,-34.6786,0.000378265,False
2021-01-14,141.156,3795.54,0.077139,0.00236463,0,-0.0591338,0.00106978,0.141052,549.153,0,40,0,0.17269,0.181708,-1.2595,-0.585781,-1.99186,-7.46183,-18.4792,-33.0608,-4.04662e-05,False
2021-01-15,141.191,3768.25,0.0771575,0.00236673,0,-0.078367,0.000838992,0.101132,546.896,0,40,0,0.169937,0.178812,-0.878698,-0.408696,-1.19974,-5.76845,-16.6282,-31.3216,0.000251531,False
2021-01-19,141.345,3798.91,0.0660451,0.0020434,0,0.124895,0.000524411,0.135353,551.671,0,40,0,0.14832,0.155583,-1.39308,-0.652463,-2.47531,-8.5652,-19.7007,-34.3047,0.0010918,False
2021-01-20,141.446,3851.85,0.0596962,0.0018613,0.0495349,0.473522,0.00306693,0.512812,557.672,0,40,0,0.133569,0.140212,-4.90533,-2.27536,-4.51628,-10.9366,-20.9671,-34.393,0.000716659,False
2021-01-21,141.74,3853.07,0.0591805,0.00184456,0.00230069,0.0243093,0.00194773,0.296218,556.309,0,40,0,0.133939,0.140737,-3.44998,-1.62372,-4.36829,-10.9186,-21.43,-35.3787,0.00207846,False
2021-01-22,141.794,3841.47,0.0558994,0.00175251,0,-0.199507,0.002107,0.0949647,553.449,0,40,0,0.127432,0.1339,-1.27488,-0.606439,-3.58346,-10.3184,-21.4922,-36.2724,0.000379471,False
2021-01-25,141.746,3855.36,0.059296,0.00184696,0,-0.0612492,0.00283692,0.136926,553.92,0,40,0,0.133843,0.140398,-1.63461,-0.771824,-3.75401,-10.5682,-21.6317,-36.2831,-0.000342742,False
2021-01-26,141.809,3849.62,0.0624657,0.0019406,0,-0.015045,0.0011593,0.118204,552.739,0,40,0,0.142394,0.149367,-1.32268,-0.623051,-3.05576,-9.65556,-20.798,-35.4711,0.000444762,False
2021-01-27,141.661,3750.77,0.1153,0.00348728,0,-0.207411,0.00136887,0.168997,542.258,0,40,0,0.260731,0.273698,-0.978286,-0.445793,-0.473986,-2.79249,-11.3016,-25.9714,-0.00104197,False
2021-01-28,141.818,3787.38,0.0983533,0.00298789,0,0.0752456,0.000738539,0.182104,549.863,0,40,0,0.220189,0.231365,-1.25536,-0.575837,-1.10383,-4.91907,-14.9939,-29.7248,0.00110662,False
2021-01-29,141.747,3714.24,0.116179,0.00351401,0,-0.211073,0.000999846,0.152953,543.648,0,40,0,0.264576,0.278005,-0.858412,-0.390537,-0.346397,-1.94317,-8.98724,-23.4789,-0.000495401,False
2021-02-01,141.986,3773.86,0.084907,0.00259157,0,0.164785,0.000934077,0.160123,554.566,0,40,0,0.193865,0.20336,-1.26617,-0.58473,-1.32045,-5.32302,-15.6269,-30.3384,0.00168607,False
2021-02-02,142.214,3826.31,0.0678894,0.00209434,0.0192656,0.29502,0.00371943,0.270312,561.18,0,40,0,0.155346,0.162954,-2.62882,-1.22441,-3.05742,-9.074,-19.8291,-34.0974,0.00160325,False
2021-02-03,142.343,3830.17,0.0627223,0.00194967,0,-0.0582148,0.00268975,0.141571,559.718,0,40,0,0.142233,0.149307,-1.68121,-0.794345,-3.38783,-9.80957,-20.899,-35.5589,0.000904336,False
2021-02-04,142.539,3871.74,0.0585721,0.00182535,0.0406033,0.413402,0.0019538,0.373319,562.437,0,40,0,0.131511,0.138186,-4.37051,-2.05773,-4.80354,-11.308,-21.5643,-35.2486,0.00137585,False
2021-02-05,142.837,3886.83,0.0571715,0.00178641,0.03335,0.219361,0.00497253,0.310979,561.029,0,40,0,0.127903,0.134582,-3.79149,-1.7899,-4.82142,-11.4661,-21.8476,-35.7226,0.00209602,False
2021-02-08,143.156,3915.59,0.0529006,0.00166672,0.133777,0.524694,0.00323296,0.431387,562.387,0,40,0,0.119851,0.125812,-5.29555,-2.49973,-5.19702,-11.6478,-21.537,-34.8576,0.00222988,False
2021-02-09,143.349,3911.23,0.0578255,0.00180901,0.00213322,-0.112767,0.00251288,0.176778,560.197,0,40,0,0.128154,0.134528,-2.42653,-1.15438,-4.57444,-11.406,-22.1953,-36.5585,0.00134967,False
2021-02-10,143.319,3909.88,0.0654002,0.0020221,0,-0.122315,0.00293476,0.144845,559.091,0,40,0,0.14404,0.151351,-1.63234,-0.769512,-3.733,-10.4031,-21.4835,-36.0284,-0.000208851,False
2021-02-11,143.372,3916.38,0.0651384,0.00201392,0,-0.0172723,0.00220137,0.135794,559.547,0,40,0,0.14262,0.150068,-1.50512,-0.708962,-3.51308,-10.164,-21.2943,-35.894,0.000367721,False
2021-02-12,143.516,3934.83,0.0562229,0.00175723,0,0.0744366,0.000772913,0.119734,561.47,0,40,0,0.122821,0.129235,-1.56127,-0.741452,-4.17469,-11.2111,-22.2514,-37.0156,0.0010057,False
2021-02-16,143.578,3932.59,0.0588621,0.00183425,0,-0.00910082,0.00103206,0.104729,560.743,0,40,0,0.129187,0.135514,-1.28698,-0.60956,-3.71166,-10.6444,-21.8004,-36.6093,0.000431317,False
2021-02-17,143.593,3931.33,0.0589737,0.00183959,0,-0.0454266,0.000972859,0.10035,560.193,0,40,0,0.129779,0.136233,-1.19974,-0.567391,-3.39858,-10.2581,-21.4399,-36.2505,0.000105262,False
2021-02-18,143.578,3913.97,0.0652554,0.00201865,0,-0.0758046,0.000954985,0.101584,558.087,0,40,0,0.145109,0.152474,-1.06041,-0.498284,-2.39071,-8.65732,-19.8829,-34.5642,-0.000102772,False
2021-02-19,143.628,3906.71,0.0594078,0.00185252,0,-0.0274832,0.000811386,0.0808882,557.953,0,40,0,0.131899,0.138594,-0.911407,-0.429958,-2.22446,-8.48687,-19.7386,-34.5333,0.000347942,False
2021-02-22,143.599,3876.5,0.0653146,0.00202243,0,-0.0896429,0.000898486,0.0830353,555.647,0,40,0,0.145695,0.152831,-0.836348,-0.392131,-1.49308,-6.69792,-17.8765,-32.5548,-0.00020467,False
2021-02-23,143.473,3881.37,0.0666216,0.00205877,0,-0.157045,0.00184321,0.114251,557.84,0,40,0,0.147642,0.154873,-1.16376,-0.545556,-2.11391,-7.85942,-19.0505,-33.6706,-0.000874252,False
2021-02-24,143.578,3925.43,0.0596726,0.00185896,0,0.234134,0.00297924,0.298825,563.709,0,40,0,0.132306,0.138886,-3.21642,-1.50753,-4.21742,-10.9326,-21.4701,-35.557,0.000727631,False
2021-02-25,143.207,3829.34,0.108888,0.00329659,0,-0.591145,0.00264652,0.180818,552.168,0,40,0,0.245733,0.258206,-1.12828,-0.516466,-0.798771,-4.06893,-13.5724,-28.3116,-0.00257835,False
2021-02-26,143.238,3811.15,0.104709,0.00317489,0,-0.1096,0.000850009,0.141444,552.291,0,40,0,0.229901,0.24157,-0.903669,-0.413927,-0.598739,-3.32694,-12.4782,-27.3219,0.000212689,False
2021-03-01,143.628,3901.82,0.0663211,0.00205043,0,0.457882,0.00168975,0.271803,564.695,0,40,0,0.147558,0.154784,-2.51909,-1.16918,-2.99757,-9.17905,-19.9826,-34.256,0.00272346,False
2021-03-02,143.679,3870.29,0.0740847,0.00227683,0,-0.169835,0.00166096,0.120831,560.663,0,40,0,0.166013,0.174143,-1.13211,-0.528848,-1.87679,-7.15365,-18.1545,-32.8553,0.000357068,False
2021-03-03,143.649,3819.72,0.0900656,0.00274339,0,-0.117165,0.000987701,0.120722,555.466,0,40,0,0.202881,0.212971,-0.873957,-0.402839,-0.806972,-4.19159,-14.1182,-28.9607,-0.000213823,False
2021-03-04,143.568,3768.47,0.109983,0.00333132,0,-0.156802,0.000902502,0.150112,550.891,0,40,0,0.24515,0.257593,-0.888611,-0.405336,-0.467626,-2.41715,-10.2936,-25.0404,-0.000560003,False
2021-03-05,143.452,3841.94,0.084242,0.0025733,0,-0.07469,0.00337165,0.269425,561.98,0,40,0,0.188039,0.197583,-2.04434,-0.937691,-1.88806,-6.65525,-17.2805,-31.6154,-0.000805933,False
2021-03-08,143.467,3821.35,0.0891469,0.00271725,0,-0.190004,0.00152835,0.149478,560.158,0,40,0,0.197675,0.207356,-1.17691,-0.544457,-1.43333,-5.87019,-16.4347,-31.1968,0.000103484,False
2021-03-09,143.643,3875.44,0.0789711,0.00241699,0,0.28847,0.00209823,0.336208,566.513,0,40,0,0.177018,0.185688,-2.87963,-1.33109,-3.20569,-9.12036,-19.7629,-33.89,0.00122812,False
2021-03-10,143.977,3898.81,0.0732049,0.00224977,0.00286096,0.233612,0.00206151,0.302451,566.807,0,40,0,0.161818,0.169865,-2.92335,-1.36238,-3.68902,-9.87445,-20.5411,-34.6626,0.00232104,False
2021-03-11,144.08,3939.34,0.0703281,0.00216522,0.107411,0.463576,0.00370272,0.619879,568.685,0,40,0,0.155793,0.1637,-5.509,-2.54549,-4.1735,-10.1203,-20.0172,-33.0759,0.000716759,False
2021-03-12,144.322,3943.34,0.0616545,0.00191457,0.0438374,-0.173532,0.00522617,0.215354,566.466,0,40,0,0.13559,0.142472,-2.63224,-1.24466,-4.05616,-10.5899,-21.39,-35.6579,0.00167733,False
2021-03-15,144.493,3968.94,0.0540958,0.00170011,0.106455,0.178959,0.00438236,0.16482,567.236,0,40,0,0.120637,0.126545,-2.34449,-1.11754,-4.82455,-11.779,-22.6064,-37.1469,0.00118521,False
2021-03-16,144.52,3962.71,0.055752,0.00174906,0,-0.0901711,0.00168188,0.100175,564.744,0,40,0,0.124616,0.130719,-1.29667,-0.615951,-3.89135,-10.8687,-22.0094,-36.8602,0.000185439,False
2021-03-17,144.472,3974.12,0.0554128,0.0017388,0,-0.0793506,0.00255784,0.119054,565.084,0,40,0,0.122378,0.128465,-1.53251,-0.727327,-4.19669,-11.2726,-22.3136,-37.1091,-0.000326002,False
2021-03-18,144.358,3915.46,0.0710299,0.00218746,0,-0.211679,0.00167139,0.0890975,558.022,0,40,0,0.155501,0.163394,-0.829736,-0.387737,-1.35316,-6.5161,-17.6246,-32.2954,-0.00079289,False
2021-03-19,144.412,3913.1,0.0608158,0.00189231,0,-0.0128011,0.000536387,0.0807612,559.366,0,40,0,0.135882,0.142779,-0.867247,-0.408146,-1.6985,-7.15553,-18.3713,-33.081,0.000373532,False
2021-03-22,144.38,3940.59,0.0511323,0.00161709,0,-0.0540764,0.00233407,0.105476,563.884,0,40,0,0.113441,0.118997,-1.42362,-0.677026,-3.4295,-10.306,-21.307,-36.1873,-0.000218889,False
2021-03-23,144.35,3910.52,0.0623166,0.0019363,0,-0.103631,0.00123859,0.0907754,560.986,0,40,0,0.137721,0.14457,-0.993854,-0.468187,-2.34645,-8.46599,-19.6867,-34.4418,-0.000206322,False
2021-03-24,144.314,3889.14,0.0674371,0.00208133,0,-0.0969098,0.00131809,0.0945266,559.66,0,40,0,0.149771,0.157373,-0.933853,-0.437599,-1.7965,-7.44243,-18.6433,-33.3208,-0.000253712,False
2021-03-25,144.35,3909.52,0.0655986,0.0020289,0,0.0226493,0.00146174,0.142668,562.863,0,40,0,0.142832,0.150291,-1.4944,-0.701407,-2.87586,-9.32249,-20.438,-35.0173,0.000253727,False
2021-03-26,144.434,3974.54,0.0580639,0.00181636,0.100797,0.814842,0.00556101,0.823749,570.223,0,40,0,0.125362,0.131908,-7.3285,-3.38285,-4.917,-10.9821,-20.1927,-32.6469,0.000579497,False
2021-03-29,144.671,3971.09,0.0594027,0.00184654,0.0204757,-0.222457,0.00467019,0.396572,568.073,0,40,0,0.132035,0.138602,-4.42608,-2.07914,-4.62099,-11.0187,-21.229,-34.7909,0.00164179,False
2021-03-30,144.797,3958.55,0.0589986,0.00183929,0,-0.216826,0.00275445,0.107979,565.02,0,40,0,0.12662,0.132917,-1.46771,-0.698992,-3.78865,-10.5125,-21.6338,-36.3369,0.000872132,False
2021-03-31,144.899,3972.89,0.056176,0.00175633,0,0.0642709,0.00121995,0.123817,565.659,0,40,0,0.123061,0.129307,-1.58254,-0.750895,-3.92427,-10.8371,-21.8813,-36.5992,0.000701898,False
2021-04-01,145.038,4019.87,0.0520324,0.00164177,0.117705,0.563324,0.00408487,0.476551,570.285,0,40,0,0.112656,0.118539,-5.26067,-2.46855,-5.33406,-11.9175,-21.745,-35.1278,0.000960604,False
2021-04-05,144.645,4077.91,0.048845,0.00154515,0.780139,2.13432,0.0124229,2.25849,574.617,0,40,0,0.108107,0.113402,-15.1853,-6.8148,-4.16327,-8.56499,-15.2472,-24.3697,-0.00270882,False
2021-04-06,145.034,4073.94,0.0507459,0.00160493,0.592215,-0.285614,0.00652553,1.03431,570.655,0,40,0,0.110054,0.115444,-8.99509,-4.14326,-4.52917,-10.2066,-18.8917,-30.6411,0.00268912,False
2021-04-07,145.312,4079.95,0.0493404,0.00156125,0.56928,0.185504,0.00459779,0.415937,568.708,0,40,0,0.107578,0.112928,-4.75734,-2.23742,-4.89213,-11.4874,-21.483,-35.0226,0.00191526,False
2021-04-08,145.448,4097.17,0.0506466,0.00159671,0.402991,0.311134,0.00433867,0.23332,568.838,0,40,0,0.109851,0.115427,-3.30611,-1.57478,-5.31443,-12.2764,-22.6945,-36.8512,0.00093228,False
2021-04-09,145.526,4128.8,0.0474671,0.00150574,0.262535,0.455308,0.0051767,0.387948,571.253,0,40,0,0.102373,0.107569,-5.3453,-2.54139,-5.91432,-12.5101,-22.336,-35.7349,0.000542663,False
2021-04-12,145.715,4127.99,0.0450724,0.00144332,0,-0.085074,0.00256893,0.155799,570.137,0,40,0,0.100827,0.105765,-2.68322,-1.28978,-5.78355,-12.897,-23.5417,-38.0175,0.00129279,False
2021-04-13,145.731,4141.59,0.0460164,0.001466,0,-0.0227616,0.00431612,0.157083,570.561,0,40,0,0.0994723,0.104344,-2.71744,-1.30639,-5.8787,-13.0357,-23.6576,-38.1368,0.000111098,False
2021-04-14,145.744,4124.66,0.0489197,0.00154827,0,-0.111232,0.00182774,0.0777085,567.66,0,40,0,0.109202,0.114633,-1.11351,-0.531805,-4.33227,-11.6124,-22.6982,-37.6925,9.39164e-05,False
2021-04-15,145.72,4170.42,0.0500496,0.00158108,0.00069564,0.273329,0.00325699,0.42003,572.321,0,40,0,0.107909,0.113386,-5.11661,-2.41643,-5.78682,-12.4281,-22.3061,-35.7753,-0.00016794,False
2021-04-16,146.075,4185.47,0.0448879,0.0014379,0.0515879,0.304959,0.00289746,0.358938,572.842,0,40,0,0.0960593,0.100935,-5.04666,-2.40222,-5.93714,-12.5855,-22.515,-36.0435,0.00243629,False
2021-04-19,146.149,4163.26,0.0495424,0.00156218,0,-0.232692,0.00252891,0.0972978,569.356,0,40,0,0.111578,0.117043,-1.4725,-0.704753,-4.59455,-11.7419,-22.7472,-37.585,0.000509325,False
2021-04-20,146.114,4134.94,0.0583675,0.00181682,0,-0.110822,0.00113651,0.0776498,566.216,0,40,0,0.127409,0.133649,-0.899839,-0.425542,-2.6376,-9.23606,-20.4571,-35.2745,-0.000244681,False
2021-04-21,146.164,4173.42,0.05162,0.0016234,0,0.104595,0.00164276,0.180546,571.172,0,40,0,0.112271,0.117854,-2.2741,-1.07721,-4.53938,-11.6654,-22.3913,-36.9468,0.000342561,False
2021-04-22,146.127,4134.98,0.0625502,0.0019338,0,-0.177843,0.00233159,0.0972479,567.27,0,40,0,0.139087,0.146146,-1.05853,-0.498945,-2.53273,-8.94601,-20.1478,-34.8559,-0.000248083,False
2021-04-23,146.32,4180.17,0.0486929,0.00154057,0,0.212097,0.00205019,0.161438,573.252,0,40,0,0.106063,0.111447,-2.30395,-1.09859,-5.10454,-12.2801,-23.0229,-37.6418,0.00132082,False
2021-04-26,146.449,4187.62,0.0468549,0.00148912,0,0.0468032,0.000962384,0.124045,573.282,0,40,0,0.103705,0.108784,-1.93152,-0.925146,-5.31843,-12.5881,-23.4463,-38.2275,0.000878894,False
2021-04-27,146.529,4186.72,0.0471353,0.00149444,0,0.00196951,0.00104484,0.0906066,572.411,0,40,0,0.104721,0.10985,-1.40851,-0.674963,-4.97137,-12.2916,-23.307,-38.2623,0.00054629,False
2021-04-28,146.568,4183.18,0.048113,0.00152689,0,-0.0190957,0.000795119,0.0779566,571.569,0,40,0,0.105231,0.110464,-1.1398,-0.544911,-4.52315,-11.8594,-22.9341,-37.9644,0.000268515,False
2021-04-29,146.612,4211.47,0.0478934,0.00151429,0,0.123264,0.00289643,0.20111,574.158,0,40,0,0.104315,0.10961,-2.80135,-1.33394,-5.6607,-12.7927,-23.3651,-37.7851,0.000297425,False
2021-04-30,146.585,4181.17,0.0509053,0.00159967,0,-0.201338,0.00178132,0.0740967,570.285,0,40,0,0.112377,0.118081,-1.00599,-0.479494,-3.673,-10.8177,-21.9383,-36.9209,-0.000182797,False
2021-05-03,146.663,4192.66,0.0472432,0.00149925,0,0.0420044,0.00114342,0.0825559,571.91,0,40,0,0.104382,0.109495,-1.21544,-0.581049,-4.43026,-11.7452,-22.788,-37.7951,0.000533108,False
2021-05-04,146.638,4164.66,0.0552015,0.00172454,0,-0.0838497,0.00100696,0.0762564,568.994,0,40,0,0.121822,0.127788,-0.925301,-0.438649,-2.76184,-9.53001,-20.7079,-35.6013,-0.000171005,False
2021-05-05,146.666,4167.59,0.0579815,0.00180183,0,-0.00174869,0.000929262,0.101631,570.39,0,40,0,0.125537,0.13178,-1.20478,-0.57001,-3.15504,-9.99086,-21.1067,-35.9041,0.000191815,False
2021-05-06,146.751,4201.62,0.0531884,0.0016691,0,0.145169,0.00234393,0.211293,574.811,0,40,0,0.114125,0.119918,-2.6965,-1.27846,-5.01497,-12.0854,-22.7083,-37.1153,0.000577377,False
2021-05-07,146.945,4232.6,0.0443923,0.00142039,0.0411102,0.342886,0.00587181,0.356668,577.54,0,40,0,0.0979047,0.102874,-5.03559,-2.3983,-5.93861,-12.6142,-22.5636,-36.1287,0.00131857,False
2021-05-10,146.835,4188.43,0.0558199,0.00174085,0,-0.435682,0.0055779,0.079454,571.397,0,40,0,0.123346,0.129387,-1.00609,-0.478105,-3.47158,-10.3858,-21.5869,-36.4838,-0.000748357,False
2021-05-11,146.745,4152.1,0.0676306,0.00208258,0,-0.1426,0.000939222,0.0908459,567.5,0,40,0,0.150013,0.15736,-0.877828,-0.411243,-1.69926,-7.30771,-18.4885,-33.149,-0.000608734,False
2021-05-12,146.659,4063.04,0.0998537,0.00302831,0,-0.148048,0.000876051,0.125452,559.749,0,40,0,0.218224,0.229076,-0.805676,-0.369349,-0.525544,-2.67456,-11.2879,-26.0901,-0.000590849,False
2021-05-13,146.817,4112.5,0.0845241,0.00257583,0,0.142641,0.00119088,0.190259,569.708,0,40,0,0.182309,0.191562,-1.49484,-0.690225,-1.58328,-6.00346,-16.6657,-31.1048,0.00108136,False
2021-05-14,147.141,4173.85,0.059668,0.00185243,0.0608231,0.437878,0.00557147,0.295891,578.692,0,40,0,0.12782,0.134308,-3.18971,-1.49716,-3.93051,-10.5649,-21.1209,-35.258,0.00220456,False
2021-05-17,147.231,4163.29,0.0577873,0.00180012,0,-0.149009,0.00129576,0.111802,577.039,0,40,0,0.127917,0.134182,-1.44499,-0.687031,-3.71319,-10.5346,-21.6594,-36.4632,0.000610115,False
2021-05-18,147.194,4127.83,0.0679773,0.0020934,0,-0.124028,0.00103,0.0894988,572.175,0,40,0,0.146796,0.153985,-0.886772,-0.416096,-1.96009,-7.81209,-19.0275,-33.7773,-0.000250435,False
2021-05-19,147.159,4115.68,0.0716272,0.00220046,0,-0.0863046,0.000867825,0.106606,570.633,0,40,0,0.155681,0.163423,-0.990345,-0.462887,-1.68325,-7.0233,-18.16,-32.7924,-0.000236779,False
2021-05-20,147.224,4159.12,0.0652143,0.00201035,0,0.133676,0.00182601,0.23607,576.285,0,40,0,0.140738,0.147881,-2.37658,-1.11207,-3.51659,-10.0969,-20.9218,-35.242,0.000445707,False
2021-05-21,147.293,4155.86,0.0660486,0.00203526,0,-0.0723156,0.00296456,0.156022,575.892,0,40,0,0.143573,0.151071,-1.69068,-0.7961,-3.39558,-9.97846,-21.0261,-35.5854,0.000467182,False
2021-05-24,147.637,4197.05,0.0463239,0.00148074,0.00146586,0.292273,0.00141348,0.146655,580.11,0,40,0,0.100267,0.105254,-2.44639,-1.17508,-5.62665,-12.7999,-23.5566,-38.1964,0.00233279,False
2021-05-25,147.599,4188.13,0.0518637,0.00162977,0,-0.136889,0.00338494,0.0943691,577.29,0,40,0,0.110917,0.116433,-1.35856,-0.649045,-4.60898,-11.8398,-22.9015,-37.8524,-0.000255719,False
2021-05-26,147.679,4195.99,0.0490044,0.00155434,0,0.0294705,0.00103094,0.089884,577.109,0,40,0,0.103732,0.108997,-1.32467,-0.633563,-4.78126,-12.1092,-23.1471,-38.1415,0.000544548,False
2021-05-27,147.742,4200.88,0.0483605,0.00153216,0,0.0198098,0.000699112,0.0931965,576.993,0,40,0,0.101962,0.107287,-1.38846,-0.66437,-4.91314,-12.2733,-23.2647,-38.2326,0.00042407,False
2021-05-28,147.804,4204.11,0.0426415,0.00137265,0,-0.000748288,0.00111574,0.0705662,576.91,0,40,0,0.0914802,0.0962575,-1.1733,-0.563992,-5.11066,-12.5837,-23.6262,-38.7152,0.000419888,False
2021-06-01,147.765,4202.04,0.0473438,0.0015053,0,-0.0683474,0.0021451,0.0849092,576.474,0,40,0,0.101673,0.106653,-1.27142,-0.608455,-4.82769,-12.2263,-23.243,-38.2516,-0.000263842,False
2021-06-02,147.822,4208.12,0.0436604,0.00140114,0,0.0151221,0.00113232,0.0842546,576.996,0,40,0,0.0973793,0.102222,-1.33576,-0.640831,-5.15957,-12.5849,-23.5852,-38.5926,0.000385095,False
2021-06-03,147.785,4192.85,0.053089,0.00166893,0,-0.0865311,0.00108335,0.085057,575.2,0,40,0,0.11228,0.117979,-1.13555,-0.540815,-3.99095,-11.2271,-22.3007,-37.2537,-0.000250279,False
2021-06-04,147.954,4229.89,0.0408745,0.0013279,0,0.196459,0.00163999,0.150684,579.52,0,40,0,0.0879977,0.0924642,-2.52773,-1.21424,-6.2305,-13.4614,-24.1612,-38.7576,0.00114179,False
2021-06-07,148.001,4226.52,0.0432083,0.00139041,0,-0.0516145,0.00141144,0.0919629,578.417,0,40,0,0.0915992,0.0960852,-1.60062,-0.770469,-5.82339,-13.2168,-24.1737,-39.1135,0.000321132,False
2021-06-08,147.963,4227.26,0.0479264,0.00152004,0,-0.0681678,0.00260856,0.106099,577.951,0,40,0,0.101843,0.10683,-1.65325,-0.792356,-5.44694,-12.7866,-23.7073,-38.5792,-0.000260177,False
2021-06-09,147.977,4219.55,0.0559473,0.00174595,0,-0.034253,0.00134801,0.110271,576.64,0,40,0,0.117956,0.123822,-1.44147,-0.685506,-4.45135,-11.6436,-22.6499,-37.4644,9.75195e-05,False
2021-06-10,148.118,4239.18,0.0442071,0.00141796,0,0.0813506,0.00187351,0.0921861,578.722,0,40,0,0.0957679,0.100629,-1.51557,-0.72809,-5.53805,-12.9323,-23.8919,-38.8457,0.000948462,False
2021-06-11,148.218,4247.44,0.0396732,0.00129388,0,0.0461011,0.000587602,0.0751698,579.369,0,40,0,0.0856666,0.0900148,-1.38304,-0.667174,-5.91467,-13.3729,-24.3983,-39.4429,0.000681277,False
2021-06-14,148.272,4255.15,0.0418753,0.00135474,0,0.0399831,0.00112651,0.100867,579.727,0,40,0,0.0911759,0.0956412,-1.73318,-0.833835,-6.00533,-13.3933,-24.3084,-39.2027,0.00036217,False
2021-06-15,148.294,4246.59,0.0469699,0.00149602,0,-0.0391588,0.00115946,0.0842343,578.222,0,40,0,0.100404,0.105321,-1.30005,-0.623085,-5.10858,-12.5117,-23.5187,-38.5131,0.000146945,False
2021-06-16,148.292,4223.7,0.0543398,0.00170133,0,-0.0585728,0.00098156,0.0791567,575.718,0,40,0,0.116693,0.122496,-1.00139,-0.47586,-3.47311,-10.5726,-21.7026,-36.6299,-1.23966e-05,False
2021-06-17,148.31,4221.86,0.0507734,0.00159885,0,-0.0348171,0.00100196,0.0748584,576.403,0,40,0,0.109754,0.115325,-1.00044,-0.476598,-3.49419,-10.6535,-21.761,-36.755,0.000119048,False
2021-06-18,148.22,4166.45,0.0675379,0.00208148,0,-0.14489,0.000801596,0.0848116,571.591,0,40,0,0.145109,0.152474,-0.821687,-0.385117,-1.42928,-6.64447,-17.8441,-32.4576,-0.00060811,False
2021-06-21,148.382,4224.79,0.0465033,0.00147965,0,0.205191,0.00155789,0.171408,580.303,0,40,0,0.100404,0.105321,-2.31762,-1.10255,-4.48242,-11.6635,-22.3578,-36.9721,0.00109338,False
2021-06-22,148.476,4246.44,0.0404341,0.00132001,0.0523946,0.15765,0.00407817,0.216778,582.635,0,40,0,0.0884669,0.0927995,-3.31284,-1.58476,-5.88292,-12.9397,-23.4286,-37.7213,0.00063971,False
2021-06-23,148.547,4241.84,0.0421661,0.00136728,0.00130902,-0.079105,0.0027415,0.104167,581.289,0,40,0,0.0904301,0.0949274,-1.90627,-0.919276,-5.76884,-13.1128,-23.9907,-38.8252,0.000473165,False
2021-06-24,148.641,4266.49,0.0405888,0.00131581,0.0347985,0.207477,0.0035023,0.218163,582.875,0,40,0,0.0872207,0.0916477,-3.82183,-1.83884,-6.46104,-13.4561,-23.7812,-37.862,0.000635856,False
2021-06-25,148.821,4280.7,0.0402501,0.0013128,0.0559262,0.186186,0.00514098,0.202366,582.78,0,40,0,0.0831157,0.0874562,-3.68541,-1.77581,-6.68914,-13.6751,-24.0527,-38.1765,0.00120998,False
2021-06-28,149.031,4290.61,0.0339716,0.00114882,0.000854342,0.106688,0.00187692,0.129166,582.949,0,40,0,0.0746364,0.0783482,-2.8712,-1.39269,-7.01601,-14.1535,-24.8324,-39.2917,0.00141095,False
2021-06-29,149.08,4291.8,0.0371525,0.0012383,0,-0.0236571,0.00242093,0.089758,582.255,0,40,0,0.0789684,0.0828956,-1.92725,-0.934197,-6.69765,-14.0514,-24.9598,-39.7797,0.000330429,False
2021-06-30,149.14,4297.5,0.0387564,0.00126642,0,0.0229385,0.00147814,0.0885728,582.291,0,40,0,0.0805189,0.0846057,-1.72109,-0.831675,-6.59437,-13.9896,-24.9414,-39.8372,0.000403376,False
2021-07-01,149.225,4319.94,0.0402732,0.00131174,0,0.211456,0.00247346,0.251795,584.299,0,40,0,0.0835392,0.0879018,-4.32858,-2.08117,-6.77195,-13.6238,-23.8034,-37.6548,0.000568068,False
2021-07-02,149.246,4352.34,0.0373971,0.00123614,0.301849,0.826825,0.011899,0.780274,586.726,0,40,0,0.0762335,0.0802146,-10.6065,-5.04277,-5.92017,-11.4371,-19.7367,-31.005,0.000139116,False
2021-07-06,149.391,4343.54,0.039895,0.00129458,0.00819551,-0.421182,0.00824929,0.236237,584.204,0,40,0,0.0867737,0.0910234,-4.24983,-2.04695,-6.26527,-13.1266,-23.301,-37.1622,0.000971617,False
2021-07-07,149.368,4358.13,0.0427268,0.00137703,0.0972842,0.043957,0.00940771,0.237889,584.617,0,40,0,0.0890764,0.0935063,-4.10562,-1.97449,-6.30042,-13.2229,-23.4281,-37.3569,-0.000154206,False
2021-07-08,148.985,4320.82,0.0592392,0.0018371,0,-0.57781,0.00246219,0.0976309,579.36,0,40,0,0.125683,0.132063,-1.17688,-0.558043,-3.68624,-10.6836,-21.8285,-36.6337,-0.00256154,False
2021-07-09,149.203,4369.55,0.0421427,0.00135468,0,0.253647,0.00205447,0.172669,584.817,0,40,0,0.0898431,0.0944033,-2.80568,-1.34636,-6.23194,-13.4049,-24.0206,-38.5071,0.00145882,False
2021-07-12,149.343,4384.63,0.0395575,0.00129353,0.0164749,0.124734,0.00238401,0.176147,585.552,0,40,0,0.0853346,0.0895138,-3.1439,-1.51407,-6.58756,-13.7004,-24.2526,-38.6175,0.000942756,False
2021-07-13,149.35,4369.21,0.046423,0.00147256,0,-0.126474,0.00191582,0.0860008,582.857,0,40,0,0.0987104,0.103545,-1.40411,-0.674619,-5.3361,-12.7116,-23.7105,-38.6822,4.49082e-05,False
2021-07-14,149.421,4374.3,0.0446463,0.00142625,0,0.0218318,0.00121018,0.0784377,582.94,0,40,0,0.0938596,0.0985274,-1.28403,-0.617052,-5.38783,-12.8286,-23.8453,-38.8785,0.000478104,False
2021-07-15,149.415,4360.03,0.0495873,0.0015639,0,-0.056362,0.000638851,0.075916,581.097,0,40,0,0.104024,0.109304,-1.07157,-0.511937,-4.17672,-11.5219,-22.5746,-37.5955,-4.32056e-05,False
2021-07-16,149.419,4327.16,0.0556266,0.00173282,0,-0.0538677,0.000927083,0.0708982,578.478,0,40,0,0.116845,0.122775,-0.85613,-0.406099,-2.5291,-9.27604,-20.4287,-35.3412,2.75531e-05,False
2021-07-19,149.343,4258.49,0.0726427,0.00222775,0,-0.131364,0.000901121,0.0854568,573.217,0,40,0,0.154754,0.162333,-0.758653,-0.35393,-1.02835,-5.07362,-15.9509,-30.5309,-0.000511369,False
2021-07-20,149.422,4323.06,0.0588217,0.0018248,0,0.22247,0.00250087,0.282877,583.312,0,40,0,0.12487,0.130985,-2.79763,-1.30676,-3.39889,-10.0416,-20.6264,-34.8386,0.000532646,False
2021-07-21,149.654,4358.69,0.0495753,0.00156074,0.121803,0.48822,0.00135234,0.464629,587.878,0,40,0,0.106134,0.111412,-4.81902,-2.25629,-5.11506,-11.7759,-21.7584,-35.3419,0.00154814,False
2021-07-22,149.872,4367.48,0.0494514,0.00156083,0.0770698,0.152399,0.00158726,0.367374,588.149,0,40,0,0.103635,0.108895,-4.49121,-2.12506,-5.3761,-12.1096,-22.205,-35.935,0.00146262,False
2021-07-23,149.93,4411.79,0.0435651,0.00139235,0.558693,1.12279,0.00556333,0.91021,590.98,0,40,0,0.0915914,0.0962403,-9.36199,-4.37923,-5.56195,-11.3576,-19.9566,-31.7116,0.000386158,False
2021-07-26,150.233,4422.3,0.0423703,0.00136226,0.577266,0.336835,0.00642129,0.401658,589.305,0,40,0,0.090414,0.094842,-6.04772,-2.89162,-6.06834,-12.558,-22.1975,-35.3391,0.00201899,False
2021-07-27,150.27,4401.46,0.0521829,0.00163495,0,-0.30515,0.00293994,0.107148,585.567,0,40,0,0.110139,0.115533,-1.61283,-0.772561,-4.98054,-12.1745,-23.1224,-37.9211,0.000246078,False
2021-07-28,150.328,4400.64,0.0494759,0.00155751,0,-0.0185478,0.00108702,0.0770406,585.192,0,40,0,0.103968,0.109138,-1.11682,-0.534288,-4.50039,-11.8285,-22.889,-37.9066,0.00038857,False
2021-07-29,150.393,4419.15,0.0454424,0.0014467,0,0.0488648,0.000912407,0.10433,587.257,0,40,0,0.0951852,0.100016,-1.62301,-0.77827,-5.36138,-12.7586,-23.6634,-38.5663,0.000430115,False
2021-07-30,150.333,4395.26,0.0475152,0.00150397,0,-0.144343,0.00108412,0.0648413,584.845,0,40,0,0.100624,0.105732,-0.935417,-0.447467,-3.89148,-11.2365,-22.3226,-37.4168,-0.000398472,False
2021-08-02,150.343,4387.16,0.0503885,0.00158628,0,-0.0288888,0.00114197,0.0740888,584.646,0,40,0,0.106838,0.11207,-1.00845,-0.48107,-3.67225,-10.9107,-21.9953,-37.0267,6.33526e-05,False
2021-08-03,150.416,4423.15,0.0409178,0.00132547,0,0.109002,0.00128535,0.147989,588.848,0,40,0,0.086943,0.0912011,-2.43544,-1.16973,-5.95256,-13.2018,-23.9333,-38.5621,0.000488277,False
2021-08-04,150.411,4402.66,0.0457689,0.00145267,0,-0.122713,0.00138777,0.0736955,586.231,0,40,0,0.0972891,0.102127,-1.14865,-0.551176,-4.76823,-12.1813,-23.2341,-38.2923,-3.65025e-05,False
2021-08-05,150.463,4429.1,0.0450047,0.00143052,0,0.109665,0.00227098,0.172613,589.077,0,40,0,0.0947966,0.0996082,-2.67841,-1.28342,-6.0618,-13.2612,-23.8834,-38.3919,0.000346056,False
2021-08-06,150.621,4436.52,0.0381037,0.00124414,0,0.0404774,0.000870582,0.0903828,588.996,0,40,0,0.0794505,0.0834831,-1.79123,-0.866275,-6.43521,-13.8112,-24.7613,-39.6541,0.00105473,False
2021-08-09,150.657,4432.35,0.038316,0.00126125,0,-0.02787,0.00111068,0.0627673,587.882,0,40,0,0.0811863,0.0851624,-1.20116,-0.580407,-5.99205,-13.4894,-24.5783,-39.6799,0.000236949,False
2021-08-10,150.686,4436.75,0.0392272,0.0012794,0,0.00721233,0.00071454,0.0777801,588.091,0,40,0,0.0838107,0.0879153,-1.40776,-0.679013,-6.0376,-13.4997,-24.5148,-39.5292,0.000195363,False
2021-08-11,150.742,4442.41,0.0374156,0.00123114,0,0.0145947,0.000787789,0.0724977,588.37,0,40,0,0.0789684,0.0828956,-1.39782,-0.675514,-6.27459,-13.7224,-24.777,-39.8039,0.000366813,False
2021-08-12,150.794,4460.83,0.0372285,0.00123126,0,0.0805789,0.00166837,0.135522,590.088,0,40,0,0.0763424,0.0802173,-2.66639,-1.2889,-7.02541,-14.2042,-24.9379,-39.4835,0.000344185,False
2021-08-13,150.946,4468,0.0318804,0.00110053,0,0.0658325,0.00153278,0.0780672,590.233,0,40,0,0.0649784,0.0682765,-1.93249,-0.940484,-7.42748,-14.7011,-25.7436,-40.5901,0.00101155,False
2021-08-16,150.815,4479.71,0.033485,0.00112295,0,-0.0889348,0.00578623,0.147251,590.535,0,40,0,0.0728899,0.0764597,-3.17064,-1.53689,-7.30421,-14.3576,-24.985,-39.3376,-0.000871454,False
2021-08-17,150.682,4448.08,0.0479445,0.00151827,0,-0.246667,0.00188111,0.0777373,586.25,0,40,0,0.101165,0.10612,-1.16853,-0.559899,-4.93707,-12.3388,-23.3685,-38.3777,-0.000879279,False
2021-08-18,150.62,4400.27,0.0697705,0.00214001,0,-0.104028,0.00114563,0.101828,581.73,0,40,0,0.147919,0.155275,-0.984868,-0.462075,-2.13643,-8.3038,-19.4964,-34.0994,-0.000409036,False
2021-08-19,150.623,4405.8,0.0716494,0.00219582,0,-0.0375295,0.000869258,0.129855,584.227,0,40,0,0.150354,0.157985,-1.24507,-0.583514,-2.45228,-8.6849,-19.847,-34.3964,2.0105e-05,False
2021-08-20,150.859,4441.67,0.0487591,0.00153697,0,0.150515,0.000599201,0.0911691,589.611,0,40,0,0.10247,0.107671,-1.35546,-0.649121,-4.49236,-11.8147,-22.8195,-37.8075,0.00156565,False
2021-08-23,151.004,4479.53,0.0387463,0.00126258,0.00961342,0.216749,0.00206124,0.189108,593.774,0,40,0,0.0832181,0.0872937,-3.37414,-1.62546,-6.50679,-13.5717,-24.1028,-38.421,0.000958637,False
2021-08-24,151.156,4486.23,0.0393381,0.0012746,0.000835536,0.0754052,0.0017213,0.147831,593.017,0,40,0,0.0834721,0.0875601,-2.81089,-1.35752,-6.58538,-13.774,-24.4419,-38.9592,0.00100785,False
2021-08-25,151.265,4496.19,0.0392174,0.00127822,0,0.0594089,0.0016863,0.134772,592.29,0,40,0,0.0816759,0.0857378,-2.69556,-1.30411,-6.69729,-13.9066,-24.5938,-39.1324,0.000719262,False
2021-08-26,151.2,4470,0.0543506,0.00169246,0,-0.149714,0.00164445,0.100736,588.223,0,40,0,0.114708,0.12053,-1.34095,-0.639102,-4.52153,-11.7508,-22.7601,-37.6115,-0.000427489,False
2021-08-27,151.382,4509.37,0.0416272,0.0013457,0,0.183839,0.00334091,0.13917,592.431,0,40,0,0.084598,0.0890159,-2.49366,-1.20198,-6.52523,-13.7632,-24.4837,-39.0893,0.00120599,False
2021-08-30,151.544,4528.79,0.0341321,0.00114251,0.0110746,0.151882,0.0037326,0.147514,593.855,0,40,0,0.0733729,0.0770219,-3.13918,-1.52131,-7.17067,-14.2424,-24.8784,-39.2553,0.00106828,False
2021-08-31,151.603,4522.68,0.0378701,0.00123876,0,-0.0419763,0.00138415,0.0823434,592.346,0,40,0,0.0810442,0.0850746,-1.66014,-0.803672,-6.52795,-13.9392,-24.9174,-39.8503,0.000385642,False
2021-09-01,151.638,4524.09,0.0407957,0.00131665,0,-0.00347782,0.00147376,0.0812176,591.847,0,40,0,0.0849867,0.0893004,-1.47528,-0.711915,-6.17681,-13.6287,-24.6161,-39.6005,0.000235176,False
2021-09-02,151.675,4536.95,0.0446256,0.00141887,0,0.0627039,0.00165991,0.148757,592.599,0,40,0,0.0922213,0.0970373,-2.37638,-1.14071,-6.22646,-13.4792,-24.1807,-38.7894,0.000242099,False
2021-09-03,151.779,4535.43,0.0374934,0.0012371,0,-0.021843,0.00104919,0.057827,592.164,0,40,0,0.0751747,0.0791005,-1.15254,-0.557682,-6.18716,-13.6706,-24.8029,-39.9265,0.000687615,False
2021-09-07,151.79,4520.03,0.0435277,0.00139292,0,-0.0242312,0.000798103,0.0643364,590.584,0,40,0,0.0903293,0.0947532,-1.03245,-0.496126,-4.95234,-12.4342,-23.4976,-38.6027,6.98118e-05,False
2021-09-08,151.789,4514.07,0.044924,0.00142966,0,-0.0383519,0.000735246,0.0693304,590.382,0,40,0,0.0934084,0.0980537,-1.0741,-0.51545,-4.59751,-12.0609,-23.0884,-38.1612,-3.86558e-06,False
2021-09-09,151.769,4493.28,0.056176,0.00174616,0,-0.0548969,0.000827367,0.0886368,588.956,0,40,0,0.115679,0.121551,-1.10046,-0.522926,-3.45269,-10.5574,-21.6231,-36.5163,-0.00013572,False
2021-09-10,151.742,4458.58,0.0665775,0.00204783,0,-0.0842542,0.00194781,0.0937461,586.812,0,40,0,0.139281,0.146351,-0.948274,-0.446034,-2.11781,-8.29609,-19.5258,-34.1889,-0.000176464,False
2021-09-13,151.8,4468.73,0.0579999,0.00179969,0,-0.00331763,0.00107197,0.0869447,589.903,0,40,0,0.121568,0.127522,-1.03096,-0.488829,-2.89776,-9.73458,-20.8714,-35.7613,0.000386261,False
2021-09-14,151.83,4443.05,0.0608678,0.00188199,0,-0.0361387,0.000700303,0.0799106,588.638,0,40,0,0.127917,0.134182,-0.87491,-0.413338,-2.184,-8.45675,-19.6882,-34.512,0.000192232,False
2021-09-15,151.947,4480.7,0.0526517,0.00164815,0,0.135518,0.000769161,0.14857,594.164,0,40,0,0.1083,0.113685,-1.92059,-0.913137,-4.3803,-11.5506,-22.3861,-37.1219,0.000771214,False
2021-09-16,151.953,4473.75,0.0563842,0.00175361,0,-0.0769947,0.00150522,0.118088,593.289,0,40,0,0.117427,0.123388,-1.4972,-0.711837,-4.11152,-11.2306,-22.2365,-37.0546,4.35145e-05,False
2021-09-17,151.932,4432.99,0.0667536,0.00205342,0,-0.110877,0.00109038,0.0916563,589.034,0,40,0,0.14035,0.147473,-0.929091,-0.437281,-2.20197,-8.39022,-19.624,-34.3346,-0.000137117,False
2021-09-20,151.844,4357.73,0.0847162,0.00257931,0,-0.159577,0.000964076,0.10166,582.58,0,40,0,0.180828,0.189684,-0.764821,-0.354179,-0.759869,-4.01713,-14.2552,-28.9349,-0.00058189,False
2021-09-21,151.888,4354.19,0.0823601,0.00251054,0,-0.0196799,0.000855107,0.117469,585.67,0,40,0,0.174055,0.18258,-0.934791,-0.433945,-1.17314,-4.90422,-15.3818,-29.9881,0.000286519,False
2021-09-22,152.01,4395.64,0.0675585,0.00207778,0,0.0990994,0.00171599,0.15816,593.255,0,40,0,0.143497,0.150633,-1.58853,-0.745765,-2.64205,-8.54482,-19.6173,-34.162,0.000804365,False
2021-09-23,151.95,4448.98,0.0590268,0.00183144,0.0487675,0.217422,0.00739651,0.436523,599.616,0,40,0,0.123255,0.129511,-4.6075,-2.16304,-4.73134,-11.3194,-21.4373,-35.0826,-0.000394118,False
2021-09-24,152.221,4455.48,0.0508084,0.00159376,0.00831339,-0.00538872,0.00430141,0.196176,598.504,0,40,0,0.106452,0.111855,-2.86049,-1.36774,-5.24098,-12.2403,-22.8915,-37.3254,0.00178716,False
2021-09-27,152.228,4443.11,0.0510248,0.00160333,0,-0.160965,0.0019762,0.0757602,594.826,0,40,0,0.106414,0.111626,-1.09566,-0.524391,-4.36102,-11.5957,-22.7297,-37.7984,4.52996e-05,False
2021-09-28,152.05,4352.63,0.0807257,0.00246213,0,-0.231983,0.000973972,0.099732,584.333,0,40,0,0.173124,0.181603,-0.786921,-0.365475,-0.903248,-4.83877,-15.4813,-30.1397,-0.00117366,False
2021-09-29,152.113,4359.46,0.0802853,0.00244913,0,0.0182058,0.000633261,0.131743,587.74,0,40,0,0.170391,0.178865,-1.07965,-0.501954,-1.44499,-5.98413,-16.8647,-31.4065,0.000416953,False
2021-09-30,152.061,4307.54,0.0929976,0.00282363,0,-0.148395,0.00121391,0.123811,585.093,0,40,0,0.196295,0.206258,-0.864968,-0.399106,-0.818815,-3.97694,-13.8579,-28.6021,-0.000338579,False
2021-10-01,152.26,4357.04,0.0765005,0.00233903,0,0.172758,0.00150155,0.170467,594.094,0,40,0,0.157541,0.165537,-1.52039,-0.709118,-2.22356,-7.81278,-18.8695,-33.3664,0.00130711,False
2021-10-04,152.249,4300.46,0.0818872,0.00249861,0,-0.157279,0.00114227,0.102658,589.2,0,40,0,0.174902,0.183468,-0.813864,-0.378171,-1.0109,-4.96427,-15.556,-30.2909,-7.37147e-05,False
2021-10-05,152.364,4345.72,0.0736583,0.00225751,0,0.135394,0.0010341,0.192993,595.77,0,40,0,0.153822,0.161356,-1.73726,-0.809964,-2.5423,-8.46428,-19.4823,-33.9554,0.000758137,False
2021-10-06,152.33,4363.55,0.074744,0.00228712,0,-0.0506094,0.00172116,0.247426,597.296,0,40,0,0.157395,0.165223,-2.2376,-1.04285,-3.18117,-9.44299,-20.3218,-34.6537,-0.000225157,False
2021-10-07,152.462,4399.76,0.0712331,0.00218661,0.00674057,0.223339,0.00638463,0.394465,600.037,0,40,0,0.146663,0.154107,-3.84436,-1.79733,-4.22052,-10.6157,-21.0279,-34.7943,0.000867986,False
2021-10-08,152.654,4391.34,0.0641424,0.00197981,0,-0.140061,0.00309347,0.121416,597.33,0,40,0,0.133551,0.140329,-1.46489,-0.695549,-3.69741,-10.3864,-21.5332,-36.2407,0.00125971,False
2021-10-11,152.655,4361.19,0.0675686,0.00207911,0,-0.0967535,0.000990673,0.0885178,592.82,0,40,0,0.144256,0.151321,-0.864055,-0.405919,-1.95893,-7.85775,-19.0741,-33.8285,4.21284e-06,False
2021-10-12,152.678,4350.65,0.0685908,0.00210987,0,-0.0367131,0.000602729,0.0944816,592.219,0,40,0,0.14197,0.148923,-0.924393,-0.434086,-1.81621,-7.41396,-18.6235,-33.3178,0.000151986,False
2021-10-13,152.73,4363.8,0.0639334,0.00197348,0,0.00959409,0.000941188,0.113146,594.828,0,40,0,0.131945,0.138507,-1.22119,-0.576088,-2.70876,-9.0638,-20.2184,-34.9603,0.000340249,False
2021-10-14,152.731,4438.26,0.0529276,0.00165672,0.0882827,0.731482,0.00514694,0.801321,603.214,0,40,0,0.110434,0.116039,-7.44182,-3.46115,-5.21775,-11.3645,-20.5499,-33.0735,7.51705e-06,False
2021-10-15,153.029,4471.37,0.0456569,0.00145209,0.462722,1.16996,0.00817771,1.24666,604.551,0,40,0,0.0947966,0.0996082,-10.802,-4.99581,-5.08747,-10.5252,-18.6671,-29.7888,0.00195063,False
2021-10-18,153.136,4486.46,0.0431073,0.00137995,0.62552,0.456801,0.00856173,1.00463,602.947,0,40,0,0.0913452,0.0958188,-8.79436,-4.07073,-5.29393,-11.2081,-19.9461,-31.8903,0.000695795,False
2021-10-19,153.209,4519.63,0.0413248,0.00132815,1.29549,1.38104,0.00823811,1.04825,603.207,0,40,0,0.0888902,0.0932435,-9.34633,-4.33263,-5.65578,-11.4286,-20.0148,-31.7324,0.00048121,False
2021-10-20,153.424,4536.19,0.0433264,0.00138388,0.922369,0.617447,0.00792479,0.562815,602.129,0,40,0,0.0897081,0.0941695,-7.60494,-3.62061,-5.92957,-12.092,-21.2431,-33.7311,0.00140024,False
2021-10-21,153.539,4549.78,0.0421233,0.00135444,0.322705,0.228468,0.007149,0.387499,601.744,0,40,0,0.0866379,0.0910354,-5.92714,-2.83864,-6.14216,-12.6825,-22.3443,-35.5321,0.000747593,False
2021-10-22,153.699,4544.9,0.0419107,0.00134834,0.00782598,-0.147793,0.00561054,0.106333,599.892,0,40,0,0.0864437,0.0908312,-2.01893,-0.975879,-6.05212,-13.3784,-24.193,-38.9507,0.00104534,False
2021-10-25,153.683,4566.48,0.0425104,0.0013646,0.05161,0.0554153,0.00374319,0.163842,601.406,0,40,0,0.0885515,0.0928883,-2.8033,-1.34961,-6.53209,-13.7134,-24.3317,-38.8027,-0.000106063,False
2021-10-26,153.7,4574.79,0.0468303,0.00148114,0,0.0148188,0.00571223,0.200792,601.4,0,40,0,0.0985411,0.103367,-3.03442,-1.4536,-6.16423,-13.2422,-23.7707,-38.1102,0.000113912,False
2021-10-27,153.695,4551.68,0.0550903,0.00171373,0,-0.161126,0.00267835,0.0961391,598.345,0,40,0,0.114888,0.120601,-1.27926,-0.610259,-4.4438,-11.6368,-22.6924,-37.5715,-3.75709e-05,False
2021-10-28,153.871,4596.42,0.0512964,0.00160739,0,0.354907,0.00338735,0.320533,603.035,0,40,0,0.106646,0.112059,-4.23043,-2.01307,-5.80035,-12.6217,-22.7658,-36.5889,0.00115042,False
2021-10-29,153.812,4605.38,0.0486924,0.00153382,0.000769685,-0.216087,0.00601383,0.204131,602.729,0,40,0,0.100624,0.105732,-2.95887,-1.41486,-5.80665,-12.8743,-23.4354,-37.8139,-0.000385445,False
2021-11-01,153.97,4613.67,0.0475962,0.00150236,0,0.057766,0.00199714,0.148185,602.651,0,40,0,0.0991337,0.103989,-2.37653,-1.14165,-5.77153,-12.9792,-23.7068,-38.3233,0.00102598,False
2021-11-02,154.082,4630.65,0.0487059,0.001532,0.00204822,0.102666,0.00186038,0.181923,603.322,0,40,0,0.0989644,0.103811,-2.87351,-1.37936,-5.93931,-13.0732,-23.6458,-38.0633,0.000728669,False
2021-11-03,154.196,4660.57,0.045569,0.00144308,0.124713,0.341998,0.00682234,0.32254,605.052,0,40,0,0.0934986,0.0981484,-4.90951,-2.35187,-6.32135,-13.0539,-23.0426,-36.6611,0.000739683,False
2021-11-04,154.358,4680.06,0.0459026,0.00145319,0.0509991,0.292351,0.00626655,0.440138,605.612,0,40,0,0.0945053,0.099302,-6.26103,-2.98973,-6.01289,-12.4606,-22.0169,-35.0589,0.0010502,False
2021-11-05,154.424,4697.53,0.0450667,0.00142816,0.19582,0.213577,0.0114979,0.424092,605.76,0,40,0,0.0928541,0.097567,-5.99349,-2.86109,-5.97783,-12.4787,-22.1154,-35.269,0.000427212,False
2021-11-08,154.727,4701.7,0.0448073,0.00142055,0.062571,0.0720844,0.00502558,0.169446,604.757,0,40,0,0.0932923,0.0978613,-2.96135,-1.42725,-6.10983,-13.2306,-23.7732,-38.1477,0.00195903,False
2021-11-09,154.704,4685.25,0.0521115,0.00162812,0,-0.156562,0.00211846,0.0836943,602.243,0,40,0,0.105483,0.110649,-1.18584,-0.567414,-4.75093,-12.0825,-23.1273,-38.1135,-0.000145068,False
2021-11-10,154.662,4646.71,0.0597897,0.0018486,0,-0.106345,0.000896453,0.0761073,598.651,0,40,0,0.121295,0.127328,-0.858415,-0.406521,-2.50391,-9.2054,-20.3896,-35.2577,-0.00026963,False
2021-11-11,154.717,4649.27,0.0561219,0.00174282,0,0.0094756,0.000613944,0.0851876,600.556,0,40,0,0.114514,0.120326,-1.03269,-0.490514,-2.972,-9.87689,-20.9764,-35.8943,0.000350185,False
2021-11-12,154.828,4682.85,0.0452299,0.00143502,0,0.109082,0.00191339,0.124227,605.33,0,40,0,0.0925627,0.0972609,-1.91067,-0.916633,-5.14773,-12.491,-23.3172,-38.1279,0.000723415,False
2021-11-15,154.892,4682.8,0.0446029,0.00141903,0,-0.0176823,0.00147332,0.0846046,605.406,0,40,0,0.0907911,0.0953063,-1.40722,-0.677462,-5.47956,-12.9165,-23.9274,-38.9503,0.000411106,False
2021-11-16,154.861,4700.9,0.0423447,0.0013558,0,-0.0302627,0.00401155,0.122755,606.738,0,40,0,0.0866396,0.0909484,-2.15257,-1.0378,-6.38546,-13.7117,-24.5451,-39.3076,-0.000202954,False
2021-11-17,154.895,4688.67,0.0439839,0.00140001,0,-0.0578879,0.00112887,0.0723327,604.307,0,40,0,0.0909115,0.0955259,-1.17803,-0.566843,-5.42682,-12.8976,-23.9531,-39.0387,0.000219486,False
2021-11-18,154.941,4704.54,0.0483811,0.0015245,0,0.0793275,0.00175069,0.150236,605.47,0,40,0,0.09868,0.103833,-2.18096,-1.04366,-5.79947,-13.0701,-23.8165,-38.4869,0.000300397,False
2021-11-19,154.978,4697.96,0.0471318,0.00148813,0,-0.0754246,0.00223846,0.0814149,604.353,0,40,0,0.0945507,0.0994883,-1.26851,-0.60929,-5.23317,-12.658,-23.6735,-38.6984,0.000237522,False
2021-11-22,154.889,4682.94,0.0536971,0.00167213,0,-0.133193,0.00364232,0.0853466,602.762,0,40,0,0.110285,0.11577,-1.10788,-0.528032,-4.08511,-11.3448,-22.423,-37.3988,-0.000572612,False
2021-11-23,154.872,4690.7,0.0544183,0.00169123,0,-0.0436858,0.00153401,0.109816,603.929,0,40,0,0.11209,0.117664,-1.40182,-0.667274,-4.37003,-11.608,-22.6137,-37.4916,-0.00010951,False
2021-11-24,154.904,4701.46,0.0536808,0.00167127,0,-0.00928788,0.00135021,0.119652,605.074,0,40,0,0.108783,0.114304,-1.60419,-0.765321,-4.77105,-12.0509,-22.9856,-37.8296,0.000203622,False
2021-11-26,154.397,4594.62,0.10587,0.00320084,0,-0.564976,0.00180966,0.162458,594.161,0,40,0,0.219023,0.23014,-1.03142,-0.474095,-0.873951,-4.54759,-14.6652,-29.3889,-0.0032725,False
2021-11-29,154.696,4655.27,0.0663933,0.00203875,0,0.178025,0.000594878,0.105045,602.998,0,40,0,0.138076,0.144838,-1.10056,-0.519045,-2.5077,-8.87948,-20.0819,-34.8477,0.00193784,False
2021-11-30,154.546,4567,0.0947751,0.00287347,0,-0.226031,0.000787702,0.120137,594.875,0,40,0,0.196913,0.206557,-0.81984,-0.378161,-0.724538,-3.81016,-13.7487,-28.5078,-0.0009697,False
2021-12-01,154.426,4513.04,0.118825,0.00358582,0,-0.181017,0.00196684,0.172486,592.835,0,40,0,0.247555,0.259866,-0.944298,-0.430593,-0.518319,-2.57547,-10.5629,-25.3149,-0.000777067,False
2021-12-02,154.596,4577.1,0.104413,0.00315767,0,0.172787,0.00110201,0.275515,603.183,0,40,0,0.213681,0.224527,-1.75774,-0.803289,-1.51576,-5.66906,-15.8883,-30.4104,0.00110028,False
2021-12-03,154.684,4538.43,0.111097,0.00335576,0,-0.116176,0.00116742,0.177577,600.278,0,40,0,0.230775,0.242489,-1.08781,-0.499369,-0.881152,-4.16396,-13.7149,-28.553,0.000571399,False
2021-12-06,154.898,4591.67,0.0872948,0.00265155,0,0.125478,0.000804663,0.173422,607.6,0,40,0,0.183114,0.192082,-1.37663,-0.639211,-2.02575,-7.30236,-18.1518,-32.8536,0.00138004,False
2021-12-07,154.915,4686.75,0.0685615,0.00210327,0.130247,0.671589,0.00587202,0.757641,615.75,0,40,0,0.141293,0.148213,-6.15518,-2.83801,-4.44943,-10.5193,-20.2409,-33.2132,0.000114334,False
2021-12-08,155.406,4701.21,0.0627651,0.00193406,0.139776,0.303289,0.00357237,0.487531,613.354,0,40,0,0.128425,0.134812,-4.83357,-2.26289,-4.55663,-10.9117,-21.0388,-34.525,0.00316871,False
2021-12-09,155.45,4667.45,0.0756468,0.00231026,0,-0.371205,0.00241108,0.143633,606.784,0,40,0,0.15385,0.161659,-1.45192,-0.683884,-3.00262,-9.16015,-20.2674,-34.8465,0.000280671,False
2021-12-10,155.628,4712.02,0.0574345,0.00178116,0,0.13628,0.0030679,0.154755,609.632,0,40,0,0.117525,0.12349,-1.98927,-0.947017,-4.38062,-11.385,-22.2856,-36.9471,0.00114341,False
2021-12-13,155.566,4668.97,0.0645029,0.00198507,0,-0.194228,0.00126056,0.0832884,604.01,0,40,0,0.132912,0.139421,-0.867008,-0.409104,-2.17894,-8.44761,-19.6945,-34.5101,-0.000395197,False
2021-12-14,155.513,4634.09,0.0769669,0.00234832,0,-0.101503,0.000658407,0.108829,601.675,0,40,0,0.160825,0.168823,-0.924563,-0.431509,-1.45934,-6.49504,-17.5657,-32.1958,-0.000341227,False
2021-12-15,155.552,4709.85,0.0628632,0.00193713,0,0.239033,0.00197515,0.367783,610.797,0,40,0,0.129083,0.135635,-3.45174,-1.6108,-4.202,-10.9116,-21.3625,-35.3686,0.00025098,False
2021-12-16,155.509,4668.67,0.0785971,0.00239761,0,-0.3335,0.00262825,0.150667,605.742,0,40,0,0.158079,0.166334,-1.37345,-0.642831,-2.55065,-8.60478,-19.6763,-34.2634,-0.000275227,False
2021-12-17,155.402,4620.64,0.0843058,0.00256534,0,-0.230481,0.000908028,0.108447,601.464,0,40,0,0.17089,0.179814,-0.855011,-0.397674,-1.19647,-5.77604,-16.5858,-31.3105,-0.000690817,False
2021-12-20,155.34,4568.02,0.0888104,0.00269876,0,-0.14902,0.000361487,0.106628,597.577,0,40,0,0.181582,0.190613,-0.768839,-0.355465,-0.757696,-3.68644,-13.4786,-28.2136,-0.000395436,False
2021-12-21,155.488,4649.23,0.0744821,0.00227679,0,0.334058,0.00140952,0.363504,608.656,0,40,0,0.149814,0.157265,-2.83191,-1.30423,-2.67163,-8.43246,-19.1097,-33.1439,0.000952607,False
2021-12-22,155.71,4696.56,0.0606628,0.00187284,0.161893,0.543606,0.00374792,0.578389,613.869,0,40,0,0.123158,0.129409,-4.86458,-2.24957,-4.41943,-10.8744,-20.8898,-34.3715,0.00142693,False
2021-12-23,155.901,4725.79,0.0588253,0.00181975,0.190908,0.532061,0.00587163,0.77968,615.055,0,40,0,0.117103,0.123218,-6.55737,-3.03138,-4.8802,-11.0726,-20.5651,-33.373,0.00122661,False
2021-12-27,156.048,4791.19,0.0454347,0.00143708,1.391,2.63911,0.012256,1.91288,618.331,0,40,0,0.0940543,0.0986605,-13.1195,-5.94888,-4.75646,-9.6907,-17.0619,-27.146,0.000940644,False
2021-12-28,156.342,4786.35,0.0476052,0.00150001,0.87796,-0.296982,0.00668968,0.483516,613.568,0,40,0,0.0971866,0.101946,-6.08697,-2.89046,-5.49107,-11.9284,-21.5425,-34.6363,0.00188301,False
2021-12-29,156.552,4793.06,0.0454222,0.00143708,0.178348,0.0501718,0.00404431,0.184731,612.123,0,40,0,0.0927766,0.0973905,-3.06008,-1.47233,-5.78003,-12.8831,-23.3872,-37.7226,0.00134673,False
2021-12-30,156.598,4778.73,0.0509345,0.00159243,0,-0.104699,0.00149969,0.0821227,609.5,0,40,0,0.102567,0.107773,-1.17195,-0.561275,-4.6368,-11.9887,-23.0168,-38.0181,0.000292243,False
2021-12-31,156.623,4766.18,0.0492707,0.00154365,0,-0.0361881,0.000651574,0.0676319,608.454,0,40,0,0.100236,0.105323,-0.93243,-0.445921,-3.81148,-11.1466,-22.2151,-37.2908,0.000162059,False
2022-01-03,156.739,4796.56,0.0449373,0.00142529,0,0.138206,0.00180586,0.131825,612.477,0,40,0,0.090668,0.0951084,-2.01514,-0.966801,-5.66736,-13.003,-23.816,-38.5833,0.000738835,False
2022-01-04,156.769,4793.54,0.0461897,0.00146202,0,-0.0484454,0.00141587,0.0965745,612.068,0,40,0,0.093377,0.0979501,-1.53045,-0.735727,-5.49979,-12.9016,-23.8601,-38.8065,0.000192148,False
2022-01-05,156.586,4700.58,0.0692401,0.00212384,0,-0.263672,0.00235205,0.0808621,602.925,0,40,0,0.14088,0.147886,-0.756094,-0.354856,-1.34548,-6.69155,-17.8696,-32.5347,-0.00116856,False
2022-01-06,156.585,4696.05,0.070699,0.0021652,0,-0.0446486,0.000695553,0.105225,605.002,0,40,0,0.142778,0.150025,-0.991618,-0.465233,-1.75492,-7.19457,-18.3803,-32.9674,-7.49563e-06,False
2022-01-07,156.599,4677.03,0.0671321,0.0020602,0,-0.0657181,0.000695736,0.0900346,605.552,0,40,0,0.138385,0.145612,-0.878513,-0.413138,-1.77325,-7.01295,-18.2025,-32.856,8.84439e-05,False
2022-01-10,156.636,4670.29,0.064326,0.001978,0,-0.0241676,0.000403984,0.090424,607.747,0,40,0,0.134833,0.141538,-0.923133,-0.435167,-2.0844,-7.8777,-19.0904,-33.848,0.000238744,False
2022-01-11,156.656,4713.07,0.0635361,0.00195697,0,0.103106,0.0015911,0.233975,613.828,0,40,0,0.127884,0.134244,-2.43386,-1.14508,-4.02824,-10.884,-21.6445,-36.0568,0.000124771,False
2022-01-12,156.799,4726.35,0.0627624,0.00193474,0,0.0817616,0.00328258,0.22981,614.578,0,40,0,0.127432,0.1339,-2.55118,-1.20515,-4.52336,-11.4032,-22.1521,-36.5154,0.000915837,False
2022-01-13,156.473,4659.03,0.0846791,0.00257333,0,-0.513452,0.00301131,0.121243,606.659,0,40,0,0.171631,0.180594,-0.976108,-0.454546,-1.6357,-6.89676,-17.8625,-32.5565,-0.00207776,False
2022-01-14,156.531,4662.85,0.074634,0.0022799,0,-0.0258406,0.000715013,0.10918,607.857,0,40,0,0.15342,0.161432,-0.968995,-0.453538,-1.75916,-7.21878,-18.3679,-33.0329,0.000369787,False
2022-01-18,156.381,4577.11,0.0902061,0.00273853,0,-0.240634,0.000619288,0.105169,600.25,0,40,0,0.186839,0.195989,-0.734789,-0.339449,-0.653625,-3.23463,-12.6726,-27.4274,-0.000956835,False
2022-01-19,156.357,4532.76,0.0939,0.00284694,0,-0.103177,0.000690136,0.116599,599.768,0,40,0,0.19512,0.204823,-0.781147,-0.359919,-0.691827,-3.03896,-11.5274,-26.2748,-0.000155032,False
2022-01-20,156.319,4482.73,0.107756,0.0032588,0,-0.116189,0.000868584,0.14195,599.178,0,40,0,0.221063,0.232283,-0.844677,-0.386866,-0.576117,-2.69789,-10.2517,-24.9551,-0.000242477,False
2022-01-21,156.269,4397.94,0.125092,0.00377473,0,-0.158862,0.000672738,0.153848,595.451,0,40,0,0.256029,0.269024,-0.786566,-0.357472,-0.330775,-1.64972,-7.2823,-21.0404,-0.000320597,False
2022-01-24,156.39,4410.13,0.125039,0.00377307,0,0.0534366,0.000527061,0.207506,603.051,0,40,0,0.256935,0.269518,-1.0961,-0.498472,-0.633849,-2.72775,-10.1137,-24.6891,0.000771215,False
2022-01-25,156.288,4356.45,0.131722,0.00397183,0,-0.258767,0.00116749,0.177414,601.302,0,40,0,0.272258,0.285592,-0.883008,-0.401141,-0.363179,-1.9604,-8.36646,-22.5578,-0.000652805,False
2022-01-26,156.214,4349.93,0.138412,0.00417159,0,-0.158568,0.00137048,0.224893,604.686,0,40,0,0.284918,0.299087,-1.08139,-0.489974,-0.460791,-2.31137,-9.29722,-23.6275,-0.000468225,False
2022-01-27,156.227,4326.51,0.140781,0.0042424,0,-0.136181,0.00127545,0.21185,604.751,0,40,0,0.288858,0.303519,-1.00855,-0.457087,-0.37973,-2.04807,-8.7598,-22.9676,7.7619e-05,False
2022-01-28,156.387,4431.85,0.112056,0.003387,0,0.29025,0.00230686,0.447536,618.018,0,40,0,0.229707,0.241366,-2.51114,-1.13279,-1.79204,-6.10987,-16.0372,-30.415,0.00103008,False
2022-01-31,156.838,4515.55,0.0884811,0.00269028,0.20971,1.01119,0.00631052,0.878043,625.002,0,40,0,0.181929,0.190838,-5.52504,-2.49421,-3.53393,-9.06867,-18.8488,-31.9996,0.00288039,False
2022-02-01,157.357,4546.54,0.0752879,0.00230081,0.228178,0.537807,0.00667274,0.734934,623.722,0,40,0,0.155685,0.163309,-5.43198,-2.48775,-3.79872,-9.55691,-19.4828,-32.6325,0.00330948,False
2022-02-02,157.46,4589.38,0.0754504,0.00230566,0.730197,0.982213,0.00714313,0.949937,623.171,0,40,0,0.156854,0.164654,-6.57554,-2.99239,-3.953,-9.63494,-19.2037,-31.8063,0.000654655,False
2022-02-03,156.755,4477.44,0.107467,0.00325003,0,-1.61409,0.00399197,0.141347,606.268,0,40,0,0.219509,0.23065,-0.877855,-0.403513,-0.734502,-4.0291,-13.671,-28.5702,-0.00447907,False
2022-02-04,156.927,4500.53,0.0899754,0.0027347,0,0.0787237,0.000691405,0.134427,609.499,0,40,0,0.181823,0.191052,-1.00004,-0.463557,-1.19797,-5.31684,-15.8092,-30.55,0.00109848,False
2022-02-07,156.957,4483.87,0.0800686,0.00244305,0,-0.0763965,0.000791376,0.104536,608.752,0,40,0,0.168383,0.17663,-0.838425,-0.390337,-1.17407,-5.11534,-15.6328,-30.3649,0.000193269,False
2022-02-08,157.011,4521.54,0.0756713,0.00231474,0,0.062523,0.000895352,0.185384,614.414,0,40,0,0.155261,0.162865,-1.62707,-0.759193,-2.48008,-8.12492,-19.1217,-33.6391,0.000344912,False
2022-02-09,157.066,4587.18,0.0748383,0.00228962,0.083242,0.666376,0.0034798,0.783282,621.027,0,40,0,0.149363,0.156791,-5.8188,-2.66634,-4.28013,-10.3515,-20.102,-33.0882,0.000345869,False
2022-02-10,156.621,4504.08,0.0967282,0.00293162,0,-1.15393,0.00512825,0.162598,609.129,0,40,0,0.201249,0.211463,-1.17287,-0.543062,-1.53661,-6.18336,-16.6735,-31.4362,-0.00283049,False
2022-02-11,156.458,4418.64,0.120665,0.00364223,0,-0.287195,0.00139725,0.153959,600.263,0,40,0,0.247971,0.26092,-0.825922,-0.376742,-0.396274,-2.31748,-10.172,-24.8271,-0.00104028,False
2022-02-14,156.532,4401.67,0.105101,0.00318156,0,-0.052613,0.000425369,0.129001,601.5,0,40,0,0.215787,0.226518,-0.783243,-0.359003,-0.561334,-2.56123,-10.2962,-25.0457,0.000471943,False
2022-02-15,156.729,4471.07,0.0918927,0.00279177,0,0.280127,0.000862162,0.300179,612.723,0,40,0,0.187178,0.196486,-2.0461,-0.936749,-1.79859,-6.0818,-16.3451,-30.6633,0.00125973,False
2022-02-16,156.781,4475.01,0.0868758,0.00264201,0,-0.131024,0.00174938,0.199775,614.312,0,40,0,0.177452,0.186459,-1.59006,-0.7381,-2.11047,-7.22995,-17.9969,-32.5734,0.000330918,False
2022-02-17,156.634,4380.26,0.126464,0.00381597,0,-0.288756,0.00100439,0.179648,603.947,0,40,0,0.256017,0.269387,-0.949995,-0.433199,-0.482067,-2.78542,-11.0962,-25.7961,-0.000937525,False
2022-02-18,156.704,4348.87,0.125532,0.0037886,0,-0.0637119,0.00050271,0.167536,602.577,0,40,0,0.251359,0.264485,-0.877462,-0.399652,-0.416023,-2.19387,-9.61563,-24.2357,0.000444609,False
2022-02-22,156.676,4304.76,0.112886,0.00341386,0,-0.171779,0.000533892,0.132853,601.034,0,40,0,0.230268,0.241545,-0.746729,-0.34082,-0.422926,-1.99153,-8.42905,-22.8228,-0.000179686,False
2022-02-23,156.56,4225.5,0.124542,0.00376065,0,-0.219939,0.00117037,0.148405,597.368,0,40,0,0.254323,0.266971,-0.754629,-0.342527,-0.327982,-1.54877,-6.43125,-19.429,-0.000739618,False
2022-02-24,156.647,4288.7,0.117461,0.0035488,0,0.177252,0.00119457,0.350578,610.092,0,40,0,0.242916,0.255246,-1.82483,-0.820925,-1.06267,-3.85342,-12.0739,-26.5026,0.000560786,False
2022-02-25,156.938,4384.65,0.103125,0.00312311,0.187775,1.1246,0.00339836,1.0937,622.198,0,40,0,0.20863,0.21922,-5.3197,-2.33484,-2.5978,-7.43221,-17.0095,-30.0531,0.00185328,False
2022-02-28,157.139,4373.94,0.106016,0.00320921,0.0169549,-0.475439,0.00530767,0.497594,618.665,0,40,0,0.219516,0.230267,-3.18407,-1.44844,-2.34103,-7.1782,-17.0913,-31.1891,0.0012821,False
2022-03-01,157.145,4306.26,0.128592,0.00388043,0,-0.423359,0.00283188,0.189617,608.826,0,40,0,0.265147,0.278132,-1.02884,-0.470655,-0.700004,-3.49858,-12.052,-26.6929,4.13529e-05,False
2022-03-02,157.421,4386.54,0.113701,0.00343685,0,0.360292,0.0022996,0.382103,617.446,0,40,0,0.232303,0.243855,-2.17288,-0.984385,-1.7432,-6.1541,-16.1395,-30.6262,0.00175487,False
2022-03-03,157.425,4363.49,0.122306,0.00369253,0,-0.251777,0.00181035,0.243377,613.782,0,40,0,0.249424,0.262084,-1.3709,-0.625876,-1.01462,-4.43798,-13.8566,-28.5986,2.3838e-05,False
2022-03-04,157.43,4328.87,0.124405,0.00375553,0,-0.180732,0.0006201,0.177924,610.682,0,40,0,0.253795,0.266676,-0.960197,-0.438716,-0.548397,-3.01857,-11.4623,-26.2121,3.0173e-05,False
2022-03-07,157.276,4201.09,0.14271,0.00430122,0,-0.306982,0.000778763,0.162565,598.099,0,40,0,0.293338,0.307704,-0.724895,-0.326558,-0.206569,-0.966708,-4.64245,-16.8083,-0.000978168,False
2022-03-08,157.316,4170.7,0.138766,0.00418408,0,-0.0761521,0.000623481,0.179928,600.112,0,40,0,0.286565,0.300599,-0.830932,-0.375627,-0.295732,-1.4436,-5.62206,-17.476,0.000257155,False
2022-03-09,157.421,4277.88,0.131647,0.00397155,0,0.503739,0.00246177,0.703597,617.846,0,40,0,0.269937,0.283361,-2.98659,-1.30819,-1.2881,-4.21407,-12.2479,-26.2084,0.000669246,False
2022-03-10,157.626,4259.52,0.129826,0.00391784,0,-0.316061,0.00185001,0.307474,616.797,0,40,0,0.261176,0.274433,-1.63796,-0.742392,-1.06986,-4.20756,-12.8255,-27.3329,0.00129665,False
2022-03-11,157.628,4204.31,0.128303,0.00387268,0,-0.26045,0.0018174,0.167602,610.832,0,40,0,0.261759,0.275045,-0.8679,-0.395641,-0.420471,-2.36831,-9.82674,-24.2353,1.29096e-05,False
2022-03-14,157.667,4173.11,0.128734,0.00388659,0,-0.0844771,0.000807863,0.167799,607.994,0,40,0,0.262607,0.275468,-0.848194,-0.38554,-0.385012,-1.94401,-8.39788,-22.5256,0.000249736,False
2022-03-15,157.833,4262.45,0.116795,0.00352984,0,0.400521,0.00159036,0.513992,620.041,0,40,0,0.239919,0.251669,-2.59339,-1.15765,-1.47859,-5.09422,-14.4182,-28.6547,0.00105287,False
2022-03-16,157.497,4357.86,0.101955,0.00308839,0.328256,0.992712,0.00683696,1.60626,629.642,0,40,0,0.207935,0.218276,-7.26472,-3.15003,-2.98481,-7.87667,-16.8804,-29.2301,-0.00212744,False
2022-03-17,157.491,4411.67,0.0989952,0.00300251,0.841141,1.53723,0.0113754,2.39305,630.372,0,40,0,0.198335,0.208402,-9.63721,-4.08288,-3.02055,-7.49271,-15.716,-26.9581,-3.8579e-05,False
2022-03-18,157.167,4463.12,0.0893425,0.00271677,2.10501,1.63124,0.0112674,2.31917,628.322,0,40,0,0.179589,0.188704,-9.04141,-3.79694,-3.16745,-7.93559,-16.4958,-27.9237,-0.00206066,False
2022-03-21,157.487,4461.18,0.0847436,0.00258299,1.21394,-0.399831,0.00852044,0.458449,620.654,0,40,0,0.171431,0.179827,-3.51448,-1.61764,-3.10844,-8.73489,-19.1391,-33.0066,0.00203979,False
2022-03-22,157.579,4511.61,0.0791442,0.0024153,0.684679,0.71873,0.0064745,0.471221,621.72,0,40,0,0.163304,0.171302,-4.08364,-1.89879,-3.89793,-9.95134,-20.3114,-33.9618,0.000581212,False
2022-03-23,157.524,4456.24,0.0905075,0.00275099,0,-0.482341,0.00246972,0.128576,612.429,0,40,0,0.181853,0.190897,-0.98116,-0.455757,-1.49124,-6.38746,-17.1636,-31.9384,-0.000345284,False
2022-03-24,157.622,4520.16,0.0836341,0.00254853,0,0.257179,0.00224153,0.36729,619.027,0,40,0,0.16774,0.176253,-2.81656,-1.29903,-3.2777,-9.33983,-20.0282,-34.0945,0.000617741,False
2022-03-25,157.813,4543.06,0.0716744,0.00219673,0.0100254,0.0567958,0.00346793,0.288799,619.957,0,40,0,0.14744,0.154923,-2.6602,-1.24289,-3.70163,-10.1255,-20.8901,-35.1062,0.00121348,False
2022-03-28,158.233,4575.52,0.0637188,0.00196545,0.0332854,0.418759,0.00289906,0.312842,621.957,0,40,0,0.128425,0.134715,-3.3923,-1.60013,-4.5411,-11.2121,-21.7409,-35.7959,0.00266318,False
2022-03-29,157.788,4631.6,0.0621872,0.00192037,0.496148,0.764641,0.00924084,1.07759,625.085,0,40,0,0.12597,0.132139,-8.86971,-4.09687,-4.77157,-10.513,-19.301,-31.1484,-0.00281372,False
2022-03-30,157.918,4602.45,0.0681476,0.00209272,0.0368709,-0.80361,0.0061471,0.166883,618.099,0,40,0,0.136999,0.143812,-1.88887,-0.894716,-3.99527,-10.6689,-21.6749,-36.2088,0.00082471,False
2022-03-31,157.818,4530.41,0.0782372,0.00238902,0,-0.248821,0.00158328,0.0922961,609.217,0,40,0,0.15861,0.16666,-0.761801,-0.35535,-1.14007,-5.73909,-16.5783,-31.3023,-0.000633041,False
2022-04-01,157.916,4545.86,0.0633158,0.00195289,0,0.0334175,0.000612042,0.0887785,612.292,0,40,0,0.127432,0.1339,-0.934114,-0.441005,-1.96018,-7.46251,-18.6148,-33.3657,0.000618979,False
2022-04-04,158.051,4582.64,0.0561462,0.00174821,0,0.166824,0.00122895,0.173506,617.655,0,40,0,0.115219,0.120861,-2.05342,-0.973792,-3.75386,-10.5025,-21.2996,-35.9256,0.000856567,False
2022-04-05,157.822,4525.12,0.0723101,0.00221675,0,-0.373865,0.00141306,0.097098,612.201,0,40,0,0.146475,0.15376,-0.906479,-0.425624,-1.90379,-7.54863,-18.7322,-33.4456,-0.00144748,False
2022-04-06,157.758,4481.15,0.0817826,0.00249571,0,-0.13766,0.000744127,0.102043,609.028,0,40,0,0.161621,0.169824,-0.825289,-0.384299,-1.12663,-5.548,-16.4312,-31.097,-0.000405917,False
2022-04-07,157.757,4500.21,0.0837462,0.00255234,0,0.000436875,0.00124344,0.183239,612.968,0,40,0,0.167502,0.176249,-1.44943,-0.672525,-1.92106,-7.17995,-18.1669,-32.622,-5.12658e-06,False
2022-04-08,157.853,4488.28,0.0752273,0.00230084,0,-0.0495446,0.000714796,0.110399,613.265,0,40,0,0.152573,0.160541,-0.993195,-0.465469,-1.845,-7.2025,-18.3423,-33.0037,0.000605407,False
2022-04-11,157.721,4412.53,0.0889196,0.00270594,0,-0.224246,0.000887299,0.10383,607.004,0,40,0,0.180138,0.189097,-0.743118,-0.34391,-0.714928,-3.73907,-13.6709,-28.4213,-0.000838446,False
2022-04-12,157.73,4397.45,0.0918053,0.00279085,0,-0.0551509,0.00142618,0.126887,608.475,0,40,0,0.182485,0.19156,-0.906391,-0.419096,-0.990752,-4.1921,-14.1077,-28.7974,5.94758e-05,False
2022-04-13,157.875,4446.59,0.0816556,0.00249235,0,0.180858,0.00124395,0.240862,616.503,0,40,0,0.161718,0.169926,-1.95355,-0.906294,-2.35096,-7.6618,-18.5338,-32.8365,0.00091804,False
2022-04-14,157.862,4392.59,0.0913325,0.00277662,0,-0.213292,0.00132042,0.127242,611.729,0,40,0,0.181584,0.191067,-0.941421,-0.436495,-1.18175,-5.34071,-15.8763,-30.5807,-7.8777e-05,False
2022-04-18,157.938,4391.69,0.0798012,0.00243974,0,-0.0199506,0.000493945,0.108239,613.524,0,40,0,0.162796,0.170769,-0.898232,-0.419053,-1.39319,-6.19098,-17.138,-31.8576,0.000480928,False
2022-04-19,157.893,4462.21,0.0762545,0.00233415,0,0.27998,0.00238001,0.504515,621.608,0,40,0,0.153653,0.161178,-3.77277,-1.73283,-3.57696,-9.80441,-20.1946,-33.9595,-0.000283376,False
2022-04-20,158.008,4459.45,0.0798249,0.00243993,0,-0.160965,0.00386919,0.302442,619.735,0,40,0,0.158749,0.166644,-2.59711,-1.2081,-3.34578,-9.53373,-20.2602,-34.4666,0.000725962,False
2022-04-21,156.964,4393.66,0.0918758,0.00279053,0,-1.3063,0.00687199,0.122088,610.672,0,40,0,0.186485,0.195951,-0.898257,-0.41641,-1.18381,-5.5678,-16.1307,-31.0014,-0.00660558,False
2022-04-22,156.866,4271.78,0.114161,0.0034516,0,-0.201014,0.000785894,0.129596,597.72,0,40,0,0.233884,0.245755,-0.708149,-0.322734,-0.353185,-1.59367,-7.6373,-21.9082,-0.000628155,False
2022-04-25,156.9,4296.12,0.107122,0.00324283,0,-0.0162942,0.000683489,0.182479,604.89,0,40,0,0.221802,0.232665,-1.10227,-0.504415,-0.87229,-3.285,-11.2117,-25.8922,0.000216864,False
2022-04-26,156.787,4175.2,0.133932,0.00403997,0,-0.265125,0.000883475,0.159172,595.796,0,40,0,0.276321,0.289854,-0.757699,-0.343002,-0.255221,-1.30019,-5.9938,-18.695,-0.000718996,False
2022-04-27,156.864,4183.96,0.132943,0.00401093,0,0.0021727,0.000699702,0.212482,603.743,0,40,0,0.271651,0.285161,-1.04902,-0.475614,-0.50976,-2.23267,-8.65923,-22.6995,0.000491721,False
2022-04-28,156.886,4287.5,0.124467,0.00375724,0,0.53182,0.00242796,0.84067,619.217,0,40,0,0.25428,0.267187,-3.77393,-1.65634,-1.69641,-5.62634,-14.9316,-28.6683,0.0001397,False
2022-04-29,156.657,4131.93,0.143564,0.00432764,0,-1.03259,0.00257697,0.173467,600.974,0,40,0,0.293131,0.30801,-0.796372,-0.359895,-0.228509,-1.3008,-6.43957,-19.5983,-0.00145794,False
2022-05-02,156.812,4155.38,0.12784,0.00385895,0,0.0561278,0.00074849,0.197966,607.289,0,40,0,0.265739,0.278754,-1.0119,-0.459765,-0.536787,-2.39733,-9.32225,-23.4626,0.000988539,False
2022-05-03,156.96,4175.48,0.120472,0.00364112,0,0.0474343,0.000625134,0.213946,610.851,0,40,0,0.246945,0.259039,-1.197,-0.546416,-0.860894,-3.52556,-11.534,-26.08,0.000941633,False
2022-05-04,156.885,4300.17,0.103311,0.00313076,0.118232,1.09536,0.00543101,1.36095,625.68,0,40,0,0.211635,0.22216,-6.68239,-2.93526,-2.79031,-7.40992,-16.5485,-29.0782,-0.00047863,False
2022-05-05,156.344,4146.87,0.145168,0.00437517,0,-1.83331,0.00445332,0.20514,604.725,0,40,0,0.298279,0.313419,-0.970334,-0.439867,-0.346084,-2.09097,-8.98047,-22.9636,-0.00344944,False
2022-05-06,156.41,4123.34,0.127425,0.00384724,0,-0.101952,0.000652522,0.159972,602.711,0,40,0,0.262828,0.276168,-0.806188,-0.366356,-0.337264,-1.7953,-8.07507,-21.9863,0.000423052,False
2022-05-09,156.204,3991.24,0.141786,0.0042763,0,-0.345445,0.000682501,0.156889,589.965,0,40,0,0.294353,0.308769,-0.695026,-0.312279,-0.203179,-0.900853,-3.77425,-13.3469,-0.00131408,False
2022-05-10,156.195,4001.05,0.13749,0.00414901,0,-0.0879519,0.00160416,0.210178,598.487,0,40,0,0.28284,0.296692,-0.998619,-0.45152,-0.446192,-1.89001,-6.64851,-18.4148,-6.08386e-05,False
2022-05-11,156.178,3935.18,0.141898,0.00428056,0,-0.185952,0.00083267,0.177488,597.144,0,40,0,0.292589,0.30714,-0.811142,-0.366372,-0.237095,-1.30373,-5.78256,-17.345,-0.000105496,False
2022-05-12,156.204,3930.08,0.149679,0.00451191,0,-0.0527921,0.000947471,0.242852,602.453,0,40,0,0.307798,0.32342,-1.07722,-0.485558,-0.355038,-1.75234,-7.26542,-20.2243,0.00016688,False
2022-05-13,156.555,4023.89,0.126439,0.00381913,0,0.520162,0.00188658,0.533358,617.328,0,40,0,0.259137,0.27229,-2.62626,-1.17261,-1.41593,-4.97101,-14.1226,-28.4127,0.00224315,False
2022-05-16,156.723,4008.01,0.111494,0.0033765,0,-0.285538,0.00223174,0.18556,614.194,0,40,0,0.232215,0.243588,-1.16493,-0.53574,-1.09613,-4.63918,-14.1489,-29.0077,0.00107404,False
2022-05-17,156.796,4088.85,0.10549,0.00319934,0.0030606,0.454364,0.00466816,0.661086,622.473,0,40,0,0.217485,0.228136,-3.98154,-1.79988,-2.78644,-7.88553,-17.8041,-31.6033,0.000468347,False
2022-05-18,156.432,3923.68,0.129961,0.00392609,0,-1.00199,0.00278425,0.146707,598.762,0,40,0,0.266146,0.279382,-0.718106,-0.325284,-0.266809,-1.27638,-6.55859,-20.0696,-0.00232379,False
2022-05-19,156.414,3900.79,0.132417,0.0039993,0,-0.109488,0.000864046,0.182399,598.985,0,40,0,0.273317,0.28719,-0.883135,-0.400181,-0.37426,-1.73542,-6.86972,-20.047,-0.000112678,False
2022-05-20,156.489,3901.36,0.137467,0.00414935,0,-0.00883237,0.00060704,0.231532,603.27,0,40,0,0.280158,0.294789,-1.1243,-0.509426,-0.51761,-2.3796,-8.56324,-22.1944,0.000477868,False
2022-05-23,156.977,3973.75,0.116588,0.00352825,0,0.526324,0.00180861,0.381225,616.058,0,40,0,0.239613,0.251529,-2.17695,-0.987176,-1.63397,-5.55759,-14.7982,-29.1902,0.00311768,False
2022-05-24,156.936,3941.48,0.122274,0.00369804,0,-0.339784,0.00167451,0.198998,612.669,0,40,0,0.250082,0.262519,-1.13276,-0.518726,-0.853416,-4.08463,-13.3093,-28.1144,-0.000258992,False
2022-05-25,157.013,3978.73,0.123602,0.00373683,0,0.0771137,0.00130084,0.318037,616.599,0,40,0,0.248356,0.260961,-1.77551,-0.807699,-1.4818,-5.55492,-15.26,-29.968,0.000488345,False
2022-05-26,156.771,4057.84,0.118807,0.00359319,0.0471444,0.398034,0.00595785,1.01963,623.433,0,40,0,0.240771,0.253344,-5.06484,-2.24246,-2.68447,-7.47955,-16.8584,-30.1678,-0.00153777,False
2022-05-27,156.908,4158.24,0.106205,0.00321905,1.65118,4.06286,0.0132224,3.38389,630.45,0,40,0,0.213242,0.224378,-11.6447,-4.79283,-2.80612,-6.82739,-14.1661,-24.4232,0.000875049,False
2022-05-31,157.878,4132.15,0.104238,0.0031621,0.347845,-1.32926,0.00729002,0.831429,621.25,0,40,0,0.210289,0.220588,-4.84834,-2.17343,-2.40162,-6.86035,-16.1254,-29.4952,0.00617652,False
2022-06-01,157.656,4101.23,0.10571,0.00320646,0,-0.983863,0.00698311,0.164778,613.475,0,40,0,0.213531,0.22415,-1.1584,-0.536492,-1.27406,-5.06346,-14.7402,-29.6156,-0.0014042,False
2022-06-02,157.564,4176.82,0.0991589,0.00301059,0.16409,0.346854,0.00229623,0.53339,620.597,0,40,0,0.20426,0.214627,-3.16657,-1.4303,-2.46226,-7.57991,-17.8377,-31.8151,-0.000583521,False
2022-06-03,157.423,4108.54,0.100574,0.0030559,0,-0.63799,0.00193745,0.131933,610.819,0,40,0,0.201831,0.212076,-0.879667,-0.405531,-0.826548,-4.02561,-13.6876,-28.5234,-0.000894577,False
2022-06-06,157.449,4121.43,0.099663,0.00302676,0,-0.0211976,0.00135361,0.179834,613.55,0,40,0,0.205379,0.215437,-1.19867,-0.551719,-1.26003,-5.22692,-15.3706,-30.1385,0.000166331,False
2022-06-07,157.476,4160.68,0.0977312,0.00297039,0,0.0602469,0.00151578,0.306585,617.794,0,40,0,0.197675,0.207356,-2.11948,-0.973477,-2.18904,-7.22306,-17.7394,-32.1384,0.000169837,False
2022-06-08,157.479,4115.77,0.101535,0.0030815,0,-0.254789,0.00134694,0.145863,611.648,0,40,0,0.208747,0.219129,-0.967566,-0.446291,-1.01877,-4.73672,-14.708,-29.5765,1.9307e-05,False
2022-06-09,157.361,4017.82,0.126451,0.00382154,0,-0.234285,0.000856606,0.151789,601.689,0,40,0,0.257388,0.270453,-0.766978,-0.348405,-0.304892,-1.55801,-7.89072,-22.1108,-0.000752087,False
2022-06-10,157.246,3900.86,0.138666,0.00418509,0,-0.243793,0.000734762,0.156002,592.416,0,40,0,0.285029,0.299913,-0.701706,-0.316135,-0.212255,-0.967885,-4.05037,-14.4172,-0.000726099,False
2022-06-13,157.046,3749.63,0.154402,0.00465527,0,-0.338252,0.000560527,0.167201,583.14,0,40,0,0.31813,0.333951,-0.682537,-0.304537,-0.159416,-0.719768,-2.82119,-9.19838,-0.00127357,False
2022-06-14,157.131,3735.48,0.146689,0.00442674,0,-0.0306018,0.000698425,0.192899,594.031,0,40,0,0.299268,0.314151,-0.852972,-0.383987,-0.279767,-1.3617,-5.00668,-13.965,0.000542924,False
2022-06-15,156.807,3789.99,0.142765,0.00430934,0,-0.259441,0.00431432,0.391921,610.072,0,40,0,0.290897,0.305662,-1.75673,-0.78511,-0.820632,-3.05403,-9.3405,-22.1037,-0.00206401,False
2022-06-16,156.554,3666.77,0.163751,0.00493581,0,-0.602891,0.00139963,0.199309,598.623,0,40,0,0.331827,0.349156,-0.815554,-0.365056,-0.132361,-0.795991,-4.30292,-15.1677,-0.00161258,False
2022-06-17,156.706,3674.84,0.139686,0.00422049,0,0.00694739,0.000703045,0.189486,604.935,0,40,0,0.28164,0.296348,-0.888736,-0.401987,-0.330835,-1.57429,-6.54419,-19.5575,0.000967922,False
2022-06-21,157.081,3764.79,0.117209,0.00355174,0,0.566739,0.00255703,0.49178,618.731,0,40,0,0.241697,0.253534,-2.51893,-1.12628,-1.4295,-4.74516,-13.6156,-27.8583,0.0023965,False
2022-06-22,156.789,3759.89,0.116348,0.00352665,0,-0.607406,0.00450623,0.284391,616.784,0,40,0,0.239703,0.251624,-1.68114,-0.76691,-1.37378,-5.05988,-14.3325,-28.9963,-0.00185701,False
2022-06-23,156.882,3795.73,0.122204,0.00369777,0,0.173167,0.00276561,0.48044,619.824,0,40,0,0.249618,0.262288,-2.72845,-1.23573,-2.01415,-6.44418,-16.1227,-30.4886,0.000592256,False
2022-06-24,156.33,3911.74,0.117857,0.00356698,1.34869,3.40281,0.01091,3.1898,629.312,0,40,0,0.240559,0.253122,-11.0289,-4.56239,-2.68603,-6.69582,-14.1622,-24.6692,-0.00351767,False
2022-06-27,157.624,3900.11,0.104871,0.00318617,0.405573,-0.777991,0.00633842,0.808149,621.327,0,40,0,0.213982,0.224624,-4.84157,-2.17933,-2.5787,-7.15867,-16.3868,-29.7767,0.00827373,False
2022-06-28,157.071,3821.55,0.112376,0.00340927,0,-1.32805,0.00497105,0.136627,607.697,0,40,0,0.229054,0.240445,-0.811576,-0.372375,-0.691973,-3.3206,-11.5852,-26.247,-0.00350537,False
2022-06-29,157.11,3818.83,0.11917,0.00360845,0,-0.0212691,0.000795438,0.191586,607.35,0,40,0,0.241459,0.253715,-1.05015,-0.478749,-0.688312,-3.04121,-10.9339,-25.5511,0.000245356,False
2022-06-30,157.055,3785.38,0.123984,0.00375041,0,-0.189796,0.00102926,0.175916,605.092,0,40,0,0.253053,0.266268,-0.925511,-0.421769,-0.479333,-2.42101,-9.36634,-23.7522,-0.00034958,False
2022-07-01,157.215,3825.33,0.109704,0.0033301,0,0.101301,0.000851107,0.223097,613.883,0,40,0,0.220018,0.231508,-1.36965,-0.627291,-1.16985,-4.72295,-14.3027,-29.0582,0.00101648,False
2022-07-05,157.292,3831.39,0.109561,0.00332515,0,-0.0335323,0.00133333,0.216816,615.345,0,40,0,0.226204,0.237283,-1.35142,-0.620345,-1.27985,-5.27668,-15.3395,-30.1388,0.000493917,False
2022-07-06,157.368,3845.08,0.113013,0.00342801,0,-0.00406867,0.00130501,0.24512,616.598,0,40,0,0.228241,0.239592,-1.52544,-0.699949,-1.54178,-5.88311,-16.0375,-30.8,0.000482592,False
2022-07-07,157.614,3902.62,0.109552,0.00332339,0,0.482635,0.00240129,0.58575,622.481,0,40,0,0.22048,0.231671,-3.57226,-1.62094,-2.81438,-8.02748,-18.0693,-31.9678,0.00156214,False
2022-07-08,157.937,3899.38,0.0975599,0.00297195,0,-0.14527,0.00274153,0.209403,619.234,0,40,0,0.195227,0.205136,-1.60407,-0.744711,-2.21728,-7.38223,-17.9554,-32.617,0.00204883,False
2022-07-11,157.886,3854.43,0.0988476,0.0030105,0,-0.233813,0.00099527,0.121767,612.142,0,40,0,0.199961,0.209754,-0.808773,-0.372887,-0.776682,-4.18845,-14.0006,-28.9007,-0.000325038,False
2022-07-12,157.841,3818.8,0.108615,0.00329835,0,-0.126992,0.00121042,0.14303,608.416,0,40,0,0.218331,0.229024,-0.856971,-0.392745,-0.615791,-2.92984,-11.4303,-26.2398,-0.000279626,False
2022-07-13,157.794,3801.78,0.109632,0.0033287,0,-0.140938,0.000983591,0.154942,608.843,0,40,0,0.221021,0.232013,-0.92618,-0.424504,-0.697724,-3.16981,-11.516,-26.2987,-0.000301133,False
2022-07-14,157.764,3790.38,0.110182,0.00334577,0,-0.126495,0.000933342,0.164192,610.682,0,40,0,0.222422,0.233712,-0.985208,-0.451706,-0.760499,-3.53098,-12.4117,-27.2593,-0.00018912,False
2022-07-15,158.09,3863.16,0.0917218,0.00280163,0,0.502282,0.00187919,0.428077,622.344,0,40,0,0.186388,0.195848,-2.86324,-1.30712,-2.54915,-7.94739,-18.4972,-32.5466,0.00206281,False
2022-07-18,157.597,3830.85,0.104597,0.00318028,0,-0.819726,0.00490805,0.196994,616.629,0,40,0,0.213421,0.223873,-1.32949,-0.612926,-1.4903,-5.95453,-16.3439,-31.1339,-0.00311301,False
2022-07-19,156.897,3936.69,0.104947,0.00318726,0.178258,1.16456,0.00847281,1.97673,627.685,0,40,0,0.213336,0.223784,-9.13782,-3.9729,-3.23799,-7.96658,-16.4156,-27.9003,-0.00444263,False
2022-07-20,157.353,3959.9,0.10385,0.00315539,0.631434,0.628586,0.0119135,1.60666,624.788,0,40,0,0.212448,0.223013,-7.63985,-3.33373,-2.95996,-7.5912,-16.2789,-28.4398,0.0029064,False
2022-07-21,157.811,3998.95,0.0986362,0.00299978,1.07037,1.41258,0.00817011,1.57813,624.646,0,40,0,0.202317,0.212586,-7.25939,-3.14773,-2.89009,-7.5566,-16.4391,-28.6781,0.00291193,False
2022-07-22,158.238,3961.63,0.0951801,0.0028997,0.0381855,-0.960693,0.00426745,0.240613,615.974,0,40,0,0.193381,0.203197,-1.78772,-0.825078,-1.57997,-5.95525,-16.1022,-30.6134,0.00270356,False
2022-07-25,158.443,3966.84,0.0900741,0.00275022,0.00353274,0.0154669,0.00153294,0.133705,615.646,0,40,0,0.181505,0.190394,-0.998699,-0.463298,-1.33492,-5.83598,-16.4452,-31.188,0.0012932,False
2022-07-26,158.419,3921.05,0.0991176,0.00301566,0,-0.124736,0.000764109,0.128144,611.023,0,40,0,0.201823,0.211707,-0.834853,-0.38452,-0.729303,-3.59619,-13.0251,-27.8268,-0.000150444,False
2022-07-27,158.168,4023.61,0.0883458,0.002697,0,0.48112,0.00424386,0.941509,625.424,0,40,0,0.180319,0.189286,-5.06058,-2.24726,-3.15279,-8.70971,-18.624,-31.7704,-0.00158339,False
2022-07-28,157.75,4072.43,0.088081,0.00269021,0.375005,0.697125,0.0063885,1.76036,628.502,0,40,0,0.175704,0.184622,-8.60381,-3.76048,-3.6751,-8.81646,-17.5536,-29.2733,-0.00264105,False
2022-07-29,157.978,4130.29,0.0775804,0.00238218,1.49781,2.9603,0.012743,3.05788,630.545,0,40,0,0.155599,0.163496,-11.5873,-4.83787,-3.44148,-8.0198,-15.7659,-26.0069,0.00144166,False
2022-08-01,158.289,4118.63,0.0827673,0.00253162,1.01789,-0.804584,0.00954953,0.995027,623.024,0,40,0,0.169823,0.17814,-5.2064,-2.29538,-3.21353,-8.6582,-18.4896,-31.533,0.00196902,False
2022-08-02,158.352,4091.19,0.0922769,0.00281226,0.249145,-0.626052,0.00345833,0.142855,615.839,0,40,0,0.183876,0.192881,-1.13559,-0.529074,-1.89942,-7.05518,-17.8343,-32.5533,0.000397881,False
2022-08-03,158.452,4155.17,0.0845944,0.00258631,0.0284529,0.343927,0.00599503,0.434038,622.623,0,40,0,0.168767,0.17716,-3.27319,-1.50754,-3.52371,-9.63241,-20.1799,-34.0695,0.000633431,False
2022-08-04,158.638,4151.94,0.0876079,0.00267427,0,-0.0700827,0.00121933,0.261913,620.861,0,40,0,0.17347,0.182275,-2.09449,-0.971377,-2.88689,-8.81664,-19.6044,-33.9647,0.00117232,False
2022-08-05,158.629,4145.19,0.0810233,0.00248073,0,-0.211234,0.00167584,0.136808,619.45,0,40,0,0.162495,0.170742,-1.22481,-0.573938,-2.38146,-8.17287,-19.2213,-33.9098,-5.83846e-05,False
2022-08-08,158.658,4140.06,0.0762207,0.00234225,0,-0.07057,0.0023342,0.108298,618.156,0,40,0,0.154076,0.161622,-0.963784,-0.451437,-1.96769,-7.62559,-18.7982,-33.5321,0.00018587,False
2022-08-09,158.669,4122.47,0.0815753,0.00249788,0,-0.057848,0.000676979,0.118377,616.039,0,40,0,0.164489,0.172545,-0.969595,-0.452125,-1.50174,-6.44096,-17.4509,-32.1174,6.60139e-05,False
2022-08-10,158.643,4210.24,0.0712352,0.00219647,0.0122334,0.679888,0.00577221,0.875014,626.931,0,40,0,0.144399,0.151581,-6.06164,-2.76128,-4.31784,-10.4323,-20.0662,-32.9585,-0.000162077,False
2022-08-11,158.74,4207.27,0.0754816,0.00231734,0.0489739,-0.290437,0.00490381,0.506549,624.139,0,40,0,0.152976,0.160741,-4.08541,-1.88828,-3.95877,-10.1171,-20.3989,-34.0188,0.000613418,False
2022-08-12,158.536,4280.15,0.0684432,0.00211248,0.886076,2.21645,0.0146738,2.09318,629.85,0,40,0,0.137436,0.144411,-11.459,-5.07516,-4.00574,-8.97481,-16.8715,-27.4103,-0.00128893,False
2022-08-15,158.656,4297.14,0.0667709,0.00206427,1.26149,0.47578,0.00721443,1.24478,626.876,0,40,0,0.135706,0.142352,-7.93708,-3.58013,-4.26093,-9.94538,-19.0161,-31.0743,0.000758157,False
2022-08-16,158.479,4305.2,0.0713865,0.00219589,0.687997,-0.311677,0.0116771,0.479649,623.476,0,40,0,0.143663,0.150699,-4.55358,-2.12942,-4.24728,-10.4577,-20.6815,-34.1472,-0.00111583,False
2022-08-17,158.364,4274.04,0.0791913,0.00242487,0,-0.542003,0.00436033,0.124807,617.102,0,40,0,0.158027,0.165886,-1.17192,-0.550946,-2.47587,-8.44361,-19.5726,-34.2472,-0.000724106,False
2022-08-18,158.43,4283.74,0.076749,0.00235138,0,0.00472962,0.000803406,0.137116,617.451,0,40,0,0.153656,0.161455,-1.22299,-0.572569,-2.43248,-8.53912,-19.7134,-34.343,0.000416852,False
2022-08-19,158.358,4228.48,0.0761432,0.0023347,0,-0.192115,0.00082845,0.089858,611.532,0,40,0,0.157056,0.165027,-0.74454,-0.347343,-1.00163,-5.11619,-15.9294,-30.6237,-0.00045368,False
2022-08-22,158.243,4137.99,0.0869158,0.00265356,0,-0.193716,0.000669048,0.0951325,603.947,0,40,0,0.178373,0.187109,-0.675304,-0.31197,-0.612563,-2.56238,-10.503,-25.1414,-0.000728712,False
2022-08-23,158.274,4128.73,0.0906891,0.00276435,0,-0.0212708,0.000632181,0.130194,608.033,0,40,0,0.184045,0.193059,-0.929242,-0.429535,-1.02948,-3.87508,-12.5655,-27.1617,0.00019565,False
2022-08-24,158.345,4140.77,0.0880414,0.0026855,0,0.0198358,0.000815572,0.162746,613.84,0,40,0,0.179506,0.188434,-1.23456,-0.572401,-1.61903,-5.73653,-15.8437,-30.3871,0.000453799,False
2022-08-25,158.449,4199.12,0.0894183,0.00272574,0,0.446101,0.00281566,0.589264,623.31,0,40,0,0.180172,0.189317,-4.02491,-1.83768,-3.21873,-8.8461,-19.0977,-32.6564,0.000653383,False
2022-08-26,158.073,4057.66,0.110883,0.0033593,0,-0.942776,0.00273685,0.126736,606.283,0,40,0,0.22203,0.233625,-0.733674,-0.335626,-0.423216,-2.27046,-10.2843,-24.9372,-0.00236961,False
2022-08-29,158.084,4030.61,0.100326,0.00304797,0,-0.0924698,0.000570382,0.120159,606.366,0,40,0,0.204145,0.214297,-0.758631,-0.348419,-0.609099,-2.60441,-10.0836,-24.6131,6.84107e-05,False
2022-08-30,158.07,3986.16,0.102427,0.00311281,0,-0.108564,0.00106721,0.124135,605.059,0,40,0,0.208657,0.219034,-0.76238,-0.349813,-0.571675,-2.61093,-9.41281,-23.4905,-9.04148e-05,False
2022-08-31,158.07,3955,0.106767,0.00324023,0,-0.0864141,0.000895095,0.140528,606.853,0,40,0,0.216692,0.22769,-0.84049,-0.385266,-0.607221,-2.76666,-10.202,-24.3219,-1.10458e-06,False
2022-09-01,158.108,3966.85,0.108502,0.00328879,0,-0.0023828,0.000787361,0.204859,613.369,0,40,0,0.221395,0.232956,-1.22813,-0.56218,-1.00661,-4.08188,-13.1619,-27.9134,0.00023858,False
2022-09-02,158.121,3924.26,0.106303,0.00322738,0,-0.159034,0.00146223,0.134162,610.66,0,40,0,0.213242,0.224378,-0.817032,-0.375093,-0.580871,-3.02177,-11.6427,-26.4829,8.39667e-05,False
2022-09-06,158.122,3908.19,0.106463,0.00323221,0,-0.0881227,0.00107815,0.147435,611.594,0,40,0,0.2185,0.229201,-0.892337,-0.40937,-0.67708,-3.19849,-12.0269,-26.8791,4.7874e-06,False
2022-09-07,158.203,3979.87,0.101487,0.00308461,0,0.340842,0.00220235,0.50268,622.258,0,40,0,0.204686,0.214866,-2.94834,-1.33097,-2.12757,-6.99508,-17.2691,-31.3132,0.0005173,False
2022-09-08,158.285,4006.18,0.0990872,0.00301434,0.028095,0.0668961,0.00308455,0.552426,624.204,0,40,0,0.199695,0.20983,-3.49132,-1.5851,-2.76536,-8.08232,-18.2829,-32.1646,0.000518598,False
2022-09-09,158.592,4067.36,0.0904469,0.00276031,0.277717,1.28745,0.0110755,1.33226,629.294,0,40,0,0.181532,0.190746,-7.61073,-3.39845,-3.51462,-8.68793,-17.7669,-29.891,0.00193642,False
2022-09-12,158.755,4110.41,0.099102,0.00301073,1.16496,1.70942,0.00974216,1.80015,629.668,0,40,0,0.200892,0.21073,-8.65349,-3.77898,-3.23638,-7.98313,-16.5728,-28.1903,0.00102732,False
2022-09-13,157.308,3932.69,0.110099,0.00333972,0,-3.22925,0.00611223,0.11856,603.038,0,40,0,0.226374,0.23746,-0.664868,-0.303279,-0.370958,-1.68664,-8.11904,-22.1772,-0.00911479,False
2022-09-14,157.328,3946.01,0.110886,0.00336166,0,-0.0144533,0.00116521,0.190164,607.001,0,40,0,0.227339,0.238645,-1.0955,-0.499777,-0.811987,-2.98766,-10.2618,-24.5759,0.000129053,False
2022-09-15,157.292,3901.35,0.119826,0.00362569,0,-0.179644,0.000894652,0.162355,604.22,0,40,0,0.242528,0.254838,-0.886667,-0.404412,-0.509357,-2.53657,-9.06027,-22.8458,-0.000232191,False
2022-09-16,157.301,3873.33,0.117838,0.00356811,0,-0.110474,0.000644163,0.155832,605.557,0,40,0,0.239614,0.251776,-0.858341,-0.391938,-0.479283,-2.42222,-9.7028,-23.7009,6.1516e-05,False
2022-09-19,157.394,3899.89,0.108721,0.00329905,0,0.0329718,0.000925273,0.200565,612.877,0,40,0,0.224511,0.235507,-1.21953,-0.558536,-1.00386,-4.15329,-13.5683,-28.3658,0.000589537,False
2022-09-20,157.341,3855.93,0.120846,0.00365857,0,-0.199793,0.00101662,0.169441,608.712,0,40,0,0.247369,0.259483,-0.927089,-0.423391,-0.53797,-2.80768,-10.9233,-25.6884,-0.000333548,False
2022-09-21,157.272,3789.93,0.12855,0.00388726,0,-0.206775,0.00134339,0.155497,603.168,0,40,0,0.261092,0.274077,-0.777163,-0.352807,-0.309822,-1.56413,-7.48897,-21.5462,-0.000441786,False
2022-09-22,157.323,3757.99,0.122912,0.00372019,0,-0.0699157,0.000641686,0.153381,603.211,0,40,0,0.24923,0.26188,-0.797038,-0.362513,-0.387838,-1.82512,-7.48252,-21.3559,0.000322696,False
2022-09-23,157.279,3693.23,0.12993,0.00393007,0,-0.166954,0.000726491,0.155791,599.837,0,40,0,0.263216,0.276576,-0.764809,-0.346693,-0.297614,-1.44423,-6.11977,-18.5861,-0.000280253,False
2022-09-26,157.279,3655.04,0.134254,0.00405961,0,-0.113218,0.000873565,0.171091,601.381,0,40,0,0.273358,0.286746,-0.826611,-0.37455,-0.327921,-1.59566,-6.50846,-19.1229,5.09824e-06,False
2022-09-27,157.297,3647.29,0.134892,0.00407908,0,-0.080252,0.00203814,0.202519,606.138,0,40,0,0.27556,0.289055,-0.989922,-0.449051,-0.45219,-2.14101,-8.18982,-21.8915,0.000108693,False
2022-09-28,157.378,3719.04,0.128377,0.0038832,0,0.317849,0.00238627,0.561034,619.171,0,40,0,0.262897,0.275971,-2.67296,-1.19009,-1.46155,-5.02608,-14.0837,-28.3158,0.000517752,False
2022-09-29,157.195,3640.47,0.141861,0.00428509,0,-0.679022,0.00197506,0.20066,608.635,0,40,0,0.29148,0.306275,-0.956314,-0.433815,-0.34476,-2.03696,-8.8945,-23.0316,-0.0011631,False
2022-09-30,157.198,3585.62,0.130236,0.00394043,0,-0.170835,0.000767632,0.151805,603.262,0,40,0,0.267878,0.281475,-0.736019,-0.333543,-0.26486,-1.2973,-6.28198,-19.5203,2.25662e-05,False
2022-10-03,157.318,3678.43,0.119895,0.00363386,0,0.460664,0.00227234,0.606918,618.096,0,40,0,0.245422,0.257441,-2.75511,-1.21171,-1.25814,-4.45215,-13.2337,-27.3657,0.000760445,False
2022-10-04,156.887,3790.93,0.114062,0.00345796,0.59781,2.653,0.00820964,3.196,631.034,0,40,0,0.235686,0.247229,-9.44886,-3.79142,-2.5372,-6.71244,-14.6449,-25.7688,-0.00274284,False
2022-10-05,156.819,3783.28,0.120387,0.00364511,0.365935,-1.18989,0.00940739,1.81457,624.219,0,40,0,0.246111,0.25835,-6.66736,-2.79281,-2.22203,-6.23497,-14.5796,-27.1289,-0.000427407,False
2022-10-06,157.25,3744.52,0.135352,0.00408879,0.0584333,-1.01263,0.0032023,0.44082,613.759,0,40,0,0.277785,0.291885,-2.37163,-1.06739,-1.2375,-4.36396,-12.5662,-26.6532,0.00274676,False
2022-10-07,157.127,3639.66,0.131367,0.00397385,0,-0.544159,0.0018654,0.144918,598.146,0,40,0,0.268461,0.282087,-0.688616,-0.311301,-0.245755,-1.10525,-5.2578,-17.7221,-0.000780475,False
2022-10-10,157.149,3612.39,0.126675,0.00383603,0,-0.0868137,0.000756499,0.15829,599.201,0,40,0,0.260998,0.273781,-0.79254,-0.359448,-0.364744,-1.68561,-6.10678,-18.1039,0.000139361,False
2022-10-11,157.143,3588.84,0.135805,0.00410658,0,-0.10017,0.000725157,0.195343,602.543,0,40,0,0.27903,0.292696,-0.939112,-0.425509,-0.391443,-1.924,-7.28344,-19.6821,-3.97695e-05,False
2022-10-12,157.196,3577.03,0.146959,0.00443777,0,-0.0436715,0.000755599,0.24063,606.781,0,40,0,0.299087,0.313961,-1.10326,-0.498792,-0.416727,-2.10622,-8.32831,-21.6904,0.000336039,False
2022-10-13,156.558,3669.91,0.137824,0.00416366,0,-0.138459,0.00405644,0.870129,621.652,0,40,0,0.282545,0.296885,-3.67357,-1.60801,-1.70027,-5.56642,-14.6116,-28.4774,-0.00406088,False
2022-10-14,156.416,3583.07,0.125324,0.00379695,0,-0.973459,0.00595203,0.153684,607.509,0,40,0,0.256709,0.269738,-0.804983,-0.366639,-0.375518,-2.09402,-9.21423,-23.4851,-0.000903429,False
2022-10-17,156.54,3677.95,0.11599,0.00351869,0,0.578922,0.00302381,0.717781,619.99,0,40,0,0.241951,0.2538,-3.2967,-1.44808,-1.81099,-5.96879,-15.3691,-29.4059,0.000794503,False
2022-10-18,155.762,3719.98,0.115775,0.00350839,0.173419,-0.362593,0.0138024,1.05905,620.446,0,40,0,0.240342,0.252113,-4.62982,-2.00753,-2.18078,-6.58035,-15.9074,-29.4158,-0.00497515,False
2022-10-19,155.98,3695.16,0.120886,0.00366234,0,-0.586194,0.00325927,0.368707,612.49,0,40,0,0.247013,0.259298,-2.19738,-0.998027,-1.44262,-5.12561,-14.3742,-28.8203,0.00140028,False
2022-10-20,155.971,3665.78,0.122577,0.00371147,0,-0.316783,0.00354285,0.175627,606.42,0,40,0,0.251075,0.263819,-0.995066,-0.455744,-0.714385,-3.44387,-11.9938,-26.771,-5.37218e-05,False
2022-10-21,155.978,3752.75,0.117048,0.00354597,0.0575522,0.500832,0.00321879,0.722822,616.212,0,40,0,0.2401,0.252286,-3.46588,-1.53172,-2.02482,-6.53264,-16.268,-30.1902,4.08239e-05,False
2022-10-24,155.927,3797.34,0.123136,0.0037252,0.140342,0.484325,0.00880303,1.22847,618.964,0,40,0,0.255919,0.268453,-5.315,-2.30557,-2.44844,-6.98685,-16.1094,-29.2099,-0.000327349,False
2022-10-25,156.13,3859.11,0.120651,0.00365154,0.538889,1.66706,0.0043423,2.26589,622.903,0,40,0,0.248892,0.261082,-8.50692,-3.57493,-2.57695,-6.70469,-14.7304,-26.4383,0.00130447,False
2022-10-26,156.605,3830.6,0.123075,0.00372305,0.154879,-1.24712,0.00499717,0.503737,613.792,0,40,0,0.253331,0.265929,-2.85137,-1.28339,-1.68156,-5.55352,-14.5551,-28.6816,0.00303922,False
2022-10-27,156.783,3807.3,0.130653,0.00394859,0,-0.250006,0.00174407,0.200591,608.202,0,40,0,0.266518,0.280046,-1.06041,-0.484118,-0.67361,-3.40775,-11.8348,-26.4429,0.00113726,False
2022-10-28,156.726,3901.06,0.118872,0.00359768,0,0.341512,0.0044752,0.709511,619.495,0,40,0,0.241945,0.254225,-3.51497,-1.5612,-2.11697,-6.65621,-16.355,-30.2778,-0.000361065,False
2022-10-31,156.9,3871.98,0.120166,0.00363701,0,-0.398382,0.00174916,0.252317,613.639,0,40,0,0.248977,0.261171,-1.46856,-0.670748,-1.16612,-4.78324,-14.2423,-28.9273,0.00110762,False
2022-11-01,156.862,3856.1,0.12286,0.00371744,0,-0.217785,0.00232817,0.188764,611.147,0,40,0,0.250924,0.263213,-1.06139,-0.485786,-0.78148,-3.82015,-12.7918,-27.5929,-0.00023848,False
2022-11-02,156.736,3759.69,0.124508,0.00376858,0,-0.295509,0.000851275,0.139266,599.109,0,40,0,0.254323,0.266971,-0.701077,-0.317875,-0.29032,-1.28713,-6.22555,-19.6065,-0.000804036,False
2022-11-03,156.711,3719.89,0.127972,0.00387055,0,-0.125979,0.000822932,0.161376,598.249,0,40,0,0.260982,0.274229,-0.804021,-0.364766,-0.352144,-1.65118,-6.29466,-18.837,-0.000158291,False
2022-11-04,156.768,3770.55,0.120964,0.00366261,0,0.105743,0.00230804,0.325423,610.083,0,40,0,0.246704,0.259226,-1.70997,-0.771669,-1.04674,-3.76625,-11.5207,-25.8565,0.000361747,False
2022-11-07,157.174,3806.8,0.106897,0.00324723,0,0.30974,0.00142866,0.331141,617.071,0,40,0,0.22121,0.232043,-2.08429,-0.951678,-1.82614,-6.09295,-15.9043,-30.3525,0.00259137,False
2022-11-08,157.146,3828.11,0.113487,0.00344132,0,-0.05085,0.00505674,0.413008,619.249,0,40,0,0.2334,0.244831,-2.58242,-1.17876,-2.21669,-7.00006,-17.0439,-31.3985,-0.000176421,False
2022-11-09,157.047,3748.57,0.121472,0.00367721,0,-0.478666,0.00200697,0.149403,606.868,0,40,0,0.248728,0.261098,-0.80253,-0.366126,-0.404695,-2.49512,-10.5591,-25.1918,-0.00063172,False
2022-11-10,154.924,3956.37,0.109935,0.00333255,1.32872,3.74184,0.0145222,4.77739,630.661,0,40,0,0.226405,0.237896,-12.9839,-5.10471,-2.76359,-6.56585,-13.4218,-22.9085,-0.0135169,False
2022-11-11,155.633,3992.93,0.0908465,0.00277013,2.16765,2.29602,0.00926452,4.27616,626.64,0,40,0,0.187845,0.197379,-11.2699,-4.33403,-2.66441,-6.58676,-13.9244,-24.1895,0.00457261,False
2022-11-14,156.12,3957.25,0.0895241,0.00273364,0.440958,-1.94456,0.00768125,1.48229,615.009,0,40,0,0.18447,0.193644,-5.40982,-2.24086,-1.89773,-5.98256,-15.0839,-28.0356,0.00313215,False
2022-11-15,155.899,3991.73,0.0889492,0.0027166,1.15869,0.506892,0.00867342,1.12936,613.599,0,40,0,0.180048,0.189002,-4.03592,-1.66436,-2.15489,-7.09093,-17.1481,-30.5712,-0.00141755,False
2022-11-16,156.05,3958.79,0.0887161,0.0027108,0.415941,-0.524733,0.00225912,0.121916,605.706,0,40,0,0.179006,0.188092,-0.931247,-0.432277,-1.21522,-5.4919,-16.1063,-30.8539,0.000965451,False
2022-11-17,156.009,3946.56,0.0935669,0.00285215,0,-0.111052,0.000968428,0.141251,605.438,0,40,0,0.188572,0.19842,-1.01375,-0.468713,-1.19166,-5.3038,-15.763,-30.5021,-0.000260435,False
2022-11-18,156.147,3965.34,0.0795356,0.00244003,0,0.0580403,0.00121006,0.137341,608.936,0,40,0,0.163161,0.171681,-1.16735,-0.544664,-1.86535,-7.12507,-18.1494,-32.7945,0.000883511,False
2022-11-21,156.177,3949.94,0.0760809,0.00233956,0,-0.0751412,0.00053877,0.104927,607.435,0,40,0,0.15902,0.166928,-0.904367,-0.422759,-1.56639,-6.59683,-17.6216,-32.3559,0.00019517,False
2022-11-22,156.232,4003.58,0.0799961,0.00245388,0,0.319849,0.00200729,0.445484,614.565,0,40,0,0.161818,0.169865,-3.35482,-1.54209,-3.55868,-9.75116,-20.2907,-34.1747,0.000351054,False
2022-11-23,156.474,4027.26,0.0760397,0.00233732,0.0405678,0.247569,0.00183113,0.482145,615.72,0,40,0,0.151811,0.159516,-3.95049,-1.82654,-4.05028,-10.3037,-20.6513,-34.3327,0.00155033,False
2022-11-25,156.756,4026.12,0.0709548,0.00219195,0,-0.0487171,0.00117172,0.219289,613.663,0,40,0,0.144332,0.151658,-2.29313,-1.08026,-3.63372,-10.039,-20.9111,-35.2273,0.00180049,False
2022-11-28,156.596,3963.94,0.0776395,0.00238766,0,-0.363175,0.0016072,0.0892443,604.989,0,40,0,0.158902,0.166684,-0.74304,-0.346415,-1.09031,-5.49291,-16.2886,-31.0227,-0.00101742,False
2022-11-29,156.623,3957.63,0.0800933,0.00245735,0,-0.0208867,0.000712106,0.118788,605.648,0,40,0,0.164489,0.172545,-0.971959,-0.452451,-1.33672,-5.55438,-16.289,-30.9017,0.000169186,False
2022-11-30,155.837,4080.11,0.0758746,0.00233155,0.246544,1.72065,0.00676747,2.44568,621.014,0,40,0,0.155681,0.163423,-10.3811,-4.42275,-3.7954,-8.91791,-16.9636,-27.8793,-0.00501854,False
2022-12-01,156.233,4076.57,0.0747396,0.00229738,0.369771,-0.299145,0.00648793,1.44641,617.365,0,40,0,0.151422,0.159108,-8.02957,-3.55902,-3.51535,-8.78825,-17.735,-29.6412,0.00254315,False
2022-12-02,156.006,4071.7,0.0616305,0.00192046,0.193156,-0.980514,0.0109768,0.549194,613.351,0,40,0,0.125003,0.131348,-4.82195,-2.23746,-3.35802,-9.23026,-19.3546,-32.7241,-0.0014576,False
2022-12-05,155.789,3998.84,0.0975042,0.00296517,0,-0.719758,0.00331846,0.13737,601.586,0,40,0,0.203008,0.21295,-0.95806,-0.443024,-1.08617,-4.73576,-14.7669,-29.5697,-0.00138914,False
2022-12-06,155.755,3941.26,0.108537,0.00328965,0,-0.140187,0.00104298,0.135195,596.092,0,40,0,0.225781,0.236839,-0.794013,-0.363474,-0.489547,-2.4311,-10.3494,-25.1443,-0.000217012,False
2022-12-07,155.783,3933.92,0.116391,0.00352352,0,-0.033539,0.000835371,0.186017,599.809,0,40,0,0.240876,0.252855,-1.04516,-0.477144,-0.681177,-3.03336,-11.309,-26.0994,0.00017766,False
2022-12-08,155.901,3963.51,0.120446,0.00364255,0,0.12698,0.00123262,0.310122,607.249,0,40,0,0.246704,0.259226,-1.71172,-0.776875,-1.22003,-4.6977,-14.1781,-28.8067,0.000760327,False
2022-12-09,155.993,3934.38,0.116753,0.00353393,0,-0.156325,0.00109156,0.17405,605.679,0,40,0,0.240974,0.253205,-1.00785,-0.461829,-0.702377,-3.58422,-12.6099,-27.4406,0.000589312,False
2022-12-12,156.152,3990.56,0.113178,0.00342873,0,0.237021,0.00151123,0.359908,613.623,0,40,0,0.233316,0.244742,-2.09737,-0.952263,-1.807,-6.34706,-16.424,-30.9521,0.00102185,False
2022-12-13,154.342,4019.65,0.0914241,0.00278543,0,-1.99836,0.0179135,0.243055,613.503,0,40,0,0.191495,0.200873,-1.8695,-0.864755,-2.36404,-7.75804,-18.5225,-33.2494,-0.0115962,False
2022-12-14,154.356,3995.32,0.082177,0.00251624,0,-0.201586,0.00128978,0.10523,606.554,0,40,0,0.169489,0.177918,-0.861261,-0.401308,-1.39135,-6.12385,-16.9277,-31.8959,9.46633e-05,False
2022-12-15,154.266,3895.75,0.087485,0.00267413,0,-0.185463,0.000832358,0.0943155,592.705,0,40,0,0.182503,0.191766,-0.661214,-0.304757,-0.55124,-2.23436,-9.7078,-24.3244,-0.000586765,False
2022-12-16,154.265,3852.36,0.0902659,0.00275774,0,-0.0757003,0.000558802,0.106442,589.635,0,40,0,0.186772,0.196526,-0.739498,-0.340784,-0.682272,-2.79825,-9.40516,-23.5324,-5.68627e-06,False
2022-12-19,154.277,3817.66,0.0809811,0.00248952,0,-0.0811191,0.000586359,0.0907016,590.211,0,40,0,0.164615,0.172802,-0.716779,-0.332699,-0.814569,-3.42435,-11.023,-25.0191,8.12001e-05,False
2022-12-20,154.311,3821.62,0.0780202,0.00239955,0,-0.00622465,0.00100983,0.124906,596.446,0,40,0,0.163442,0.17157,-1.04009,-0.484063,-1.43684,-5.26127,-14.8985,-29.3382,0.000221564,False
2022-12-21,154.36,3878.44,0.0753473,0.00232156,0,0.363569,0.0039516,0.509306,606.67,0,40,0,0.154142,0.161965,-3.94613,-1.81452,-3.2305,-9.04567,-19.3334,-32.9793,0.000312628,False
2022-12-22,154.125,3822.39,0.0861531,0.00263596,0,-0.68971,0.00317623,0.134338,599.158,0,40,0,0.181266,0.190732,-1.06301,-0.494037,-1.5596,-6.3146,-17.0338,-31.7555,-0.00151853,False
2022-12-23,154.177,3844.82,0.0833536,0.00255288,0,0.0193969,0.00110343,0.181841,602.342,0,40,0,0.173407,0.182856,-1.49811,-0.6967,-2.31955,-7.88315,-18.7983,-33.3621,0.000334735,False
2022-12-27,154.176,3829.25,0.0840315,0.00257647,0,-0.140668,0.00112853,0.121961,599.781,0,40,0,0.173189,0.181802,-0.988987,-0.460303,-1.5462,-6.48478,-17.3901,-32.1305,-2.99837e-06,False
2022-12-28,154.132,3783.22,0.0959675,0.00292733,0,-0.136614,0.00117164,0.12152,594.9,0,40,0,0.194061,0.203911,-0.831569,-0.383475,-0.754616,-3.90565,-13.744,-28.5577,-0.000287359,False
2022-12-29,154.146,3849.28,0.0925044,0.00282127,0,0.325,0.00255518,0.519441,605.09,0,40,0,0.191537,0.201539,-3.13452,-1.41259,-2.44257,-7.79226,-18.2249,-32.1081,9.21736e-05,False
2022-12-30,154.297,3839.5,0.0934253,0.00284923,0,-0.196436,0.00149905,0.260984,603.125,0,40,0,0.189843,0.199757,-1.90489,-0.877008,-2.06394,-7.16535,-17.7818,-32.2035,0.000980223,False
2023-01-03,154.046,3824.14,0.101156,0.00307607,0,-0.430921,0.00288847,0.177198,600.856,0,40,0,0.20868,0.2189,-1.25819,-0.58149,-1.53379,-6.06189,-16.4585,-31.2563,-0.00163284,False
2023-01-04,154.237,3852.97,0.100882,0.00306732,0,0.187312,0.00233703,0.268146,604.016,0,40,0,0.208296,0.218655,-1.85859,-0.854984,-2.1111,-7.13669,-17.6413,-32.1864,0.00124535,False
2023-01-05,154.242,3808.1,0.109734,0.00332946,0,-0.208266,0.00121655,0.160146,597.585,0,40,0,0.22893,0.24055,-0.975813,-0.447681,-0.741166,-3.89915,-13.4211,-28.2883,3.19105e-05,False
2023-01-06,154.2,3895.08,0.104871,0.0031832,0,0.439127,0.00336025,0.739391,609.133,0,40,0,0.216418,0.22772,-4.05793,-1.81244,-2.73643,-7.92001,-17.9057,-31.5189,-0.000270932,False
2023-01-09,154.448,3892.09,0.0940168,0.00286477,0,-0.292116,0.00647812,0.284742,606.478,0,40,0,0.197556,0.207381,-2.065,-0.949871,-2.30549,-7.51286,-17.9926,-32.4737,0.00160315,False
2023-01-10,154.716,3919.25,0.0917025,0.00279748,0,0.229348,0.00163415,0.333167,608.172,0,40,0,0.190607,0.200086,-2.60003,-1.20173,-2.7221,-8.15555,-18.6214,-32.8851,0.00173647,False
2023-01-11,154.81,3969.61,0.101715,0.00308994,0.207898,0.8123,0.00497112,0.937482,611.704,0,40,0,0.210379,0.221057,-5.52274,-2.47947,-3.11019,-8.27343,-17.8265,-30.8405,0.00060588,False
2023-01-12,155.533,3983.17,0.0773764,0.00237612,0.152823,0.134497,0.00566851,0.264635,610.375,0,40,0,0.159455,0.167782,-2.49501,-1.16724,-3.33855,-9.29011,-19.9659,-34.2384,0.00467576,False
2023-01-13,155.643,3999.09,0.0662909,0.00205648,0,-0.0678639,0.00325312,0.148035,610.428,0,40,0,0.13182,0.138704,-1.77676,-0.843661,-3.59314,-10.0452,-21.0967,-35.697,0.00070543,False
2023-01-17,155.655,3990.97,0.0635492,0.00198154,0,-0.104376,0.00223777,0.0911717,607.548,0,40,0,0.130118,0.136491,-0.987013,-0.466552,-2.71346,-9.10004,-20.3321,-35.2049,7.5923e-05,False
2023-01-18,155.528,3928.86,0.0705845,0.00218439,0,-0.205048,0.00227645,0.0793997,599.761,0,40,0,0.14449,0.151675,-0.71343,-0.333874,-1.02046,-5.02909,-15.8073,-30.4797,-0.000816888,False
2023-01-19,155.509,3898.85,0.0757299,0.00233291,0,-0.0763485,0.000635495,0.0944986,598.616,0,40,0,0.153753,0.161557,-0.807077,-0.37655,-1.14459,-4.74678,-15.185,-29.7869,-0.000120144,False
2023-01-20,155.568,3972.61,0.0674197,0.002093,0,0.526533,0.00268338,0.625184,610.271,0,40,0,0.138407,0.145432,-4.52438,-2.0661,-3.40159,-9.50412,-19.578,-33.0189,0.00037612,False
2023-01-23,155.257,4019.81,0.0763269,0.00234543,0.335818,1.16055,0.00733863,1.82756,615.23,0,40,0,0.158478,0.16624,-9.63972,-4.24242,-3.88897,-9.10548,-17.4754,-28.7162,-0.00199912,False
2023-01-24,155.432,4016.95,0.0875721,0.00267605,0.184494,-0.393747,0.00648273,1.15228,612.108,0,40,0,0.178204,0.186931,-6.87753,-3.07812,-3.4232,-8.61766,-17.8365,-30.211,0.00113009,False
2023-01-25,155.255,4016.22,0.0911074,0.00277822,0.20907,-0.703451,0.00649036,0.498708,608.681,0,40,0,0.186546,0.195823,-3.59312,-1.64439,-2.8633,-8.21431,-18.3978,-32.1852,-0.00113948,False
2023-01-26,155.314,4060.43,0.0899926,0.00274221,0.621673,0.651608,0.00886578,0.547894,611.27,0,40,0,0.189399,0.199012,-4.05636,-1.86365,-3.36918,-9.02623,-19.216,-32.799,0.000380877,False
2023-01-27,155.622,4070.56,0.0863646,0.00263751,0.0213458,-0.0359322,0.00459299,0.262304,610.371,0,40,0,0.176772,0.185745,-2.23026,-1.03814,-3.09616,-9.00775,-19.7203,-34.0688,0.00197952,False
2023-01-30,155.585,4017.77,0.0868771,0.00265429,0,-0.276328,0.00172521,0.105368,602.965,0,40,0,0.180659,0.189506,-0.795034,-0.368996,-1.01486,-5.17883,-15.6511,-30.4821,-0.000237082,False
2023-01-31,155.694,4076.6,0.0822374,0.0025163,0,0.281459,0.00175676,0.355571,610.354,0,40,0,0.171431,0.179827,-2.55117,-1.16914,-2.63888,-8.35681,-19.0634,-33.2002,0.000701995,False
2023-02-01,155.465,4119.21,0.0770171,0.00236338,0.102109,0.0695187,0.00574966,0.620364,613.77,0,40,0,0.156312,0.164086,-4.44055,-2.02718,-3.70199,-9.81346,-19.9956,-33.5033,-0.00146749,False
2023-02-02,155.004,4179.76,0.076051,0.00233208,0.440931,1.31373,0.0108482,2.0171,617.686,0,40,0,0.158124,0.16615,-10.5476,-4.63344,-3.8339,-8.80913,-16.9931,-27.8871,-0.0029657,False
2023-02-03,154.82,4136.48,0.0694831,0.00214209,0.0558774,-2.01111,0.00597312,0.196308,607.58,0,40,0,0.143555,0.150841,-2.12093,-1.00039,-3.10267,-9.05922,-19.9202,-34.3618,-0.00119243,False
2023-02-06,154.789,4111.08,0.0801504,0.00245408,0,-0.188844,0.00123595,0.11491,601.822,0,40,0,0.167791,0.176008,-0.960951,-0.448067,-1.68951,-6.75359,-17.6342,-32.3763,-0.000200144,False
2023-02-07,154.761,4164,0.0761315,0.00233496,0,0.12232,0.00255895,0.336144,607.124,0,40,0,0.157378,0.165085,-2.7763,-1.28533,-3.22895,-9.34633,-20.0624,-34.163,-0.000178801,False
2023-02-08,154.752,4117.86,0.0853097,0.00260359,0,-0.293807,0.00179301,0.132239,600.93,0,40,0,0.178333,0.187202,-1.0584,-0.492296,-1.60383,-6.47697,-17.3043,-31.9858,-5.80826e-05,False
2023-02-09,154.707,4081.5,0.100603,0.0030533,0,-0.127181,0.00169539,0.145466,598.084,0,40,0,0.208339,0.218914,-0.957694,-0.440894,-0.893197,-4.53201,-14.5932,-29.4218,-0.000287903,False
2023-02-10,154.748,4090.46,0.100946,0.00306244,0,-0.015148,0.000806316,0.187009,600.795,0,40,0,0.211124,0.22215,-1.22859,-0.564912,-1.18488,-5.09252,-15.2891,-30.0105,0.00026105,False
2023-02-13,155.039,4137.29,0.0846332,0.00258453,0,0.247805,0.00100779,0.224766,607.525,0,40,0,0.178062,0.186918,-1.8274,-0.848259,-2.47426,-8.09265,-18.9882,-33.4442,0.00188105,False
2023-02-14,155.132,4136.13,0.0711806,0.00219245,0,-0.0944295,0.00241589,0.103736,607.291,0,40,0,0.146746,0.154044,-1.017,-0.478502,-2.44734,-8.54245,-19.7503,-34.5894,0.000600961,False
2023-02-15,155.174,4147.6,0.0692372,0.00213534,0,-0.00241166,0.00104278,0.125391,607.719,0,40,0,0.141224,0.148392,-1.25061,-0.588162,-2.88445,-9.2695,-20.4803,-35.2281,0.00027069,False
2023-02-16,155.047,4090.41,0.0850583,0.00259662,0,-0.222841,0.000972216,0.110768,599.955,0,40,0,0.174172,0.183268,-0.851085,-0.395167,-1.0365,-5.18326,-15.8351,-30.5644,-0.00081669,False
2023-02-17,155.084,4079.09,0.0775118,0.00237918,0,-0.0492465,0.000668845,0.0993201,600.027,0,40,0,0.155961,0.164106,-0.84185,-0.39265,-1.20612,-5.45034,-16.2695,-30.9146,0.000236477,False
2023-02-21,154.978,3997.34,0.081957,0.00251005,0,-0.194175,0.000691985,0.0894916,592.917,0,40,0,0.169484,0.177784,-0.681011,-0.315469,-0.670459,-2.89388,-11.4605,-26.1194,-0.000680868,False
2023-02-22,155.018,3991.05,0.0776256,0.00238294,0,-0.0177315,0.000572329,0.10693,596.897,0,40,0,0.163171,0.171286,-0.881047,-0.410074,-1.19726,-4.42448,-13.8805,-28.4663,0.000254874,False
2023-02-23,155.022,4012.32,0.0761974,0.0023432,0,-0.0150876,0.00185881,0.159464,603.114,0,40,0,0.155307,0.16319,-1.4242,-0.665059,-2.16821,-7.03593,-17.7966,-32.2693,2.82198e-05,False
2023-02-24,154.916,3970.04,0.0731729,0.00225265,0,-0.247464,0.00107234,0.0879635,599.959,0,40,0,0.150839,0.158495,-0.781532,-0.365571,-1.26455,-5.793,-16.551,-31.243,-0.000684518,False
2023-02-27,154.955,3982.24,0.0708388,0.00218844,0,0.00710431,0.00156338,0.123107,603.448,0,40,0,0.147558,0.154784,-1.16022,-0.543778,-2.06033,-7.75154,-18.9129,-33.5675,0.000252058,False
2023-02-28,154.986,3970.15,0.0758019,0.00233291,0,-0.0420413,0.00101876,0.123009,602.509,0,40,0,0.158309,0.166062,-1.09947,-0.514323,-1.92577,-7.34942,-18.4608,-33.0894,0.000196878,False
2023-03-01,155.013,3951.39,0.0827552,0.0025338,0,-0.0529025,0.000886515,0.122233,601.333,0,40,0,0.169489,0.177918,-0.99936,-0.465532,-1.57715,-6.55972,-17.5281,-32.1828,0.00017555,False
2023-03-02,155.073,3981.35,0.0813393,0.00249188,0,0.0889972,0.0019592,0.228347,606.2,0,40,0,0.167642,0.176151,-1.87453,-0.869917,-2.74173,-8.76744,-19.732,-34.1178,0.000385592,False
2023-03-03,155.287,4045.64,0.0712436,0.00219565,0.102749,0.87891,0.00367305,0.855407,613.429,0,40,0,0.147731,0.15523,-6.53803,-2.99975,-4.43285,-10.4087,-19.9072,-32.577,0.00138307,False
2023-03-06,155.559,4048.42,0.0758664,0.00232966,0.0225024,-0.0972713,0.00832051,0.528657,611.487,0,40,0,0.158986,0.166773,-4.5666,-2.1189,-4.00271,-10.0166,-20.1419,-33.5564,0.00175283,False
2023-03-07,155.408,3986.37,0.0807824,0.00247487,0,-0.655895,0.00296494,0.0993457,602.08,0,40,0,0.170161,0.178495,-0.814629,-0.37989,-1.3969,-6.13436,-16.8615,-31.6596,-0.000972242,False
2023-03-08,155.456,3992.01,0.0840234,0.00257154,0,0.0104205,0.000729399,0.142421,603.161,0,40,0,0.174362,0.183034,-1.11496,-0.51758,-1.51484,-6.21334,-16.9899,-31.6279,0.000309297,False
2023-03-09,155.342,3918.32,0.107315,0.00325569,0,-0.221164,0.00125935,0.138296,595.816,0,40,0,0.222228,0.233508,-0.82801,-0.379416,-0.541653,-2.76948,-11.1429,-25.9706,-0.000734861,False
2023-03-10,155.279,3861.59,0.106249,0.0032252,0,-0.178022,0.000945915,0.124853,593.52,0,40,0,0.221354,0.232589,-0.734877,-0.336269,-0.440381,-2.05472,-8.8974,-23.4309,-0.000402342,False
2023-03-13,155.234,3855.76,0.121028,0.00366126,0,-0.0804829,0.0008693,0.206631,597.94,0,40,0,0.253549,0.265966,-1.10772,-0.503793,-0.658804,-2.78167,-10.2581,-24.8729,-0.000294719,False
2023-03-14,155.546,3919.29,0.100135,0.003045,0,0.333266,0.00188626,0.322724,609.496,0,40,0,0.207664,0.217835,-2.1478,-0.983015,-1.87285,-6.25514,-16.4316,-30.8115,0.0020123,False
2023-03-15,155.388,3891.93,0.117173,0.00354617,0,-0.364677,0.00163167,0.227978,606.602,0,40,0,0.24241,0.254466,-1.36961,-0.627851,-1.21164,-4.9527,-14.624,-29.4206,-0.00101536,False
2023-03-16,155.44,3960.28,0.104392,0.00316948,0,0.210805,0.00350305,0.484626,614.514,0,40,0,0.21339,0.22422,-3.22033,-1.47139,-2.81941,-8.10728,-18.3081,-32.3854,0.00033385,False
2023-03-17,155.446,3916.64,0.115182,0.0034883,0,-0.393159,0.00207478,0.194529,606.104,0,40,0,0.237574,0.249633,-1.18535,-0.544562,-1.05301,-4.72846,-14.3928,-29.226,4.21842e-05,False
2023-03-20,155.715,3951.57,0.096508,0.00293835,0,0.155967,0.000704398,0.175337,609.722,0,40,0,0.198945,0.208688,-1.27059,-0.587668,-1.67901,-6.44913,-17.0092,-31.8019,0.00172422,False
2023-03-21,155.922,4002.87,0.0865551,0.00264632,0,0.280545,0.00172373,0.330832,614.624,0,40,0,0.176341,0.184977,-2.61654,-1.21017,-3.05917,-8.91891,-19.6335,-33.8522,0.00133086,False
2023-03-22,155.717,3936.97,0.0949166,0.00289148,0,-0.502825,0.00382789,0.12142,604.414,0,40,0,0.194849,0.204539,-0.849339,-0.392452,-0.894326,-4.58471,-14.7352,-29.6032,-0.00131615,False
2023-03-23,155.653,3948.72,0.0991436,0.00301499,0,-0.0906839,0.00263241,0.187918,606.361,0,40,0,0.202026,0.21228,-1.26349,-0.581102,-1.31624,-5.53819,-15.8699,-30.615,-0.000408985,False
2023-03-24,155.841,3970.99,0.0865613,0.00264494,0,0.0957023,0.000736785,0.178476,608.931,0,40,0,0.178618,0.187684,-1.42178,-0.660485,-1.94277,-7.04706,-17.8925,-32.4843,0.0012099,False
2023-03-27,155.98,3977.53,0.0737639,0.002271,0,0.00502998,0.00100111,0.115355,609.711,0,40,0,0.155177,0.162777,-1.07529,-0.504702,-2.26882,-8.02815,-19.177,-33.9333,0.000889642,False
2023-03-28,155.992,3971.27,0.076171,0.00234274,0,-0.062181,0.000862402,0.114283,608.766,0,40,0,0.154959,0.162665,-1.02591,-0.480352,-2.06118,-7.85184,-19.0268,-33.7678,7.60166e-05,False
2023-03-29,156.056,4027.81,0.0724247,0.00223044,0,0.382814,0.00266838,0.500382,614.758,0,40,0,0.152102,0.159822,-3.97866,-1.83509,-4.05306,-10.3883,-20.7289,-34.4349,0.000411822,False
2023-03-30,156.318,4050.83,0.0750502,0.00230799,0.0549778,0.393573,0.00312072,0.646869,615.364,0,40,0,0.154796,0.16288,-5.07715,-2.3377,-4.19392,-10.2537,-20.2239,-33.4343,0.00167715,False
2023-03-31,156.256,4109.31,0.0712586,0.00219507,0.776942,1.93579,0.0107802,1.92587,619.565,0,40,0,0.145267,0.152853,-11.0465,-4.91389,-3.92284,-8.86745,-16.8918,-27.5647,-0.000395795,False
2023-04-03,156.677,4124.51,0.0715957,0.00220878,1.03695,0.597233,0.00348063,1.13129,617.375,0,40,0,0.143316,0.150444,-7.56303,-3.42496,-4.04852,-9.65385,-18.8396,-30.9794,0.00269278,False
2023-04-04,156.832,4100.6,0.0719839,0.00221753,0.180745,-0.727534,0.00481052,0.132936,611.522,0,40,0,0.146024,0.153286,-1.45891,-0.690536,-3.18376,-9.44158,-20.5429,-35.1311,0.000989524,False
2023-04-05,156.866,4090.38,0.075268,0.0023143,0,-0.0552327,0.000893456,0.114894,609.513,0,40,0,0.152393,0.160128,-1.04064,-0.487668,-2.16326,-7.98062,-19.1503,-33.8031,0.000222332,False
2023-04-06,156.944,4105.02,0.075467,0.00231948,0,0.0511848,0.0010774,0.16034,611.623,0,40,0,0.151726,0.159649,-1.45973,-0.683227,-2.56713,-8.66082,-19.7816,-34.3043,0.000496024,False
2023-04-10,157.021,4109.11,0.0644904,0.00200195,0,-0.0478181,0.000800449,0.097698,612.721,0,40,0,0.130626,0.137024,-1.06529,-0.503959,-2.92965,-9.56504,-20.7806,-35.6401,0.000487508,False
2023-04-11,157.076,4108.94,0.0648693,0.00201152,0,0.00292442,0.000715461,0.107742,612.937,0,40,0,0.132235,0.138711,-1.14727,-0.541909,-3.05501,-9.75012,-20.951,-35.7632,0.000350418,False
2023-04-12,157.091,4091.95,0.0651934,0.00202693,0,-0.0657985,0.0013393,0.088769,610.872,0,40,0,0.131313,0.137844,-0.921798,-0.434977,-2.33581,-8.69238,-19.9364,-34.7584,9.55049e-05,False
2023-04-13,157.137,4146.22,0.0617935,0.0019247,0,0.325165,0.00222521,0.425014,617.435,0,40,0,0.124226,0.130532,-3.96887,-1.85235,-4.7558,-11.492,-21.7459,-35.5852,0.000296407,False
2023-04-14,157.241,4137.64,0.0532589,0.00168253,0,-0.23787,0.00559804,0.129235,615.14,0,40,0,0.108395,0.113896,-1.71924,-0.820327,-4.52767,-11.6688,-22.609,-37.4183,0.00066113,False
2023-04-17,157.306,4151.32,0.0515004,0.00163457,0,0.0305325,0.00213322,0.142517,615.91,0,40,0,0.106753,0.111981,-2.04295,-0.977848,-5.07777,-12.2511,-23.0969,-37.8161,0.000413266,False
2023-04-18,157.321,4154.87,0.0549368,0.00172918,0,-0.0546588,0.00312925,0.123166,615.035,0,40,0,0.110393,0.1158,-1.69542,-0.81034,-4.85872,-12.0807,-23.0161,-37.8342,9.39002e-05,False
2023-04-19,157.301,4154.52,0.0563103,0.0017724,0,-0.086426,0.00162006,0.109423,614.057,0,40,0,0.114256,0.119938,-1.4018,-0.668,-4.45005,-11.6725,-22.6948,-37.5776,-0.00012564,False
2023-04-20,157.236,4129.79,0.062214,0.00193409,0,-0.14769,0.00129855,0.0864062,610.998,0,40,0,0.125003,0.131348,-0.951392,-0.45043,-2.9157,-9.71497,-20.9327,-35.7983,-0.000417614,False
2023-04-21,157.28,4133.52,0.057245,0.0018002,0,-0.0108971,0.000923612,0.0855677,612.076,0,40,0,0.113445,0.119203,-1.03743,-0.493202,-3.24963,-10.2716,-21.3874,-36.3544,0.000282777,False
2023-04-24,157.305,4137.04,0.0606651,0.00189376,0,-0.00484144,0.00109145,0.113047,613.086,0,40,0,0.11497,0.131262,-1.27365,-0.602998,-3.56992,-10.5885,-21.7055,-36.557,0.000161232,False
2023-04-25,157.183,4071.63,0.0762253,0.0023423,0,-0.215506,0.00104871,0.0928084,606.168,0,40,0,0.1543,0.167114,-0.780973,-0.364548,-1.17893,-5.93909,-16.9605,-31.6437,-0.000778312,False
2023-04-26,157.191,4055.99,0.0800536,0.0024557,0,-0.0534407,0.00113588,0.108161,606.949,0,40,0,0.157924,0.171513,-0.883787,-0.41165,-1.27137,-5.76916,-16.6945,-31.3373,4.87889e-05,False
2023-04-27,157.169,4135.35,0.0737423,0.00226948,0.000540626,0.538893,0.00441373,0.735513,618.282,0,40,0,0.149512,0.155607,-5.04931,-2.29719,-3.76199,-9.93539,-19.8646,-33.0788,-0.000139579,False
2023-04-28,157.481,4169.48,0.0626619,0.00194925,0.268154,0.743736,0.00612544,0.953487,621.469,0,40,0,0.126636,0.133081,-7.06725,-3.23439,-4.52791,-10.5145,-19.8415,-32.3502,0.00198637,False
2023-05-01,157.98,4167.87,0.0558241,0.00175649,0.0960304,-0.071064,0.00197178,0.339317,619.437,0,40,0,0.108018,0.122291,-3.96051,-1.87483,-4.60488,-11.2099,-21.5508,-35.4123,0.00316973,False
2023-05-02,157.678,4119.58,0.071523,0.00220461,0,-0.60652,0.00287265,0.101427,611.572,0,40,0,0.153451,0.150081,-1.00829,-0.475122,-2.12194,-7.89761,-19.0885,-33.7222,-0.0019128,False
2023-05-03,157.681,4090.75,0.0764209,0.0023501,0,-0.0719637,0.000805631,0.0990773,608.635,0,40,0,0.157298,0.159837,-0.853906,-0.398938,-1.28918,-5.91999,-16.9364,-31.5344,2.31526e-05,False
2023-05-04,157.665,4061.22,0.0856088,0.00261591,0,-0.0757693,0.000547121,0.122236,607.789,0,40,0,0.183184,0.180269,-0.937803,-0.435541,-1.14251,-5.00436,-15.52,-30.0868,-0.000104529,False
2023-05-05,157.789,4136.25,0.0608051,0.00189702,0,0.284961,0.00373488,0.338819,619.591,0,40,0,0.126214,0.129836,-3.20761,-1.49928,-3.9482,-10.6371,-21.1324,-35.2684,0.000783633,False
2023-05-08,158.067,4138.12,0.0547423,0.00172891,0.00242262,0.032385,0.00117563,0.141685,619.581,0,40,0,0.107437,0.117201,-1.84646,-0.880206,-4.57923,-11.7011,-22.6429,-37.4285,0.00176777,False
2023-05-09,158.007,4119.17,0.0657248,0.00203786,0,-0.139646,0.00104893,0.12514,616.439,0,40,0,0.142153,0.136567,-1.39806,-0.662315,-3.3721,-10.0991,-21.2103,-35.8916,-0.000382513,False
2023-05-10,157.97,4137.64,0.0575822,0.00180928,0,-0.0969267,0.0040934,0.117285,617.747,0,40,0,0.117996,0.121422,-1.45553,-0.692592,-4.2128,-11.3518,-22.3886,-37.2595,-0.000236654,False
2023-05-11,157.995,4130.62,0.0594539,0.00186149,0,-0.0498337,0.00077203,0.0990403,615.982,0,40,0,0.121246,0.123262,-1.18209,-0.561768,-3.60895,-10.6777,-21.7735,-36.6804,0.000159726,False
2023-05-12,158.044,4124.08,0.053387,0.00168794,0,-0.0227129,0.00128278,0.0780261,615.504,0,40,0,0.114883,0.114621,-0.98483,-0.469424,-3.42077,-10.5383,-21.643,-36.6652,0.000308349,False
2023-05-15,158.087,4136.28,0.0515519,0.00164236,0,0.0100803,0.000883746,0.0941615,617.16,0,40,0,0.102489,0.109785,-1.26273,-0.603118,-4.37138,-11.7032,-22.7341,-37.7437,0.000271891,False
2023-05-16,158.068,4109.9,0.0607371,0.00189564,0,-0.0850837,0.000967128,0.0854866,613.99,0,40,0,0.121443,0.126774,-0.969326,-0.459628,-2.92902,-9.79712,-20.9526,-35.8605,-0.000117242,False
2023-05-17,158.041,4158.77,0.0565656,0.00177483,0,0.213955,0.00250039,0.378477,620.338,0,40,0,0.113554,0.1183,-4.00143,-1.88324,-5.3634,-12.2088,-22.4289,-36.3278,-0.000169199,False
2023-05-18,157.704,4198.05,0.0574101,0.00180086,0.208986,0.623254,0.00764575,1.17802,623.107,0,40,0,0.117171,0.118248,-9.71653,-4.48765,-5.05277,-10.649,-19.1089,-30.6253,-0.0021343,False
2023-05-19,157.769,4191.98,0.0611828,0.00190611,0.0591374,-0.515529,0.00741631,0.590232,619.594,0,40,0,0.128265,0.128532,-5.47918,-2.5555,-4.66341,-10.9575,-20.7793,-33.9417,0.000412022,False
2023-05-22,158.111,4192.63,0.0571311,0.00179067,0.0458036,-0.0802837,0.00360783,0.174087,617.755,0,40,0,0.112599,0.120966,-2.37156,-1.13257,-4.5701,-11.512,-22.287,-36.7719,0.00216639,False
2023-05-23,158.061,4145.58,0.0677372,0.00209417,0,-0.204465,0.00156642,0.0830865,611.178,0,40,0,0.134099,0.144969,-0.801641,-0.377094,-1.82663,-7.76912,-18.9961,-33.7405,-0.000312361,False
2023-05-24,158.024,4115.24,0.0813458,0.00249078,0,-0.085239,0.000653042,0.113299,609.376,0,40,0,0.163738,0.170512,-0.919049,-0.428083,-1.30262,-5.87156,-16.8138,-31.3937,-0.000235664,False
2023-05-25,158.025,4151.28,0.080249,0.00245767,0,0.0625038,0.00232093,0.250165,616.249,0,40,0,0.160379,0.166726,-2.04999,-0.951548,-2.66304,-8.62306,-19.5698,-33.8307,7.01412e-06,False
2023-05-26,158.197,4205.45,0.0707926,0.00217965,0.075165,0.736729,0.00338886,0.80486,623.309,0,40,0,0.155784,0.145612,-5.93799,-2.72047,-4.18623,-10.3344,-19.97,-32.834,0.00108902,False
2023-05-30,158.42,4205.52,0.0583876,0.00182577,0.00463877,-0.429332,0.0103794,0.194026,621.875,0,40,0,0.116282,0.123531,-2.53745,-1.20964,-4.67488,-11.5192,-22.3118,-36.7713,0.00140992,False
2023-05-31,158.4,4179.83,0.0589061,0.0018422,0,-0.192355,0.00183074,0.0774932,617.068,0,40,0,0.121443,0.125906,-0.901379,-0.428021,-3.00878,-9.66275,-20.9108,-35.8603,-0.000129964,False
2023-06-01,158.314,4221.02,0.0536316,0.00169058,0,0.0177494,0.0036643,0.22891,620.826,0,40,0,0.111301,0.111301,-2.662,-1.26061,-4.75268,-11.8366,-22.4407,-36.9164,-0.000539085,False
2023-06-02,158.135,4282.37,0.0460326,0.00147428,0.38779,1.35795,0.00603034,1.41709,626.007,0,40,0,0.0954978,0.097767,-11.3657,-5.23701,-5.25972,-10.5531,-18.5391,-29.4433,-0.00113377,False
2023-06-05,158.403,4273.79,0.0514065,0.00162741,0.115425,-0.460916,0.00683519,0.615351,622.203,0,40,0,0.100684,0.109663,-6.59652,-3.10598,-5.29841,-11.5671,-21.0409,-33.8886,0.0016969,False
2023-06-06,158.651,4283.85,0.0492317,0.00156663,0.234877,0.209622,0.00376247,0.386317,621.189,0,40,0,0.0967749,0.105576,-4.8821,-2.32077,-5.36764,-12.0559,-22.012,-35.5668,0.00156361,False
2023-06-07,158.555,4267.52,0.0523232,0.00165759,0.0177559,-0.432223,0.0055014,0.0773297,617.389,0,40,0,0.101719,0.109106,-1.10133,-0.527704,-4.42382,-11.729,-22.8114,-37.8385,-0.000604015,False
2023-06-08,158.603,4293.93,0.051132,0.00161692,0,0.113395,0.001633,0.190262,620.222,0,40,0,0.104081,0.111233,-2.39547,-1.13955,-5.37579,-12.5638,-23.2554,-37.8138,0.000304911,False
2023-06-09,158.593,4298.86,0.0586281,0.00183197,0,-0.0388039,0.00407654,0.214235,620.361,0,40,0,0.116665,0.122231,-2.5698,-1.21967,-5.0682,-12.1263,-22.7883,-37.2084,-6.34119e-05,False
2023-06-12,158.441,4338.93,0.058267,0.00181635,0.0472463,0.438741,0.00690134,0.807678,623.836,0,40,0,0.126382,0.122427,-7.50563,-3.50093,-5.14928,-11.2109,-20.3379,-32.7499,-0.000960948,False
2023-06-13,158.705,4369.01,0.056874,0.00177498,0.503569,1.08191,0.00921847,1.1677,625.039,0,40,0,0.124159,0.115891,-9.26437,-4.26744,-4.84736,-10.5063,-19.0481,-30.694,0.00166745,False
2023-06-14,158.761,4372.59,0.0545507,0.00171153,0.323342,-0.374117,0.0125838,0.455006,622.777,0,40,0,0.115493,0.111426,-5.05929,-2.3886,-5.10002,-11.64,-21.546,-34.998,0.000349663,False
2023-06-15,157.179,4425.84,0.057256,0.00178174,1.10416,0.5896,0.0173116,1.55989,624.822,0,40,0,0.127798,0.122897,-10.9216,-4.9685,-4.64035,-10.0079,-18.0641,-29.0644,-0.0099602,False
2023-06-16,157.527,4409.59,0.0506589,0.00159912,0.193753,-0.852445,0.00939377,0.20544,618.717,0,40,0,0.106575,0.102777,-2.91242,-1.3927,-5.09829,-12.0826,-22.6719,-37.09,0.00221354,False
2023-06-20,157.497,4388.71,0.0485105,0.00153967,0,-0.219564,0.00150535,0.0618008,614.113,0,40,0,0.0979778,0.102968,-0.87497,-0.418967,-3.87675,-11.0395,-22.2193,-37.3767,-0.000193361,False
2023-06-21,157.494,4365.69,0.0471091,0.0015055,0,-0.0527721,0.000698174,0.0567847,610.75,0,40,0,0.0984045,0.101584,-0.778536,-0.37235,-2.85562,-9.651,-20.769,-35.8791,-1.80988e-05,False
2023-06-22,157.536,4381.89,0.0466022,0.00149059,0,0.0419354,0.000747051,0.101508,613.33,0,40,0,0.0947448,0.0972269,-1.48411,-0.711184,-4.25683,-11.49,-22.3659,-37.2849,0.000263992,False
2023-06-23,157.459,4348.33,0.0448555,0.0014364,0,-0.167079,0.000986801,0.0530922,610.735,0,40,0,0.0943298,0.0951752,-0.776839,-0.372472,-3.20534,-10.377,-21.4477,-36.5938,-0.000483901,False
2023-06-26,157.436,4328.82,0.0457904,0.00146993,0,-0.0640444,0.00103377,0.0553374,610.166,0,40,0,0.0927826,0.0969094,-0.798919,-0.382854,-3.04445,-10.1364,-21.2135,-36.3381,-0.000146088,False
2023-06-27,157.267,4378.41,0.0446028,0.00142856,0,0.198264,0.00330785,0.46254,616.751,0,40,0,0.0936028,0.0977633,-4.9599,-2.33458,-5.52874,-12.2217,-22.1587,-35.7169,-0.00107391,False
2023-06-28,157.277,4376.86,0.0500424,0.00158296,0.0176753,-0.139932,0.00327551,0.340144,615.821,0,40,0,0.105199,0.106421,-3.96715,-1.87744,-5.42086,-12.2565,-22.4875,-36.4119,6.34052e-05,False
2023-06-29,157.367,4396.44,0.0522988,0.00164561,0.0575947,0.326283,0.00411371,0.565182,617.231,0,40,0,0.113228,0.108498,-5.90524,-2.77539,-5.40983,-11.857,-21.4497,-34.5584,0.000573446,False
2023-06-30,157.003,4450.38,0.0448856,0.00143785,1.14389,1.90002,0.0156055,1.71349,620.792,0,40,0,0.104463,0.0923526,-12.3858,-5.65007,-5.01582,-10.0808,-17.6472,-28.0517,-0.0023152,False
2023-07-03,157.587,4455.59,0.044794,0.0014397,0.779516,0.223826,0.00529565,0.612123,618.439,0,40,0,0.0886048,0.0941559,-7.68185,-3.64818,-5.66172,-11.7917,-20.9178,-33.3636,0.00371801,False
2023-07-05,157.745,4446.82,0.0473903,0.00151224,0.0175385,-0.326294,0.00534865,0.150337,615.729,0,40,0,0.093206,0.100035,-2.59446,-1.25085,-5.61927,-12.783,-23.4243,-37.9196,0.00100569,False
2023-07-06,157.624,4411.59,0.0551306,0.00172351,0,-0.250864,0.00144897,0.0724669,610.972,0,40,0,0.11548,0.115598,-0.89975,-0.428504,-3.22861,-10.2471,-21.3706,-36.339,-0.000767287,False
2023-07-07,157.635,4398.95,0.0492843,0.00155986,0,-0.0470406,0.000953697,0.061028,610.684,0,40,0,0.100645,0.104545,-0.814316,-0.388987,-2.82465,-9.82679,-20.9104,-35.9803,7.08587e-05,False
2023-07-10,157.677,4409.53,0.0482787,0.00153587,0,0.0209724,0.00055133,0.0869184,613.699,0,40,0,0.0954665,0.102997,-1.22818,-0.587815,-4.03485,-11.3476,-22.3371,-37.3431,0.000261829,False
2023-07-11,157.663,4439.26,0.0520893,0.00163396,0,0.226041,0.00228866,0.374613,617.774,0,40,0,0.114432,0.108331,-4.24957,-2.0082,-5.31597,-12.1841,-22.2415,-36.0539,-8.5532e-05,False
2023-07-12,157.654,4472.16,0.0450933,0.00144453,0.124843,0.367783,0.011838,0.658919,620.53,0,40,0,0.0924342,0.0946087,-7.76214,-3.67383,-5.92259,-12.0385,-21.1611,-33.6108,-6.06013e-05,False
2023-07-13,157.485,4510.04,0.0467584,0.00148713,0.787514,1.60879,0.0104048,1.68396,622.091,0,40,0,0.0982376,0.0984406,-12.9638,-5.94957,-4.81705,-9.79468,-17.2007,-27.359,-0.00107135,False
2023-07-14,157.78,4505.42,0.0426343,0.00137328,0.551285,-0.424422,0.00888683,0.444988,618.515,0,40,0,0.0850036,0.0894852,-5.71317,-2.71656,-5.78007,-12.3336,-22.0584,-35.3234,0.00187728,False
2023-07-17,157.939,4522.79,0.0454686,0.00145867,0.433788,0.403497,0.0048552,0.295578,618.41,0,40,0,0.0900744,0.0982676,-4.6257,-2.22064,-6.08899,-12.8999,-22.9472,-36.6556,0.00100313,False
2023-07-18,157.509,4554.98,0.0481924,0.0015263,0.527605,0.375721,0.0150657,0.604533,619.715,0,40,0,0.0928471,0.101632,-7.59239,-3.60603,-5.94071,-12.1131,-21.2966,-33.8089,-0.00271776,False
2023-07-19,157.682,4565.72,0.0511842,0.00160959,0.235874,0.246476,0.00589753,0.485948,618.825,0,40,0,0.101744,0.10911,-6.07815,-2.887,-5.74832,-12.1719,-21.7913,-34.8683,0.00109749,False
2023-07-20,157.696,4534.87,0.0545369,0.00170651,0,-0.436899,0.00338454,0.0851401,614.053,0,40,0,0.109826,0.116614,-1.17936,-0.564385,-4.35264,-11.4795,-22.5845,-37.5229,8.46973e-05,False
2023-07-21,157.776,4536.34,0.0497414,0.00156894,0,0.019395,0.00123614,0.0712257,613.95,0,40,0,0.0982005,0.106113,-0.977931,-0.467679,-4.04729,-11.3406,-22.4387,-37.5191,0.000508864,False
2023-07-24,157.866,4554.64,0.0476118,0.00150993,0,0.074693,0.00101689,0.100832,616.146,0,40,0,0.0906396,0.10042,-1.48841,-0.713551,-5.0497,-12.4554,-23.4153,-38.3701,0.000571515,False
2023-07-25,157.834,4567.46,0.0528787,0.00165494,0,0.0498702,0.00251527,0.231196,617.572,0,40,0,0.114311,0.109648,-2.98985,-1.42377,-5.31665,-12.4266,-22.885,-37.2057,-0.000201343,False
2023-07-26,157.961,4566.75,0.0471606,0.00149414,0,-0.0590935,0.00239696,0.0889693,617.085,0,40,0,0.094916,0.0986962,-1.43125,-0.688774,-5.55569,-12.9476,-23.9471,-38.9384,0.000800859,False
2023-07-27,157.217,4537.41,0.0538985,0.0016827,0,-0.798994,0.00890004,0.0772323,612.769,0,40,0,0.118145,0.114003,-0.982619,-0.468482,-3.5516,-10.7079,-21.8331,-36.8646,-0.00470966,False
2023-07-28,157.365,4582.23,0.0442736,0.00141567,0,0.218567,0.00144788,0.188933,617.293,0,40,0,0.0906351,0.0928461,-2.69467,-1.2887,-5.90369,-13.121,-23.7626,-38.3075,0.000943134,False
2023-07-31,157.506,4588.96,0.0441141,0.00141427,0,0.0655062,0.0019484,0.154159,616.874,0,40,0,0.08792,0.0958948,-2.40467,-1.15472,-6.09649,-13.3412,-24.0976,-38.7381,0.00089621,False
2023-08-01,157.517,4576.73,0.0465512,0.001484,0,-0.111579,0.00138631,0.0755902,614.623,0,40,0,0.0910246,0.0999053,-1.1937,-0.574014,-5.35418,-12.7915,-23.8643,-38.9342,6.77464e-05,False
2023-08-02,157.416,4513.39,0.0576785,0.00179529,0,-0.16465,0.000900535,0.0662942,607.671,0,40,0,0.119028,0.123432,-0.738284,-0.349651,-1.94541,-8.25266,-19.4455,-34.3146,-0.000637212,False
2023-08-03,157.41,4501.89,0.0627566,0.00193885,0,-0.0409288,0.000551283,0.0923807,608.407,0,40,0,0.131862,0.131112,-0.98708,-0.466365,-2.10913,-8.0794,-19.2572,-33.964,-4.28728e-05,False
2023-08-04,157.37,4478.03,0.0596199,0.00184796,0,-0.113299,0.00126779,0.0754302,608.387,0,40,0,0.123957,0.127852,-0.823569,-0.389797,-1.9908,-7.70007,-18.8796,-33.6924,-0.000253123,False
2023-08-07,157.488,4518.44,0.0494663,0.00156055,0,0.136717,0.000902326,0.14072,615.319,0,40,0,0.0981132,0.108017,-1.86212,-0.887887,-4.42228,-11.6087,-22.4478,-37.233,0.000752562,False
2023-08-08,157.421,4499.38,0.0543139,0.00170194,0,-0.175904,0.00133839,0.0835302,613.704,0,40,0,0.106129,0.11557,-1.08498,-0.517585,-3.83545,-11.0349,-22.1506,-37.1701,-0.000428226,False
2023-08-09,157.374,4467.71,0.0664168,0.00204628,0,-0.0951375,0.00112235,0.098175,610.637,0,40,0,0.143383,0.136676,-1.0274,-0.485187,-2.52679,-8.92499,-20.149,-34.8542,-0.000295604,False
2023-08-10,157.408,4468.83,0.0653414,0.00201624,0,-0.0179908,0.00111962,0.108086,611.727,0,40,0,0.135209,0.135587,-1.14279,-0.53958,-2.76263,-9.35802,-20.5248,-35.2617,0.000217975,False
2023-08-11,157.435,4464.05,0.0559597,0.00174561,0,-0.0568657,0.00094919,0.0781968,612.128,0,40,0,0.117247,0.119258,-0.940775,-0.447342,-2.86494,-9.67919,-20.8189,-35.7926,0.000167009,False
2023-08-14,157.547,4489.72,0.0520324,0.00163799,0,0.113999,0.000941553,0.12908,616.002,0,40,0,0.105559,0.112695,-1.67157,-0.796492,-4.58174,-11.8445,-22.761,-37.6125,0.000715019,False
2023-08-15,157.493,4437.86,0.0623313,0.00193117,0,-0.164981,0.00116618,0.0777757,610.398,0,40,0,0.127107,0.133446,-0.825983,-0.390443,-2.15865,-8.5057,-19.7339,-34.5769,-0.000345567,False
2023-08-16,157.494,4404.33,0.0674528,0.0020799,0,-0.057914,0.000656735,0.0831719,608.202,0,40,0,0.135496,0.141966,-0.807395,-0.379668,-1.55576,-6.92183,-18.1158,-32.8134,8.92724e-06,False
2023-08-17,157.489,4370.36,0.0745432,0.00228525,0,-0.063185,0.000949115,0.0965073,606.907,0,40,0,0.15199,0.156703,-0.847183,-0.396156,-1.3393,-5.78468,-16.745,-31.3192,-3.30907e-05,False
2023-08-18,157.492,4369.71,0.0685225,0.00211056,0,-0.0572697,0.000882452,0.101536,610.005,0,40,0,0.144285,0.145537,-0.986207,-0.463682,-1.87369,-7.12614,-18.2701,-32.8667,2.05194e-05,False
2023-08-21,157.63,4399.77,0.0611284,0.00189477,0,0.118813,0.00135749,0.140519,615.763,0,40,0,0.122499,0.130747,-1.57837,-0.746893,-3.50993,-10.32,-21.3256,-36.0736,0.000874364,False
2023-08-22,157.595,4387.55,0.062251,0.00192932,0,-0.1366,0.00177649,0.0980061,614.799,0,40,0,0.123983,0.133502,-1.09908,-0.520722,-3.22922,-10.0645,-21.2579,-36.1405,-0.000225472,False
2023-08-23,157.545,4436.01,0.0623932,0.00193174,0,0.263098,0.00539485,0.465983,619.844,0,40,0,0.132232,0.132232,-4.58773,-2.14935,-4.94988,-11.5611,-21.6435,-35.2257,-0.000316082,False
2023-08-24,157.12,4376.31,0.0697503,0.00214449,0,-0.854658,0.00642012,0.0975801,611.123,0,40,0,0.149983,0.145831,-0.967835,-0.455944,-2.22839,-8.27402,-19.4947,-34.224,-0.00269809,False
2023-08-25,157.209,4405.71,0.0630967,0.00195144,0,0.0858446,0.00137405,0.154243,614.409,0,40,0,0.132661,0.13202,-1.66549,-0.786371,-3.482,-10.2412,-21.2445,-35.8958,0.000566148,False
2023-08-28,157.447,4433.31,0.0531356,0.00166812,0,0.190916,0.00233817,0.155997,616.888,0,40,0,0.10613,0.112215,-2.08079,-0.992652,-4.84254,-12.0101,-22.8327,-37.5465,0.00151576,False
2023-08-29,156.654,4497.63,0.0514637,0.00161556,0.356198,0.849043,0.0107047,1.48085,621.751,0,40,0,0.105862,0.108641,-11.6853,-5.37256,-4.93723,-10.1667,-18.0507,-28.8175,-0.00503577,False
2023-08-30,156.884,4514.87,0.0496698,0.00156488,0.657777,0.780869,0.00322501,1.41836,619.947,0,40,0,0.104462,0.105792,-11.0717,-5.08616,-4.74417,-10.0743,-18.1072,-29.0654,0.00147119,False
2023-08-31,157.225,4507.66,0.0518439,0.00162496,0.343,-0.293916,0.00395626,0.487393,615.681,0,40,0,0.110999,0.107779,-5.15476,-2.42453,-4.88588,-11.416,-21.2569,-34.6498,0.00216917,False
2023-09-01,157.199,4515.77,0.0423987,0.0013633,0.162348,-0.225516,0.00732339,0.158964,614.329,0,40,0,0.0906815,0.0907137,-2.34887,-1.12493,-5.33472,-12.6007,-23.2855,-37.9139,-0.000163609,False
2023-09-05,157.22,4496.83,0.0475134,0.00151253,0,-0.120283,0.00110663,0.0624286,611.29,0,40,0,0.0927095,0.10022,-0.895869,-0.429191,-4.08216,-11.4988,-22.5996,-37.7315,0.000134523,False
2023-09-06,157.191,4465.48,0.0512674,0.00161681,0,-0.0786241,0.000806109,0.0617231,608.792,0,40,0,0.101111,0.107882,-0.796248,-0.379716,-2.74084,-9.72125,-20.8397,-35.8997,-0.000184926,False
2023-09-07,157.159,4451.14,0.0541398,0.00169365,0,-0.0707063,0.000639078,0.0745376,608.937,0,40,0,0.108284,0.114433,-0.921939,-0.438752,-2.75902,-9.57814,-20.6709,-35.6465,-0.000201752,False
2023-09-08,157.216,4457.49,0.0474207,0.0015079,0,0.010531,0.000466013,0.0738859,611.382,0,40,0,0.0972809,0.101434,-1.06532,-0.510466,-3.83398,-11.1214,-22.1285,-37.1857,0.000360331,False
2023-09-11,157.279,4487.46,0.0476835,0.00151569,0,0.145192,0.00274192,0.199066,615.723,0,40,0,0.0938986,0.10212,-2.77346,-1.32503,-5.72839,-12.8964,-23.5025,-37.9644,0.000403508,False
2023-09-12,157.221,4461.9,0.0542979,0.00170184,0,-0.216496,0.00182118,0.0919567,612.628,0,40,0,0.112435,0.113178,-1.24264,-0.593839,-4.34915,-11.6331,-22.6529,-37.6057,-0.00037266,False
2023-09-13,157.292,4467.44,0.0487163,0.00154334,0,0.0133242,0.000924089,0.0802448,613.311,0,40,0,0.100202,0.10436,-1.15276,-0.552244,-4.70164,-12.0812,-23.1379,-38.1901,0.000453407,False
2023-09-14,157.298,4505.1,0.0460149,0.00146419,0,0.176919,0.00317873,0.29255,616.998,0,40,0,0.0971529,0.0967707,-3.98749,-1.90251,-6.06496,-12.9997,-23.2277,-37.2207,3.80573e-05,False
2023-09-15,157.257,4450.32,0.0495681,0.00156501,0,-0.321515,0.00225332,0.0578354,610.198,0,40,0,0.097975,0.103431,-0.784553,-0.374866,-3.17481,-10.3232,-21.4434,-36.5522,-0.000260975,False
2023-09-18,157.285,4453.53,0.047544,0.00151035,0,-0.00184159,0.00085323,0.0733326,611.522,0,40,0,0.0936347,0.10346,-1.02945,-0.492591,-3.8432,-11.1091,-22.1796,-37.2445,0.000177045,False
2023-09-19,157.29,4443.95,0.0531321,0.00166796,0,-0.0309426,0.000557926,0.0882183,611.098,0,40,0,0.111431,0.112616,-1.15387,-0.550598,-3.60592,-10.7046,-21.7065,-36.6535,3.22844e-05,False
2023-09-20,157.234,4402.2,0.0568712,0.0017739,0,-0.129322,0.00114798,0.0690808,607.891,0,40,0,0.12002,0.123993,-0.779619,-0.369575,-2.15977,-8.42066,-19.6035,-34.4936,-0.000357523,False
2023-09-21,157.169,4330,0.0731195,0.00224229,0,-0.119383,0.000732905,0.0844095,602.698,0,40,0,0.155121,0.154505,-0.734056,-0.343071,-0.989618,-4.74526,-15.4823,-30.0364,-0.000410648,False
2023-09-22,157.206,4320.06,0.0695315,0.00214034,0,-0.0219844,0.000702638,0.0923652,605.611,0,40,0,0.145015,0.145074,-0.875991,-0.411287,-1.50097,-5.84083,-16.7251,-31.2628,0.000233814,False
2023-09-25,157.267,4337.44,0.0630208,0.00195219,0,0.024005,0.000687056,0.115417,611.114,0,40,0,0.128586,0.135253,-1.23754,-0.584452,-2.64642,-8.57737,-19.6539,-34.3814,0.000390154,False
2023-09-26,157.187,4273.53,0.0725004,0.00222787,0,-0.179806,0.000988545,0.0855732,606.339,0,40,0,0.149464,0.157109,-0.75347,-0.352458,-1.17679,-5.62959,-16.5453,-31.1962,-0.000513,False
2023-09-27,157.173,4274.51,0.0764143,0.00234359,0,-0.0491899,0.00110213,0.123226,609.331,0,40,0,0.156353,0.160403,-1.08535,-0.507309,-1.7189,-6.88118,-17.9779,-32.549,-8.82683e-05,False
2023-09-28,157.287,4299.7,0.0737389,0.00226218,0,0.144695,0.00057361,0.224723,613.714,0,40,0,0.162307,0.156341,-2.0177,-0.942132,-2.80505,-8.86911,-19.8522,-34.1275,0.000725963,False
2023-09-29,157.342,4288.05,0.0707309,0.00217512,0,-0.115375,0.00367827,0.119325,613.053,0,40,0,0.150636,0.150355,-1.18464,-0.557924,-2.55999,-8.7053,-19.8978,-34.5556,0.000349049,False
2023-10-02,157.385,4288.39,0.066153,0.00204386,0,-0.0400747,0.00105414,0.0994713,613.675,0,40,0,0.135779,0.143815,-1.01973,-0.480928,-2.67406,-9.1682,-20.416,-35.2289,0.000272232,False
2023-10-03,157.31,4229.45,0.0766626,0.00235027,0,-0.157563,0.000850813,0.0899719,607.186,0,40,0,0.154456,0.163,-0.757406,-0.353368,-1.05394,-5.34629,-16.2347,-30.9254,-0.000474009,False
2023-10-04,157.386,4263.75,0.0726733,0.00223379,0,0.108673,0.000850416,0.191944,613.095,0,40,0,0.148056,0.155297,-1.70256,-0.794312,-2.40588,-8.27942,-19.3123,-33.7441,0.000484969,False
2023-10-05,157.433,4258.19,0.0793117,0.00242625,0,-0.0316403,0.000858719,0.189362,613.325,0,40,0,0.170612,0.166921,-1.65103,-0.770609,-2.44036,-8.21476,-19.258,-33.6403,0.000298425,False
2023-10-06,157.405,4308.5,0.0681303,0.00210035,0,0.109612,0.00319133,0.390371,619.409,0,40,0,0.141574,0.144138,-3.80152,-1.78075,-4.32263,-10.8874,-21.2703,-35.0978,-0.000181401,False
2023-10-09,157.468,4335.66,0.0665923,0.00205657,0.0346358,0.101927,0.00740845,0.4517,620.599,0,40,0,0.133889,0.141131,-4.73975,-2.22989,-4.85785,-11.2988,-21.4234,-34.9296,0.000400804,False
2023-10-10,157.621,4358.24,0.063691,0.00197157,0.126863,0.197917,0.0102347,0.420999,620.359,0,40,0,0.127587,0.133901,-4.68183,-2.21031,-4.95198,-11.4379,-21.5733,-35.1184,0.000973158,False
2023-10-11,157.874,4376.95,0.0613779,0.00190296,0.109779,0.298174,0.00391397,0.411454,619.879,0,40,0,0.131286,0.130084,-4.44259,-2.09392,-4.831,-11.3851,-21.5341,-35.1462,0.00160829,False
2023-10-12,157.782,4349.61,0.0668718,0.00206532,0,-0.464457,0.0028746,0.101657,614.594,0,40,0,0.135552,0.138723,-1.1052,-0.523113,-3.18983,-9.86241,-21.084,-35.8548,-0.000587357,False
2023-10-13,157.644,4327.78,0.0722697,0.00221943,0,-0.197752,0.0017295,0.110184,611.908,0,40,0,0.158321,0.151797,-1.03393,-0.48564,-2.06936,-7.89539,-19.1465,-33.7372,-0.000874364,False
2023-10-16,157.832,4373.63,0.0602936,0.00187542,0,0.202874,0.00116748,0.181644,617.802,0,40,0,0.121107,0.128303,-2.01476,-0.952137,-4.11817,-11.1287,-21.9999,-36.6237,0.00119678,False
2023-10-17,157.763,4373.2,0.0636133,0.00196823,0,-0.158876,0.00170188,0.15205,617.248,0,40,0,0.127088,0.135618,-1.71114,-0.810021,-4.02498,-10.9893,-21.997,-36.6766,-0.000439321,False
2023-10-18,157.649,4314.6,0.0749316,0.00229749,0,-0.243226,0.0012413,0.0944918,610.448,0,40,0,0.156293,0.159993,-0.830097,-0.388623,-1.53425,-6.90298,-18.0335,-32.743,-0.000724348,False
2023-10-19,157.615,4278,0.0866432,0.00264122,0,-0.0921189,0.00139796,0.118982,607.724,0,40,0,0.182395,0.185545,-0.889621,-0.41279,-1.02458,-4.93975,-15.4839,-30.1384,-0.0002157,False
2023-10-20,157.598,4224.16,0.0839731,0.00256643,0,-0.121037,0.00068107,0.0958805,604.456,0,40,0,0.174893,0.175044,-0.726721,-0.337044,-0.758652,-3.47636,-12.8675,-27.5251,-0.000109192,False
2023-10-23,157.634,4217.04,0.072887,0.00223993,0,-0.0353133,0.000565243,0.0940969,608.145,0,40,0,0.150025,0.161136,-0.818023,-0.382408,-1.25305,-4.88925,-15.057,-29.6931,0.000231933,False
2023-10-24,157.684,4247.68,0.0735356,0.00225948,0,0.0828703,0.00150862,0.19726,615.048,0,40,0,0.149971,0.158801,-1.76422,-0.823824,-2.48984,-7.91962,-18.8362,-33.2549,0.000313855,False
2023-10-25,157.598,4186.77,0.0865072,0.0026404,0,-0.255892,0.00146289,0.109365,609.389,0,40,0,0.172462,0.181043,-0.843173,-0.391949,-1.1062,-5.23526,-15.7717,-30.4663,-0.000542812,True
2023-10-26,157.56,4137.23,0.0929564,0.00283074,0,-0.123036,0.000696476,0.114077,606.13,0,40,0,0.188807,0.19593,-0.78957,-0.364707,-0.733815,-3.60761,-13.2901,-28.0334,-0.00024314,True
2023-10-27,157.571,4117.37,0.0921788,0.00280861,0,-0.069836,0.00101365,0.121768,606.984,0,40,0,0.188221,0.190119,-0.872078,-0.403304,-0.909731,-3.91612,-13.4307,-28.1109,6.87297e-05,True
2023-10-30,157.763,4166.82,0.0761922,0.00233959,0,0.207157,0.00080074,0.209971,616.052,0,40,0,0.153364,0.164825,-1.78285,-0.829639,-2.40351,-7.78325,-18.6723,-33.0886,0.00121854,True
2023-10-31,157.928,4193.8,0.0733606,0.00225553,0,0.196203,0.00123135,0.311035,620.195,0,40,0,0.152957,0.155343,-2.81342,-1.31278,-3.56128,-9.89798,-20.6048,-34.7465,0.00104595,True
2023-11-01,157.976,4237.86,0.0679549,0.00209895,0.078593,0.439734,0.00700117,0.683088,623.972,0,40,0,0.137542,0.143497,-6.05454,-2.81511,-4.65595,-10.7956,-20.5155,-33.4557,0.000303581,True
2023-11-02,157.396,4317.78,0.0619399,0.00192089,1.88258,3.94167,0.0139333,3.3674,628.841,0,40,0,0.130749,0.130348,-15.4556,-6.66393,-3.63449,-7.82918,-14.3062,-23.0898,-0.00366601,True
2023-11-03,157.427,4358.34,0.0527446,0.00166016,2.90966,2.8485,0.0113721,3.31548,627.059,0,40,0,0.109969,0.11115,-14.1496,-6.02511,-3.90195,-8.41459,-15.2714,-24.627,0.000193596,True
2023-11-06,157.754,4365.98,0.0510176,0.00161284,1.91568,0.413063,0.00669087,1.52797,622.229,0,40,0,0.100163,0.10942,-8.85325,-3.9443,-4.59952,-10.3768,-19.0318,-30.8114,0.00208106,True
2023-11-07,157.879,4378.38,0.0513583,0.00162072,1.29216,0.401014,0.00651955,0.555093,619.381,0,40,0,0.101564,0.111142,-4.70237,-2.17711,-5.31935,-12.0187,-22.0224,-35.616,0.00079203,True
2023-11-08,157.949,4382.78,0.0538082,0.00169137,0.413187,0.00626194,0.00360243,0.127188,617.349,0,40,0,0.105641,0.112944,-1.83992,-0.881467,-5.40996,-12.6407,-23.5424,-38.3154,0.000440171,True
2023-11-09,157.857,4347.35,0.0617277,0.0019176,0,-0.192399,0.0027643,0.0835462,612.709,0,40,0,0.125241,0.129272,-0.929543,-0.440481,-2.92904,-9.74318,-20.9402,-35.8062,-0.000580636,True
2023-11-10,157.976,4415.24,0.0525367,0.00165251,0,0.524354,0.00291803,0.537051,620.845,0,40,0,0.107878,0.10973,-5.35609,-2.51023,-5.63512,-12.2429,-22.0195,-35.3956,0.000752677,True
2023-11-13,158.036,4411.55,0.0561148,0.00175305,0.0201522,-0.161317,0.0041054,0.345806,619.017,0,40,0,0.123693,0.119037,-3.65689,-1.72148,-4.99829,-11.8484,-22.1449,-36.1291,0.00038001,True
2023-11-14,156.499,4495.7,0.0491474,0.00155329,1.19889,2.22887,0.0221029,2.93794,625.268,0,40,0,0.10617,0.103753,-16.2771,-7.20292,-4.09482,-8.28128,-14.6083,-23.2882,-0.00972347,True
2023-11-15,156.744,4502.88,0.0484637,0.00153107,1.36215,0.335252,0.00944627,1.70388,620.628,0,40,0,0.102557,0.1033,-11.2386,-5.07816,-4.62452,-9.9072,-17.8609,-28.7196,0.00156328,True
2023-11-16,156.84,4508.24,0.0508516,0.00159967,0.966129,0.0360193,0.00876022,0.718051,616.692,0,40,0,0.103808,0.104852,-6.78746,-3.16681,-5.019,-11.3011,-20.6519,-33.4226,0.000613809,True
2023-11-17,157.107,4514.02,0.0460567,0.00146994,0.35047,0.123949,0.00457286,0.265296,614.323,0,40,0,0.092069,0.0945425,-3.17735,-1.50545,-5.42649,-12.5111,-22.9486,-37.2215,0.00169758,True
2023-11-20,157.203,4547.38,0.0421108,0.00135878,0.463608,0.493797,0.00714959,0.232485,616.172,0,40,0,0.0835843,0.0894202,-3.75636,-1.80545,-6.72924,-13.7036,-24.076,-38.1789,0.000614887,True
2023-11-21,157.168,4538.19,0.0460577,0.00146547,0,-0.179566,0.00224911,0.130395,614.133,0,40,0,0.0975257,0.0956171,-2.11278,-1.01641,-5.89327,-13.1769,-23.9509,-38.6704,-0.000223486,True
2023-11-22,157.334,4556.62,0.0410149,0.0013251,0,0.164655,0.00220344,0.166589,615.542,0,40,0,0.0896092,0.0877262,-2.8947,-1.39556,-6.38321,-13.5427,-24.1076,-38.5426,0.00105586,True
2023-11-24,157.479,4559.34,0.0373126,0.00123251,0,0.013976,0.000774446,0.0711681,615.002,0,40,0,0.0757335,0.0786877,-1.4595,-0.707592,-6.51144,-13.9443,-25.0084,-40.0231,0.000919714,True
2023-11-27,157.495,4550.43,0.0365118,0.00121098,0,-0.0380514,0.000517997,0.0515373,613.597,0,40,0,0.0744068,0.0815487,-0.94827,-0.458264,-5.77686,-13.3196,-24.4975,-39.6828,0.000103901,True
2023-11-28,157.489,4554.89,0.0419119,0.00135592,0,-0.0161163,0.00143532,0.0807878,614.173,0,40,0,0.0805317,0.0872172,-1.38175,-0.666119,-5.9729,-13.4344,-24.4635,-39.478,-3.96595e-05,True
2023-11-29,157.382,4550.58,0.047428,0.00150488,0,-0.132189,0.00387209,0.0976615,613.62,0,40,0,0.0950286,0.0996779,-1.48454,-0.712673,-5.4695,-12.8907,-23.8319,-38.7711,-0.000679486,True
2023-11-30,157.355,4567.8,0.050089,0.00157689,0,0.0186472,0.00213863,0.189517,615.472,0,40,0,0.101637,0.104199,-2.71684,-1.30002,-5.96928,-13.133,-23.7192,-38.1801,-0.000170506,True
2023-12-01,157.458,4594.63,0.046126,0.00146639,0,0.209561,0.00434042,0.33612,617.677,0,40,0,0.0934255,0.0972637,-4.97741,-2.38368,-6.29767,-13.0051,-22.9641,-36.5505,0.000656336,True
2023-12-04,157.207,4569.78,0.0496202,0.00156438,0,-0.55601,0.00297877,0.0759286,613.565,0,40,0,0.0977412,0.106852,-1.12251,-0.538423,-5.01882,-12.379,-23.4939,-38.5681,-0.00159244,True
2023-12-05,157.226,4567.18,0.0499571,0.00157175,0,-0.0284227,0.000806786,0.0761297,612.81,0,40,0,0.0978639,0.108484,-1.0467,-0.500455,-4.50369,-11.8601,-22.9707,-38.0474,0.000120572,True
2023-12-06,157.188,4549.34,0.0537498,0.00168408,0,-0.0920389,0.00186961,0.072715,610.822,0,40,0,0.103817,0.114523,-0.916495,-0.436613,-3.36945,-10.5209,-21.669,-36.7074,-0.000244413,True
2023-12-07,157.13,4585.59,0.0588801,0.00182649,0,0.157655,0.00334181,0.342458,615.187,0,40,0,0.125416,0.123919,-3.51289,-1.65028,-4.83127,-11.7377,-22.0512,-36.0684,-0.000371379,True
2023-12-08,157.263,4604.37,0.0490872,0.0015446,0.0189902,0.00428411,0.00462693,0.236954,616.664,0,40,0,0.0980965,0.104635,-3.1945,-1.52366,-5.78033,-12.7987,-23.3012,-37.5931,0.000850979,True
2023-12-11,157.426,4622.44,0.0466617,0.00147765,0.0222513,0.220686,0.0022299,0.315417,617.442,0,40,0,0.101192,0.0997292,-4.30644,-2.05477,-5.87098,-12.7059,-22.8343,-36.6825,0.001036,True
2023-12-12,157.657,4643.7,0.0433751,0.00138945,0.140607,0.338005,0.00411855,0.320212,618.172,0,40,0,0.092282,0.0896944,-4.61394,-2.20668,-6.22903,-13.0322,-23.0931,-36.8347,0.001464,True
2023-12-13,156.674,4707.09,0.0468656,0.00148034,1.35483,2.24299,0.01142,2.22531,621.747,0,40,0,0.104084,0.0961381,-15.5339,-7.05958,-4.48939,-8.84023,-15.4471,-24.5159,-0.00623489,True
2023-12-14,156.595,4719.55,0.0463414,0.00146104,1.03041,0.38736,0.0109366,1.6949,618.825,0,40,0,0.103919,0.0954107,-12.0068,-5.46481,-4.73966,-9.88275,-17.5561,-28.0997,-0.000502281,True
2023-12-15,156.915,4719.19,0.0446159,0.00141929,0.62184,-0.148078,0.00714659,0.641072,615.433,0,40,0,0.0894657,0.0926246,-6.73484,-3.16439,-5.27502,-11.6238,-20.9823,-33.7908,0.00204322,True
2023-12-18,157.079,4740.56,0.040755,0.00131415,0.688166,0.565687,0.00653278,0.387119,615.202,0,40,0,0.0796573,0.0862275,-4.48301,-2.11913,-6.26294,-13.0901,-23.2123,-36.9769,0.00104759,True
2023-12-19,157.099,4768.37,0.0420021,0.00134572,0.562291,0.512961,0.00389414,0.35491,616.183,0,40,0,0.082459,0.0891647,-5.63422,-2.70541,-6.68207,-13.2508,-23.0632,-36.3952,0.000125042,True
2023-12-20,156.646,4698.35,0.0531918,0.00165806,0,-0.787211,0.00478599,0.0669816,607.697,0,40,0,0.1166,0.11201,-0.853891,-0.407098,-3.17703,-10.1995,-21.315,-36.3163,-0.00288057,True
2023-12-21,156.578,4746.75,0.0554942,0.00172211,0,0.14878,0.00247519,0.335958,613.118,0,40,0,0.113693,0.11608,-3.46744,-1.62867,-5.08725,-12.0199,-22.3642,-36.4479,-0.000439836,True
2023-12-22,156.519,4754.63,0.0548856,0.00170588,0.00308733,-0.166339,0.00537336,0.2728,612.904,0,40,0,0.109462,0.11514,-3.08887,-1.45936,-4.98931,-11.9714,-22.4679,-36.7151,-0.000373372,True
2023-12-26,156.842,4774.75,0.0477239,0.00150756,0.0161705,0.238412,0.00288782,0.215309,614.403,0,40,0,0.0900537,0.101013,-3.29949,-1.58239,-5.75156,-12.7851,-23.2655,-37.5185,0.00206403,True
2023-12-27,156.972,4781.58,0.0473205,0.00149311,0.0229347,0.0396555,0.00184893,0.146558,614.048,0,40,0,0.0914717,0.100355,-2.45983,-1.18462,-5.79318,-13.0233,-23.7289,-38.3138,0.000825349,True
2023-12-28,157.057,4783.35,0.0505921,0.0015817,0.00521249,0.00808414,0.00208013,0.111341,613.101,0,40,0,0.102323,0.10524,-1.63446,-0.78351,-5.3718,-12.7149,-23.6181,-38.4878,0.000541622,True
2023-12-29,157.037,4769.83,0.0461824,0.00145912,0,-0.113663,0.00087141,0.0612752,611.388,0,40,0,0.0916098,0.0956115,-0.923023,-0.443043,-4.48458,-11.9468,-23.0405,-38.19,-0.000125723,True
2024-01-02,156.993,4742.83,0.0463364,0.00146714,0,-0.0942903,0.000715302,0.0549812,609.033,0,40,0,0.0913335,0.0993785,-0.778636,-0.372806,-3.2206,-10.4684,-21.5933,-36.734,-0.000279184,True
2024-01-03,156.961,4704.81,0.0523258,0.00163504,0,-0.0748585,0.000706029,0.0617632,606.557,0,40,0,0.103354,0.110652,-0.773222,-0.36818,-2.25454,-8.70189,-19.8229,-34.8274,-0.000201639,True
2024-01-04,156.946,4688.68,0.0548115,0.00170587,0,-0.0528173,0.00117972,0.0767621,607.234,0,40,0,0.116785,0.116657,-0.927123,-0.44071,-2.51322,-8.86715,-19.9639,-34.8717,-0.000101237,True
2024-01-05,156.946,4697.24,0.0537462,0.00167477,0,-0.0324913,0.001602,0.0939063,610.354,0,40,0,0.106809,0.112628,-1.21468,-0.579085,-3.57799,-10.6494,-21.6442,-36.5868,5.31379e-06,True
2024-01-08,157.127,4763.54,0.046332,0.00146577,0.0510407,0.785511,0.00335184,0.689018,618.262,0,40,0,0.0912086,0.0974653,-7.62581,-3.59539,-5.8869,-11.9994,-21.1775,-33.6665,0.00115245,True
2024-01-09,157.176,4756.5,0.0437994,0.00139396,0.0193813,-0.423306,0.00490615,0.235069,616.157,0,40,0,0.0868738,0.0932403,-3.75991,-1.80638,-6.13635,-13.0741,-23.4392,-37.5317,0.000310324,True
2024-01-10,157.116,4783.45,0.0487089,0.00153013,0.153385,0.542003,0.0045784,0.726412,617.226,0,40,0,0.109816,0.100547,-7.38311,-3.46274,-5.47088,-11.6585,-20.7755,-33.3084,-0.000382533,True
2024-01-11,157.047,4780.24,0.0472099,0.00148305,0.0416197,-0.583397,0.00738576,0.208246,614.608,0,40,0,0.100735,0.0993506,-3.03144,-1.45108,-5.57505,-12.6718,-23.1648,-37.509,-0.000436044,True
2024-01-12,157.12,4783.83,0.0454139,0.00143932,0.00597216,-0.0690499,0.00323071,0.101384,613.736,0,40,0,0.0970734,0.093184,-1.68446,-0.811257,-5.5551,-12.9594,-23.8311,-38.7269,0.000462173,True
2024-01-16,157.093,4765.98,0.0455041,0.00144106,0,-0.110816,0.00108157,0.0602316,611.426,0,40,0,0.0913382,0.0982132,-0.894203,-0.429011,-4.41228,-11.8652,-22.9805,-38.1359,-0.000169817,True
2024-01-17,157.045,4739.21,0.0494763,0.00155394,0,-0.0928799,0.000766131,0.0631132,609.04,0,40,0,0.10202,0.107301,-0.834109,-0.398235,-3.0999,-10.2446,-21.354,-36.427,-0.000309404,True
2024-01-18,157.008,4780.94,0.049497,0.00155286,0,0.114175,0.00240698,0.259151,614.283,0,40,0,0.102145,0.104529,-3.12641,-1.48247,-5.29551,-12.4042,-22.8299,-37.1135,-0.000231311,True
2024-01-19,157.073,4839.81,0.0429419,0.00136707,0.265593,1.31458,0.00604721,1.27883,619.648,0,40,0,0.0872743,0.091745,-11.5911,-5.39034,-5.45295,-10.7137,-18.6384,-29.4408,0.000412923,True
2024-01-22,157.218,4850.43,0.0453917,0.00143855,0.350845,0.25224,0.010577,1.06911,618.511,0,40,0,0.08833,0.0974327,-10.1937,-4.75846,-5.24584,-10.8485,-19.1741,-30.5344,0.000919962,True
2024-01-23,157.379,4864.6,0.0449104,0.00142492,0.673176,0.474402,0.00703645,0.744985,617.514,0,40,0,0.0884422,0.0981123,-7.46864,-3.49902,-5.55163,-11.734,-20.8929,-33.3809,0.00102911,True
2024-01-24,157.19,4868.55,0.0502472,0.00157177,0.477371,-0.248008,0.0101414,0.247306,615.41,0,40,0,0.100527,0.108033,-3.52153,-1.68384,-5.7336,-12.7034,-23.0856,-37.2086,-0.00120197,True
2024-01-25,157.117,4894.16,0.0550389,0.00170635,0.23988,0.201335,0.00536221,0.330366,616.37,0,40,0,0.109267,0.117013,-4.33597,-2.06507,-5.802,-12.5773,-22.7206,-36.4939,-0.000468446,True
2024-01-26,157.289,4890.97,0.0516196,0.00161107,0,-0.0921508,0.00334163,0.112113,614.791,0,40,0,0.0998732,0.109871,-1.69212,-0.812079,-5.44861,-12.6988,-23.6521,-38.4984,0.00109962,True
2024-01-29,157.425,4927.93,0.0475063,0.00149308,0.00886479,0.229126,0.00225815,0.240485,617.559,0,40,0,0.0933499,0.104287,-3.76509,-1.80772,-6.23086,-13.2141,-23.5561,-37.6367,0.000862387,True
2024-01-30,157.493,4924.97,0.0513895,0.00160282,0,-0.0560372,0.00167869,0.164713,615.785,0,40,0,0.109366,0.107262,-2.42713,-1.16314,-5.46385,-12.6313,-23.3061,-37.8611,0.000430953,True
2024-01-31,157.395,4845.65,0.0561357,0.00174092,0,-0.253689,0.00146587,0.0614908,607.464,0,40,0,0.115049,0.11806,-0.705758,-0.334592,-1.75575,-7.85682,-19.0223,-33.9236,-0.000619319,True
2024-02-01,157.366,4906.19,0.0538768,0.00167272,0,0.255809,0.00213242,0.396829,615.028,0,40,0,0.115557,0.113609,-3.57667,-1.66427,-4.18787,-11.0131,-21.2744,-35.2748,-0.000187159,True
2024-02-02,157.351,4958.61,0.0483506,0.00151642,0.229941,0.814772,0.00723189,1.03658,619.752,0,40,0,0.0979042,0.0997688,-7.80528,-3.57538,-5.40208,-11.4527,-20.4782,-32.815,-9.7338e-05,True
2024-02-05,157.396,4942.81,0.0449403,0.00141987,0.0766024,-0.604104,0.00443333,0.34999,616.722,0,40,0,0.0891899,0.097811,-4.36929,-2.07462,-5.26201,-12.0431,-22.1858,-35.9876,0.000285799,True
2024-02-06,157.462,4954.23,0.0436766,0.00138568,0.182476,0.0947568,0.00320124,0.234548,616.418,0,40,0,0.088558,0.0950671,-3.32107,-1.58722,-5.67746,-12.7524,-23.1905,-37.4352,0.000424485,True
2024-02-07,157.319,4995.06,0.0466417,0.00146799,0.520191,0.584801,0.00964341,0.478106,618.321,0,40,0,0.0932744,0.0984346,-6.26225,-2.98093,-6.13157,-12.5839,-22.1641,-35.2307,-0.000910815,True
2024-02-08,157.543,4997.91,0.0472056,0.00148241,0.0105622,-0.0084027,0.00345776,0.277402,616.9,0,40,0,0.0958449,0.100637,-4.02106,-1.92417,-6.01925,-12.8941,-23.1276,-37.0714,0.00142389,True
2024-02-09,157.746,5026.61,0.0484857,0.0015181,0.137189,0.579031,0.00388636,0.558968,618.626,0,40,0,0.0988768,0.10189,-6.79656,-3.22305,-5.7398,-12.0559,-21.4046,-34.1903,0.0012908,True
2024-02-12,157.898,5021.84,0.0478096,0.00149369,0.0109258,-0.24755,0.00598001,0.189183,616.635,0,40,0,0.105569,0.102699,-2.81871,-1.35113,-5.5797,-12.6825,-23.2212,-37.614,0.000961318,True
2024-02-13,157.565,4953.17,0.0537105,0.00167011,0,-0.512948,0.00169545,0.0592857,609.332,0,40,0,0.108249,0.111511,-0.722223,-0.343413,-2.1751,-8.76109,-19.9216,-34.9238,-0.00210709,True
2024-02-14,157.523,5000.62,0.0517667,0.00160951,0,0.122525,0.00198749,0.271955,615.275,0,40,0,0.107603,0.110064,-2.88785,-1.3593,-4.28516,-11.2923,-21.7865,-36.1038,-0.000266392,True
2024-02-15,157.58,5029.73,0.0536311,0.00166342,0.073264,0.356239,0.00143297,0.548586,617.977,0,40,0,0.114643,0.113081,-5.03699,-2.34673,-4.97204,-11.6082,-21.4432,-34.8853,0.000361076,True
2024-02-16,157.53,5005.57,0.0540164,0.00167466,0,-0.492782,0.00476996,0.153523,614.936,0,40,0,0.114845,0.112655,-2.04149,-0.974123,-4.34516,-11.4051,-22.196,-36.826,-0.00031823,True
2024-02-20,157.494,4975.51,0.0528094,0.00163909,0,-0.176368,0.00115511,0.0632872,611.694,0,40,0,0.105554,0.112985,-0.794138,-0.378221,-3.04157,-9.96889,-21.1681,-36.2351,-0.000229272,True
2024-02-21,157.471,4981.8,0.0572341,0.00176784,0,-0.0150403,0.000784652,0.125823,612.617,0,40,0,0.129537,0.120149,-1.47005,-0.697184,-3.32369,-10.1832,-21.1409,-35.8886,-0.000145369,True
2024-02-22,157.023,5087.03,0.0508662,0.00158082,0.255857,1.55852,0.00967074,1.91574,622.547,0,40,0,0.104837,0.108113,-12.677,-5.7314,-4.8276,-9.7633,-17.2742,-27.5234,-0.00284269,True
2024-02-23,157.415,5088.8,0.0437421,0.00138032,0.315437,-0.0873256,0.00630587,1.15741,620.036,0,40,0,0.0889263,0.0933886,-9.895,-4.5815,-4.96779,-10.5822,-18.9927,-30.4716,0.0024941,True
2024-02-26,157.653,5069.53,0.0436844,0.00138017,0.0846333,-0.624425,0.00568756,0.247052,615.829,0,40,0,0.0876772,0.0954845,-3.929,-1.8871,-4.99107,-11.8506,-22.0913,-36.0508,0.00151137,True
2024-02-27,157.761,5078.18,0.0465597,0.00146395,0.0919214,0.0489429,0.00391894,0.137243,615.124,0,40,0,0.0898317,0.0976384,-2.25419,-1.08479,-5.1528,-12.4151,-23.1255,-37.7538,0.000685091,True
2024-02-28,157.769,5069.76,0.0503853,0.00157004,0,-0.0854566,0.00147556,0.0913236,613.839,0,40,0,0.10422,0.105653,-1.29058,-0.61798,-4.5547,-11.9316,-22.8865,-37.8443,4.94604e-05,True
2024-02-29,157.826,5096.27,0.0490452,0.00153106,0,0.0899121,0.00157777,0.170082,617.119,0,40,0,0.0988639,0.103253,-2.4343,-1.16499,-5.8208,-13.0488,-23.7236,-38.3006,0.000361858,True
2024-03-01,158.046,5137.08,0.044817,0.00141399,0.0400871,0.517008,0.00510119,0.464878,620.656,0,40,0,0.086992,0.093547,-6.58554,-3.14729,-6.31119,-12.6895,-22.1835,-35.1208,0.00139665,True
2024-03-04,158.189,5130.95,0.0465415,0.00145925,0,-0.212946,0.00529071,0.14864,618.682,0,40,0,0.0888393,0.100092,-2.543,-1.22581,-6.22628,-13.4331,-24.1382,-38.6918,0.000905324,True
2024-03-05,158.064,5078.65,0.0536569,0.00166299,0,-0.259312,0.00149918,0.0651808,612.873,0,40,0,0.110103,0.115381,-0.806696,-0.384056,-3.19792,-10.2107,-21.3887,-36.4083,-0.000792456,True
2024-03-06,158.035,5104.76,0.0570652,0.00176018,0,0.00621141,0.00238853,0.153564,615.962,0,40,0,0.111212,0.120429,-1.76888,-0.837717,-4.20769,-11.3371,-22.2342,-36.9439,-0.000185084,True
2024-03-07,157.982,5157.36,0.0603515,0.00185538,0.0622749,0.560386,0.00344899,0.759922,620.927,0,40,0,0.125408,0.1251,-6.42551,-2.97543,-5.07178,-11.3796,-20.7961,-33.6121,-0.000336629,True
2024-03-08,157.717,5123.69,0.0565718,0.00174563,0,-0.955551,0.00760532,0.116201,616.417,0,40,0,0.113617,0.119588,-1.57246,-0.751362,-4.26657,-11.2852,-22.2981,-37.104,-0.00167494,True
2024-03-11,157.69,5117.94,0.0630782,0.00193427,0,-0.0715818,0.00108433,0.131172,615.156,0,40,0,0.139365,0.131734,-1.53875,-0.73049,-3.63053,-10.4138,-21.4561,-36.1217,-0.000167979,True
2024-03-12,157.848,5175.27,0.0505847,0.00157668,0.00804649,0.231056,0.00438085,0.240859,619.769,0,40,0,0.0986363,0.107602,-3.20689,-1.52886,-5.63388,-12.7008,-23.199,-37.5028,0.00100164,True
2024-03-13,157.887,5165.31,0.0541162,0.00167439,0,-0.123278,0.00219441,0.129464,617.394,0,40,0,0.10772,0.113754,-1.78324,-0.85244,-4.95946,-12.1655,-23.0886,-37.881,0.000243047,True
2024-03-14,157.808,5150.48,0.0613917,0.00188657,0,-0.156173,0.00204104,0.109497,615.353,0,40,0,0.124697,0.126475,-1.32096,-0.628123,-3.99413,-11.047,-22.1343,-36.9614,-0.000498725,True
2024-03-15,157.773,5117.09,0.0583296,0.00179695,0,-0.128226,0.00076584,0.0720304,611.951,0,40,0,0.11773,0.12461,-0.809903,-0.383889,-2.39741,-9.00447,-20.2134,-35.1455,-0.000221742,True
2024-03-18,157.807,5149.42,0.054468,0.00168563,0,0.0449948,0.00210294,0.133659,615.846,0,40,0,0.109781,0.115319,-1.65157,-0.785108,-4.02265,-11.1918,-22.0959,-36.9057,0.000215788,True
2024-03-19,157.84,5178.51,0.0536207,0.00165614,0.00216435,0.152389,0.00207665,0.300528,618.732,0,40,0,0.117663,0.113645,-3.46856,-1.64129,-5.08129,-12.0655,-22.394,-36.5156,0.000210662,True
2024-03-20,157.828,5224.62,0.0484521,0.00151117,0.133613,0.514372,0.00542176,0.734804,621.967,0,40,0,0.100486,0.102611,-7.89288,-3.71574,-5.65923,-11.7326,-20.7985,-33.1767,-7.60176e-05,True
2024-03-21,157.911,5241.53,0.0462524,0.00144835,0.26174,0.178568,0.00938244,0.603841,621.062,0,40,0,0.0939347,0.0993621,-7.28136,-3.45123,-5.63521,-11.8729,-21.1256,-33.7569,0.000527232,True
2024-03-22,158.176,5234.18,0.0430024,0.001358,0.0732035,-0.189856,0.00451228,0.113405,618.094,0,40,0,0.0858504,0.090244,-2.09717,-1.01363,-5.83541,-13.1404,-23.946,-38.688,0.00167504,True
2024-03-25,158.185,5218.19,0.0410496,0.00130617,0,-0.0925578,0.00110717,0.0505973,615.526,0,40,0,0.0788509,0.0872378,-0.824806,-0.39712,-4.79136,-12.3144,-23.4702,-38.6766,5.6182e-05,True
2024-03-26,158.188,5203.58,0.0459151,0.00144367,0,-0.0279229,0.000729085,0.0635315,614.358,0,40,0,0.0882186,0.0947406,-0.947359,-0.45469,-4.09509,-11.525,-22.5829,-37.6915,1.82401e-05,True
2024-03-27,158.139,5248.49,0.0439134,0.00138432,0,0.153945,0.00229504,0.306816,619.307,0,40,0,0.088374,0.0917739,-4.05923,-1.93414,-6.0326,-12.9308,-23.158,-37.1043,-0.000310426,True
2024-03-28,158.227,5254.35,0.044816,0.00140614,0.00793461,0.0265527,0.00271052,0.277995,619.394,0,40,0,0.0947226,0.0954884,-3.85145,-1.83954,-6.0636,-12.9814,-23.2501,-37.2694,0.00055735,True
2024-04-01,158.313,5243.77,0.0444196,0.00139778,0,-0.155433,0.00186642,0.0772157,617.749,0,40,0,0.0856039,0.0963487,-1.3107,-0.63198,-5.73481,-13.1885,-24.2339,-39.2691,0.000546692,True
2024-04-02,158.207,5205.81,0.0516724,0.00160482,0,-0.168959,0.000816832,0.0635358,613.819,0,40,0,0.100327,0.110035,-0.820317,-0.391309,-3.42353,-10.6088,-21.7643,-36.8403,-0.000669735,True
2024-04-03,158.207,5211.49,0.0520235,0.00161493,0,-0.0223998,0.0012718,0.0905265,615.146,0,40,0,0.102666,0.113295,-1.15574,-0.550786,-3.76701,-10.9984,-22.0522,-37.0194,-1.60391e-06,True
2024-04-04,157.649,5147.21,0.0759006,0.00230924,0,-0.605755,0.00444287,0.111879,609.904,0,40,0,0.168505,0.154121,-1.01268,-0.474685,-1.77005,-7.18643,-18.451,-32.9193,-0.00352676,True
2024-04-05,157.798,5204.34,0.0612594,0.00187952,0,0.181654,0.00175578,0.202229,617.203,0,40,0,0.126791,0.129627,-2.12376,-1.00045,-3.98433,-10.9609,-21.777,-36.3115,0.000944683,True
2024-04-08,157.965,5202.39,0.0516748,0.00160529,0,-0.000287582,0.000638838,0.0846906,617.038,0,40,0,0.102217,0.11441,-1.13051,-0.540038,-4.17714,-11.4394,-22.5689,-37.6133,0.00105629,True
2024-04-09,157.771,5209.91,0.0635355,0.00194531,0,-0.133154,0.00266519,0.20373,617.299,0,40,0,0.140702,0.130338,-2.27828,-1.07761,-4.15182,-11.0774,-21.8541,-36.2944,-0.00122349,True
2024-04-10,157.627,5160.64,0.0636899,0.00195155,0,-0.326143,0.00123288,0.0820944,611.96,0,40,0,0.138733,0.134842,-0.8582,-0.40538,-2.19438,-8.43445,-19.697,-34.4933,-0.000912726,True
2024-04-11,157.653,5199.06,0.0589841,0.00181322,0,0.0515942,0.00110669,0.164395,615.966,0,40,0,0.122941,0.125093,-1.81086,-0.855571,-3.78296,-10.7615,-21.6701,-36.3427,0.000160873,True
2024-04-12,157.455,5123.41,0.0719299,0.00219403,0,-0.337648,0.000991056,0.0928414,608.894,0,40,0,0.158729,0.149047,-0.860488,-0.403841,-1.51265,-6.64778,-17.8524,-32.4277,-0.0012518,True
2024-04-15,157.44,5061.82,0.0759052,0.00231136,0,-0.0922444,0.000962057,0.0883753,605.356,0,40,0,0.158993,0.161078,-0.744998,-0.347624,-0.975044,-4.59831,-15.1416,-29.7467,-9.61952e-05,True
2024-04-16,157.461,5051.41,0.0715084,0.0021823,0,-0.0394062,0.000516888,0.0965764,607.768,0,40,0,0.14888,0.153886,-0.875527,-0.41016,-1.44989,-5.684,-16.4708,-31.0693,0.000134667,True
2024-04-17,157.451,5022.21,0.0752952,0.002295,0,-0.0818573,0.000933736,0.097704,608.131,0,40,0,0.151834,0.156305,-0.864466,-0.404393,-1.43385,-5.82486,-16.5266,-31.1244,-6.93406e-05,True
2024-04-18,157.472,5011.12,0.0754504,0.00229885,0,-0.0371247,0.000871226,0.111554,610.365,0,40,0,0.153842,0.15919,-0.986055,-0.461308,-1.66502,-6.63966,-17.6828,-32.2743,0.000135313,True
2024-04-19,157.434,4967.23,0.0757556,0.00230811,0,-0.128446,0.000701432,0.0932215,608.365,0,40,0,0.157903,0.157188,-0.809796,-0.378546,-1.21292,-5.53524,-16.4373,-31.0418,-0.000237292,True
2024-04-22,157.516,5010.6,0.0618872,0.0019014,0,0.0746739,0.00165591,0.144572,614.799,0,40,0,0.127329,0.137337,-1.49738,-0.705275,-2.84039,-9.22772,-20.2862,-34.986,0.000518652,True
2024-04-23,157.595,5070.55,0.0610315,0.00187795,0.0623119,0.501349,0.00307326,0.560951,620.783,0,40,0,0.118887,0.130945,-5.1924,-2.42109,-4.79544,-11.288,-21.2029,-34.5716,0.000499873,True
2024-04-24,157.661,5071.63,0.0651488,0.00199766,0.00943862,-0.169844,0.00462538,0.374453,619.118,0,40,0,0.128926,0.137306,-3.98458,-1.87656,-4.63391,-11.1703,-21.5212,-35.2884,0.000417155,True
2024-04-25,157.279,5048.42,0.0765704,0.00232954,0,-0.633588,0.00236757,0.194589,614.694,0,40,0,0.163457,0.163642,-1.94176,-0.913732,-3.28541,-9.53336,-20.4979,-34.8696,-0.00242198,True
2024-04-26,157.711,5099.96,0.0606784,0.00186584,0.0220683,0.387127,0.00639432,0.179498,618.437,0,40,0,0.118187,0.128235,-2.26239,-1.07664,-4.76847,-11.7637,-22.6011,-37.1466,0.00275033,True
2024-04-29,157.874,5116.17,0.0554623,0.00171617,0,0.05558,0.00249287,0.123384,618.565,0,40,0,0.106115,0.119302,-1.62367,-0.774526,-5.06812,-12.2906,-23.3136,-38.1852,0.0010332,True
2024-04-30,157.759,5035.69,0.06665,0.00204028,0,-0.223549,0.000862725,0.0785221,610.133,0,40,0,0.143877,0.139696,-0.770826,-0.362983,-1.61188,-7.21113,-18.4452,-33.1618,-0.000728047,True
2024-05-01,157.595,5018.39,0.0646638,0.00198279,0,-0.220717,0.00101264,0.0837589,609.803,0,40,0,0.131966,0.137225,-0.843998,-0.397541,-1.67271,-7.01945,-18.203,-32.9351,-0.00104137,True
2024-05-02,157.533,5064.2,0.0676714,0.00206996,0,0.135357,0.00173943,0.344701,615.632,0,40,0,0.152175,0.13996,-2.96817,-1.3787,-3.28087,-9.57474,-20.2018,-34.2043,-0.000391653,True
2024-05-03,157.732,5127.79,0.0478088,0.00149369,0.154937,0.637988,0.00646706,0.668804,621.962,0,40,0,0.0963637,0.100785,-6.83939,-3.20968,-5.45294,-11.7442,-21.1459,-33.9759,0.00126193,True
2024-05-06,157.63,5180.74,0.0493506,0.00153837,0.709064,1.89077,0.00651164,1.99402,624.677,0,40,0,0.0968326,0.107269,-14.0204,-6.37993,-4.49889,-9.24217,-16.3328,-26.0229,-0.000647964,True
2024-05-07,157.918,5187.7,0.0482074,0.00150559,0.945025,0.214089,0.00716822,1.01465,621.392,0,40,0,0.0925136,0.103695,-8.86323,-4.11197,-5.10622,-10.9401,-19.6784,-31.568,0.00182686,True
2024-05-08,157.982,5187.67,0.0500132,0.00155566,0.54246,-0.204583,0.00664077,0.244858,618.26,0,40,0,0.0967358,0.106886,-3.70074,-1.7744,-5.46582,-12.375,-22.7203,-36.7673,0.000408851,True
2024-05-09,158.133,5214.08,0.0500321,0.00155907,0.283574,0.38348,0.00413118,0.238987,619.032,0,40,0,0.0965576,0.106768,-3.53538,-1.69384,-5.84985,-12.863,-23.2286,-37.3559,0.000950227,True
2024-05-10,158.293,5222.68,0.0473933,0.00148513,0.0512773,0.0472234,0.00327674,0.117027,618.796,0,40,0,0.0900834,0.099935,-1.86459,-0.896726,-5.98829,-13.3185,-24.2064,-39.0294,0.00101521,True
2024-05-13,158.28,5221.42,0.0526483,0.00162998,0,-0.0597186,0.00235686,0.119583,618.085,0,40,0,0.107174,0.112425,-1.70446,-0.816233,-5.32968,-12.5996,-23.5191,-38.3404,-8.6001e-05,True
2024-05-14,158.294,5246.68,0.0549688,0.00169567,0,0.141519,0.002673,0.297032,619.824,0,40,0,0.122964,0.11244,-3.69577,-1.75657,-5.37319,-12.3301,-22.5655,-36.5788,9.26874e-05,True
2024-05-15,158.625,5308.15,0.0444124,0.00139713,0.439833,1.27731,0.00747536,0.839443,624.519,0,40,0,0.0863528,0.0930787,-10.1139,-4.79403,-5.72738,-11.364,-19.7806,-31.254,0.00208853,True
2024-05-16,158.805,5297.1,0.0464301,0.00145666,0.012792,-0.431751,0.00800706,0.251206,621.548,0,40,0,0.0907629,0.0952353,-4.04457,-1.94454,-5.97641,-12.8704,-23.0995,-37.0457,0.00113892,True
2024-05-17,158.969,5303.27,0.0435644,0.00137094,0.00462589,-0.00567753,0.00276609,0.11721,620.944,0,40,0,0.0848546,0.0919489,-2.16126,-1.04484,-6.0395,-13.3542,-24.1336,-38.8438,0.00102717,True
2024-05-20,159.044,5308.13,0.0398806,0.00126948,0,-0.0110404,0.00296595,0.066274,620.522,0,40,0,0.0781717,0.0864054,-1.19058,-0.575157,-6.04074,-13.5529,-24.6569,-39.7595,0.000475192,True
2024-05-21,159.083,5321.41,0.0403907,0.00128618,0,0.0254054,0.000950936,0.091191,621.45,0,40,0,0.0774527,0.0858914,-1.60966,-0.777017,-6.4286,-13.8479,-24.8535,-39.8025,0.000242964,True
2024-05-22,158.913,5307.01,0.0508776,0.00157824,0,-0.169642,0.00222667,0.138611,619.774,0,40,0,0.119139,0.103353,-1.96336,-0.940243,-5.08465,-12.4329,-23.1281,-37.8385,-0.00106856,True
2024-05-23,158.8,5267.84,0.0469409,0.00146535,0,-0.238434,0.00317565,0.0553835,616.159,0,40,0,0.100587,0.0974008,-0.774196,-0.370669,-3.2928,-10.5665,-21.657,-36.792,-0.000710497,True
2024-05-24,158.904,5304.72,0.0368053,0.0011806,0,0.114637,0.00117028,0.0998345,620.479,0,40,0,0.0742373,0.0760411,-1.77385,-0.855937,-5.65727,-13.0028,-23.9683,-38.849,0.000658947,True
2024-05-28,158.856,5306.04,0.0405367,0.00128902,0,-0.0803283,0.00246098,0.104343,620.502,0,40,0,0.079443,0.0880382,-1.7741,-0.855159,-5.86009,-13.2312,-24.1685,-39.0448,-0.000302381,True
2024-05-29,158.769,5266.95,0.0506583,0.00157627,0,-0.170537,0.000858951,0.0696642,616.909,0,40,0,0.101106,0.107882,-0.942305,-0.450578,-4.00449,-11.3304,-22.425,-37.4905,-0.000551668,True
2024-05-30,158.755,5235.48,0.0546715,0.0016889,0,-0.0663647,0.000695306,0.0696099,614.834,0,40,0,0.111467,0.115239,-0.844805,-0.401956,-2.82665,-9.77816,-20.9109,-35.8937,-8.83237e-05,True
2024-05-31,158.739,5277.51,0.0459377,0.0014396,0,0.0132504,0.00120488,0.141917,619.933,0,40,0,0.0918709,0.0960878,-2.03657,-0.974966,-5.07217,-12.4063,-23.1716,-37.9143,-9.92941e-05,True
2024-06-03,158.532,5283.4,0.0534929,0.00165577,0,-0.20873,0.003713,0.188277,620.481,0,40,0,0.105736,0.116301,-2.38021,-1.13254,-5.19362,-12.3655,-23.0938,-37.656,-0.00130381,True
2024-06-04,158.549,5291.34,0.0558283,0.00172137,0,-0.0579678,0.00224757,0.165629,620.749,0,40,0,0.109839,0.11962,-2.23373,-1.06657,-5.3506,-12.4706,-23.2922,-37.894,0.00010433,True
2024-06-05,158.622,5354.03,0.0557794,0.00172122,0.278922,1.04655,0.00548781,0.908634,625.162,0,40,0,0.105425,0.117605,-9.67354,-4.55276,-5.21351,-10.9016,-19.4193,-30.9943,0.000461661,True
2024-06-06,158.853,5352.96,0.0586088,0.00179901,0.11063,-0.135457,0.00561747,0.482937,622.574,0,40,0,0.122835,0.12326,-5.28273,-2.49199,-5.03975,-11.4513,-21.3019,-34.5827,0.00145505,True
2024-06-07,159.098,5346.99,0.0525098,0.00162482,0,-0.181388,0.0047573,0.102333,620.739,0,40,0,0.102456,0.111612,-1.54574,-0.742225,-4.8346,-12.0011,-22.9959,-37.8555,0.00154447,True
2024-06-10,159.185,5360.79,0.0498764,0.00154977,0,0.0271417,0.000783608,0.0894652,621.321,0,40,0,0.0953299,0.107488,-1.28783,-0.617183,-4.98397,-12.3649,-23.4051,-38.4166,0.000550304,True
2024-06-11,159.117,5375.32,0.0570237,0.00175509,0,0.034712,0.00210806,0.245327,622.093,0,40,0,0.132228,0.115362,-2.84866,-1.34996,-4.75212,-11.8368,-22.2918,-36.5991,-0.000427104,True
2024-06-12,158.983,5421.03,0.0451024,0.00141213,0.025076,-0.0305467,0.00992154,0.357509,625.506,0,40,0,0.0943736,0.0920914,-5.07179,-2.42506,-6.26058,-12.9657,-22.9242,-36.5236,-0.000842372,True
2024-06-13,158.809,5433.74,0.0423532,0.00133286,0.0148268,-0.316823,0.00758799,0.233466,624.426,0,40,0,0.0838315,0.0886686,-4.09529,-1.97525,-6.51082,-13.4622,-23.75,-37.7664,-0.00109555,True
2024-06-14,158.843,5431.6,0.0422085,0.00132803,0,-0.130914,0.00211744,0.108009,621.995,0,40,0,0.0868978,0.0885429,-2.00012,-0.967061,-6.20047,-13.5535,-24.4108,-39.23,0.00020972,True
2024-06-17,158.766,5473.23,0.0422626,0.00133087,0.111961,0.253339,0.0103482,0.356349,623.871,0,40,0,0.0833824,0.0885826,-5.58136,-2.67971,-6.6266,-13.2312,-23.0737,-36.4571,-0.000480838,True
2024-06-18,158.956,5487.03,0.0443592,0.00138814,0.0632564,0.207382,0.00291141,0.351197,623.105,0,40,0,0.0872831,0.0917742,-5.27121,-2.5266,-6.42203,-13.0727,-22.9518,-36.4164,0.00119255,True
2024-06-20,158.733,5473.17,0.0505787,0.00156367,0,-0.447144,0.00676621,0.169199,620.274,0,40,0,0.107424,0.107766,-2.51121,-1.20424,-5.51821,-12.6458,-23.306,-37.8154,-0.00140226,True
2024-06-21,158.812,5464.62,0.0457638,0.00142763,0,-0.0702699,0.00132365,0.0627344,618.76,0,40,0,0.0896619,0.0956657,-0.980897,-0.47172,-4.91408,-12.3816,-23.4808,-38.6231,0.000498997,True
2024-06-24,158.797,5447.87,0.0465692,0.00145635,0,-0.0605036,0.0010386,0.0608288,617.215,0,40,0,0.0908901,0.099355,-0.87451,-0.419176,-3.94523,-11.3581,-22.4599,-37.5998,-9.14529e-05,True
2024-06-25,158.852,5469.3,0.0453782,0.00142205,0,0.0528534,0.000681982,0.102366,619.875,0,40,0,0.0866955,0.0949102,-1.57061,-0.754266,-5.27124,-12.6878,-23.6301,-38.5612,0.000343776,True
2024-06-26,158.879,5477.9,0.0460309,0.00143711,0,0.000126946,0.00115722,0.119012,620.752,0,40,0,0.091003,0.096726,-1.86017,-0.894015,-5.76527,-13.117,-23.9887,-38.814,0.000169447,True
2024-06-27,158.846,5482.87,0.0492235,0.00152878,0,-0.0579176,0.00226078,0.139796,620.876,0,40,0,0.102432,0.101241,-2.13281,-1.02414,-5.73145,-13.0248,-23.7726,-38.4729,-0.000209388,True
2024-06-28,158.64,5460.48,0.0454495,0.00141785,0,-0.323183,0.0050681,0.0616214,618.185,0,40,0,0.0967195,0.094253,-0.941259,-0.45224,-4.54421,-12.0264,-23.105,-38.2619,-0.00129714,True
2024-07-01,158.685,5475.09,0.0423073,0.00133033,0,0.0215748,0.000978963,0.0782129,619.397,0,40,0,0.0834478,0.0911765,-1.23509,-0.593959,-5.32491,-12.81,-23.8632,-38.9436,0.000283543,True
2024-07-02,158.731,5509.01,0.0423127,0.00133052,0,0.158417,0.00159322,0.229262,622.093,0,40,0,0.0830843,0.0880524,-3.51867,-1.68836,-6.43804,-13.4555,-23.8922,-38.0915,0.000294653,True
2024-07-03,158.708,5537.02,0.0447,0.00139606,0.0655448,0.369549,0.00168169,0.59841,623.41,0,40,0,0.0938852,0.0926695,-7.21684,-3.42176,-6.05015,-12.2701,-21.5311,-34.186,-0.000148184,True
2024-07-05,159.098,5567.19,0.0400905,0.0012688,0.325241,0.85851,0.00472523,0.775063,624.583,0,40,0,0.0793381,0.085395,-9.45607,-4.48549,-5.8318,-11.61,-20.2128,-31.9298,0.00246183,True
2024-07-08,159.372,5572.85,0.0380814,0.00121314,0.341409,0.0811443,0.00503849,0.273276,623.347,0,40,0,0.0737286,0.082743,-4.90342,-2.36655,-6.54019,-13.2793,-23.3071,-36.9157,0.00171813,True
2024-07-09,159.463,5576.98,0.0392875,0.00124745,0.113409,-0.00891557,0.00474671,0.0931174,622.573,0,40,0,0.074999,0.0840012,-1.96156,-0.952245,-6.74869,-14.1017,-25.0049,-39.8057,0.000571787,True
2024-07-10,159.14,5633.91,0.0454452,0.00141523,0.533068,1.19891,0.00468595,1.12141,626.414,0,40,0,0.0973468,0.0944771,-11.1939,-5.24666,-5.47854,-10.8176,-18.8409,-29.8062,-0.00202625,True
2024-07-11,159.177,5584.54,0.0453276,0.00141329,0,-1.04319,0.00497917,0.0801819,620.31,0,40,0,0.0933099,0.0956074,-1.31039,-0.631029,-5.22049,-12.5338,-23.5598,-38.5626,0.000232357,True
2024-07-12,158.575,5615.35,0.0398743,0.00126061,0,-0.573649,0.0113599,0.135306,622.062,0,40,0,0.0816301,0.0840881,-2.47034,-1.19334,-6.22688,-13.4915,-24.249,-38.909,-0.00377894,True
2024-07-15,158.457,5631.22,0.0427866,0.00134124,0,-0.108296,0.00816173,0.178185,621.622,0,40,0,0.0853529,0.0908952,-2.97259,-1.43126,-6.27473,-13.4383,-24.0415,-38.4843,-0.000743447,True
2024-07-16,158.509,5667.2,0.0427888,0.00134127,0.114728,0.431487,0.00535465,0.479488,623.124,0,40,0,0.083839,0.0893089,-6.79207,-3.24608,-6.32289,-12.6531,-22.1187,-34.9929,0.000325322,True
2024-07-17,157.807,5588.27,0.0520705,0.00160752,0,-1.1656,0.00314761,0.0635114,613.996,0,40,0,0.107939,0.107824,-0.838954,-0.400575,-3.51607,-10.6703,-21.825,-36.9224,-0.00443073,True
2024-07-18,157.599,5544.59,0.0832761,0.00252064,0,-0.192877,0.00153913,0.157465,610.015,0,40,0,0.175648,0.173132,-1.27093,-0.591091,-1.92197,-7.3966,-18.4643,-32.8981,-0.00131562,True
2024-07-19,157.629,5505,0.0564265,0.00173472,0,-0.120239,0.000463647,0.0613672,608.246,0,40,0,0.117598,0.120757,-0.684078,-0.323915,-1.4238,-6.39684,-17.4983,-32.3471,0.000190908,True
2024-07-22,157.662,5564.41,0.0523799,0.00161607,0,0.166661,0.0015352,0.244134,615.904,0,40,0,0.104789,0.114225,-2.66442,-1.25636,-3.63878,-10.3647,-20.9516,-35.3528,0.000210135,True
2024-07-23,157.711,5555.74,0.0555053,0.00170801,0,-0.0991139,0.00169266,0.148338,615.807,0,40,0,0.112103,0.119029,-1.84645,-0.878072,-3.91846,-10.8719,-21.7492,-36.4537,0.000309439,True
2024-07-24,157.509,5427.13,0.0762686,0.00231615,0,-0.337101,0.00108446,0.0861467,605.055,0,40,0,0.159391,0.162793,-0.714462,-0.333136,-0.921537,-4.77369,-15.3618,-29.9895,-0.00128109,True
2024-07-25,157.448,5399.22,0.0850557,0.00257589,0,-0.109419,0.00100611,0.118854,605.631,0,40,0,0.175118,0.178074,-0.917172,-0.425719,-1.10587,-4.71598,-15.0718,-29.6466,-0.000385072,True
2024-07-26,157.54,5459.1,0.0718992,0.00218782,0,0.12422,0.00205546,0.219278,614.029,0,40,0,0.14784,0.152317,-1.99419,-0.931501,-2.65096,-8.34898,-19.2796,-33.5927,0.000580835,True
2024-07-29,157.662,5463.54,0.0665996,0.00203251,0,-0.030204,0.00185052,0.129513,616.043,0,40,0,0.132997,0.142995,-1.39167,-0.657591,-3.27735,-9.75316,-20.8852,-35.6194,0.000776172,True
2024-07-30,157.533,5436.44,0.0759783,0.00230688,0,-0.202083,0.00184533,0.127875,613.972,0,40,0,0.164306,0.159312,-1.19417,-0.560631,-2.42508,-8.43068,-19.624,-34.2398,-0.000815789,True
2024-07-31,157.558,5522.3,0.0688286,0.00209628,0,0.407253,0.00524136,0.572231,620.961,0,40,0,0.144455,0.146142,-4.88188,-2.26425,-4.57664,-10.9711,-21.0079,-34.3984,0.000154813,True
2024-08-01,157.065,5446.68,0.0861252,0.00260629,0,-0.975233,0.00475364,0.168803,611.667,0,40,0,0.194292,0.177636,-1.39522,-0.650494,-2.01397,-7.29158,-18.2523,-32.7275,-0.00312926,True
2024-08-02,156.833,5346.56,0.0958598,0.00289522,0,-0.377883,0.000865939,0.115088,603.134,0,40,0,0.211367,0.200711,-0.772991,-0.356529,-0.614407,-3.25948,-12.5314,-27.3272,-0.00147754,True
2024-08-05,156.736,5186.33,0.137237,0.00412781,0,-0.176072,0.0018547,0.166519,592.186,0,40,0,0.291597,0.299707,-0.769106,-0.347559,-0.235511,-1.16057,-5.28566,-17.8906,-0.000613704,True
2024-08-06,156.898,5240.03,0.105196,0.0031739,0,0.0501622,0.000888906,0.1566,604.022,0,40,0,0.220409,0.226541,-0.973711,-0.446909,-0.79518,-3.14276,-10.5901,-25.126,0.00102857,True
2024-08-07,156.931,5199.5,0.113746,0.00342828,0,-0.0666426,0.00141642,0.165596,605.435,0,40,0,0.242377,0.243971,-0.953107,-0.436287,-0.635623,-2.9623,-10.693,-25.3359,0.000211998,True
2024-08-08,157.208,5319.31,0.0980712,0.00296194,0,0.60021,0.00190605,0.582359,620.29,0,40,0,0.202008,0.207526,-3.44038,-1.55055,-2.48652,-7.54293,-17.8037,-31.6159,0.00176288,True
2024-08-09,157.546,5344.16,0.0848708,0.00257112,0.0281549,0.0876542,0.00282474,0.383359,621.142,0,40,0,0.173917,0.179491,-2.91887,-1.345,-3.07043,-8.87559,-19.4239,-33.541,0.00214986,True
2024-08-12,157.805,5344.39,0.0780104,0.00236948,0,-0.0304844,0.00151707,0.167324,618.547,0,40,0,0.158524,0.166393,-1.62358,-0.763102,-2.86396,-8.85417,-19.8617,-34.4483,0.00164825,True
2024-08-13,158.054,5434.43,0.0699528,0.0021303,0.28308,1.15641,0.00364067,0.856204,624.539,0,40,0,0.15066,0.148648,-6.37824,-2.92385,-4.27715,-10.2704,-19.8416,-32.5845,0.00157555,True
2024-08-14,158.555,5455.21,0.0614993,0.00188237,0.311065,0.33514,0.00327816,0.435353,623.142,0,40,0,0.129088,0.132112,-4.26463,-1.99797,-4.68655,-11.1988,-21.4289,-35.108,0.00317148,True
2024-08-15,158.253,5543.22,0.0560606,0.0017208,1.02541,2.41199,0.0111772,2.16731,628.182,0,40,0,0.117804,0.118775,-12.9006,-5.76887,-4.29845,-9.20012,-16.5685,-26.6359,-0.00190605,True
2024-08-16,158.702,5554.25,0.0493023,0.00152673,1.10825,0.337446,0.00731213,0.987845,624.981,0,40,0,0.0987672,0.105073,-7.98368,-3.68254,-5.01223,-10.9968,-19.9994,-32.2514,0.00283806,True
2024-08-19,158.858,5608.25,0.0503378,0.00155697,1.55335,1.99926,0.00527812,1.32141,626.402,0,40,0,0.0962458,0.107675,-10.8578,-5.01497,-4.99745,-10.4514,-18.5402,-29.5867,0.000982046,True
2024-08-20,158.996,5597.12,0.0575497,0.00176578,0.408705,-0.435442,0.0054983,0.389174,622.285,0,40,0,0.112399,0.122798,-4.34343,-2.05145,-5.09578,-11.7382,-21.8961,-35.5715,0.000871059,True
2024-08-21,159.114,5620.85,0.0590536,0.00180914,0.310842,0.262038,0.00383541,0.275942,622.719,0,40,0,0.116953,0.127699,-3.49071,-1.66109,-5.30312,-12.0852,-22.5372,-36.5534,0.000741129,True
2024-08-22,158.851,5570.64,0.0693077,0.0021096,0,-0.494159,0.00444125,0.107702,617.228,0,40,0,0.147699,0.14611,-1.10746,-0.523036,-2.80317,-9.22326,-20.4164,-35.0853,-0.00165392,True
2024-08-23,158.848,5634.61,0.0577986,0.00177154,0,0.0541869,0.0033606,0.217666,623.016,0,40,0,0.114873,0.123913,-2.44383,-1.15566,-4.83873,-11.8955,-22.6391,-37.1416,-1.95808e-05,True
2024-08-26,158.919,5616.84,0.0540281,0.001665,0,-0.120282,0.00113192,0.0777488,620.562,0,40,0,0.101921,0.113589,-1.02182,-0.487961,-3.99156,-11.2141,-22.3822,-37.4643,0.000446125,True
2024-08-27,158.944,5625.8,0.0574343,0.00176366,0,0.00173805,0.000904636,0.10929,620.969,0,40,0,0.105963,0.120124,-1.33332,-0.63394,-4.31967,-11.512,-22.5984,-37.5301,0.00015708,True
2024-08-28,158.747,5592.18,0.0749908,0.00227541,0,-0.218595,0.00169709,0.158417,617.406,0,40,0,0.168682,0.152439,-1.50149,-0.705341,-2.76141,-8.95527,-20.1176,-34.5286,-0.00123757,True
2024-08-29,158.884,5591.96,0.0656148,0.00200419,0,0.0120769,0.00166439,0.0955839,617.849,0,40,0,0.131113,0.13392,-1.01162,-0.478198,-2.72458,-9.33627,-20.5484,-35.3579,0.000862106,True
2024-08-30,158.966,5648.4,0.0546967,0.00168258,0,0.147893,0.00161706,0.212654,623.395,0,40,0,0.108724,0.113659,-2.53314,-1.20161,-5.01193,-12.1463,-22.8098,-37.3288,0.000517486,True
2024-09-03,158.732,5528.93,0.0681453,0.00207732,0,-0.436197,0.00130793,0.0753215,612.412,0,40,0,0.133682,0.144872,-0.704473,-0.330851,-1.16463,-6.00418,-17.0983,-31.8456,-0.00147267,True
2024-09-04,158.732,5520.07,0.0754549,0.00229327,0,-0.0330613,0.000682116,0.115111,613.903,0,40,0,0.146827,0.157681,-1.01502,-0.474732,-1.63969,-6.5835,-17.6236,-32.2214,-2.3417e-06,True
2024-09-05,158.627,5503.41,0.0801239,0.00242934,0,-0.163367,0.00118115,0.132898,614.337,0,40,0,0.17106,0.164438,-1.14107,-0.533003,-1.75732,-6.6108,-17.5861,-32.0556,-0.000659226,True
2024-09-06,158.582,5408.42,0.0859068,0.00260054,0,-0.161031,0.000754178,0.0991326,608.639,0,40,0,0.176484,0.181692,-0.729461,-0.338165,-0.718602,-3.66535,-13.3133,-27.9896,-0.000281879,True
2024-09-09,158.702,5471.05,0.0729297,0.0022188,0,0.129074,0.00122026,0.177878,618.271,0,40,0,0.140862,0.155631,-1.57915,-0.737126,-2.16824,-7.7546,-18.7718,-33.2841,0.000755566,True
2024-09-10,158.649,5495.52,0.0755463,0.0022925,0,-0.00736983,0.00212071,0.294298,621.226,0,40,0,0.15831,0.15972,-2.55266,-1.18851,-3.0219,-9.08499,-19.8729,-34.0353,-0.000331797,True
2024-09-11,158.448,5554.13,0.0676181,0.00205929,0.0579209,0.116045,0.0033228,0.616175,625.774,0,40,0,0.139359,0.147403,-5.47899,-2.54934,-4.42684,-10.6468,-20.5423,-33.7133,-0.0012702,True
2024-09-12,158.735,5595.76,0.0652695,0.00199122,0.340976,0.754827,0.00593513,0.800542,626.743,0,40,0,0.129508,0.140079,-7.27159,-3.38716,-4.62606,-10.5508,-19.8962,-32.3342,0.00181022,True
2024-09-13,159.103,5626.02,0.0614908,0.00188152,0.611215,0.716128,0.00716768,0.58935,625.944,0,40,0,0.120776,0.128969,-5.97288,-2.80398,-4.84259,-11.0939,-20.7983,-33.8101,0.00232178,True
2024-09-16,159.468,5633.09,0.0581309,0.00178394,0.141601,0.0375527,0.00324362,0.174058,624.016,0,40,0,0.11281,0.124556,-2.44066,-1.16774,-4.96383,-11.934,-22.7129,-37.1864,0.00229,True
2024-09-17,159.292,5634.58,0.0675758,0.00205872,0,-0.210436,0.00506621,0.199553,622.403,0,40,0,0.14751,0.138842,-2.19799,-1.03983,-4.06252,-10.8633,-21.7124,-36.0941,-0.00110041,True
2024-09-18,159.296,5618.26,0.0698708,0.00212694,0,-0.143657,0.00179248,0.11807,620.328,0,40,0,0.14507,0.143696,-1.20755,-0.569875,-3.03731,-9.67104,-20.8408,-35.5307,2.37131e-05,True
2024-09-19,159.269,5713.64,0.0568909,0.00174597,0,0.491681,0.00746183,0.683953,628.355,0,40,0,0.116769,0.116201,-6.65866,-3.1173,-5.42265,-11.7369,-21.1453,-33.9954,-0.000166477,True
2024-09-20,159.456,5702.55,0.0489813,0.0015176,0.00289185,-0.371353,0.00432857,0.166224,625.21,0,40,0,0.0980689,0.102618,-2.39255,-1.14567,-5.40177,-12.5394,-23.298,-37.9256,0.00117172,True
2024-09-23,159.626,5718.57,0.0468339,0.00145364,0.00202434,0.0944923,0.00170381,0.132735,625.115,0,40,0,0.0908174,0.10289,-2.1333,-1.02633,-5.6971,-12.9795,-23.8107,-38.5447,0.00106383,True
2024-09-24,159.641,5732.93,0.0481657,0.00149294,0.00387716,-0.0314488,0.00227577,0.126809,624.69,0,40,0,0.0912434,0.103834,-2.02898,-0.976184,-5.78062,-13.1002,-23.9508,-38.7133,9.3951e-05,True
2024-09-25,159.683,5722.26,0.0527131,0.00162617,0,-0.0439562,0.00092375,0.0909445,622.636,0,40,0,0.0995976,0.11243,-1.22994,-0.588145,-4.87558,-12.2004,-23.2834,-38.2745,0.00026354,True
2024-09-26,159.526,5745.37,0.0553279,0.00169767,0,-0.124536,0.00374373,0.173225,624.34,0,40,0,0.109159,0.120032,-2.16542,-1.03041,-5.40452,-12.561,-23.3765,-37.999,-0.000982759,True
2024-09-27,159.58,5738.17,0.0571607,0.00175204,0,-0.0561472,0.0017568,0.11637,622.932,0,40,0,0.116037,0.122779,-1.46605,-0.698611,-4.5177,-11.7011,-22.7146,-37.5469,0.000340758,True
2024-09-30,159.615,5762.48,0.0566995,0.00174093,0,0.000476341,0.00111289,0.135457,624.606,0,40,0,0.109075,0.119916,-1.75134,-0.83508,-5.17504,-12.3845,-23.3432,-38.1402,0.0002208,True
2024-10-01,159.441,5708.75,0.0681473,0.00207621,0,-0.28431,0.00106694,0.0906934,619.237,0,40,0,0.131053,0.142702,-0.908508,-0.428327,-2.52438,-9.05493,-20.3124,-35.1236,-0.00109352,True
2024-10-02,159.478,5709.54,0.0690417,0.00210093,0,-0.00788739,0.000560088,0.111504,620.011,0,40,0,0.133873,0.145277,-1.09663,-0.516125,-2.59479,-9.08005,-20.2906,-35.0198,0.000236344,True
2024-10-03,159.437,5699.94,0.0825583,0.00249883,0,-0.0587703,0.000842118,0.173152,619.972,0,40,0,0.168418,0.172103,-1.44537,-0.673815,-2.35496,-8.22448,-19.3106,-33.7688,-0.000258352,True
2024-10-04,159.652,5751.07,0.0615477,0.00188132,0,0.12259,0.00129988,0.139178,625.262,0,40,0,0.1201,0.126789,-1.67398,-0.795727,-4.23102,-11.3001,-22.2812,-37.0488,0.00134806,True
2024-10-07,159.634,5695.94,0.0689452,0.00209818,0,-0.135888,0.000867843,0.0875811,620.24,0,40,0,0.133069,0.147096,-0.845858,-0.398082,-2.10578,-8.32316,-19.5816,-34.4035,-0.0001147,True
2024-10-08,159.783,5751.13,0.058643,0.00179718,0,0.170528,0.000782153,0.164861,625.511,0,40,0,0.111198,0.125951,-1.86746,-0.884181,-4.20402,-11.2441,-22.1898,-36.8973,0.000935345,True
2024-10-09,159.892,5792.04,0.0601715,0.00184062,0.0432951,0.34227,0.00120515,0.411879,628.056,0,40,0,0.120858,0.124289,-4.20797,-1.97772,-5.04349,-11.7698,-21.9506,-35.7282,0.00068269,True
2024-10-10,160.033,5780.05,0.0601141,0.00183957,0,-0.186344,0.00224061,0.141215,625.654,0,40,0,0.114568,0.122713,-1.84722,-0.881628,-4.64223,-11.698,-22.6388,-37.3355,0.0008778,True
2024-10-11,160.099,5815.03,0.0511696,0.00157873,0.00661743,0.0527956,0.00386031,0.166321,627.688,0,40,0,0.0989513,0.106835,-2.51597,-1.20765,-5.62095,-12.7938,-23.4965,-38.068,0.000417431,True
2024-10-14,160.255,5859.85,0.0477997,0.00147986,0.170687,0.440666,0.0072288,0.319426,629.721,0,40,0,0.0904003,0.10199,-4.62991,-2.21691,-6.30786,-13.1164,-23.2233,-36.9742,0.000974174,True
2024-10-15,160.225,5815.26,0.0515095,0.00158864,0,-0.326315,0.0030895,0.0708461,624.252,0,40,0,0.0986337,0.108479,-0.975212,-0.466783,-4.40846,-11.705,-22.8571,-37.947,-0.000192841,True
2024-10-16,160.291,5842.47,0.0498221,0.00153867,0,0.0761621,0.000767076,0.128081,626.302,0,40,0,0.0976675,0.106542,-1.75708,-0.840072,-5.3356,-12.6401,-23.542,-38.3753,0.000414693,True
2024-10-17,160.152,5841.47,0.0501657,0.00154747,0,-0.216552,0.00355291,0.0955122,625.345,0,40,0,0.097399,0.104377,-1.37031,-0.65686,-4.97049,-12.3612,-23.3559,-38.3454,-0.000866665,True
2024-10-18,160.273,5864.67,0.0423611,0.00132286,0,0.081029,0.00145559,0.0948952,627.079,0,40,0,0.0828109,0.0908112,-1.62478,-0.783852,-6.02406,-13.4555,-24.4307,-39.39,0.000756959,True
2024-10-21,160.228,5853.98,0.0458518,0.00142415,0,-0.113317,0.000836125,0.0701906,625.513,0,40,0,0.085322,0.097328,-1.08226,-0.520305,-5.40201,-12.9157,-24.0293,-39.1646,-0.000280899,True
2024-10-22,160.217,5851.2,0.0511266,0.0015764,0,-0.0380748,0.00068252,0.0918874,624.774,0,40,0,0.0962582,0.109294,-1.24675,-0.596142,-4.95156,-12.3404,-23.3934,-38.3994,-6.80518e-05,True
2024-10-23,160.161,5797.42,0.0620017,0.00189488,0,-0.128432,0.000785172,0.0788304,620.326,0,40,0,0.118262,0.129679,-0.851378,-0.403059,-2.55372,-9.29712,-20.5184,-35.3967,-0.000349859,True
2024-10-24,160.194,5809.86,0.0622646,0.0019012,0,0.00771734,0.000821267,0.113308,622.815,0,40,0,0.117621,0.131764,-1.22178,-0.577738,-3.25036,-10.1613,-21.2921,-36.0939,0.000204681,True
2024-10-25,160.083,5808.12,0.0638668,0.00194741,0,-0.161945,0.00295178,0.121454,623.592,0,40,0,0.128758,0.137156,-1.30823,-0.618765,-3.28337,-10.1239,-21.2331,-35.9743,-0.000693678,True
2024-10-28,160.115,5823.52,0.0775668,0.00235122,0,0.0518782,0.00133161,0.215472,625.544,0,40,0,0.143272,0.168581,-1.85939,-0.867625,-3.63582,-10.2025,-21.2134,-35.7027,0.000198297,True
2024-10-29,160.268,5832.92,0.0805492,0.00243877,0,0.0467369,0.000170056,0.186882,626.282,0,40,0,0.148939,0.172969,-1.64461,-0.769298,-3.58685,-10.0065,-21.0469,-35.6412,0.000957231,True
2024-10-30,160.345,5813.67,0.0894665,0.00270354,0,-0.0451267,0.000939633,0.15067,624.231,0,40,0,0.165466,0.190266,-1.17587,-0.547337,-2.3422,-8.14739,-19.1059,-33.8487,0.000479879,True
2024-10-31,160.228,5705.45,0.108373,0.00326617,0,-0.239854,0.000669705,0.131837,615.697,0,40,0,0.207575,0.227361,-0.785875,-0.360507,-0.52842,-3.12916,-12.4107,-27.2745,-0.00072708,True
2024-11-01,160.323,5728.8,0.0990583,0.00298923,0,0.0230727,0.000888549,0.155486,620.836,0,40,0,0.185415,0.209526,-1.02927,-0.474409,-1.05144,-4.47716,-14.5248,-29.2958,0.000590431,True
2024-11-04,160.403,5712.69,0.090607,0.00273833,0,-0.0430853,0.000456937,0.119593,621.883,0,40,0,0.169576,0.195425,-0.860739,-0.398911,-1.09254,-4.74627,-14.9932,-29.8102,0.000500361,True
2024-11-05,160.503,5782.76,0.0940089,0.00283786,0,0.361785,0.00130688,0.471744,629.945,0,40,0,0.208071,0.191912,-3.01073,-1.37017,-2.478,-7.68969,-18.2097,-32.044,0.0006203,True
2024-11-06,160.634,5929.04,0.0580766,0.00177729,0.750105,2.42769,0.00869817,2.06574,641.142,0,40,0,0.118435,0.121013,-12.4225,-5.57179,-4.36932,-9.34346,-16.9788,-27.3456,0.000817393,True
2024-11-07,160.868,5973.1,0.051995,0.0015983,1.39647,1.90397,0.00752337,2.38197,639.534,0,40,0,0.10175,0.108051,-12.4402,-5.48221,-4.33653,-9.35279,-16.8792,-27.1519,0.00145764,True
2024-11-08,161.103,5995.54,0.0473399,0.00146626,1.58027,0.8244,0.00646422,1.43021,636.068,0,40,0,0.0887798,0.0977762,-8.61697,-3.8662,-5.11746,-11.0353,-19.7888,-31.749,0.00146268,True
2024-11-11,161.262,6001.35,0.0491688,0.00151776,1.06291,0.0903288,0.00447012,0.341905,632.037,0,40,0,0.0921606,0.102897,-3.87352,-1.83209,-5.69889,-12.644,-22.9212,-36.9211,0.000986361,True
2024-11-12,161.264,5983.99,0.0515833,0.00158842,0.078961,-0.230285,0.00261247,0.0782747,628.304,0,40,0,0.100217,0.106154,-1.09976,-0.526947,-4.82421,-12.2039,-23.2805,-38.3375,1.09529e-05,True
2024-11-13,161.311,5985.38,0.0497062,0.00153316,0,-0.00159771,0.000737763,0.0765594,628.334,0,40,0,0.0940521,0.102428,-1.07585,-0.515454,-4.67043,-12.0933,-23.1672,-38.2474,0.000294877,True
2024-11-14,161.295,5949.17,0.0531486,0.00163417,0,-0.0753764,0.000715419,0.0686059,625.769,0,40,0,0.106249,0.109639,-0.865255,-0.412751,-3.17537,-10.3082,-21.4147,-36.4628,-0.000103055,True
2024-11-15,161.228,5870.62,0.0607015,0.00185353,0,-0.124008,0.000613549,0.0692064,620.846,0,40,0,0.12375,0.128007,-0.718862,-0.339678,-1.47163,-6.79256,-17.984,-32.7357,-0.00041151,True
2024-11-18,161.308,5893.62,0.0534707,0.00164387,0,0.0453555,0.000616211,0.0867127,625.772,0,40,0,0.103917,0.11381,-1.0777,-0.513405,-2.87346,-9.53766,-20.5863,-35.5367,0.000490359,True
2024-11-19,161.366,5916.98,0.0544418,0.00167178,0,0.0662069,0.000881363,0.146228,629.556,0,40,0,0.1062,0.113112,-1.87461,-0.893741,-4.30537,-11.4302,-22.2496,-36.9796,0.000363159,True
2024-11-20,161.139,5917.11,0.0649709,0.00198031,0,-0.194234,0.00185523,0.239978,630.078,0,40,0,0.14193,0.128983,-2.61644,-1.23684,-4.26223,-11.1479,-21.7969,-36.0935,-0.0014058,True
2024-11-21,161.085,5948.71,0.0590362,0.00180508,0,-0.119251,0.00296593,0.229469,632.141,0,40,0,0.118619,0.119583,-2.91285,-1.38763,-5.30916,-12.3263,-22.9151,-37.2559,-0.000338076,True
2024-11-22,161.342,5969.34,0.0456042,0.00141676,0,0.0872535,0.00188067,0.101897,632.309,0,40,0,0.0883014,0.0926985,-1.78305,-0.861069,-6.03654,-13.4051,-24.3453,-39.2576,0.00159626,True
2024-11-25,161.286,5987.37,0.0419867,0.00131432,0,-0.104462,0.00458415,0.0897303,632.221,0,40,0,0.0784869,0.0868584,-1.59162,-0.768874,-6.47339,-13.9341,-24.9708,-39.9796,-0.000348377,True
2024-11-26,161.349,6021.63,0.0433761,0.00135443,0.00295544,0.210902,0.00247803,0.274241,633.443,0,40,0,0.0821866,0.0899317,-4.33199,-2.08233,-6.70839,-13.5812,-23.7928,-37.6814,0.000390481,True
2024-11-27,161.321,5998.74,0.046002,0.00142782,0,-0.247793,0.00153955,0.0970613,629.765,0,40,0,0.0945685,0.0923861,-1.60822,-0.775193,-5.6821,-13.0731,-23.9882,-38.909,-0.000170924,True
2024-11-29,161.501,6032.38,0.0406359,0.0012747,0,0.197158,0.00154339,0.152325,631.939,0,40,0,0.0799125,0.0859147,-2.69869,-1.30312,-6.67899,-13.8806,-24.5607,-39.0854,0.001114,True
2024-12-02,161.668,6047.15,0.0403898,0.00126953,0,0.102499,0.00221705,0.124345,632.237,0,40,0,0.0743478,0.0843982,-2.27357,-1.09901,-6.92296,-14.2009,-25.0421,-39.7373,0.00103641,True
2024-12-03,161.715,6049.88,0.0415965,0.00130298,0,-0.0211233,0.00114736,0.095757,631.761,0,40,0,0.077877,0.0861396,-1.78187,-0.862106,-6.64482,-14.0308,-24.9833,-39.8633,0.000288315,True
2024-12-04,161.802,6086.49,0.0412285,0.00129141,0.0263057,0.257358,0.00331888,0.276004,634.167,0,40,0,0.0764309,0.0848452,-4.93954,-2.38543,-6.93723,-13.6608,-23.7054,-37.3312,0.000540598,True
2024-12-05,161.855,6075.11,0.0418086,0.00130578,0,-0.158351,0.00340176,0.101507,632.009,0,40,0,0.0839116,0.085255,-1.87614,-0.907478,-6.45963,-13.8136,-24.704,-39.5367,0.000329089,True
2024-12-06,161.933,6090.27,0.0357402,0.00113687,0,0.0117768,0.00211686,0.0678876,632.759,0,40,0,0.0664333,0.0735694,-1.44203,-0.700275,-7.00269,-14.4189,-25.5587,-40.5933,0.000481188,True
2024-12-09,161.9,6052.85,0.0418768,0.00131062,0,-0.0886086,0.000757071,0.0520673,629.181,0,40,0,0.0778004,0.0888433,-0.832067,-0.400645,-4.87407,-12.4207,-23.5627,-38.7467,-0.00020366,True
2024-12-10,161.911,6034.91,0.0433209,0.00134706,0,-0.0270791,0.000605116,0.0561039,628.429,0,40,0,0.0834597,0.090756,-0.863345,-0.415206,-4.27193,-11.7725,-22.8637,-38.0095,6.33294e-05,True
2024-12-11,161.965,6084.19,0.0417001,0.00130239,0,0.189995,0.00169114,0.230269,633.506,0,40,0,0.0766472,0.086665,-3.39581,-1.62786,-6.38601,-13.4178,-23.8979,-38.1189,0.000336835,True
2024-12-12,161.989,6051.25,0.0444285,0.00138008,0,-0.177539,0.00150722,0.0700789,630.694,0,40,0,0.0839806,0.0922201,-1.12438,-0.541475,-5.25544,-12.7246,-23.7963,-38.8796,0.000149364,True
2024-12-13,162.014,6051.09,0.0409755,0.00128412,0,-0.0249793,0.000999118,0.0590566,631.216,0,40,0,0.077849,0.083769,-1.01942,-0.492099,-5.48872,-13.0135,-24.1285,-39.2808,0.000152697,True
2024-12-16,162.087,6074.08,0.0387835,0.00122252,0,0.0758963,0.00100701,0.0983092,633.157,0,40,0,0.0741532,0.0810153,-1.76093,-0.850715,-6.46748,-13.8331,-24.8236,-39.7151,0.000451798,True
2024-12-17,162.025,6050.61,0.0445509,0.00138843,0,-0.1304,0.00108752,0.0717942,630.949,0,40,0,0.0903576,0.0905933,-1.15729,-0.557464,-5.2662,-12.7651,-23.7945,-38.8707,-0.000381339,True
2024-12-18,161.715,5872.16,0.14216,0.00427164,0,-0.209491,0.00153777,0.30907,617.24,0,40,0,0.317627,0.286173,-1.49067,-0.676765,-0.721411,-3.43951,-11.8071,-26.3526,-0.00191585,True
2024-12-19,162.154,5867.08,0.0927874,0.0028018,0,0.149131,0.00092822,0.108005,621.86,0,40,0,0.189215,0.190429,-0.73972,-0.342153,-0.65996,-3.5485,-13.3853,-28.0351,0.00271621,True
2024-12-20,162.128,5930.85,0.0707329,0.00214852,0,-0.0531147,0.00208134,0.147701,631.453,0,40,0,0.147005,0.142197,-1.38349,-0.649191,-2.02414,-7.37213,-18.3515,-32.8895,-0.00016224,True
2024-12-23,162.291,5974.07,0.0617874,0.00188592,0,0.150965,0.00126386,0.194196,637.113,0,40,0,0.121956,0.125895,-2.15331,-1.01918,-3.62342,-10.2298,-20.9967,-35.5916,0.00100604,True
2024-12-24,162.693,6040.04,0.0413989,0.00129374,0.104868,0.684744,0.00153152,0.410388,642.205,0,40,0,0.0814803,0.0869989,-5.82759,-2.78882,-5.83503,-12.3261,-22.1074,-35.4522,0.00247862,True
2024-12-26,162.758,6037.59,0.0494895,0.0015277,0.0274435,-0.143844,0.00401399,0.21878,638.743,0,40,0,0.0940773,0.100233,-3.41927,-1.64397,-6.00489,-13.0518,-23.4948,-37.7314,0.000395031,True
2024-12-27,162.438,5970.84,0.060438,0.00184739,0,-0.51663,0.00172574,0.0788247,630.779,0,40,0,0.122552,0.121327,-0.896955,-0.426176,-2.99091,-9.85607,-21.0232,-35.95,-0.00196495,True
2024-12-30,162.322,5906.94,0.0678119,0.0020643,0,-0.178373,0.00062572,0.081288,625.919,0,40,0,0.139421,0.137071,-0.778567,-0.366461,-1.45098,-6.7079,-17.9229,-32.5813,-0.000712362,True
2024-12-31,162.315,5881.63,0.071234,0.00216472,0,-0.0595012,0.000605388,0.0976106,626.396,0,40,0,0.144014,0.143505,-0.907086,-0.426144,-1.62834,-6.55647,-17.693,-32.2618,-4.53417e-05,True
2025-01-02,162.283,5868.55,0.0784821,0.00237793,0,-0.0721,0.000970179,0.132182,628.452,0,40,0,0.158137,0.161139,-1.12895,-0.52789,-1.866,-7.02841,-18.1304,-32.6279,-0.000194295,True
2025-01-03,162.615,5942.47,0.0633299,0.00193214,0,0.390774,0.00128157,0.251123,637.239,0,40,0,0.119747,0.125895,-2.70222,-1.27642,-4.40547,-11.3329,-21.9624,-36.3216,0.00204549,True
2025-01-06,162.465,5975.38,0.0583823,0.00178676,0.0174325,-0.114578,0.00838526,0.317614,639.344,0,40,0,0.11306,0.120957,-3.73725,-1.77316,-5.40374,-12.2354,-22.6326,-36.6691,-0.000924212,True
2025-01-07,162.177,5909.03,0.0697695,0.00212154,0,-0.573156,0.00407423,0.0960171,631.749,0,40,0,0.136487,0.142044,-0.963947,-0.455084,-2.72919,-9.19134,-20.4487,-35.2556,-0.0017726,True
2025-01-08,162.124,5918.25,0.0724366,0.00219818,0,-0.0611473,0.00147416,0.156296,631.985,0,40,0,0.156156,0.147652,-1.47282,-0.692084,-2.81107,-9.11005,-20.2739,-34.7756,-0.000324717,True
2025-01-10,162.001,5827.04,0.0835492,0.00252775,0,-0.259693,0.000894389,0.1003,624.285,0,40,0,0.165976,0.170898,-0.779275,-0.362753,-0.959014,-4.86822,-15.5867,-30.2224,-0.000762198,True
2025-01-13,162.047,5836.22,0.0753617,0.00228616,0,-0.0157154,0.000413806,0.110515,627.872,0,40,0,0.151139,0.156514,-0.9725,-0.455466,-1.61337,-6.511,-17.5855,-32.2005,0.000288464,True
2025-01-14,161.979,5842.91,0.0816859,0.00247279,0,-0.0722754,0.00159984,0.183981,630.467,0,40,0,0.178634,0.164477,-1.53615,-0.71663,-2.14491,-7.51702,-18.5749,-32.9258,-0.000420422,True
2025-01-15,162.167,5949.91,0.0607233,0.00185532,0.0607402,0.714778,0.00557299,0.70313,640.386,0,40,0,0.123639,0.124625,-6.26555,-2.91902,-4.83892,-11.1497,-20.7013,-33.6683,0.00116178,True
2025-01-16,162.255,5937.34,0.0664998,0.00202403,0,-0.351566,0.00439564,0.32378,637.17,0,40,0,0.133744,0.135514,-3.38986,-1.59823,-4.50909,-11.1446,-21.6712,-35.671,0.000541815,True
2025-01-17,162.077,5996.66,0.0629822,0.00192072,0.242333,0.505999,0.0084954,0.818601,639.535,0,40,0,0.127809,0.125274,-6.96439,-3.23301,-4.822,-10.942,-20.2803,-32.9052,-0.00110067,True
2025-01-21,162.712,6049.24,0.0537839,0.00165202,0.896908,1.53375,0.00691237,0.865842,640.847,0,40,0,0.102198,0.111917,-8.19193,-3.83192,-5.32723,-11.31,-20.2818,-32.4727,0.00391679,True
2025-01-22,162.777,6086.37,0.0525524,0.00161612,0.89059,0.912842,0.00828863,0.865174,640.819,0,40,0,0.0989177,0.109324,-8.8712,-4.17185,-5.26827,-11.1292,-19.8886,-31.8106,0.000402973,True
2025-01-23,162.811,6118.71,0.0549867,0.00168702,0.817649,0.813864,0.00513787,0.876038,640.648,0,40,0,0.101017,0.112382,-8.45202,-3.95906,-5.2229,-11.1715,-20.0381,-32.1058,0.000205877,True
2025-01-24,163.04,6101.24,0.051017,0.00156828,0.162529,-0.415617,0.00373593,0.114698,636.691,0,40,0,0.0969673,0.107547,-1.83212,-0.882329,-5.27339,-12.4855,-23.393,-38.1765,0.00140597,True
2025-01-27,162.483,6012.28,0.0668149,0.00203421,0,-0.658169,0.00115395,0.0766314,628.297,0,40,0,0.127963,0.137021,-0.751746,-0.354315,-1.68197,-7.58789,-18.8195,-33.609,-0.00341313,True
2025-01-28,162.549,6067.7,0.06206,0.00189369,0,0.144472,0.0010051,0.214484,634.176,0,40,0,0.120567,0.12849,-2.16561,-1.01914,-3.49818,-10.3173,-21.1187,-35.6107,0.00040485,True
2025-01-29,162.504,6039.31,0.0691481,0.00210164,0,-0.196067,0.00117191,0.129173,632.246,0,40,0,0.138602,0.139429,-1.32833,-0.627155,-2.86311,-9.33632,-20.4644,-35.1251,-0.000276114,True
2025-01-30,162.59,6071.17,0.0647976,0.00197293,0,0.080687,0.000701244,0.186326,635.839,0,40,0,0.131733,0.132553,-2.04764,-0.969384,-4.10656,-11.0291,-21.9064,-36.4385,0.000527114,True
2025-01-31,162.48,6040.53,0.0676097,0.00205526,0,-0.250171,0.00367068,0.107682,632.825,0,40,0,0.140346,0.138268,-1.1199,-0.529565,-2.91562,-9.51913,-20.7213,-35.465,-0.000674357,True
2025-02-03,162.367,5994.57,0.0753803,0.00228573,0,-0.192814,0.000665694,0.10002,629.194,0,40,0,0.152632,0.155709,-0.881844,-0.413364,-1.65305,-7.16431,-18.3833,-33.053,-0.000693767,True
2025-02-04,162.456,6037.88,0.0644129,0.00196231,0,0.0656356,0.00114649,0.137863,634.104,0,40,0,0.128145,0.13343,-1.45123,-0.685595,-3.17465,-9.9304,-20.9938,-35.735,0.000548738,True
2025-02-05,162.537,6061.48,0.0586448,0.00179341,0,0.024601,0.000801818,0.13808,636.135,0,40,0,0.113226,0.123568,-1.64314,-0.781052,-4.23786,-11.3404,-22.3398,-37.1451,0.000495109,True
2025-02-06,162.569,6083.57,0.0598856,0.00182928,0,0.0719474,0.00180335,0.234141,637.457,0,40,0,0.127837,0.122754,-2.75549,-1.3084,-4.78417,-11.7886,-22.3958,-36.7517,0.000197736,True
2025-02-07,162.57,6025.99,0.068126,0.00207032,0,-0.199521,0.00150612,0.0984886,631.578,0,40,0,0.145133,0.139761,-0.99605,-0.470612,-2.55934,-8.93837,-20.1835,-34.8988,4.19109e-06,True
2025-02-10,162.741,6066.44,0.0506016,0.00155906,0,0.110636,0.000690947,0.0859572,635.202,0,40,0,0.101178,0.107651,-1.14369,-0.546821,-4.135,-11.4332,-22.504,-37.5616,0.00105505,True
2025-02-11,162.755,6068.5,0.0548624,0.0016826,0,-0.0140273,0.000662044,0.110526,635.188,0,40,0,0.11278,0.112099,-1.42414,-0.67989,-4.21498,-11.4609,-22.4207,-37.3315,8.55424e-05,True
2025-02-12,162.679,6051.97,0.0587342,0.00179634,0,-0.149804,0.000984658,0.0929146,633.891,0,40,0,0.115943,0.118292,-1.11613,-0.531328,-3.70088,-10.8428,-21.9284,-36.8911,-0.000468425,True
2025-02-13,162.802,6115.07,0.0530887,0.00162938,0,0.302154,0.00160068,0.321872,639.16,0,40,0,0.102417,0.106542,-3.86484,-1.83548,-5.87073,-12.8065,-23.0715,-37.0932,0.000756426,True
2025-02-14,162.998,6114.63,0.0462811,0.00143095,0,-0.0221225,0.00122439,0.147345,637.71,0,40,0,0.0951016,0.0943105,-2.24677,-1.07959,-5.76556,-13.0188,-23.77,-38.4534,0.0012041,True
2025-02-18,163.08,6129.58,0.0476923,0.00147605,0,0.0157562,0.0017386,0.125854,638.066,0,40,0,0.088693,0.0979387,-2.02642,-0.975853,-6.06172,-13.3948,-24.2459,-39.024,0.00050139,True
2025-02-19,163.131,6144.15,0.0475351,0.0014699,0,0.00838021,0.00169814,0.12756,638.13,0,40,0,0.0888048,0.0979039,-2.04806,-0.986301,-6.13506,-13.4678,-24.3095,-39.0754,0.000312983,True
2025-02-20,163.069,6117.52,0.0505618,0.00155721,0,-0.164022,0.00104231,0.0728641,635.001,0,40,0,0.096952,0.102862,-1.01841,-0.488135,-4.61828,-12.0302,-23.1174,-38.2103,-0.000376162,True
2025-02-21,162.98,6013.13,0.0711347,0.00216027,0,-0.1475,0.000679697,0.083392,627.067,0,40,0,0.144197,0.140712,-0.771672,-0.362717,-1.35658,-6.55052,-17.7548,-32.3506,-0.000550277,True
2025-02-24,162.98,5983.25,0.0668596,0.00203474,0,-0.0644402,0.000643336,0.0828799,627.641,0,40,0,0.132262,0.140383,-0.79489,-0.374169,-1.50274,-6.28068,-17.4045,-32.0614,1.55489e-06,True
2025-02-25,162.91,5955.25,0.0754862,0.00228896,0,-0.119811,0.000602887,0.105316,628.796,0,40,0,0.144058,0.15637,-0.920482,-0.431083,-1.63463,-6.34534,-17.3685,-31.965,-0.000427373,True
2025-02-26,162.814,5956.06,0.0814856,0.00246512,0,-0.114549,0.00159484,0.164098,632.23,0,40,0,0.172348,0.1673,-1.36447,-0.636967,-2.07868,-7.41514,-18.4865,-32.8964,-0.000588701,True
2025-02-27,162.808,5861.57,0.0946925,0.00285825,0,-0.144805,0.00104275,0.116523,626.716,0,40,0,0.188493,0.193066,-0.799295,-0.369743,-0.775998,-4.10627,-14.2736,-28.9936,-3.95442e-05,True
2025-02-28,162.874,5954.5,0.0803108,0.00243066,0,0.205432,0.00141328,0.332435,637.421,0,40,0,0.161707,0.162351,-2.46264,-1.135,-2.68138,-8.6177,-19.4516,-33.5834,0.00040531,True
2025-03-03,162.656,5849.72,0.0918661,0.00277429,0,-0.520363,0.0020946,0.116853,628.725,0,40,0,0.185174,0.191111,-0.834856,-0.387057,-0.944403,-4.56288,-14.9149,-29.6403,-0.00133713,True
2025-03-04,162.511,5778.15,0.100641,0.00303604,0,-0.233758,0.000542527,0.125215,625.158,0,40,0,0.207293,0.207751,-0.797071,-0.367195,-0.657769,-3.19669,-12.1686,-26.9605,-0.000891808,True
2025-03-05,162.567,5842.63,0.0993232,0.0029962,0,0.14146,0.000749838,0.305803,633.662,0,40,0,0.201496,0.203934,-1.92413,-0.878938,-1.66701,-6.02452,-16.4063,-30.74,0.000347354,True
2025-03-06,162.304,5738.52,0.125957,0.00378969,0,-0.491212,0.00110418,0.19907,625.807,0,40,0,0.270186,0.254928,-1.07136,-0.489747,-0.621653,-3.0598,-11.2815,-26.0883,-0.00162035,True
2025-03-07,162.425,5770.2,0.106384,0.00320653,0,-0.00744586,0.000727111,0.173496,631.864,0,40,0,0.218735,0.215888,-1.10549,-0.509429,-1.04373,-4.64436,-14.6027,-29.4009,0.000742913,True
2025-03-10,162.219,5614.56,0.120746,0.00363564,0,-0.35894,0.00064143,0.136205,619.878,0,40,0,0.243285,0.250161,-0.708399,-0.322444,-0.342599,-1.5402,-7.34199,-21.4813,-0.00126323,True
2025-03-11,162.198,5572.07,0.123036,0.00370375,0,-0.113104,0.000500195,0.162891,621.106,0,40,0,0.256021,0.252446,-0.852134,-0.388378,-0.468863,-2.06217,-7.89656,-21.7435,-0.000129196,True
2025-03-12,162.301,5599.3,0.110828,0.00334062,0,0.0160202,0.00096577,0.182838,628.576,0,40,0,0.221975,0.228395,-1.0878,-0.498784,-0.91032,-3.65988,-11.8162,-26.4516,0.000632528,True
2025-03-13,162.27,5521.52,0.118006,0.00355422,0,-0.175571,0.000651736,0.152082,625.019,0,40,0,0.238343,0.245057,-0.83037,-0.379633,-0.471897,-2.47372,-9.93671,-24.4542,-0.000191097,True
2025-03-14,162.569,5638.94,0.0961615,0.00290366,0,0.476178,0.00136793,0.420729,639.162,0,40,0,0.195865,0.196994,-2.55893,-1.16129,-2.07328,-6.99638,-17.4863,-31.6085,0.0018452,True
2025-03-17,162.896,5675.12,0.0827183,0.00250525,0.0296717,0.166094,0.00280326,0.307505,641.258,0,40,0,0.159861,0.172969,-2.44699,-1.1347,-2.98673,-8.98941,-19.7453,-34.0686,0.00201179,True
2025-03-18,162.756,5614.66,0.0949029,0.00286667,0,-0.394544,0.0012026,0.144381,633.985,0,40,0,0.193002,0.19447,-1.0733,-0.49889,-1.50936,-6.15988,-16.8211,-31.5747,-0.000863047,True
2025-03-19,162.912,5675.29,0.0867767,0.00262542,0,0.186901,0.00117805,0.257733,638.813,0,40,0,0.173044,0.177047,-2.02624,-0.94068,-2.78078,-8.65519,-19.5587,-33.9265,0.000961704,True
2025-03-20,162.772,5662.89,0.0884285,0.00267364,0,-0.30572,0.0027053,0.175123,635.794,0,40,0,0.178262,0.181161,-1.38321,-0.643844,-2.10878,-7.59657,-18.5962,-33.1764,-0.00085973,True
2025-03-21,162.811,5667.56,0.0819523,0.0024827,0,-0.0758758,0.000826177,0.139228,635.956,0,40,0,0.163755,0.169875,-1.18178,-0.55287,-2.20807,-7.93641,-19.0538,-33.7316,0.000237528,True
2025-03-24,163.158,5767.57,0.0705105,0.00214442,0.00147734,0.697532,0.00439952,0.552343,644.176,0,40,0,0.133834,0.148042,-4.81905,-2.24471,-4.77827,-11.1824,-21.2799,-34.7624,0.00213072,True
2025-03-25,163.448,5776.65,0.0710337,0.00216037,0.0210282,0.0390769,0.00242334,0.347048,642.193,0,40,0,0.133087,0.148199,-3.33284,-1.56389,-4.53727,-11.076,-21.6487,-35.6584,0.00177616,True
2025-03-26,163.388,5712.2,0.0856138,0.00259055,0,-0.363334,0.00170167,0.124627,634.707,0,40,0,0.164429,0.175832,-1.02864,-0.481007,-2.07123,-7.65711,-18.6284,-33.3626,-0.000364594,True
2025-03-27,163.383,5693.31,0.0918986,0.00277696,0,-0.0769115,0.000746142,0.14093,633.151,0,40,0,0.179595,0.189254,-1.02645,-0.476377,-1.45609,-6.23095,-17.0129,-31.7022,-2.96119e-05,True
2025-03-28,163.223,5580.94,0.103698,0.00312828,0,-0.278326,0.000626308,0.12278,624.876,0,40,0,0.218044,0.20883,-0.754813,-0.347077,-0.527067,-2.6157,-10.9523,-25.7462,-0.000980721,True
2025-03-31,163.272,5611.85,0.094884,0.00286684,0,-0.000339835,0.000622655,0.16528,632.236,0,40,0,0.188361,0.19708,-1.12864,-0.520992,-1.19073,-4.68245,-14.6951,-29.3288,0.000297474,True
2025-04-01,163.265,5633.07,0.0940596,0.00284171,0,-0.0558563,0.00137372,0.205437,636.754,0,40,0,0.185201,0.196906,-1.47028,-0.680205,-1.7998,-6.39539,-17.0298,-31.5908,-3.77862e-05,True
2025-04-02,163.023,5670.97,0.102461,0.0030907,0,-0.0933462,0.00318366,0.450291,640.702,0,40,0,0.215364,0.208104,-2.93345,-1.34251,-2.53059,-7.71358,-18.1483,-32.141,-0.00148233,True
2025-04-03,161.755,5396.52,0.141817,0.00426437,0,-1.69594,0.00163965,0.15826,614.996,0,40,0,0.291183,0.292008,-0.70756,-0.319244,-0.214625,-0.957701,-4.90994,-17.6094,-0.00777799,True
2025-04-04,161.229,5074.08,0.236679,0.00710064,0,-0.619784,0.00043633,0.293893,591.936,0,40,0,0.552272,0.479094,-0.964063,-0.412535,0.0349612,-0.146402,-1.10456,-4.7465,-0.00325352,True
2025-04-07,161.195,5062.25,0.239049,0.00717238,0,-0.187023,0.000708623,0.372066,604.265,0,40,0,0.510121,0.499294,-1.20207,-0.519232,0.00885104,-0.331873,-1.94089,-7.32102,-0.000211059,True
2025-04-08,160.957,4982.77,0.26267,0.00788041,0,-0.450658,0.00184676,0.412328,608.907,0,40,0,0.566418,0.549339,-1.33739,-0.568243,0.0777599,-0.149475,-1.50065,-6.6642,-0.00147633,True
2025-04-09,160.147,5456.9,0.167353,0.00502472,0.496852,4.55429,0.00517092,5.43711,662.769,0,40,0,0.376133,0.343659,-9.43535,-3.50738,-1.52459,-4.49948,-11.2548,-22.0332,-0.00503356,True
2025-04-10,158.542,5268.05,0.223518,0.00670615,0.00197044,-6.15685,0.00719331,1.09304,633.832,0,40,0,0.491931,0.471314,-3.0911,-1.30912,-0.461556,-1.96026,-6.75132,-17.656,-0.0100229,True
2025-04-11,159.677,5363.36,0.191595,0.00574949,0.0388168,1.01342,0.00177556,1.11638,635.956,0,40,0,0.432854,0.393841,-3.33554,-1.406,-0.675315,-2.53609,-8.10973,-20.0707,0.00716115,True
2025-04-14,160.947,5405.97,0.130382,0.00392305,0.033076,0.290135,0.00285403,0.227235,632.382,0,40,0,0.258962,0.274303,-1.27927,-0.583659,-0.722714,-2.89626,-9.98696,-24.1187,0.00795233,True
2025-04-15,161.09,5396.63,0.11868,0.00357511,0,-0.0391424,0.000714216,0.159008,627.468,0,40,0,0.235725,0.246651,-0.869117,-0.397072,-0.541625,-2.58725,-9.99735,-24.3934,0.000891444,True
2025-04-16,160.924,5275.7,0.148155,0.00445381,0,-0.277328,0.000761554,0.191311,617.449,0,40,0,0.308704,0.30293,-0.846813,-0.382383,-0.229511,-1.25748,-5.83219,-18.4103,-0.00103477,True
2025-04-17,161.007,5282.7,0.137624,0.00413963,0,-0.0187836,0.000778007,0.222468,621.338,0,40,0,0.298719,0.284113,-1.06132,-0.481473,-0.433173,-2.02458,-8.02231,-21.7066,0.000514319,True
2025-04-21,160.826,5158.2,0.13606,0.00409439,0,-0.380498,0.000593941,0.153475,613.325,0,40,0,0.272846,0.288314,-0.708836,-0.320401,-0.247461,-1.11514,-5.06246,-17.0832,-0.0011188,True
2025-04-22,160.71,5287.76,0.12848,0.00386821,0,0.250132,0.0025527,0.641732,630.729,0,40,0,0.259019,0.270068,-2.68343,-1.17343,-1.0745,-3.91787,-12.201,-26.3303,-0.000721683,True
2025-04-23,159.57,5375.86,0.126696,0.00381412,0.242533,-0.255715,0.00805352,1.39911,637.53,0,40,0,0.263338,0.264356,-5.08716,-2.15418,-1.95462,-6.08837,-15.1887,-28.4223,-0.00709849,True
2025-04-24,159.736,5484.77,0.122491,0.00368776,0.694048,2.45905,0.00321986,3.11327,642.462,0,40,0,0.247466,0.255654,-9.2668,-3.72954,-2.55326,-6.60425,-14.4554,-25.7717,0.00104301,True
2025-04-25,160.609,5525.21,0.10243,0.00308999,1.44284,1.15873,0.00607523,2.04948,638.785,0,40,0,0.211756,0.215,-7.27433,-3.02101,-2.56868,-6.94159,-15.6466,-27.851,0.00546488,True
2025-04-28,160.979,5528.75,0.0975326,0.00294516,1.09335,-0.307274,0.0054644,0.367506,632.261,0,40,0,0.194561,0.207773,-2.71451,-1.25184,-2.39183,-7.36043,-17.5732,-31.8221,0.00230671,True
2025-04-29,161.213,5560.83,0.096291,0.00290786,0.176092,0.195716,0.00277416,0.24439,631.678,0,40,0,0.192947,0.200577,-1.87424,-0.870264,-2.38784,-7.72376,-18.3921,-32.882,0.00144956,True
2025-04-30,161.049,5569.06,0.103954,0.00313589,0,-0.253095,0.00139077,0.254175,630.433,0,40,0,0.209875,0.21626,-1.70741,-0.786753,-2.01963,-7.05209,-17.6409,-32.2152,-0.00101389,True
2025-05-01,160.91,5604.14,0.107086,0.0032283,0,-0.0852614,0.00433394,0.407334,632.327,0,40,0,0.227856,0.219133,-2.64371,-1.21088,-2.41173,-7.49353,-17.8802,-32.0653,-0.000862447,True
2025-05-02,161.506,5686.67,0.0853986,0.00258366,0.00323495,0.686167,0.00614772,0.570881,637.939,0,40,0,0.173313,0.17696,-4.47348,-2.06833,-3.74313,-9.64834,-19.8094,-33.2831,0.00370425,True
2025-05-05,161.595,5650.38,0.0836873,0.00253497,0,-0.436519,0.0021431,0.124462,631.701,0,40,0,0.161111,0.176268,-1.0604,-0.496429,-2.33862,-8.08248,-19.1164,-33.938,0.000550498,True
2025-05-06,161.54,5606.91,0.0930863,0.00281291,0,-0.140809,0.000686201,0.128492,626.703,0,40,0,0.188329,0.193608,-0.916723,-0.424878,-1.15926,-5.44468,-15.9901,-30.7702,-0.000341912,True
2025-05-07,161.55,5631.28,0.09324,0.00281702,0,-0.0206863,0.00119029,0.186928,629.241,0,40,0,0.184386,0.192747,-1.34536,-0.622312,-1.68008,-6.53225,-17.3068,-31.901,6.25884e-05,True
2025-05-08,161.529,5663.94,0.0927843,0.00280332,0,-0.0273101,0.00279959,0.267701,632.424,0,40,0,0.183828,0.194656,-1.94728,-0.89945,-2.41941,-7.93637,-18.7466,-33.1429,-0.000129387,True
2025-05-09,161.515,5659.91,0.0963475,0.00290824,0,-0.117231,0.00149648,0.257071,631.758,0,40,0,0.213954,0.193115,-1.91242,-0.88612,-2.21271,-7.37303,-18.1502,-32.4619,-9.07482e-05,True
2025-05-12,160.332,5844.19,0.0680471,0.00207076,1.17495,2.70051,0.0115839,3.01996,645.08,0,40,0,0.140791,0.13877,-14.7424,-6.43725,-3.75859,-8.15453,-14.9798,-24.2293,-0.00732407,True
2025-05-13,160.489,5886.55,0.06363,0.0019403,2.06826,2.00478,0.00799802,2.85279,641.404,0,40,0,0.127983,0.13311,-13.0969,-5.66465,-3.73517,-8.36396,-15.7363,-25.5808,0.000981647,True
2025-05-14,160.74,5892.58,0.069806,0.00212157,1.30311,0.17997,0.0044182,1.54173,635.347,0,40,0,0.138148,0.144638,-8.20158,-3.62553,-3.80496,-9.29692,-18.2979,-30.1485,0.00156511,True
2025-05-15,160.788,5916.93,0.0674171,0.00205178,1.14961,0.420565,0.00527222,0.825085,632.056,0,40,0,0.137311,0.139831,-4.84809,-2.17101,-4.1978,-10.475,-20.5144,-33.8057,0.000296706,True
2025-05-16,161.049,5958.38,0.063249,0.00192819,0.907851,0.656787,0.0027407,0.371322,632.061,0,40,0,0.13,0.133237,-4.06276,-1.91917,-4.92032,-11.564,-21.8288,-35.5878,0.00162499,True
2025-05-19,160.883,5963.6,0.0662918,0.00201807,0,-0.414821,0.00354188,0.183711,630.616,0,40,0,0.12965,0.13887,-2.13888,-1.01526,-4.63492,-11.5364,-22.4528,-36.9729,-0.00103371,True
2025-05-20,160.877,5940.46,0.0691497,0.00210133,0,-0.149254,0.00112366,0.105832,627.343,0,40,0,0.135493,0.143735,-1.08882,-0.514358,-3.18275,-9.8464,-21.0905,-35.8862,-3.38796e-05,True
2025-05-21,160.736,5844.61,0.0871624,0.00263474,0,-0.224303,0.000883669,0.106222,619.22,0,40,0,0.174485,0.17928,-0.789921,-0.366755,-0.901343,-4.83516,-15.4493,-30.1427,-0.000876754,True
2025-05-22,160.764,5842.01,0.0882772,0.00266785,0,-0.0250576,0.000276967,0.138354,621.507,0,40,0,0.175153,0.181781,-1.03608,-0.48082,-1.27345,-5.41434,-16.0853,-30.6826,0.000175091,True
2025-05-23,160.726,5802.82,0.0944791,0.00285157,0,-0.126497,0.000330168,0.141491,620.867,0,40,0,0.198741,0.194833,-0.992981,-0.459683,-1.07055,-4.69373,-14.8559,-29.5191,-0.000238469,True
2025-05-27,161.192,5921.54,0.0671336,0.00204286,0,0.605509,0.00136979,0.344498,633.851,0,40,0,0.130237,0.142477,-3.1122,-1.45279,-3.99268,-10.5983,-21.1947,-35.3391,0.00290073,True
2025-05-28,161.171,5888.55,0.0787432,0.00238459,0,-0.249048,0.00141793,0.191787,630.223,0,40,0,0.163857,0.159824,-1.74087,-0.815416,-2.93127,-9.11598,-20.1368,-34.6044,-0.000132739,True
2025-05-29,161.042,5912.17,0.0777552,0.00235609,0,-0.176628,0.00328803,0.216133,631.238,0,40,0,0.158221,0.159589,-2.0179,-0.946414,-3.37318,-9.7521,-20.7399,-35.132,-0.000799543,True
2025-05-30,161.071,5911.69,0.071399,0.00216761,0,-0.123921,0.000948632,0.131773,629.599,0,40,0,0.148606,0.14794,-1.33186,-0.628502,-3.00899,-9.46751,-20.6491,-35.3141,0.000178352,True
2025-06-02,161.176,5935.94,0.0676544,0.00205853,0,0.0386894,0.000518628,0.130669,630.634,0,40,0,0.129284,0.140621,-1.36443,-0.644371,-3.59343,-10.4479,-21.6098,-36.4016,0.000651084,True
2025-06-03,161.337,5970.37,0.0618566,0.00188629,0,0.147542,0.000992744,0.176224,632.758,0,40,0,0.120237,0.131926,-1.98873,-0.942205,-4.66837,-11.6963,-22.637,-37.2829,0.000998691,True
2025-06-04,161.421,5970.81,0.0665166,0.00202463,0,-0.00962052,0.0014397,0.145559,631.383,0,40,0,0.127046,0.138063,-1.61255,-0.763901,-4.21812,-11.1696,-22.2387,-36.9363,0.000521249,True
2025-06-05,161.269,5939.3,0.0766918,0.00232368,0,-0.231994,0.00324366,0.136688,627.794,0,40,0,0.162246,0.156605,-1.27746,-0.600393,-2.70105,-8.91626,-20.0986,-34.6571,-0.000941625,True
2025-06-06,161.509,6000.36,0.0597392,0.00182527,0,0.231168,0.00156825,0.184337,632.857,0,40,0,0.124148,0.123774,-2.12826,-1.00951,-4.53544,-11.6063,-22.425,-37.0269,0.00148736,True
2025-06-09,161.632,6005.88,0.0622477,0.0018988,0,0.0267782,0.000950008,0.146656,632.375,0,40,0,0.121696,0.130451,-1.68724,-0.800601,-4.39916,-11.4779,-22.4769,-37.2149,0.000766882,True
2025-06-10,161.731,6038.81,0.0631251,0.00192484,0,0.179117,0.00169185,0.286675,634.34,0,40,0,0.130078,0.127735,-3.253,-1.5407,-4.92366,-11.8047,-22.2818,-36.411,0.00061007,True
2025-06-11,161.791,6022.24,0.067046,0.00204081,0,-0.157876,0.00255538,0.130986,631.549,0,40,0,0.132342,0.137089,-1.46641,-0.695452,-3.9608,-10.8656,-21.9683,-36.6754,0.000372613,True
2025-06-12,161.862,6045.26,0.0703183,0.00213555,0,0.060677,0.0010126,0.188348,632.734,0,40,0,0.134463,0.145065,-1.90609,-0.89838,-4.20463,-11.0242,-22.02,-36.5461,0.000435653,True
2025-06-13,161.639,5976.97,0.0869659,0.00262751,0,-0.358701,0.00137048,0.135283,626.522,0,40,0,0.183051,0.174672,-1.08676,-0.506993,-1.74368,-6.97694,-18.0242,-32.5651,-0.00137567,True
2025-06-16,161.846,6033.11,0.0638384,0.00194491,0,0.131459,0.00111713,0.120378,632.33,0,40,0,0.123859,0.136606,-1.25521,-0.592845,-3.29389,-10.0906,-21.277,-36.0983,0.0012815,True
2025-06-17,161.773,5982.72,0.083767,0.00253266,0,-0.139387,0.000725476,0.134619,628.189,0,40,0,0.170056,0.172321,-1.09431,-0.510592,-1.81966,-7.22038,-18.309,-32.9116,-0.000451781,True
2025-06-18,161.827,5980.87,0.07968,0.0024114,0,-0.025863,0.000980946,0.131092,629.208,0,40,0,0.170108,0.1608,-1.13153,-0.529641,-1.95385,-7.4371,-18.6202,-33.1565,0.000333506,True
2025-06-20,161.903,5967.84,0.0738016,0.00223823,0,-0.0207525,0.000665273,0.105275,629.107,0,40,0,0.152572,0.152304,-0.950637,-0.44612,-1.81469,-7.39207,-18.6322,-33.287,0.000469406,True
2025-06-23,162.029,6025.17,0.0626624,0.00191098,0,0.130241,0.00107468,0.169304,634.685,0,40,0,0.121614,0.132328,-1.79124,-0.845734,-3.78765,-10.7021,-21.6794,-36.3789,0.00077755,True
2025-06-24,161.84,6092.18,0.0736854,0.00223358,0.0726526,0.551082,0.00281073,0.905024,639.209,0,40,0,0.141193,0.155036,-6.70952,-3.08116,-4.67263,-10.6605,-20.1096,-32.7421,-0.0011643,True
2025-06-25,162.263,6092.16,0.0771628,0.00233752,0.0116552,-0.0328264,0.00244725,0.510211,636.754,0,40,0,0.146794,0.159897,-4.52346,-2.10921,-4.25099,-10.3427,-20.4925,-33.9271,0.00261189,True
2025-06-26,162.91,6141.02,0.0608668,0.00185745,0.288625,0.899479,0.00439752,0.528456,639.064,0,40,0,0.116207,0.123951,-5.38504,-2.53268,-4.6638,-11.0009,-20.8637,-34.1036,0.00398872,True
2025-06-27,162.788,6173.07,0.05574,0.00170672,0.529925,0.196857,0.00553657,0.366046,639.209,0,40,0,0.111738,0.113749,-4.00529,-1.89224,-5.14535,-11.9483,-22.1817,-36.0928,-0.000749876,True
2025-06-30,162.983,6204.95,0.0551627,0.00169093,0.305502,0.323039,0.00387316,0.237859,639.918,0,40,0,0.103758,0.113461,-3.19085,-1.52427,-5.81778,-12.8407,-23.3701,-37.6544,0.00119986,True
2025-07-01,163.053,6198.01,0.0570161,0.00174567,0,-0.105438,0.0010762,0.116737,637.668,0,40,0,0.105473,0.11672,-1.56009,-0.746009,-5.16543,-12.3774,-23.4115,-38.2807,0.000428745,True
2025-07-02,163.129,6227.42,0.0626991,0.00191003,0,0.249463,0.00142646,0.349799,638.779,0,40,0,0.133158,0.122409,-3.82236,-1.80695,-4.94216,-11.7487,-21.9905,-35.8673,0.000464656,True
2025-07-03,163.411,6279.35,0.0620325,0.00189075,0.108033,0.755107,0.00334383,0.772145,641.737,0,40,0,0.130013,0.1234,-6.87646,-3.20544,-5.02124,-11.217,-20.4874,-33.1039,0.00172579,True
2025-07-07,163.502,6229.98,0.0578698,0.00176783,0,-0.653535,0.00279674,0.080823,636.353,0,40,0,0.111243,0.121123,-0.994526,-0.474202,-3.84413,-10.8543,-22.0306,-37.006,0.000557443,True
2025-07-08,163.546,6225.52,0.0526433,0.00161652,0,-0.0158577,0.000688496,0.0709223,636.125,0,40,0,0.102223,0.110973,-0.895538,-0.427373,-3.5474,-10.6079,-21.769,-36.8424,0.000271443,True
2025-07-09,163.596,6263.26,0.0514849,0.00158287,0,0.0812023,0.00102976,0.150887,639.379,0,40,0,0.0974216,0.105453,-1.98696,-0.948964,-4.87719,-12.1211,-22.9299,-37.6762,0.000306393,True
2025-07-10,163.69,6280.46,0.0513038,0.00157671,0,0.070223,0.00131769,0.17562,640.566,0,40,0,0.0978705,0.106354,-2.39052,-1.14336,-5.47706,-12.6813,-23.395,-37.9912,0.000573974,True
2025-07-11,163.676,6259.75,0.0528879,0.00162231,0,-0.150439,0.000822951,0.089422,638.423,0,40,0,0.105863,0.107498,-1.24673,-0.597631,-4.68651,-12.0261,-23.0521,-38.0506,-8.42988e-05,True
2025-07-14,163.733,6268.56,0.0539513,0.00165454,0,0.0167685,0.000583885,0.100812,638.771,0,40,0,0.105351,0.110045,-1.33231,-0.636952,-4.80544,-12.1551,-23.1575,-38.1255,0.000348804,True
2025-07-15,163.72,6243.76,0.0560881,0.0017167,0,-0.08642,0.00146456,0.0802273,636.576,0,40,0,0.109722,0.11625,-0.971359,-0.462792,-3.57093,-10.7608,-21.8804,-36.8945,-7.89578e-05,True
2025-07-16,163.764,6263.7,0.0569682,0.00174295,0,0.0282848,0.000613219,0.119704,638.864,0,40,0,0.107439,0.115322,-1.46699,-0.69866,-4.47556,-11.7468,-22.7244,-37.6062,0.00026521,True
2025-07-17,163.909,6297.36,0.0541035,0.00165888,0,0.171208,0.00082459,0.197551,641.688,0,40,0,0.102994,0.109742,-2.55196,-1.21754,-5.59116,-12.7618,-23.4204,-37.9395,0.000885307,True
2025-07-18,163.973,6296.79,0.0476067,0.00146937,0,-0.0904233,0.00166882,0.0876644,640.951,0,40,0,0.0903851,0.0977605,-1.37274,-0.660854,-5.54712,-12.9586,-23.9885,-39.017,0.000390043,True
2025-07-21,163.962,6305.6,0.052071,0.00159839,0,-0.0342423,0.00313171,0.111452,640.947,0,40,0,0.0960297,0.109842,-1.49782,-0.716433,-5.47633,-12.8545,-23.8594,-38.8021,-6.51891e-05,True
2025-07-22,163.978,6309.62,0.0578165,0.00176653,0,-0.0276978,0.000906627,0.122793,640.409,0,40,0,0.103403,0.119407,-1.51693,-0.722762,-5.06654,-12.34,-23.3565,-38.2245,9.8222e-05,True
2025-07-23,164.123,6358.91,0.0566565,0.00173323,0,0.309421,0.00157452,0.340492,643.777,0,40,0,0.105548,0.116406,-4.20552,-2.00103,-5.87297,-12.6791,-22.8789,-36.7099,0.000884696,True
2025-07-24,164.327,6363.35,0.0604645,0.00184448,0,0.0251914,0.00291264,0.217886,642.962,0,40,0,0.111014,0.122615,-2.80748,-1.33965,-5.48329,-12.4541,-23.0981,-37.4292,0.00123995,True
2025-07-25,164.652,6388.64,0.0532572,0.00163333,0,0.222023,0.00155973,0.165119,644.161,0,40,0,0.0983181,0.109251,-2.49349,-1.19832,-5.73875,-12.8835,-23.5924,-38.1311,0.00197688,True
2025-07-28,164.773,6389.77,0.0484811,0.00149494,0,-0.0153054,0.00122613,0.0745866,643.284,0,40,0,0.0883617,0.101037,-1.1145,-0.535748,-5.40508,-12.8756,-23.9847,-39.0953,0.000734809,True
2025-07-29,164.725,6370.86,0.0539723,0.00165556,0,-0.0922061,0.00135415,0.0808501,641.298,0,40,0,0.10501,0.109906,-1.03861,-0.496217,-4.16889,-11.4928,-22.5738,-37.6217,-0.000288319,True
2025-07-30,164.666,6362.9,0.0583967,0.00178287,0,-0.092184,0.00124227,0.103036,640.963,0,40,0,0.119741,0.118598,-1.22108,-0.581134,-3.77924,-10.9468,-21.974,-36.8779,-0.000358164,True
2025-07-31,164.152,6339.39,0.0643236,0.00195649,0,-0.571176,0.00495493,0.103132,639.157,0,40,0,0.133523,0.128314,-1.11396,-0.527962,-3.03642,-9.86858,-21.0198,-35.8562,-0.00312062,True
2025-08-01,164.001,6238.01,0.0786353,0.00237895,0,-0.235412,0.000695948,0.0939893,631.96,0,40,0,0.160117,0.158714,-0.772599,-0.36091,-1.0602,-5.39844,-16.3974,-30.9814,-0.000918106,True
2025-08-04,164.197,6329.94,0.0554246,0.00169584,0,0.241858,0.000882658,0.19354,641.898,0,40,0,0.104169,0.116013,-2.18056,-1.03293,-3.69396,-10.6804,-21.4608,-36.0749,0.00118995,True
2025-08-05,164.181,6299.19,0.0597587,0.00182349,0,-0.166562,0.00130481,0.0989066,639.591,0,40,0,0.115435,0.126358,-1.13507,-0.539353,-3.182,-10.013,-21.1435,-36.0483,-9.31684e-05,True
2025-08-06,164.309,6345.06,0.0580899,0.00177492,0,0.168892,0.00114602,0.194911,643.871,0,40,0,0.107715,0.117061,-2.44071,-1.1629,-5.05578,-12.1564,-22.8967,-37.4395,0.000779974,True
2025-08-07,164.137,6340,0.0631524,0.00192291,0,-0.273358,0.00367352,0.151336,642.241,0,40,0,0.120121,0.126883,-1.78103,-0.846762,-4.59871,-11.6926,-22.6567,-37.3701,-0.00104819,True
2025-08-08,164.386,6389.45,0.0516438,0.00158507,0,0.277376,0.00322958,0.227025,645.034,0,40,0,0.100022,0.105666,-3.18763,-1.52654,-5.86437,-12.9203,-23.416,-37.725,0.00151408,True
2025-08-11,164.39,6373.45,0.0542501,0.00166137,0,-0.163953,0.00283011,0.108329,642.297,0,40,0,0.111668,0.111232,-1.50693,-0.722321,-4.90219,-12.1957,-23.1623,-38.0664,2.73857e-05,True
2025-08-12,164.597,6445.76,0.0468976,0.00144658,0.0734602,0.521385,0.00251852,0.392362,647.053,0,40,0,0.0868542,0.0954046,-5.55655,-2.66056,-6.41419,-13.027,-22.8635,-36.2484,0.00125813,True
2025-08-13,164.704,6466.58,0.0469564,0.00144978,0.102482,0.210501,0.00465119,0.434164,646.668,0,40,0,0.0898476,0.0957207,-5.84187,-2.79069,-6.19165,-12.728,-22.4434,-35.6812,0.000650512,True
2025-08-14,164.735,6468.54,0.0498713,0.00153146,0.0149141,-0.159715,0.00430757,0.272645,644.935,0,40,0,0.099168,0.102008,-3.7807,-1.80934,-5.85543,-12.7894,-23.0723,-37.1077,0.00018774,True
2025-08-15,164.786,6449.8,0.0514639,0.00158042,0,-0.182641,0.00209263,0.0869143,642.202,0,40,0,0.0989984,0.102994,-1.30112,-0.625503,-4.93548,-12.3,-23.3015,-38.2899,0.000308866,True
2025-08-18,164.838,6449.15,0.0476328,0.00147028,0,-0.0116902,0.000495731,0.0684743,641.841,0,40,0,0.0871749,0.100384,-0.964255,-0.462459,-4.65673,-12.1214,-23.2369,-38.3699,0.00031809,True
2025-08-19,164.829,6411.37,0.0529529,0.00162271,0,-0.0605218,0.000575867,0.0675363,639.392,0,40,0,0.100158,0.111102,-0.834947,-0.398266,-3.19583,-10.3606,-21.5016,-36.5673,-5.35652e-05,True
2025-08-20,164.777,6395.78,0.0582854,0.00177873,0,-0.0888628,0.000672511,0.0868095,639.559,0,40,0,0.111243,0.122294,-0.982852,-0.466786,-3.05139,-10.0128,-21.153,-36.0928,-0.000317309,True
2025-08-21,164.726,6370.17,0.0731307,0.00221574,0,-0.0781281,0.000695065,0.130026,638.993,0,40,0,0.151132,0.145062,-1.23661,-0.582174,-2.5729,-8.87499,-20.0677,-34.6283,-0.000310267,True
2025-08-22,164.894,6466.91,0.0530454,0.00162663,0.000984278,0.354517,0.0047426,0.362702,647.98,0,40,0,0.0998566,0.107334,-4.21445,-1.99909,-5.74572,-12.6044,-22.787,-36.6753,0.00101704,True
2025-08-25,165.043,6439.32,0.047067,0.0014532,0,-0.188661,0.00169936,0.0683616,644.849,0,40,0,0.0850778,0.0966164,-1.04179,-0.501077,-5.12497,-12.5587,-23.7197,-38.8798,0.000907214,True
2025-08-26,165.072,6465.94,0.0513449,0.00157757,0,0.062292,0.000854892,0.150669,646.29,0,40,0,0.0911888,0.10411,-2.05248,-0.981962,-5.75357,-13.0537,-23.9073,-38.6625,0.000175084,True
2025-08-27,165.084,6481.4,0.0576091,0.00175825,0,0.116507,0.00205635,0.309505,646.106,0,40,0,0.120236,0.114524,-3.54771,-1.68239,-5.20914,-12.146,-22.4506,-36.5044,6.94629e-05,True
2025-08-28,165.336,6501.86,0.05058,0.00155415,0,0.0856317,0.00169731,0.189744,646.716,0,40,0,0.098474,0.100796,-2.77983,-1.33424,-5.78154,-12.9157,-23.4988,-37.9412,0.00153087,True
2025-08-29,165.289,6460.26,0.0554465,0.00169641,0,-0.21455,0.00124449,0.0750452,642.84,0,40,0,0.105185,0.10879,-0.961598,-0.459523,-3.96848,-11.219,-22.3215,-37.3703,-0.000286357,True
2025-09-02,165.189,6415.54,0.0611567,0.00186512,0,-0.157872,0.00045869,0.0757726,639.72,0,40,0,0.112518,0.12421,-0.816302,-0.386768,-2.32712,-8.94371,-20.1509,-35.0852,-0.000603587,True
2025-09-03,165.227,6448.26,0.0568566,0.0017389,0,0.0320562,0.0010395,0.123891,643.766,0,40,0,0.104569,0.115934,-1.47103,-0.699665,-3.84522,-10.9969,-21.9731,-36.8302,0.000230136,True
2025-09-04,165.33,6502.08,0.0548884,0.00167967,0.0259548,0.376082,0.00154234,0.422656,648.57,0,40,0,0.110132,0.108895,-4.55551,-2.15213,-5.39228,-12.1783,-22.186,-35.8857,0.000623555,True
2025-09-05,164.998,6481.5,0.0475739,0.00146577,0,-0.715177,0.00395749,0.0816732,645.842,0,40,0,0.0902356,0.0971024,-1.29345,-0.623055,-5.27223,-12.6735,-23.7543,-38.835,-0.00200836,True
2025-09-08,165.048,6495.15,0.0481572,0.00148356,0,0.0155852,0.00161374,0.0922495,645.816,0,40,0,0.0878949,0.0998489,-1.35154,-0.649002,-5.58661,-13.0451,-24.1027,-39.156,0.00030345,True
2025-09-09,165.115,6512.61,0.0493488,0.0015197,0,0.0523796,0.000732862,0.12506,645.86,0,40,0,0.0904087,0.101404,-1.80171,-0.864355,-5.77419,-13.1374,-24.0519,-38.9083,0.000403913,True
2025-09-10,164.923,6532.04,0.0540886,0.00165552,0,-0.125505,0.00466107,0.239369,646.157,0,40,0,0.107357,0.109765,-3.15353,-1.50612,-5.72862,-12.7699,-23.2509,-37.5304,-0.00116308,True
2025-09-11,165.17,6587.47,0.0503057,0.00154462,0.135225,0.733508,0.0051115,0.63382,649.331,0,40,0,0.0951684,0.102947,-7.83644,-3.72824,-5.81997,-11.9392,-21.0262,-33.4226,0.00150059,True
2025-09-12,165.549,6584.29,0.0478865,0.00147318,0.0050965,-0.0684125,0.00331307,0.224678,647.367,0,40,0,0.0940483,0.097515,-3.49133,-1.67925,-5.92708,-12.9081,-23.2896,-37.4454,0.00229299,True
2025-09-15,165.784,6615.28,0.0482651,0.00148576,0.0918551,0.276474,0.00353267,0.217605,648.728,0,40,0,0.088547,0.100702,-3.56694,-1.71921,-6.28935,-13.3162,-23.7005,-37.8398,0.00141915,True
2025-09-16,165.702,6606.76,0.0579394,0.0017672,0,-0.177215,0.00267099,0.175823,646.82,0,40,0,0.116847,0.115864,-2.30243,-1.10018,-5.19884,-12.342,-23.0455,-37.5829,-0.000494206,True
2025-09-17,165.782,6600.35,0.0570096,0.00174063,0,-0.046564,0.000850041,0.103241,646.02,0,40,0,0.114184,0.113528,-1.33642,-0.638916,-4.5746,-11.8528,-22.8479,-37.7599,0.000485431,True
2025-09-18,165.819,6631.96,0.0549045,0.00167788,0,0.0544991,0.00260583,0.171795,648.49,0,40,0,0.111754,0.109265,-2.22979,-1.06502,-5.31194,-12.5522,-23.2623,-37.8928,0.000220567,True
2025-09-19,166.014,6664.36,0.0470042,0.00144969,0,0.139817,0.00137861,0.16041,650.39,0,40,0,0.0895856,0.0941923,-2.45189,-1.179,-6.22411,-13.4589,-24.1864,-38.8141,0.00117826,True
2025-09-22,166.173,6693.75,0.0479512,0.00147547,0.00188381,0.19109,0.00201961,0.23592,651.635,0,40,0,0.0872985,0.0983445,-3.59988,-1.73036,-6.54025,-13.5617,-23.9707,-38.1322,0.000952639,True
2025-09-23,166.218,6656.92,0.0539401,0.00165013,0,-0.157891,0.0015773,0.0833675,647.469,0,40,0,0.100151,0.1122,-1.09989,-0.526348,-4.83561,-12.1505,-23.2654,-38.292,0.000273053,True
2025-09-24,166.229,6637.97,0.0532226,0.00162894,0,-0.0518303,0.000758804,0.0710199,645.89,0,40,0,0.100327,0.110996,-0.884175,-0.422064,-3.77917,-11.0244,-22.1737,-37.2438,6.82967e-05,True
2025-09-25,166.199,6604.72,0.0610966,0.00186104,0,-0.0785067,0.00045061,0.0818779,644.139,0,40,0,0.115908,0.121301,-0.905299,-0.42974,-2.71153,-9.51301,-20.656,-35.5828,-0.000183962,True
2025-09-26,166.33,6643.7,0.0506644,0.00155572,0,0.107952,0.000446189,0.107692,648.78,0,40,0,0.0952327,0.100754,-1.47852,-0.708282,-4.55343,-11.921,-22.8396,-37.7807,0.000787014,True
2025-09-29,166.381,6661.21,0.0487134,0.00150045,0,0.0123322,0.00204248,0.11379,650.615,0,40,0,0.0899506,0.0976607,-1.69479,-0.814476,-5.58277,-12.9681,-23.9041,-38.8111,0.000309049,True
2025-09-30,166.39,6688.46,0.0496383,0.00152452,0,0.061352,0.00152567,0.212913,652.228,0,40,0,0.0947965,0.0993836,-3.1193,-1.49726,-6.20915,-13.305,-23.8325,-38.1798,5.29987e-05,True
2025-10-01,166.457,6711.2,0.0504677,0.00154894,0,0.0490029,0.00244201,0.240878,652.626,0,40,0,0.093091,0.100987,-3.62611,-1.74234,-6.33428,-13.3358,-23.7183,-37.855,0.000405762,True
2025-10-02,166.402,6715.35,0.0545012,0.00166668,0,-0.167683,0.00384403,0.177404,651.226,0,40,0,0.101415,0.109115,-2.55546,-1.22624,-5.86637,-13.0229,-23.7023,-38.2207,-0.000331728,True
2025-10-03,166.451,6715.79,0.0504519,0.00154746,0,-0.0804276,0.00323489,0.0937616,650.116,0,40,0,0.0962972,0.100412,-1.43018,-0.688268,-5.47261,-12.8624,-23.8471,-38.8298,0.000293771,True
2025-10-06,166.578,6740.28,0.0476257,0.00146627,0,0.0902272,0.000852072,0.102513,651.322,0,40,0,0.0851243,0.0965565,-1.53269,-0.736741,-6.03358,-13.4856,-24.4835,-39.4603,0.000761687,True
2025-10-07,166.554,6714.59,0.0558721,0.00170707,0,-0.0909714,0.000979748,0.0886003,648.719,0,40,0,0.102072,0.110944,-1.13475,-0.542309,-4.55818,-11.9106,-22.9815,-37.9996,-0.00014332,True
2025-10-08,166.689,6753.72,0.0495391,0.00152073,0,0.142499,0.000675618,0.143235,651.841,0,40,0,0.0925062,0.100493,-2.0357,-0.97636,-5.9083,-13.2203,-24.0472,-38.8029,0.000811789,True
2025-10-09,166.646,6735.11,0.0553412,0.00169069,0,-0.137264,0.0012308,0.101127,649.827,0,40,0,0.104297,0.111348,-1.3142,-0.628491,-4.83217,-12.1603,-23.1826,-38.139,-0.000256384,True
2025-10-10,166.198,6552.51,0.0930531,0.00280591,0,-0.528175,0.00136334,0.110507,636.25,0,40,0,0.194776,0.182283,-0.767288,-0.355553,-0.724162,-3.94251,-14.0905,-28.6918,-0.00269235,True
2025-10-13,166.476,6654.72,0.0626334,0.00190613,0,0.275766,0.000836383,0.168266,647.979,0,40,0,0.118459,0.126271,-1.73262,-0.817671,-2.77244,-9.23832,-20.155,-34.7855,0.00167209,True
2025-10-14,166.35,6644.31,0.0718244,0.00217536,0,-0.190031,0.00173969,0.171587,648.297,0,40,0,0.139642,0.146083,-1.64604,-0.774618,-2.90915,-9.18984,-20.2352,-34.7817,-0.00075352,True
2025-10-15,166.084,6671.06,0.0760299,0.00229971,0,-0.256578,0.00449649,0.250535,651.18,0,40,0,0.146655,0.152584,-2.38254,-1.12004,-3.79523,-10.3539,-21.2217,-35.5425,-0.00160079,True
2025-10-16,165.951,6629.07,0.0992864,0.00299112,0,-0.258793,0.00201644,0.218868,647.006,0,40,0,0.193521,0.199191,-1.58828,-0.736978,-2.35904,-7.90042,-18.7278,-33.2444,-0.000799881,True
2025-10-17,166.093,6664.01,0.0788486,0.00238339,0,-0.0134439,0.00143925,0.137989,649.09,0,40,0,0.152541,0.157859,-1.26166,-0.593297,-2.83889,-9.1567,-20.3131,-34.9904,0.000858451,True
2025-10-20,166.424,6735.13,0.0606777,0.00184604,0,0.297649,0.00130351,0.162546,654.009,0,40,0,0.11129,0.12582,-1.86563,-0.885984,-4.86203,-11.9634,-22.9508,-37.7277,0.00199057,True
2025-10-21,166.504,6735.35,0.0630519,0.00191736,0,-0.0152903,0.00104525,0.127178,652.352,0,40,0,0.115303,0.12787,-1.46608,-0.696937,-4.39711,-11.4761,-22.5758,-37.442,0.000481699,True
2025-10-22,166.431,6699.4,0.0733231,0.00221998,0,-0.159499,0.00104196,0.110949,648.348,0,40,0,0.134331,0.148161,-1.04755,-0.493293,-2.85243,-9.38999,-20.6519,-35.4308,-0.000439676,True
2025-10-23,166.563,6738.44,0.0706293,0.00213964,0,0.128934,0.000397734,0.176252,650.902,0,40,0,0.132606,0.140776,-1.75038,-0.825367,-3.88512,-10.7272,-21.7588,-36.3563,0.000791455,True
2025-10-24,166.817,6791.69,0.0613717,0.00186692,0.00416359,0.323801,0.00281557,0.297824,654.386,0,40,0,0.121434,0.122372,-3.26828,-1.54744,-5.04276,-11.9728,-22.4268,-36.5898,0.00152948,True
2025-10-27,167.11,6875.16,0.0517682,0.0015848,0.317715,1.24643,0.00410595,0.980277,659.482,0,40,0,0.0940597,0.106987,-10.1329,-4.77503,-5.36736,-10.9901,-19.3956,-30.8457,0.00175243,True
2025-10-28,166.982,6890.89,0.0600918,0.00182985,0.42339,0.114956,0.00921015,0.848322,657.5,0,40,0,0.11199,0.120243,-8.03951,-3.76814,-5.05288,-11.0033,-20.0361,-32.25,-0.000762536,True
2025-10-29,167.025,6890.59,0.0662073,0.00200825,0.18007,-0.277991,0.00425119,0.407355,654.46,0,40,0,0.129327,0.130633,-4.25245,-2.0071,-4.77278,-11.3146,-21.5294,-35.1861,0.000256637,True
2025-10-30,167.013,6822.34,0.067779,0.0020543,0,-0.397181,0.00206118,0.0862957,647.646,0,40,0,0.134546,0.136787,-0.859685,-0.40639,-2.42894,-8.77381,-20.0153,-34.7982,-7.45876e-05,True
2025-10-31,166.951,6840.2,0.0624959,0.00189996,0,-0.106838,0.00147211,0.100089,649.564,0,40,0,0.120194,0.122962,-1.098,-0.52085,-2.91658,-9.6851,-20.7891,-35.6786,-0.000368281,True
2025-11-03,166.827,6851.97,0.0557419,0.00170224,0,-0.188669,0.00155644,0.0880991,651.028,0,40,0,0.10132,0.11322,-1.09042,-0.520342,-3.66098,-10.8025,-21.9186,-36.9739,-0.000743906,True
2025-11-04,166.697,6771.55,0.0692097,0.00209702,0,-0.199918,0.000723668,0.0850349,645.546,0,40,0,0.13238,0.138956,-0.810232,-0.381951,-1.83295,-7.65714,-18.8936,-33.6733,-0.000782038,True
2025-11-05,166.766,6796.29,0.0638368,0.00193811,0,0.0383596,0.000557754,0.115206,649.077,0,40,0,0.121847,0.129507,-1.21295,-0.57406,-2.95765,-9.71228,-20.8248,-35.6446,0.000417102,True
2025-11-06,166.685,6720.32,0.0807341,0.00243927,0,-0.16561,0.000682499,0.108289,644.16,0,40,0,0.154187,0.160873,-0.893851,-0.418134,-1.51459,-6.63422,-17.7805,-32.3845,-0.000486195,True
2025-11-07,166.706,6728.8,0.0754692,0.00228261,0,-0.0389588,0.000475722,0.121406,647.244,0,40,0,0.14868,0.150314,-1.09196,-0.512894,-2.10209,-7.8899,-19.1113,-33.718,0.000123797,True
2025-11-10,166.871,6832.43,0.0610859,0.00185964,0.00489146,0.398052,0.00303578,0.405882,656.424,0,40,0,0.111405,0.123273,-4.03823,-1.89979,-5.02992,-11.8393,-22.0954,-35.9947,0.000989018,True
2025-11-11,167.024,6846.61,0.0591649,0.00180157,0.0230111,0.0152635,0.00236472,0.299298,656.104,0,40,0,0.108887,0.120101,-3.48057,-1.65274,-5.27034,-12.1355,-22.6096,-36.7333,0.000921882,True
2025-11-12,167.064,6850.92,0.0641197,0.00194695,0.000455816,-0.093839,0.00286535,0.224343,654.712,0,40,0,0.120338,0.129594,-2.69405,-1.28233,-4.91262,-11.7895,-22.5196,-36.8631,0.000239291,True
2025-11-13,166.904,6737.49,0.0870567,0.00262689,0,-0.357034,0.00124304,0.110759,644.528,0,40,0,0.166532,0.173195,-0.848785,-0.395809,-1.36569,-6.36611,-17.3447,-32.0055,-0.000959293,True
2025-11-14,166.914,6734.11,0.0836897,0.00252667,0,-0.055267,0.000789136,0.12552,645.888,0,40,0,0.165222,0.165572,-1.00631,-0.469885,-1.51019,-6.44837,-17.5076,-32.0535,6.19899e-05,True
2025-11-17,166.854,6672.41,0.0914065,0.00275704,0,-0.15455,0.000861192,0.11885,643.617,0,40,0,0.176342,0.184554,-0.850124,-0.394602,-1.03199,-4.77999,-15.2996,-29.9493,-0.000360018,True
2025-11-18,166.808,6617.32,0.0985023,0.0029682,0,-0.130363,0.000582671,0.129338,642.941,0,40,0,0.188652,0.200018,-0.848103,-0.391927,-0.853166,-4.0458,-13.9087,-28.6551,-0.000275087,True
2025-11-19,166.727,6642.16,0.104215,0.0031377,0,-0.0656892,0.00128871,0.244941,648.191,0,40,0,0.219292,0.206723,-1.55243,-0.713617,-1.44928,-5.59646,-15.9434,-30.437,-0.000488606,True
2025-11-20,166.267,6538.76,0.12355,0.00371432,0,-0.645424,0.00343529,0.176352,641.699,0,40,0,0.253514,0.243567,-0.955128,-0.437465,-0.576012,-3.01889,-11.583,-26.4828,-0.00276162,True
2025-11-21,166.354,6602.99,0.0992312,0.0029895,0,0.000900209,0.00137351,0.184341,649.454,0,40,0,0.200668,0.194461,-1.25907,-0.582179,-1.38161,-5.64453,-16.1839,-30.8321,0.000527947,True
2025-11-24,166.88,6705.12,0.0715384,0.00216802,6.10791e-05,0.521435,0.00163044,0.247685,657.715,0,40,0,0.132384,0.14325,-2.36032,-1.10919,-3.66444,-10.2338,-21.1098,-35.5827,0.00316054,True
2025-11-25,167.138,6765.88,0.0596771,0.00181691,0.0773277,0.445822,0.0028429,0.413517,660.301,0,40,0,0.110896,0.120299,-4.55757,-2.15736,-5.06314,-11.6961,-21.8784,-35.6279,0.0015441,True
2025-11-26,167.09,6812.61,0.0605673,0.00184312,0.28282,0.652696,0.00552261,0.883938,660.292,0,40,0,0.12202,0.117539,-7.58028,-3.52851,-4.97958,-11.039,-20.1781,-32.6218,-0.000283256,True
2025-11-28,167.806,6849.09,0.0530807,0.00162333,0.561656,0.963634,0.00352428,0.618227,659.336,0,40,0,0.0995324,0.106255,-6.6557,-3.14558,-5.46483,-11.7909,-21.2161,-34.0657,0.00428284,True
2025-12-01,167.696,6812.63,0.0614377,0.00186859,0.00309206,-0.67521,0.00363463,0.105504,653.797,0,40,0,0.114247,0.125992,-1.30461,-0.622805,-4.46879,-11.5717,-22.6762,-37.5433,-0.0006534,True
2025-12-02,167.746,6829.37,0.0601211,0.00183085,0,-0.0020572,0.00124874,0.1104,654.388,0,40,0,0.109722,0.122159,-1.29397,-0.615885,-4.50574,-11.7092,-22.7912,-37.7044,0.000298683,True
2025-12-03,167.846,6849.72,0.0595998,0.00181436,0,0.065467,0.000448152,0.133911,655.695,0,40,0,0.10851,0.120909,-1.58221,-0.753045,-4.78665,-12.0005,-23,-37.8268,0.000591927,True
2025-12-04,167.853,6857.12,0.0599312,0.00182311,0,-0.0562309,0.00144204,0.127285,656.007,0,40,0,0.111351,0.122558,-1.51447,-0.721297,-4.72134,-11.9191,-22.9442,-37.789,4.20674e-05,True
2025-12-05,167.905,6870.4,0.0573826,0.00175061,0,-0.0238473,0.0017581,0.104924,656.51,0,40,0,0.102516,0.11318,-1.35205,-0.646491,-4.95455,-12.2587,-23.3156,-38.2921,0.000312104,True
2025-12-08,167.878,6846.51,0.0614994,0.00187139,0,-0.103433,0.000872064,0.0878602,653.956,0,40,0,0.108329,0.124482,-0.981386,-0.46628,-3.69072,-10.8243,-22.0189,-37.0203,-0.000164456,True
2025-12-09,167.912,6840.51,0.0645476,0.0019602,0,-0.00841959,0.000564269,0.106922,653.628,0,40,0,0.123024,0.129904,-1.14316,-0.54192,-3.39578,-10.369,-21.5069,-36.3677,0.000205756,True
2025-12-10,167.974,6886.68,0.0610197,0.00185664,0,0.0909168,0.00087963,0.194743,657.374,0,40,0,0.114556,0.122885,-2.18679,-1.03752,-4.85128,-11.9679,-22.7748,-37.3643,0.000365545,True
2025-12-11,168.024,6901,0.0571204,0.00174143,0,-0.0489572,0.0014241,0.149665,657.82,0,40,0,0.10873,0.114299,-1.92367,-0.919192,-5.16571,-12.3754,-23.257,-38.0073,0.000298118,True
2025-12-12,167.928,6827.41,0.060982,0.00185597,0,-0.23123,0.000966914,0.0719119,651.623,0,40,0,0.116508,0.119814,-0.783446,-0.371847,-2.48887,-9.15563,-20.3499,-35.3227,-0.000567294,True
2025-12-15,167.817,6816.51,0.0584679,0.00178177,0,-0.157583,0.00120443,0.0807557,651.503,0,40,0,0.114844,0.118588,-0.911226,-0.433045,-2.56455,-9.18021,-20.3144,-35.2825,-0.000660671,True
2025-12-16,167.819,6800.26,0.0577541,0.00176102,0,-0.0576724,0.000515316,0.0766297,651.368,0,40,0,0.108431,0.113787,-0.896522,-0.426867,-2.74979,-9.35986,-20.4743,-35.4906,1.15088e-05,True
2025-12-17,167.754,6721.43,0.0753014,0.00227771,0,-0.115221,0.000601879,0.0993677,647.294,0,40,0,0.152742,0.148693,-0.868434,-0.40751,-1.57313,-6.68783,-17.8558,-32.4102,-0.000390522,True
2025-12-18,167.71,6774.76,0.0656546,0.00199287,0,-0.029396,0.00205689,0.175621,653.989,0,40,0,0.135013,0.12842,-1.76186,-0.831145,-3.29417,-10.0293,-20.9694,-35.5696,-0.000262552,True
2025-12-19,168.053,6834.5,0.0476776,0.00146835,0.0142263,0.347626,0.00166895,0.210011,659.195,0,40,0,0.092696,0.0931549,-2.89248,-1.38522,-5.68923,-12.8406,-23.4233,-37.8819,0.00204848,True
2025-12-22,168.267,6878.49,0.0452171,0.00139476,0.0687427,0.45486,0.00268707,0.42332,661.73,0,40,0,0.0823558,0.0903961,-5.88468,-2.81782,-6.37536,-12.9238,-22.6711,-35.9321,0.00127307,True
2025-12-23,168.52,6909.79,0.0414835,0.00128609,0.272387,0.583844,0.00431544,0.51759,662.076,0,40,0,0.0753741,0.0821308,-7.45531,-3.57486,-6.32357,-12.5443,-21.8226,-34.4263,0.00150397,True
2025-12-24,168.682,6932.05,0.0420586,0.00130291,0.412511,0.456785,0.00409338,0.437236,661.272,0,40,0,0.0768369,0.0823989,-6.49938,-3.12088,-6.44858,-12.8545,-22.3995,-35.3702,0.000957098,True
2025-12-26,168.92,6929.94,0.0397083,0.00123728,0.0573388,-0.0625477,0.00302903,0.114107,659.528,0,40,0,0.0731534,0.0786086,-2.3085,-1.12093,-6.78112,-14.0411,-24.8537,-39.5158,0.001415,True
2025-12-29,168.854,6905.74,0.0431324,0.00133541,0,-0.162434,0.00088289,0.0589123,657.05,0,40,0,0.079799,0.0861686,-0.939799,-0.453169,-5.51004,-13.0472,-24.1728,-39.3352,-0.000392638,True
2025-12-30,168.854,6896.24,0.0488032,0.00149912,0,-0.0247672,0.000604846,0.080577,656.702,0,40,0,0.0921005,0.0959171,-1.14431,-0.549531,-4.90806,-12.3882,-23.3933,-38.4409,1.58264e-06,True
2025-12-31,168.836,6845.5,0.0548338,0.0016738,0,-0.0806022,0.000586005,0.0706512,653.834,0,40,0,0.105485,0.109555,-0.849097,-0.405034,-3.08827,-10.2251,-21.311,-36.3355,-0.000107207,True
2026-01-02,168.824,6858.47,0.0500509,0.00153468,0,-0.0511569,0.00105824,0.0789705,656.628,0,40,0,0.0942064,0.0995442,-1.07645,-0.516081,-4.13529,-11.5523,-22.5636,-37.6278,-7.11827e-05,True
2026-01-05,168.918,6902.05,0.0486143,0.00149477,0,0.149206,0.00209379,0.178882,660.883,0,40,0,0.0865774,0.0966721,-2.49808,-1.19743,-5.94248,-13.1735,-23.8824,-38.4665,0.000558689,True
2026-01-06,168.935,6944.82,0.0470742,0.00144894,0.0485358,0.285078,0.00425131,0.440155,663.629,0,40,0,0.0857535,0.0961555,-5.86324,-2.80288,-6.34622,-12.871,-22.6083,-35.8486,9.85273e-05,True
2026-01-07,168.964,6920.93,0.0528811,0.00161823,0,-0.32912,0.00434452,0.128782,660.295,0,40,0,0.0962936,0.105441,-1.93433,-0.930555,-5.73263,-12.9897,-23.8695,-38.6358,0.000172682,True
2026-01-08,168.992,6921.46,0.0586528,0.00178606,0,-0.00897421,0.0009539,0.147441,659.295,0,40,0,0.116087,0.113489,-1.93292,-0.924817,-4.95336,-12.1483,-22.96,-37.6467,0.00016737,True
2026-01-09,169.198,6966.28,0.0505956,0.00155139,0.00147015,0.185679,0.00327685,0.172008,662.144,0,40,0,0.0927598,0.100304,-2.44573,-1.17362,-6.06351,-13.2955,-23.9983,-38.5964,0.00121549,True
2026-01-12,169.348,6977.27,0.047027,0.00144636,0,0.0475585,0.00121617,0.114237,662.263,0,40,0,0.0879883,0.0942206,-1.82881,-0.881835,-6.18248,-13.5415,-24.4559,-39.3166,0.000884727,True
2026-01-13,169.316,6963.74,0.0516349,0.00158077,0,-0.104579,0.00116315,0.0905388,660.629,0,40,0,0.098318,0.103175,-1.27257,-0.610871,-5.27733,-12.6761,-23.7095,-38.7316,-0.000188897,True
2026-01-14,169.245,6926.6,0.0589044,0.00179393,0,-0.134181,0.000632089,0.0832751,657.521,0,40,0,0.112755,0.117025,-0.954915,-0.454559,-3.51062,-10.6576,-21.7903,-36.7787,-0.000416021,True
2026-01-15,169.277,6944.47,0.0569634,0.00173641,0,0.00276726,0.00145784,0.108004,659.506,0,40,0,0.106805,0.112303,-1.30037,-0.619993,-4.20074,-11.4862,-22.4898,-37.4261,0.000187936,True
2026-01-16,169.307,6940.01,0.0529474,0.00161952,0,-0.0447443,0.000940478,0.0840185,659.691,0,40,0,0.10326,0.102564,-1.11542,-0.534353,-4.22774,-11.6201,-22.6284,-37.6824,0.000175032,True
2026-01-20,169.074,6796.86,0.0801997,0.00242346,0,-0.3009,0.000539858,0.092627,649.816,0,40,0,0.151646,0.159993,-0.737329,-0.344341,-1.00141,-5.31161,-16.2893,-30.9087,-0.0013719,True
2026-01-21,169.101,6875.62,0.0666763,0.00202301,0,0.0774504,0.00125375,0.207078,658.837,0,40,0,0.124188,0.13439,-1.96585,-0.924191,-2.95869,-9.53484,-20.4249,-34.9201,0.00015614,True
2026-01-22,169.198,6913.35,0.0615291,0.00187067,0.0215923,0.115339,0.00216784,0.261269,662.452,0,40,0,0.114893,0.124858,-2.75018,-1.30014,-4.30101,-11.2239,-21.8638,-36.2035,0.000573893,True
2026-01-23,169.332,6915.61,0.0612685,0.00186309,0,-0.0102765,0.00126312,0.175328,662.633,0,40,0,0.118592,0.122419,-2.12122,-1.01112,-4.52183,-11.569,-22.3924,-36.9893,0.00079083,True
2026-01-26,169.616,6950.23,0.0550993,0.0016829,0.000267,0.188154,0.00197741,0.130106,664.555,0,40,0,0.0973356,0.11118,-1.85094,-0.888726,-5.61078,-12.9198,-23.8498,-38.6763,0.00168042,True
2026-01-27,169.756,6978.6,0.0553663,0.00168913,0.0141628,0.166357,0.00241401,0.193612,664.944,0,40,0,0.103378,0.113817,-2.48904,-1.18926,-5.76284,-12.9205,-23.6375,-38.1784,0.000825108,True
2026-01-28,169.671,6978.03,0.0628697,0.00191034,0,-0.157672,0.00315104,0.178349,663.547,0,40,0,0.120321,0.124122,-2.13648,-1.018,-5.00157,-12.0889,-22.9163,-37.4963,-0.000498365,True
2026-01-29,169.502,6969.01,0.0665492,0.00201879,0,-0.285564,0.00119169,0.125262,661.833,0,40,0,0.125072,0.129527,-1.40076,-0.665897,-4.18047,-11.2299,-22.3244,-37.1245,-0.000996856,True
2026-01-30,169.485,6939.03,0.0699652,0.00211897,0,-0.10332,0.00044744,0.106292,659.107,0,40,0,0.138252,0.136028,-1.05619,-0.499359,-2.83704,-9.48081,-20.683,-35.4445,-0.000100013,True
2026-02-02,169.632,6976.44,0.0538865,0.00164685,0,0.076152,0.00104956,0.0874656,662.409,0,40,0,0.0975104,0.109372,-1.09902,-0.525113,-4.19313,-11.5293,-22.6355,-37.7187,0.000862429,True
2026-02-03,169.531,6917.81,0.067558,0.00204824,0,-0.160182,0.000901603,0.0920149,658.02,0,40,0,0.12816,0.135026,-0.910437,-0.430339,-2.40558,-8.89494,-20.122,-34.9552,-0.000590237,True
2026-02-04,169.473,6882.72,0.0851079,0.00256924,0,-0.0950064,0.000668835,0.137753,656.671,0,40,0,0.161989,0.165563,-1.1045,-0.51619,-1.9083,-7.51243,-18.6644,-33.2238,-0.000347279,True
2026-02-05,169.305,6798.4,0.103523,0.00311682,0,-0.256759,0.000666424,0.148436,652.155,0,40,0,0.205345,0.205807,-0.941367,-0.43462,-0.910924,-4.53512,-14.812,-29.4933,-0.000989556,True
2026-02-06,169.654,6932.3,0.0744943,0.00225324,0,0.474169,0.000862986,0.344828,665.309,0,40,0,0.144665,0.146232,-2.7885,-1.2968,-3.55679,-10.0896,-20.7809,-34.9415,0.00206229,True
2026-02-09,169.972,6964.82,0.0586524,0.00178648,0.0320163,0.146213,0.00297722,0.194543,667.65,0,40,0,0.108552,0.119374,-2.25917,-1.07423,-4.76055,-11.8112,-22.6572,-37.291,0.00187659,True
2026-02-10,169.989,6941.81,0.0655775,0.00198973,0,-0.118509,0.0014368,0.121516,664.651,0,40,0,0.126434,0.130319,-1.36504,-0.649193,-3.78265,-10.695,-21.8202,-36.6387,9.80649e-05,True
2026-02-11,169.884,6941.47,0.0684711,0.00207614,0,-0.174218,0.00160706,0.117176,663.285,0,40,0,0.126693,0.13327,-1.2089,-0.572271,-3.49946,-10.3731,-21.5626,-36.3988,-0.000618217,True
2026-02-12,169.585,6832.76,0.100858,0.00303741,0,-0.363346,0.00120814,0.148964,654.29,0,40,0,0.201418,0.195025,-0.989346,-0.457936,-1.09169,-5.22439,-15.8216,-30.4326,-0.00175721,True
2026-02-13,169.672,6836.17,0.0914899,0.00275853,0,-0.00595318,0.000627298,0.144213,657.137,0,40,0,0.188491,0.175174,-1.06255,-0.494457,-1.38883,-5.96279,-16.8657,-31.3758,0.000512435,True
2026-02-17,169.76,6843.22,0.0778919,0.00235461,0,-0.0229604,0.000472287,0.108881,659.873,0,40,0,0.145381,0.155841,-0.922008,-0.432111,-1.72351,-7.13011,-18.3279,-33.053,0.000515326,True
2026-02-18,169.804,6881.31,0.0791424,0.00239206,0,0.0542748,0.00133921,0.194403,664.19,0,40,0,0.145186,0.157427,-1.64592,-0.769971,-2.88187,-9.16153,-20.2435,-34.8029,0.000260161,True
2026-02-19,169.8,6861.89,0.0893026,0.00269389,0,-0.106929,0.000728686,0.177463,662.65,0,40,0,0.16622,0.176089,-1.39672,-0.651535,-2.43055,-8.31447,-19.3678,-33.9503,-2.42025e-05,True
2026-02-20,170.026,6909.51,0.0749986,0.00226797,0,0.160314,0.00113822,0.182952,665.945,0,40,0,0.145632,0.146327,-1.79181,-0.845683,-3.61379,-10.2627,-21.2945,-35.8384,0.00133344,True
2026-02-23,169.984,6837.75,0.0821424,0.0024813,0,-0.200305,0.000898189,0.103678,659.555,0,40,0,0.150442,0.165665,-0.830014,-0.388056,-1.52392,-6.97461,-18.0911,-32.8561,-0.000248595,True
2026-02-24,170.121,6890.07,0.0736741,0.00223044,0,0.117606,0.000778206,0.15487,664.386,0,40,0,0.131805,0.146572,-1.42482,-0.669879,-2.92071,-9.42434,-20.5609,-35.2509,0.000806425,True
2026-02-25,170.315,6946.13,0.0689343,0.00208911,0.00665737,0.314059,0.000822718,0.333883,668.415,0,40,0,0.1333,0.133844,-3.16709,-1.48853,-4.31411,-11.0754,-21.6089,-35.7278,0.00114278,True
2026-02-26,170.14,6908.86,0.0725068,0.00219575,0,-0.457688,0.00169036,0.120735,664.277,0,40,0,0.133792,0.142461,-1.20484,-0.569838,-3.22362,-9.88215,-21.0928,-35.8637,-0.00103291,True
2026-02-27,170.084,6878.88,0.0801216,0.00242056,0,-0.12807,0.000443437,0.125787,661.604,0,40,0,0.156706,0.155323,-1.09309,-0.513396,-2.30353,-8.29605,-19.5172,-34.1442,-0.000328343,True
2026-03-02,170.099,6881.62,0.0794503,0.00240059,0,-0.0565053,0.000789567,0.130207,661.891,0,40,0,0.147291,0.159164,-1.10671,-0.518771,-2.25806,-8.34393,-19.5546,-34.2317,9.01622e-05,True
2026-03-03,169.905,6816.63,0.09201,0.0027745,0,-0.287996,0.000591971,0.124945,657.677,0,40,0,0.172356,0.182832,-0.899199,-0.41819,-1.23188,-5.78983,-16.678,-31.3643,-0.00114105,True
2026-03-04,170.033,6869.5,0.0821802,0.00248238,0,0.1061,0.000680259,0.182371,663.701,0,40,0,0.155849,0.163289,-1.49554,-0.698861,-2.48506,-8.51363,-19.6194,-34.162,0.000751546,True
2026-03-05,169.949,6830.71,0.0960979,0.00289602,0,-0.186673,0.000801276,0.171269,661.051,0,40,0,0.185828,0.190579,-1.21934,-0.566076,-1.72199,-6.80002,-17.704,-32.3173,-0.00048915,True
2026-03-06,169.773,6740.02,0.127035,0.00381829,0,-0.268333,0.000535542,0.202176,655.188,0,40,0,0.253272,0.246763,-1.08264,-0.496168,-0.726515,-3.68834,-12.8885,-27.7472,-0.00103889,True
2026-03-09,169.896,6795.99,0.0988001,0.00297686,0,-0.0173688,0.000635924,0.15734,661.849,0,40,0,0.186261,0.198416,-1.06596,-0.493672,-1.33762,-5.88595,-16.5889,-31.3533,0.000722459,True
2026-03-10,169.93,6781.48,0.10169,0.00306273,0,-0.0618939,0.00105194,0.158784,661.526,0,40,0,0.19092,0.202067,-1.05223,-0.486822,-1.2739,-5.57552,-16.1635,-30.9297,0.000201522,True
2026-03-11,170.004,6775.8,0.0994482,0.00299606,0,-0.0262743,0.000571683,0.154529,662.262,0,40,0,0.184771,0.199493,-1.03428,-0.478839,-1.3196,-5.7812,-16.4158,-31.2095,0.000434659,True
2026-03-12,169.879,6672.62,0.128762,0.00386971,0,-0.222909,0.000535402,0.18106,655.023,0,40,0,0.241486,0.255915,-0.92356,-0.421845,-0.520729,-2.86301,-11.4491,-26.2825,-0.000735775,True
2026-03-13,169.924,6632.19,0.127954,0.00384585,0,-0.0796081,0.000611468,0.179835,654.59,0,40,0,0.255735,0.248502,-0.929562,-0.425066,-0.522338,-2.63255,-10.5994,-25.4136,0.000265571,True
2026-03-16,170.193,6699.38,0.0942029,0.00284035,0,0.141417,0.000597579,0.142587,663.244,0,40,0,0.171972,0.189245,-0.999612,-0.463702,-1.30361,-5.32528,-15.8177,-30.5881,0.00158559,True
2026-03-17,170.321,6716.09,0.0883313,0.00266617,0,0.0465562,0.00057729,0.146118,665.881,0,40,0,0.162371,0.174681,-1.13374,-0.528937,-1.85633,-6.89679,-17.8292,-32.5444,0.000752751,True
2026-03-18,170.247,6624.7,0.108053,0.0032534,0,-0.180105,0.000601744,0.144708,659.158,0,40,0,0.202618,0.213411,-0.880029,-0.405494,-0.797637,-4.10155,-13.9436,-28.789,-0.000437386,True
2026-03-19,170.253,6606.49,0.111138,0.00334525,0,-0.0789708,0.000449235,0.166334,659.182,0,40,0,0.208348,0.218914,-0.988742,-0.454821,-0.875943,-4.16036,-14.0011,-28.813,3.9627e-05,True
2026-03-20,170.162,6506.48,0.125591,0.0037761,0,-0.214083,0.000546674,0.165179,653.335,0,40,0,0.251072,0.244511,-0.85748,-0.392116,-0.464937,-2.39655,-10.0502,-24.8361,-0.000538367,True
2026-03-23,170.175,6581,0.110545,0.00332776,0,-0.0207018,0.00151531,0.237356,663.256,0,40,0,0.208177,0.220252,-1.39912,-0.64085,-1.26188,-5.03306,-15.0959,-29.7766,7.53556e-05,True
2026-03-24,170.205,6556.37,0.118162,0.00355468,0,-0.118751,0.000835797,0.201928,662.749,0,40,0,0.2165,0.237037,-1.15867,-0.531972,-1.07026,-4.66083,-14.5567,-29.3939,0.000178923,True
2026-03-25,170.395,6591.9,0.116473,0.00350404,0,0.119873,0.000798032,0.244103,666.559,0,40,0,0.213022,0.231974,-1.44604,-0.664238,-1.59596,-6.07709,-16.3843,-31.1493,0.00111553,True
2026-03-26,170.269,6477.16,0.142241,0.00427265,0,-0.30663,0.00067785,0.2009,657.17,0,40,0,0.270452,0.282157,-0.941385,-0.428672,-0.410087,-2.48908,-10.4138,-25.0233,-0.000740257,True
2026-03-27,170.179,6368.85,0.151175,0.00453961,0,-0.244895,0.000462995,0.191936,650.928,0,40,0,0.305111,0.291769,-0.832268,-0.376948,-0.247779,-1.33181,-6.52019,-20.0209,-0.000527162,True
2026-03-30,170.307,6343.72,0.125842,0.00378446,0,-0.0332531,0.00042709,0.152244,654.003,0,40,0,0.231509,0.251956,-0.759714,-0.346126,-0.41147,-1.90196,-7.65111,-21.6106,0.000752555,True
2026-03-31,170.459,6528.52,0.105477,0.00317713,0,0.740121,0.00171509,0.840582,673.221,0,40,0,0.192597,0.207246,-3.92902,-1.73509,-2.04483,-6.34998,-16.0956,-29.7065,0.000894663,True
2026-04-01,170.432,6575.32,0.112238,0.00337778,0.236743,0.424514,0.00364256,1.16153,675.659,0,40,0,0.215948,0.218115,-5.08576,-2.22546,-2.57939,-7.41453,-17.0141,-30.188,-0.000164,True
2026-04-02,170.308,6582.69,0.116781,0.00351332,0.0972617,-0.325913,0.00319644,0.971979,672.307,0,40,0,0.243675,0.220047,-4.38044,-1.927,-2.29211,-6.87197,-16.5064,-29.9826,-0.000724959,True
2026-04-06,171.24,6611.83,0.0930109,0.00280578,0.134458,0.284138,0.00214496,0.277269,670.959,0,40,0,0.172115,0.186861,-2.17071,-1.01031,-2.46226,-7.8881,-18.542,-32.9263,0.00547508,True
2026-04-07,171.125,6616.85,0.114169,0.00343563,0.0296932,-0.151317,0.00147452,0.320483,668.547,0,40,0,0.231842,0.218994,-1.96066,-0.90059,-1.9545,-6.7067,-17.1254,-31.5413,-0.000671366,True
2026-04-08,171.172,6782.81,0.0812876,0.00245572,0.279667,1.1331,0.00638777,1.20014,680.294,0,40,0,0.152981,0.160582,-7.75595,-3.53492,-4.28138,-9.93629,-19.0969,-31.3115,0.000270136,True
2026-04-09,171.496,6824.66,0.0738486,0.00223447,0.415876,0.645496,0.00743529,1.16937,679.288,0,40,0,0.137375,0.145503,-8.01288,-3.6697,-4.18633,-9.8001,-18.9264,-31.0078,0.00189618,True
2026-04-10,171.801,6816.89,0.0748285,0.0022649,0.149557,-0.259136,0.00371388,0.524844,674.545,0,40,0,0.15194,0.143172,-4.06548,-1.88398,-3.69278,-9.87133,-20.2052,-33.7838,0.00177659,True
2026-04-13,172.157,6886.24,0.0685638,0.00207955,0.679137,0.918541,0.00355125,0.471119,676.786,0,40,0,0.122855,0.1368,-4.33249,-2.03235,-4.8539,-11.4397,-21.6572,-35.3291,0.00207253,True
2026-04-14,172.239,6967.38,0.0655828,0.00199123,0.945003,1.5837,0.00859148,1.0823,679.792,0,40,0,0.117875,0.128346,-9.09599,-4.23686,-4.97458,-10.6815,-19.3908,-31.1383,0.000479274,True
2026-04-15,172.4,7022.95,0.0677574,0.00205502,1.01713,1.83345,0.00650943,1.79765,680.931,0,40,0,0.123142,0.13237,-11.3364,-5.15032,-4.30038,-9.41578,-17.3684,-28.0334,0.000929937,True
2026-04-16,172.595,7041.28,0.068351,0.00207163,0.911326,0.32816,0.00716696,1.0778,678.75,0,40,0,0.124897,0.135002,-7.6563,-3.51897,-4.38849,-10.205,-19.3595,-31.5509,0.00113571,True
2026-04-17,172.331,7126.06,0.0661052,0.0020048,1.96611,2.26694,0.00805467,1.69862,681.38,0,40,0,0.124352,0.126072,-10.4269,-4.72411,-4.52721,-9.90936,-18.1022,-29.2021,-0.00152932,True
2026-04-20,172.845,7109.14,0.0725227,0.00219479,0.461448,-0.479037,0.00307213,0.311896,676.575,0,40,0,0.128419,0.142874,-3.39175,-1.60871,-4.6598,-11.2392,-21.767,-35.7267,0.00297969,True
2026-04-21,172.561,7064.01,0.0833725,0.0025171,0,-0.538677,0.00312953,0.135088,671.429,0,40,0,0.155391,0.162601,-1.17265,-0.551304,-2.74308,-8.93995,-20.076,-34.7321,-0.00164392,True
2026-04-22,172.772,7137.9,0.0744598,0.00225231,0,0.242282,0.00149281,0.237307,676.733,0,40,0,0.131335,0.144951,-2.22066,-1.04501,-4.25531,-11.0347,-21.9433,-36.3835,0.00122147,True
2026-04-23,172.697,7108.4,0.0843315,0.0025454,0,-0.226333,0.00151006,0.166185,673.51,0,40,0,0.153501,0.163453,-1.39493,-0.653819,-2.83589,-9.14739,-20.2498,-34.8525,-0.000433727,True
2026-04-24,172.87,7165.08,0.0784681,0.00237013,0,0.23144,0.00139249,0.299194,677.862,0,40,0,0.151119,0.15141,-2.68109,-1.25836,-3.95475,-10.5332,-21.2823,-35.4597,0.00100255,True
2026-04-27,173.113,7173.91,0.0656211,0.00199066,0,-0.0129669,0.000704779,0.106472,677.236,0,40,0,0.115274,0.130213,-1.15928,-0.550903,-4.0554,-11.0799,-22.2874,-37.2353,0.00140383,True
2026-04-28,173.075,7138.8,0.0688267,0.00208596,0,-0.11889,0.000530113,0.0911337,673.632,0,40,0,0.122581,0.135651,-0.884937,-0.418318,-2.64787,-9.23372,-20.518,-35.4142,-0.000215705,True
2026-04-29,173.069,7135.95,0.0788916,0.0023833,0,-0.0209798,0.000597196,0.152159,673.647,0,40,0,0.151668,0.150054,-1.33432,-0.62683,-2.64514,-8.90678,-20.0807,-34.6491,-3.52084e-05,True
2026-04-30,173.273,7209.01,0.0662837,0.00201007,0,0.244547,0.00101478,0.256335,679.33,0,40,0,0.118532,0.126896,-2.63526,-1.24615,-4.67225,-11.6514,-22.3347,-36.7349,0.00117658,True
2026-05-01,173.31,7230.12,0.0631137,0.00191596,0,-0.0279763,0.00455117,0.247753,679.916,0,40,0,0.118333,0.119654,-2.84968,-1.35575,-5.05402,-12.0579,-22.6605,-37.0171,0.000214992,True
2026-05-04,173.321,7200.75,0.0650571,0.00197368,0,-0.197046,0.00126623,0.101036,676.4,0,40,0,0.119631,0.12955,-1.09897,-0.52243,-3.87308,-10.8969,-22.0975,-37.025,6.62931e-05,True
2026-05-05,173.496,7259.22,0.0597019,0.00181686,0,0.204996,0.000982134,0.188725,679.896,0,40,0,0.105871,0.115814,-2.24182,-1.06829,-5.34435,-12.5245,-23.3175,-37.9548,0.00100513,True
2026-05-06,173.145,7365.12,0.0644518,0.00195552,0.653846,1.84604,0.00863857,1.78538,685.409,0,40,0,0.114885,0.123501,-12.3681,-5.67186,-4.66224,-9.68693,-17.3175,-27.678,-0.00202082,True
2026-05-07,173.396,7337.11,0.066501,0.00201451,0.043201,-0.995557,0.00495314,0.55509,680.125,0,40,0,0.122308,0.128951,-5.2665,-2.47587,-4.69784,-10.9702,-20.8907,-34.137,0.00145004,True
2026-05-08,173.584,7398.93,0.0639116,0.00193857,0.591717,1.12708,0.00490617,0.959982,682.417,0,40,0,0.117902,0.122434,-7.43003,-3.44116,-4.70946,-10.7198,-19.8864,-32.2776,0.00108157,True
2026-05-11,173.862,7412.84,0.068031,0.00206102,0.491871,0.12021,0.00490777,0.371364,680.687,0,40,0,0.118575,0.131913,-3.87769,-1.8345,-4.87775,-11.5645,-21.8892,-35.723,0.00160164,True
2026-05-12,173.868,7400.96,0.0663255,0.00200985,0.0199424,-0.295316,0.00155401,0.112895,678.378,0,40,0,0.115811,0.129576,-1.24768,-0.593488,-4.24005,-11.2972,-22.4462,-37.3183,3.43515e-05,True
2026-05-13,173.973,7444.25,0.0689359,0.00208726,0,0.151039,0.00108157,0.224011,681.105,0,40,0,0.121469,0.133326,-2.35797,-1.11718,-4.90792,-11.8691,-22.68,-37.1336,0.000607873,True
2026-05-14,174.101,7501.24,0.0709918,0.00214724,0.0533831,0.400656,0.00434666,0.508412,683.955,0,40,0,0.125645,0.135724,-4.72964,-2.22213,-5.19598,-11.7172,-21.7871,-35.2816,0.000732123,True
2026-05-15,173.781,7408.5,0.081926,0.00247214,0,-0.7787,0.0017333,0.126907,675.554,0,40,0,0.157271,0.155921,-1.11224,-0.523304,-2.43739,-8.46626,-19.6106,-34.2546,-0.001835,True
2026-05-18,173.834,7403.05,0.0697488,0.0021115,0,-0.0524197,0.000579282,0.0892593,675.523,0,40,0,0.126265,0.136326,-0.843354,-0.39805,-2.21823,-8.42971,-19.6847,-34.5397,0.000300873,True
2026-05-19,173.808,7353.61,0.0730197,0.00220766,0,-0.093733,0.000557711,0.0911773,672.731,0,40,0,0.132835,0.142351,-0.807733,-0.380072,-1.62198,-6.83451,-18.0062,-32.7406,-0.000146098,True
2026-05-20,173.868,7432.97,0.0749952,0.00226607,0,0.278185,0.00103388,0.381579,680.346,0,40,0,0.144024,0.14042,-3.00832,-1.3984,-3.52132,-9.94221,-20.5288,-34.5827,0.000342205,True
2026-05-21,173.983,7445.72,0.0725304,0.00219279,0,-0.0454538,0.00150365,0.289201,681.26,0,40,0,0.137466,0.137683,-2.62594,-1.23311,-4.01668,-10.749,-21.4663,-35.7222,0.000665784,True
2026-05-22,174.098,7473.47,0.0704964,0.00213251,0,0.114701,0.0032843,0.353931,682.401,0,40,0,0.141763,0.129614,-3.30499,-1.55423,-4.32905,-11.0595,-21.5225,-35.5374,0.000661274,True
2026-05-26,174.499,7519.12,0.0601188,0.00182642,0.0412091,0.255246,0.00385846,0.22218,684.333,0,40,0,0.106531,0.115937,-2.83964,-1.35793,-5.40816,-12.4518,-23.0839,-37.4821,0.00229883,True
2026-05-27,174.639,7520.36,0.0584868,0.00177952,0.000396976,-0.0287668,0.00119393,0.108315,682.665,0,40,0,0.102402,0.111231,-1.37758,-0.659455,-5.08762,-12.3845,-23.4385,-38.4096,0.000803528,True
2026-05-28,174.77,7563.63,0.0593495,0.00180441,0,0.208927,0.0011219,0.242598,684.821,0,40,0,0.106074,0.112363,-2.95131,-1.40815,-5.7141,-12.785,-23.3349,-37.6906,0.000750502,True
2026-05-29,174.999,7580.06,0.0533577,0.00162714,0,0.126104,0.00178796,0.189142,684.721,0,40,0,0.103206,0.103647,-2.56082,-1.22816,-5.71077,-12.8781,-23.5202,-38.0485,0.00131317,True
2026-06-01,175.167,7599.96,0.0533999,0.00162994,0,0.0639093,0.00185536,0.135488,685.174,0,40,0,0.0927948,0.102719,-1.95795,-0.941658,-6.01002,-13.3376,-24.2023,-38.9916,0.000957017,True
2026-06-02,175.247,7609.78,0.053833,0.00164332,0,0.00451215,0.00122706,0.111148,684.916,0,40,0,0.0918556,0.102474,-1.57296,-0.756079,-5.85231,-13.2533,-24.2283,-39.1625,0.00045565,True
2026-06-03,175.186,7553.68,0.0586388,0.00178454,0,-0.153703,0.000752591,0.0742226,680.296,0,40,0,0.105605,0.111006,-0.860044,-0.410214,-3.48972,-10.6898,-21.826,-36.8854,-0.000346229,True
2026-06-04,175.225,7584.31,0.0542875,0.00165461,0,0.0291885,0.000600838,0.116719,683.238,0,40,0,0.0988736,0.104718,-1.45059,-0.693456,-4.63716,-12.001,-22.939,-37.8702,0.000221044,True
2026-06-05,175.034,7383.74,0.0887272,0.00267468,0,-0.290177,0.000745918,0.102918,669.784,0,40,0,0.177267,0.165007,-0.743978,-0.346447,-0.830319,-4.26221,-14.6962,-29.2152,-0.00109042,True
2026-06-08,175.155,7405.73,0.0771734,0.00233181,0,0.0581436,0.000505209,0.113778,676.073,0,40,0,0.139694,0.148848,-0.968325,-0.454427,-1.66662,-6.47603,-17.5347,-32.1355,0.000694838,True
2026-06-09,174.986,7386.65,0.0921237,0.00277638,0,-0.198142,0.00106306,0.173314,677.957,0,40,0,0.172024,0.176241,-1.2767,-0.594231,-1.83905,-6.68453,-17.6037,-32.0686,-0.000967108,True
2026-06-10,174.834,7266.99,0.113811,0.00342222,0,-0.28539,0.000928859,0.149754,672.438,0,40,0,0.212276,0.217702,-0.861908,-0.396582,-0.700458,-3.69795,-13.1828,-27.9798,-0.000870753,True
2026-06-11,174.95,7394.3,0.101399,0.00305185,0,0.333483,0.000897355,0.464147,685.52,0,40,0,0.193567,0.192077,-2.7161,-1.2363,-2.47993,-7.96731,-18.6054,-32.6052,0.000666571,True
2026-06-12,175.255,7431.46,0.0849731,0.00256294,0.00932531,0.103236,0.00225752,0.332968,687.819,0,40,0,0.165065,0.158544,-2.51499,-1.16758,-3.11044,-9.24183,-20.0387,-34.2277,0.00174474,True
2026-06-15,175.571,7554.29,0.0621627,0.00188612,0.227242,1.12332,0.00631355,0.96762,695.517,0,40,0,0.112319,0.119149,-7.50661,-3.48022,-5.0325,-11.1041,-20.3351,-32.8429,0.00179958,True
2026-06-16,175.766,7511.35,0.0676452,0.00204851,0.0382302,-0.579302,0.00236633,0.218348,688.571,0,40,0,0.129505,0.128591,-2.30691,-1.09383,-4.09959,-10.8628,-21.703,-36.1517,0.00111049,True
2026-06-17,175.707,7420.1,0.0856648,0.0025835,0,-0.243813,0.00170341,0.115011,679.869,0,40,0,0.165262,0.158863,-0.905068,-0.423673,-1.61205,-6.86518,-17.9817,-32.5864,-0.000336231,True
2026-06-18,175.825,7500.58,0.0734055,0.00221911,0,0.183205,0.00106382,0.249438,686.57,0,40,0,0.142088,0.135559,-2.15509,-1.00989,-3.37584,-9.98102,-20.8425,-35.2239,0.000676698,True
2026-06-22,175.92,7472.79,0.0680397,0.00206078,0,-0.119086,0.000740575,0.100807,684.706,0,40,0,0.122353,0.132612,-1.01443,-0.480686,-2.80954,-9.47146,-20.6623,-35.5463,0.000539072,True
2026-06-23,175.698,7365.46,0.0857775,0.0025875,0,-0.301559,0.000772393,0.103659,678.273,0,40,0,0.157063,0.16509,-0.778023,-0.363058,-1.14104,-5.67043,-16.6277,-31.3081,-0.0012619,True
2026-06-24,175.641,7358.22,0.0946349,0.00285132,0,-0.0923361,0.00107097,0.159733,680.143,0,40,0,0.17523,0.180093,-1.11929,-0.519913,-1.46766,-6.095,-16.9549,-31.5121,-0.000328386,True
2026-06-25,175.679,7357.49,0.0964708,0.00290574,0,-0.0443988,0.00108666,0.169564,682.104,0,40,0,0.175216,0.182324,-1.20459,-0.560039,-1.71793,-6.63108,-17.5605,-32.1192,0.000217767,True
2026-06-26,175.739,7354.02,0.0858364,0.0025894,0,-0.062433,0.000851488,0.129218,683.947,0,40,0,0.162471,0.159758,-1.03857,-0.486624,-1.90523,-7.3548,-18.5332,-33.1596,0.000343284,True
2026-06-29,176.044,7440.43,0.0681558,0.00206498,0,0.320491,0.000763886,0.210487,691.311,0,40,0,0.123179,0.128673,-2.07829,-0.981806,-4.21309,-11.1626,-22.0593,-36.6884,0.00173296,True
2026-06-30,176.328,7499.36,0.059965,0.00182378,0.0343164,0.413038,0.00175174,0.361583,694.106,0,40,0,0.106327,0.112166,-3.89977,-1.8493,-5.49645,-12.3494,-22.6657,-36.6846,0.00161332,True
2026-07-01,176.348,7483.23,0.0611388,0.001857,0,-0.233802,0.00325173,0.16344,690.521,0,40,0,0.113347,0.113718,-2.02614,-0.968809,-4.84462,-11.97,-22.8188,-37.5143,0.00011553,True
2026-07-02,176.265,7483.24,0.0658173,0.00199483,0,-0.152057,0.00202634,0.156375,688.708,0,40,0,0.125228,0.122059,-1.77498,-0.845555,-4.3427,-11.4296,-22.3428,-37.0421,-0.000471776,True
2026-07-06,176.656,7537.43,0.0492978,0.00151013,0,0.30148,0.00260941,0.112054,691.662,0,40,0,0.0846647,0.093391,-1.6631,-0.800948,-6.10235,-13.524,-24.5035,-39.4539,0.00221814,True
2026-07-07,176.597,7503.85,0.054874,0.00167361,0,-0.140638,0.000986447,0.0828726,688.248,0,40,0,0.0990487,0.106222,-1.04931,-0.502511,-4.56199,-11.9492,-23.0469,-38.1297,-0.000335352,True
2026-07-08,176.535,7482.71,0.0628138,0.001908,0,-0.107303,0.000672378,0.0969139,686.805,0,40,0,0.113182,0.117999,-1.07237,-0.510458,-3.75702,-10.9385,-22.0392,-37.0069,-0.000346047,True
2026-07-09,176.694,7543.64,0.0570391,0.0017366,0,0.233287,0.0011263,0.225448,691.53,0,40,0,0.10044,0.10736,-2.64367,-1.2598,-5.5756,-12.7545,-23.3697,-37.8567,0.000900265,True
2026-07-10,176.985,7575.39,0.0487103,0.00149334,0.0101734,0.24791,0.00113891,0.219143,693.281,0,40,0,0.0873895,0.0909346,-3.1446,-1.51166,-6.35065,-13.4396,-23.9628,-38.3066,0.00164193,True
2026-07-13,176.837,7515.34,0.0627893,0.0019052,0,-0.329734,0.00150046,0.0962784,688.07,0,40,0,0.116555,0.117881,-1.11135,-0.530283,-4.03335,-11.2295,-22.3109,-37.2637,-0.000833325,True
2026-07-14,176.936,7543.59,0.0549755,0.00167715,0,0.0479583,0.000853796,0.0978149,690.226,0,40,0,0.0962237,0.103504,-1.25194,-0.599624,-4.91655,-12.327,-23.3539,-38.3828,0.000559081,True
2026-07-15,176.935,7572.4,0.0539763,0.00164749,0,-0.00215404,0.00178634,0.147309,691.926,0,40,0,0.0935935,0.10066,-1.94601,-0.932915,-5.6419,-12.9752,-23.8213,-38.6135,-6.25008e-06,True
2026-07-16,176.868,7533.77,0.0648778,0.00196653,0,-0.162698,0.00125895,0.113255,688.802,0,40,0,0.117862,0.121699,-1.25269,-0.596352,-4.06275,-11.2471,-22.298,-37.1823,-0.000378626,True
2026-07-17,176.687,7457.69,0.0736339,0.00222657,0,-0.271744,0.000807412,0.0926875,683.757,0,40,0,0.13706,0.137526,-0.837425,-0.394898,-1.97505,-8.079,-19.3436,-34.0734,-0.00102097,True
2026-07-20,176.735,7443.28,0.0681199,0.00206381,0,-0.0202293,0.000598508,0.0897651,684.468,0,40,0,0.122089,0.132636,-0.857405,-0.40523,-2.03538,-8.18046,-19.394,-34.231,0.000272519,True
2026-07-21,176.864,7509.2,0.062213,0.00188898,0,0.179315,0.000834692,0.200001,691.209,0,40,0,0.10676,0.119786,-2.12916,-1.00989,-4.19202,-11.2569,-22.0598,-36.6767,0.000727463,True
2026-07-22,176.923,7498.96,0.0668216,0.0020251,0,-0.061473,0.00121158,0.143297,690.886,0,40,0,0.11666,0.126441,-1.55063,-0.736904,-4.1568,-11.2281,-22.2401,-37.0235,0.00033255,True
2026-07-23,176.682,7408.3,0.0879077,0.00265102,0,-0.347916,0.000819247,0.121019,684.353,0,40,0,0.156573,0.167356,-0.925423,-0.432767,-1.74766,-7.36558,-18.4883,-33.1688,-0.00136331,True
2026-07-24,176.748,7411.98,0.0788557,0.00238193,0,-0.0179018,0.000779552,0.112586,685.966,0,40,0,0.142188,0.148588,-0.962675,-0.452397,-1.99029,-7.86883,-19.1142,-33.7958,0.00037483,True
2026-07-27,176.685,7413.18,0.0722697,0.00218607,0,-0.14018,0.0010643,0.104055,687.29,0,40,0,0.127541,0.140077,-0.9594,-0.452616,-2.29825,-8.51803,-19.7588,-34.5911,-0.000354346,True
2026-07-28,176.723,7428.78,0.0745517,0.00225411,0,0.00903356,0.000601946,0.146636,689.729,0,40,0,0.136141,0.140197,-1.37514,-0.648891,-3.06581,-9.65809,-20.7855,-35.4995,0.000215911,True
2026-07-29,176.599,7316.15,0.0899084,0.00271065,0,-0.246252,0.000646034,0.111637,682.062,0,40,0,0.167451,0.170135,-0.810039,-0.377629,-1.11483,-5.56469,-16.4714,-31.1259,-0.00070563,True
2026-07-30,176.69,7437.63,0.0715655,0.00216462,0,0.28665,0.00154374,0.375273,692.787,0,40,0,0.132652,0.134933,-2.95524,-1.37466,-3.77237,-10.4524,-21.0576,-35.2234,0.000514565,True
2026-07-31,176.824,7489.72,0.0581057,0.00176848,0.116814,0.248078,0.00354407,0.424808,695.63,0,40,0,0.105721,0.107938,-3.97239,-1.86809,-5.16065,-12.0216,-22.2726,-36.2538,0.000761347,True
2026-08-03,176.529,7600.5,0.0503564,0.0015401,0.654478,2.10874,0.00887946,2.21364,701.162,0,40,0,0.0878215,0.0968267,-14.0362,-6.39306,-4.78702,-9.55377,-16.7006,-26.4506,-0.00166624,True
2026-08-04,175.062,7736.52,0.0600041,0.00182113,3.72029,7.19482,0.0100063,7.204,704.032,0,40,0,0.111284,0.114313,-19.4579,-7.67748,-2.87878,-5.98279,-10.8049,-17.3935,-0.00831391,True
2026-08-05,175.302,7723.55,0.0601578,0.00182528,2.92306,-0.942793,0.00576594,3.15041,694.426,0,40,0,0.110588,0.115336,-12.615,-5.41181,-3.61555,-8.36935,-15.758,-25.7295,0.00137267,True
2026-08-06,175.587,7709.96,0.0611492,0.00185621,1.41245,-0.505287,0.00422468,1.00307,687.948,0,40,0,0.113367,0.11372,-6.13627,-2.78468,-4.01853,-10.1612,-19.6916,-32.5574,0.00162384,True
2026-08-07,175.721,7757.64,0.0540419,0.00164617,1.24766,0.76674,0.00472975,0.435499,688.016,0,40,0,0.100628,0.102444,-4.06709,-1.91128,-5.1578,-12.0514,-22.1881,-36.076,0.000764935,True
2026-08-10,175.889,7753.11,0.0511614,0.00156364,0.161133,-0.0687545,0.00185236,0.0855033,686.191,0,40,0,0.0892779,0.0977543,-1.20343,-0.57855,-5.25365,-12.7033,-23.7647,-38.8363,0.000955231,True
2026-08-11,175.86,7728.2,0.0516427,0.00157575,0,-0.0894237,0.00109314,0.07387,684.586,0,40,0,0.0993526,0.0993526,-0.980972,-0.470686,-4.40838,-11.8428,-22.9066,-38.0209,-0.000163834,True
2026-08-12,175.908,7748.5,0.0489212,0.00149787,0,0.0166333,0.00081969,0.0891188,686.278,0,40,0,0.0875658,0.0921407,-1.27551,-0.613549,-5.28206,-12.7621,-23.7786,-38.8326,0.000272877,True
2026-08-13,175.627,7798.99,0.0492025,0.00150458,0,-0.118968,0.00384087,0.294815,689.22,0,40,0,0.0878138,0.093085,-3.83376,-1.83447,-6.35209,-13.3151,-23.6484,-37.7264,-0.00159633,True
2026-08-14,175.739,7785.76,0.0446362,0.0013714,0,-0.133929,0.00144691,0.0907255,687.155,0,40,0,0.0800011,0.083909,-1.54968,-0.749662,-6.24599,-13.6633,-24.6811,-39.6712,0.000637591,True
2026-08-17,175.719,7745.06,0.0454401,0.00139521,0,-0.0984605,0.000793905,0.0556306,683.563,0,40,0,0.0810378,0.0904554,-0.803197,-0.386518,-4.66328,-12.1705,-23.3264,-38.533,-0.000114457,True
2026-08-18,175.672,7691.76,0.0547169,0.00166849,0,-0.089167,0.000452051,0.065682,680.129,0,40,0,0.0945084,0.103183,-0.798776,-0.381774,-3.00334,-10.1191,-21.2292,-36.3154,-0.000265321,True
2026-08-19,175.714,7707.98,0.0543604,0.00165758,0,0.0245734,0.000675182,0.100671,682.95,0,40,0,0.0947808,0.10254,-1.2693,-0.607355,-4.09257,-11.4164,-22.3743,-37.3413,0.000236875,True
2026-08-20,175.664,7641.16,0.0650034,0.00197074,0,-0.128843,0.000540456,0.0847847,679.921,0,40,0,0.116057,0.122141,-0.881058,-0.418227,-2.608,-9.32157,-20.4659,-35.3775,-0.0002872,True
2026-08-21,175.771,7674.37,0.0553909,0.00168728,0,0.0691609,0.00050418,0.0997467,684.544,0,40,0,0.0974849,0.104753,-1.2476,-0.596817,-4.22773,-11.5778,-22.5628,-37.5578,0.000611386,True
2026-08-24,175.781,7652.86,0.0535446,0.00163316,0,-0.0703415,0.00060408,0.0711844,683.904,0,40,0,0.0915721,0.103892,-0.900306,-0.431033,-3.90539,-11.2644,-22.393,-37.5234,5.42076e-05,True
2026-08-25,175.817,7677.28,0.0528895,0.00161387,0,0.031874,0.000798348,0.116977,686.429,0,40,0,0.0930144,0.105328,-1.47744,-0.706824,-5.01164,-12.3876,-23.3727,-38.3188,0.000207978,True
2026-08-26,175.83,7675.7,0.0601756,0.0018272,0,-0.0255603,0.000511655,0.136674,686.299,0,40,0,0.111348,0.112578,-1.6582,-0.792079,-4.849,-12.1345,-23.0344,-37.8557,7.15494e-05,True
2026-08-27,175.913,7730.99,0.0556758,0.00169512,0,0.20572,0.00256841,0.310031,689.784,0,40,0,0.102934,0.104708,-3.8452,-1.83639,-5.95936,-12.8955,-23.1607,-37.1857,0.000476456,True
2026-08-28,175.405,7711.76,0.0521704,0.00159147,0,-0.769364,0.00465219,0.0949794,686.667,0,40,0,0.0963103,0.0995403,-1.366,-0.657254,-5.36215,-12.7689,-23.8047,-38.8501,-0.00288997,True
2026-08-31,175.39,7686.14,0.0495911,0.00151717,0,-0.0963033,0.000547417,0.0610071,683.734,0,40,0,0.0866931,0.0953147,-0.826737,-0.396873,-4.29947,-11.7497,-22.9169,-38.1331,-8.44013e-05,True
2026-09-01,175.326,7631.47,0.0615366,0.00186752,0,-0.104133,0.000543444,0.079832,679.759,0,40,0,0.108514,0.118073,-0.856768,-0.407052,-2.67002,-9.50417,-20.6661,-35.6563,-0.000363943,True
2026-09-02,175.383,7666.6,0.0575321,0.00174943,0,0.0501692,0.000812639,0.128269,683.348,0,40,0,0.103393,0.109785,-1.5213,-0.725726,-4.17784,-11.4256,-22.3445,-37.2096,0.000323412,True
2026-09-03,175.346,7747.71,0.0562561,0.00171164,0.0731281,0.521847,0.00342884,0.66493,689.325,0,40,0,0.102393,0.105134,-6.4012,-3.01315,-5.71946,-12.1111,-21.5978,-34.561,-0.000209978,True
2026-09-04,175.465,7718.6,0.0510735,0.00155855,0,-0.444529,0.00223286,0.148856,686.022,0,40,0,0.0979319,0.09775,-2.14324,-1.03061,-5.43182,-12.6421,-23.4263,-38.1278,0.000677667,True
2026-09-08,175.422,7673.52,0.0558436,0.00170022,0,-0.175234,0.000834105,0.0701906,682.068,0,40,0,0.0985167,0.108823,-0.84026,-0.401315,-3.75909,-10.9496,-22.1263,-37.2341,-0.00024654,True
2026-09-09,175.405,7636.36,0.0641673,0.00194535,0,-0.0618752,0.000447138,0.0865853,679.662,0,40,0,0.112528,0.123219,-0.897488,-0.42573,-2.64873,-9.346,-20.5172,-35.441,-9.40313e-05,True
2026-09-10,175.348,7591.7,0.0803342,0.00242427,0,-0.0954173,0.000473935,0.125656,678.197,0,40,0,0.150213,0.150943,-1.06334,-0.499227,-2.03773,-7.78514,-19.0015,-33.5501,-0.000325261,True
2026-09-11,175.551,7656.98,0.0596411,0.00181252,0,0.151705,0.00100129,0.131345,685.366,0,40,0,0.109087,0.113149,-1.54173,-0.735217,-4.21396,-11.4444,-22.3696,-37.235,0.0011568,True
2026-09-14,175.499,7619.98,0.0606546,0.00184177,0,-0.161899,0.000669124,0.0797744,683.301,0,40,0,0.106101,0.116953,-0.893745,-0.42564,-3.32402,-10.4376,-21.6152,-36.68,-0.00029726,True
2026-09-15,175.474,7585.73,0.0694514,0.00210157,0,-0.0695536,0.00049198,0.102269,681.655,0,40,0,0.131551,0.131735,-1.00043,-0.473345,-2.64735,-9.24384,-20.4294,-35.2525,-0.000143537,True
2026-09-16,175.426,7551.81,0.0439724,0.00133119,0,-0.117359,0.000728398,0.0750025,618.81,0,30,0,0.138671,0.139759,-0.739659,-0.350246,-1.91618,-7.52412,-17.768,-31.2562,-0.000274566,True
2026-09-17,175.527,7637.76,0.0145963,0.000447083,0,0.161533,0.000938982,0.148045,502.588,0,20,0,0.111215,0.112019,-1.75856,-0.838189,-3.64922,-8.95771,-16.7325,-27.429,0.00057974,True
2026-09-18,175.562,7650.5,0.0055476,0.000172691,0,-0.0660982,0.00100129,0.051785,353.494,0,10,0,0.0961699,0.0985718,-0.873548,-0.42208,-3.11083,-6.87344,-12.5651,-20.2571,0.000196751,True
2026-09-21,175.496,7764.7,0,0,0.438887,0.957141,0.00616435,0.630003,179.49,0,0,0,0.084884,0.0920438,-5.67926,-2.66014,-1.04505,-1.87608,-3.13285,-4.80859,-0.000376673,True
2026-09-22,175.609,7764.27,0,0,0.480765,-0.0331051,0.00334667,0,0,0,0,0,0.0841522,0.0912503,0,0,0,0,0,0,0.000642673,True
